dataset,fold_id,partition,block_id,budget_fraction,method,selected_n,predicted_worst_value,realized_worst_value,realized_mean_value,realized_scenario_spread,solver_gap,feasible
road,1,set_cal,2012-04-12,0.01,StructuralRobust,8.0,20.754179302963138,20.201270915313188,25.277936084379053,9.820913240165204,0.0,1.0
road,1,set_cal,2012-04-12,0.01,ExpectedActionValue,8.0,14.31624602151301,0.5290350649895091,0.5881608267426781,0.07718352710571152,,1.0
road,1,set_cal,2012-04-12,0.01,PointwiseWorstAction,8.0,14.316246021513008,0.529035064989509,0.5881608267426781,0.07718352710571152,,1.0
road,1,set_cal,2012-04-12,0.01,ScenarioCVaR,8.0,14.316246021513008,0.529035064989509,0.5881608267426781,0.07718352710571152,,1.0
road,1,set_cal,2012-04-12,0.01,RiskFirst,8.0,1.5605242730750635,20.583137705285438,25.65254805636422,9.773538825565872,,1.0
road,1,set_cal,2012-04-12,0.01,TemporalContext2024,8.0,2.0376385597344435,20.5574487178369,25.45016743097395,9.411100918052828,,1.0
road,1,set_cal,2012-04-12,0.01,NetworkPropagation2024,8.0,2.0376385597344435,20.5574487178369,25.45016743097395,9.411100918052828,,1.0
road,1,set_cal,2012-04-12,0.01,CalibratedUncertainty2025,8.0,2.0376385597344435,20.557448717836905,25.45016743097395,9.41110091805282,,1.0
road,1,set_cal,2012-04-12,0.01,MappedPTO2026,8.0,1.9673648718241903,20.201270915313188,25.277936084379053,9.820913240165204,,1.0
road,1,set_cal,2012-04-12,0.01,GroupAware2025,8.0,1.5605242730750635,20.583137705285438,25.65254805636422,9.773538825565872,,1.0
road,1,set_cal,2012-04-12,0.01,RobustImprovement2025,8.0,1.8916838236342057,19.320044812097827,23.994673358427416,8.99619005608827,,1.0
road,1,set_cal,2012-04-12,0.03,StructuralRobust,25.0,43.33376460987852,43.302289499133614,55.19196281264069,23.280598049812205,0.0,1.0
road,1,set_cal,2012-04-12,0.03,ExpectedActionValue,25.0,30.57369193724799,1.6092288781177904,1.8983463884111527,0.516738360390951,,1.0
road,1,set_cal,2012-04-12,0.03,PointwiseWorstAction,25.0,30.57369193724799,1.6092288781177906,1.8983463884111527,0.5167383603909508,,1.0
road,1,set_cal,2012-04-12,0.03,ScenarioCVaR,25.0,30.640333863104914,1.6582468431668216,1.9921423828157903,0.5737115518039795,,1.0
road,1,set_cal,2012-04-12,0.03,RiskFirst,25.0,5.297028337111888,43.83754095586471,55.90898636564655,23.663798523318874,,1.0
road,1,set_cal,2012-04-12,0.03,TemporalContext2024,25.0,5.495225653963314,42.41348045135923,54.155634548949,23.046212486587173,,1.0
road,1,set_cal,2012-04-12,0.03,NetworkPropagation2024,25.0,5.402742876178066,44.93545737658714,57.2853437538214,24.181494800706673,,1.0
road,1,set_cal,2012-04-12,0.03,CalibratedUncertainty2025,25.0,4.913218851015717,43.51184133137404,55.455408250687135,23.393033056782684,,1.0
road,1,set_cal,2012-04-12,0.03,MappedPTO2026,25.0,4.97467556560713,43.302289499133614,55.19196281264069,23.280598049812205,,1.0
road,1,set_cal,2012-04-12,0.03,GroupAware2025,25.0,5.297028337111888,43.83754095586471,55.90898636564655,23.66379852331889,,1.0
road,1,set_cal,2012-04-12,0.03,RobustImprovement2025,25.0,5.107146698650329,45.439416601031496,57.884361588712295,24.343273529806538,,1.0
road,1,set_cal,2012-04-12,0.05,StructuralRobust,41.0,81.54054578836023,59.14804371896388,76.49768199167865,34.29194479491229,0.0,1.0
road,1,set_cal,2012-04-12,0.05,ExpectedActionValue,41.0,42.08846213504485,3.065654013861263,3.774993228653878,1.296094948726608,,1.0
road,1,set_cal,2012-04-12,0.05,PointwiseWorstAction,41.0,42.1811972461059,3.070445075793064,3.7269544862645323,1.220621561544856,,1.0
road,1,set_cal,2012-04-12,0.05,ScenarioCVaR,41.0,42.1582557305478,3.1471990136341823,3.856538228426797,1.2960949487266076,,1.0
road,1,set_cal,2012-04-12,0.05,RiskFirst,41.0,7.481283877499318,59.763226015471886,77.28368108374647,34.622228681924554,,1.0
road,1,set_cal,2012-04-12,0.05,TemporalContext2024,41.0,7.50555413504557,57.97790923982106,74.9939281590895,33.647313498158454,,1.0
road,1,set_cal,2012-04-12,0.05,NetworkPropagation2024,41.0,7.503739232762971,58.42265895852725,75.53989910213348,33.83196367326201,,1.0
road,1,set_cal,2012-04-12,0.05,CalibratedUncertainty2025,41.0,7.64039753231605,57.91179106859862,74.84940968198637,33.43631725979442,,1.0
road,1,set_cal,2012-04-12,0.05,MappedPTO2026,41.0,6.81884059988881,58.82664795178515,76.05755208959889,34.047070080159145,,1.0
road,1,set_cal,2012-04-12,0.05,GroupAware2025,41.0,7.481283877499317,59.763226015471886,77.28368108374647,34.62222868192458,,1.0
road,1,set_cal,2012-04-12,0.05,RobustImprovement2025,41.0,7.721319114760881,58.69449978574794,75.93615157323468,34.088325097491904,,1.0
road,1,set_cal,2012-04-12,0.1,StructuralRobust,83.0,28.37614726969492,83.30273597292282,110.01451661421228,53.46237496621512,0.0,1.0
road,1,set_cal,2012-04-12,0.1,ExpectedActionValue,83.0,65.25068043698711,18.442305310662142,23.955344064466548,10.974258393238117,,1.0
road,1,set_cal,2012-04-12,0.1,PointwiseWorstAction,83.0,65.27894503899022,18.67805201245724,24.23609086955952,11.056262841146694,,1.0
road,1,set_cal,2012-04-12,0.1,ScenarioCVaR,83.0,65.30516762877225,18.434057317799073,23.871839340773306,10.767395289264734,,1.0
road,1,set_cal,2012-04-12,0.1,RiskFirst,83.0,15.975336581979054,83.22971508600357,109.94861096307274,53.49277132887151,,1.0
road,1,set_cal,2012-04-12,0.1,TemporalContext2024,83.0,15.627974735355929,83.67346528046731,110.52802475555193,53.74506539184303,,1.0
road,1,set_cal,2012-04-12,0.1,NetworkPropagation2024,83.0,14.804573473953774,84.53801888175202,111.56728726174995,54.06624664245295,,1.0
road,1,set_cal,2012-04-12,0.1,CalibratedUncertainty2025,83.0,14.305804871821225,83.83926120615001,110.53970255614892,53.323959806238605,,1.0
road,1,set_cal,2012-04-12,0.1,MappedPTO2026,83.0,15.368846665976442,83.32364938410129,110.07359308081045,53.55735010023565,,1.0
road,1,set_cal,2012-04-12,0.1,GroupAware2025,83.0,16.203699011416045,83.61992561711446,110.43102673153427,53.66006841484969,,1.0
road,1,set_cal,2012-04-12,0.1,RobustImprovement2025,83.0,16.072605917755485,83.30273597292282,110.01451661421228,53.46237496621512,,1.0
road,1,set_cal,2012-04-12,0.2,StructuralRobust,166.0,71.38808606516227,110.80462242228211,148.61215920651713,76.07261101330107,0.0,1.0
road,1,set_cal,2012-04-12,0.2,ExpectedActionValue,166.0,95.22720201938311,33.17205374774307,43.5144718440937,20.532214248074112,,1.0
road,1,set_cal,2012-04-12,0.2,PointwiseWorstAction,166.0,95.28599115261743,33.05429421337635,43.34323079123163,20.45559999112175,,1.0
road,1,set_cal,2012-04-12,0.2,ScenarioCVaR,166.0,95.28711105125127,32.895493074801394,43.10903842877492,20.258025751105556,,1.0
road,1,set_cal,2012-04-12,0.2,RiskFirst,166.0,28.061605353670647,110.44301726260333,148.05667120421768,75.6995022761569,,1.0
road,1,set_cal,2012-04-12,0.2,TemporalContext2024,166.0,27.64231063336219,108.19212637461669,145.0490120814018,74.09056416736595,,1.0
road,1,set_cal,2012-04-12,0.2,NetworkPropagation2024,166.0,27.045666003779427,109.14071460668092,146.0440366189057,74.06737686106291,,1.0
road,1,set_cal,2012-04-12,0.2,CalibratedUncertainty2025,166.0,26.935761895765214,109.82988189567614,146.61458426017245,73.68331400326171,,1.0
road,1,set_cal,2012-04-12,0.2,MappedPTO2026,166.0,28.573416268464328,109.94611663158408,147.28795539994476,75.05430756514802,,1.0
road,1,set_cal,2012-04-12,0.2,GroupAware2025,166.0,28.904096661610556,110.2312697039368,147.72642604046672,75.40187662083856,,1.0
road,1,set_cal,2012-04-12,0.2,RobustImprovement2025,166.0,28.426677876932125,108.54460668888402,145.79536746161605,74.94838876841902,,1.0
road,1,set_cal,2012-04-13,0.01,StructuralRobust,8.0,10.415863066812499,2.5396767781735727,3.618696441607455,2.2117904311186223,0.0,1.0
road,1,set_cal,2012-04-13,0.01,ExpectedActionValue,8.0,10.241036868077504,1.0340158201614178,1.455615979827416,0.8314893095629843,,1.0
road,1,set_cal,2012-04-13,0.01,PointwiseWorstAction,8.0,10.351073101381944,1.0177324501746272,1.4393326098406256,0.8314893095629841,,1.0
road,1,set_cal,2012-04-13,0.01,ScenarioCVaR,8.0,10.351073101381942,1.0177324501746272,1.4393326098406256,0.8314893095629841,,1.0
road,1,set_cal,2012-04-13,0.01,RiskFirst,8.0,1.4819263838633916,3.326396995356853,4.626582388460576,2.639526008982326,,1.0
road,1,set_cal,2012-04-13,0.01,TemporalContext2024,8.0,1.4580464887833606,2.214046307431237,3.1880525212165653,2.0090142887363807,,1.0
road,1,set_cal,2012-04-13,0.01,NetworkPropagation2024,8.0,1.4497181874944198,2.1449830496461444,3.0378770279773937,1.8283548553991031,,1.0
road,1,set_cal,2012-04-13,0.01,CalibratedUncertainty2025,8.0,1.2278025091379365,1.9097542622729078,2.660316242873886,1.5292391742547204,,1.0
road,1,set_cal,2012-04-13,0.01,MappedPTO2026,8.0,1.442527131265962,2.5396767781735727,3.618696441607455,2.2117904311186223,,1.0
road,1,set_cal,2012-04-13,0.01,GroupAware2025,8.0,1.2235409513049316,3.471731438330679,4.815710518806767,2.723845903557462,,1.0
road,1,set_cal,2012-04-13,0.01,RobustImprovement2025,8.0,1.6131782705883477,4.016192415702433,5.496971159079295,2.9815141739755155,,1.0
road,1,set_cal,2012-04-13,0.03,StructuralRobust,25.0,25.122018943734744,20.313434865941613,27.14345662448205,13.691115117439228,0.0,1.0
road,1,set_cal,2012-04-13,0.03,ExpectedActionValue,25.0,21.353698925139554,2.21930898554982,2.8919292562706684,1.318646882278565,,1.0
road,1,set_cal,2012-04-13,0.03,PointwiseWorstAction,25.0,21.432947752119006,2.1989549320233968,2.871575202744246,1.3186468822785646,,1.0
road,1,set_cal,2012-04-13,0.03,ScenarioCVaR,25.0,21.415711657752105,2.28258204638741,3.028073207235174,1.44981029138535,,1.0
road,1,set_cal,2012-04-13,0.03,RiskFirst,25.0,2.943241248665611,18.77805793292499,25.167105121329378,12.84170721664135,,1.0
road,1,set_cal,2012-04-13,0.03,TemporalContext2024,25.0,2.7869027012308476,18.507372347813664,24.544007667277175,12.069015005275872,,1.0
road,1,set_cal,2012-04-13,0.03,NetworkPropagation2024,25.0,3.129018465865707,16.712476014647265,22.315319776342886,11.238347142825898,,1.0
road,1,set_cal,2012-04-13,0.03,CalibratedUncertainty2025,25.0,3.6044641841465666,15.150411981835965,20.153686858536496,10.00195926508539,,1.0
road,1,set_cal,2012-04-13,0.03,MappedPTO2026,25.0,2.508264514747453,20.313434865941613,27.14345662448205,13.691115117439228,,1.0
road,1,set_cal,2012-04-13,0.03,GroupAware2025,25.0,2.9117508738175877,19.574514530784633,26.28400660529825,13.491264107391068,,1.0
road,1,set_cal,2012-04-13,0.03,RobustImprovement2025,25.0,3.040856952932907,17.820157759862482,23.94854308155007,12.322647124491823,,1.0
road,1,set_cal,2012-04-13,0.05,StructuralRobust,41.0,52.839024868930025,31.732720382483503,42.73826738781522,22.209816275072196,0.0,1.0
road,1,set_cal,2012-04-13,0.05,ExpectedActionValue,41.0,29.052820995233766,4.521348596374638,5.963944796704072,2.8617811248656277,,1.0
road,1,set_cal,2012-04-13,0.05,PointwiseWorstAction,41.0,29.217827229369448,4.152375355267568,5.389738248614134,2.4723516580400435,,1.0
road,1,set_cal,2012-04-13,0.05,ScenarioCVaR,41.0,29.217827229369444,4.152375355267569,5.389738248614134,2.4723516580400426,,1.0
road,1,set_cal,2012-04-13,0.05,RiskFirst,41.0,4.473095455244666,31.3745841335014,42.049741053956986,21.5072045120925,,1.0
road,1,set_cal,2012-04-13,0.05,TemporalContext2024,41.0,5.210683260160351,30.116293809121053,40.186967531783424,20.20951022642251,,1.0
road,1,set_cal,2012-04-13,0.05,NetworkPropagation2024,41.0,4.904870951536555,29.864692670489664,39.74722220505591,19.80687971757877,,1.0
road,1,set_cal,2012-04-13,0.05,CalibratedUncertainty2025,41.0,4.947760686817084,28.80977402358424,38.2226412671553,18.842347648126214,,1.0
road,1,set_cal,2012-04-13,0.05,MappedPTO2026,41.0,4.386675782071795,28.882326497337512,38.99831885558689,20.462157079853537,,1.0
road,1,set_cal,2012-04-13,0.05,GroupAware2025,41.0,4.502546018381297,32.66547866797897,43.606088494683284,21.991377574326265,,1.0
road,1,set_cal,2012-04-13,0.05,RobustImprovement2025,41.0,5.438380603813498,30.861424994006494,41.44448889199104,21.328535879939434,,1.0
road,1,set_cal,2012-04-13,0.1,StructuralRobust,83.0,17.586232779465874,48.47550625664293,65.67857890523756,34.83965362196297,0.0,1.0
road,1,set_cal,2012-04-13,0.1,ExpectedActionValue,83.0,44.21440591210941,9.764418056131905,12.817067218172157,6.066016030443265,,1.0
road,1,set_cal,2012-04-13,0.1,PointwiseWorstAction,83.0,44.391966647215064,11.424252924457171,15.051507889120156,7.26605505945982,,1.0
road,1,set_cal,2012-04-13,0.1,ScenarioCVaR,83.0,44.438009553377924,11.086059194885824,14.56806336282913,6.9636703234473,,1.0
road,1,set_cal,2012-04-13,0.1,RiskFirst,83.0,9.65593959421764,48.16895404267624,65.2264985010031,34.50949772283368,,1.0
road,1,set_cal,2012-04-13,0.1,TemporalContext2024,83.0,9.431651872142925,46.850516494046595,63.27654390719106,33.21666703266593,,1.0
road,1,set_cal,2012-04-13,0.1,NetworkPropagation2024,83.0,9.719273140524617,46.888312929379865,63.17804378834143,32.92271896242036,,1.0
road,1,set_cal,2012-04-13,0.1,CalibratedUncertainty2025,83.0,9.536670595496805,46.68028860983225,62.993649676145004,32.960946226591126,,1.0
road,1,set_cal,2012-04-13,0.1,MappedPTO2026,83.0,10.395095981989396,48.28770347801777,65.38741319295853,34.69172983255576,,1.0
road,1,set_cal,2012-04-13,0.1,GroupAware2025,83.0,9.602698178715936,48.309712048315035,65.42570471229217,34.63091031121378,,1.0
road,1,set_cal,2012-04-13,0.1,RobustImprovement2025,83.0,10.175910473193628,48.47550625664293,65.67857890523756,34.83965362196297,,1.0
road,1,set_cal,2012-04-13,0.2,StructuralRobust,166.0,46.41844942379612,69.49614220808706,95.30205418359687,52.20743331856278,0.0,1.0
road,1,set_cal,2012-04-13,0.2,ExpectedActionValue,166.0,62.802926091077914,21.90294237054509,28.78918241672074,13.641630833879525,,1.0
road,1,set_cal,2012-04-13,0.2,PointwiseWorstAction,166.0,62.8183959044656,22.680376074114015,30.032511689784354,14.57493232245136,,1.0
road,1,set_cal,2012-04-13,0.2,ScenarioCVaR,166.0,62.869591351044036,22.606687253811465,29.896511752907468,14.474752299156343,,1.0
road,1,set_cal,2012-04-13,0.2,RiskFirst,166.0,20.53604222349373,69.54095471974111,95.38535570775879,52.26656356905296,,1.0
road,1,set_cal,2012-04-13,0.2,TemporalContext2024,166.0,18.958623376877327,68.48287375755416,93.57809879452039,50.747097729721744,,1.0
road,1,set_cal,2012-04-13,0.2,NetworkPropagation2024,166.0,18.79847524609308,68.1282518765089,93.13050212276177,50.59082700434696,,1.0
road,1,set_cal,2012-04-13,0.2,CalibratedUncertainty2025,166.0,19.42922987665432,67.85141851418305,92.63680527365634,49.988885716830524,,1.0
road,1,set_cal,2012-04-13,0.2,MappedPTO2026,166.0,19.687433802986483,68.6316781130313,94.28178160350328,51.87317568463334,,1.0
road,1,set_cal,2012-04-13,0.2,GroupAware2025,166.0,19.15282020764494,67.82166145617977,92.85743905107132,50.591648222577575,,1.0
road,1,set_cal,2012-04-13,0.2,RobustImprovement2025,166.0,20.658704162928988,68.0032382346189,93.18220817446527,51.003095548299854,,1.0
road,1,set_cal,2012-04-16,0.01,StructuralRobust,8.0,21.906772562169586,20.556913633279166,25.47683121554136,9.450673730054788,0.0,1.0
road,1,set_cal,2012-04-16,0.01,ExpectedActionValue,8.0,14.662407781035785,0.7209754659816924,0.9532143857792619,0.4729428893823199,,1.0
road,1,set_cal,2012-04-16,0.01,PointwiseWorstAction,8.0,14.662407781035785,0.7209754659816924,0.9532143857792619,0.4729428893823199,,1.0
road,1,set_cal,2012-04-16,0.01,ScenarioCVaR,8.0,14.662407781035785,0.7209754659816924,0.9532143857792619,0.4729428893823199,,1.0
road,1,set_cal,2012-04-16,0.01,RiskFirst,8.0,2.3892788724878167,19.820798306723695,24.707831614168782,9.420342892574777,,1.0
road,1,set_cal,2012-04-16,0.01,TemporalContext2024,8.0,2.5629670813733245,17.942912228102536,22.38286290858299,8.582654726302053,,1.0
road,1,set_cal,2012-04-16,0.01,NetworkPropagation2024,8.0,2.389958694287441,18.572706198949206,23.16849346646484,8.869613592953918,,1.0
road,1,set_cal,2012-04-16,0.01,CalibratedUncertainty2025,8.0,1.826740577603428,19.197105248425768,23.836352115861555,8.93030256258972,,1.0
road,1,set_cal,2012-04-16,0.01,MappedPTO2026,8.0,2.1481669630323434,20.496473776795085,25.473394085464495,9.578026046959998,,1.0
road,1,set_cal,2012-04-16,0.01,GroupAware2025,8.0,2.3892788724878167,19.820798306723695,24.707831614168782,9.420342892574777,,1.0
road,1,set_cal,2012-04-16,0.01,RobustImprovement2025,8.0,2.389958694287441,18.572706198949206,23.16849346646484,8.869613592953918,,1.0
road,1,set_cal,2012-04-16,0.03,StructuralRobust,25.0,42.08271225897558,39.24695240708556,50.321412229723876,21.736575541211025,0.0,1.0
road,1,set_cal,2012-04-16,0.03,ExpectedActionValue,25.0,31.304475559974403,1.8602615499842974,2.356397181047117,0.9925081961659823,,1.0
road,1,set_cal,2012-04-16,0.03,PointwiseWorstAction,25.0,31.32259548215041,1.8304397515172999,2.3265753825801196,0.9925081961659818,,1.0
road,1,set_cal,2012-04-16,0.03,ScenarioCVaR,25.0,31.281106036547015,1.855216796861808,2.351352427924628,0.9925081961659825,,1.0
road,1,set_cal,2012-04-16,0.03,RiskFirst,25.0,6.022813151438677,39.24695240708556,50.321412229723876,21.73657554121103,,1.0
road,1,set_cal,2012-04-16,0.03,TemporalContext2024,25.0,6.226365307932931,39.289929962197284,50.378967539520964,21.765776942858857,,1.0
road,1,set_cal,2012-04-16,0.03,NetworkPropagation2024,25.0,6.027457916287283,38.820788180966396,49.764593429813054,21.48213761540115,,1.0
road,1,set_cal,2012-04-16,0.03,CalibratedUncertainty2025,25.0,6.147293900230185,40.20864197160273,51.46098622530151,22.055269945491233,,1.0
road,1,set_cal,2012-04-16,0.03,MappedPTO2026,25.0,6.022813151438677,39.24695240708556,50.321412229723876,21.736575541211025,,1.0
road,1,set_cal,2012-04-16,0.03,GroupAware2025,25.0,6.022813151438677,39.246952407085566,50.321412229723876,21.736575541211025,,1.0
road,1,set_cal,2012-04-16,0.03,RobustImprovement2025,25.0,5.953264163707764,38.644919179623706,49.528719179502204,21.361789583696726,,1.0
road,1,set_cal,2012-04-16,0.05,StructuralRobust,41.0,72.4706492258937,54.18766570448365,70.28930754787821,31.822344900621346,0.0,1.0
road,1,set_cal,2012-04-16,0.05,ExpectedActionValue,41.0,42.87741001954251,5.297443651691797,7.094066189281561,3.6564863727216714,,1.0
road,1,set_cal,2012-04-16,0.05,PointwiseWorstAction,41.0,42.896345819421924,5.181853419645929,6.955821072084127,3.5707314884452224,,1.0
road,1,set_cal,2012-04-16,0.05,ScenarioCVaR,41.0,42.93589498439701,5.305278609178241,7.10444920956899,3.6607557697741937,,1.0
road,1,set_cal,2012-04-16,0.05,RiskFirst,41.0,8.624332292649289,53.42537401620046,69.34399526292228,31.48725669221067,,1.0
road,1,set_cal,2012-04-16,0.05,TemporalContext2024,41.0,9.232814618824364,54.20733942976269,70.4232983311234,32.112121938293036,,1.0
road,1,set_cal,2012-04-16,0.05,NetworkPropagation2024,41.0,9.574428560591603,53.45274785860284,69.36808303669588,31.47452514805682,,1.0
road,1,set_cal,2012-04-16,0.05,CalibratedUncertainty2025,41.0,8.288760353467476,54.544489383956744,70.71468278053311,31.938563678814788,,1.0
road,1,set_cal,2012-04-16,0.05,MappedPTO2026,41.0,9.582491925565938,53.86830783396868,69.99502062414317,31.94239313517341,,1.0
road,1,set_cal,2012-04-16,0.05,GroupAware2025,41.0,10.31230392582279,53.28865317589839,69.14163663977787,31.34739015804226,,1.0
road,1,set_cal,2012-04-16,0.05,RobustImprovement2025,41.0,9.686796840308697,52.19194285300333,67.76326853712136,30.810039685771876,,1.0
road,1,set_cal,2012-04-16,0.1,StructuralRobust,83.0,25.243859180561657,76.1574531617617,101.14095511933533,50.177043825806166,0.0,1.0
road,1,set_cal,2012-04-16,0.1,ExpectedActionValue,83.0,65.6654281967916,18.857197202098835,24.300910622383558,10.72946924664808,,1.0
road,1,set_cal,2012-04-16,0.1,PointwiseWorstAction,83.0,65.69412621130496,19.163037247544672,24.761036095486286,11.057336627735328,,1.0
road,1,set_cal,2012-04-16,0.1,ScenarioCVaR,83.0,65.69412621130496,19.163037247544676,24.761036095486286,11.057336627735328,,1.0
road,1,set_cal,2012-04-16,0.1,RiskFirst,83.0,17.054510587237335,76.77949194946989,101.84747240014505,50.320793299884684,,1.0
road,1,set_cal,2012-04-16,0.1,TemporalContext2024,83.0,16.56405370943341,77.1108984417614,102.36090578906816,50.66669278142189,,1.0
road,1,set_cal,2012-04-16,0.1,NetworkPropagation2024,83.0,16.819312527967888,77.00045215824767,102.21735965050478,50.63991991575348,,1.0
road,1,set_cal,2012-04-16,0.1,CalibratedUncertainty2025,83.0,16.154119361298235,76.77296465860731,101.8780214158276,50.32397900184809,,1.0
road,1,set_cal,2012-04-16,0.1,MappedPTO2026,83.0,16.82024297598176,76.63318790918416,101.63836375767667,50.1483198066357,,1.0
road,1,set_cal,2012-04-16,0.1,GroupAware2025,83.0,17.534393694072207,76.43603907864971,101.39456784100878,50.10664299131449,,1.0
road,1,set_cal,2012-04-16,0.1,RobustImprovement2025,83.0,17.453895935338878,76.1574531617617,101.14095511933533,50.177043825806166,,1.0
road,1,set_cal,2012-04-16,0.2,StructuralRobust,166.0,65.91891880800527,101.54861827668881,137.35736834574462,72.4857533933581,0.0,1.0
road,1,set_cal,2012-04-16,0.2,ExpectedActionValue,166.0,94.10401887111136,33.57618996236197,44.07757195420128,20.833900111219087,,1.0
road,1,set_cal,2012-04-16,0.2,PointwiseWorstAction,166.0,94.124320376426,32.672260854292475,42.86620690573863,20.1949094566993,,1.0
road,1,set_cal,2012-04-16,0.2,ScenarioCVaR,166.0,94.101597471909,34.46161821335438,45.283395932556964,21.455144772085355,,1.0
road,1,set_cal,2012-04-16,0.2,RiskFirst,166.0,30.451198196277485,100.07023675569464,135.42894885758724,71.74437114414509,,1.0
road,1,set_cal,2012-04-16,0.2,TemporalContext2024,166.0,29.33759765174238,99.46379894458008,134.5205583723389,71.0596536455779,,1.0
road,1,set_cal,2012-04-16,0.2,NetworkPropagation2024,166.0,29.851882831020284,99.97152113992742,135.22967190620403,71.58029512278362,,1.0
road,1,set_cal,2012-04-16,0.2,CalibratedUncertainty2025,166.0,29.95905039029658,100.3484651344481,135.76165898736846,71.81517613206177,,1.0
road,1,set_cal,2012-04-16,0.2,MappedPTO2026,166.0,30.228293755774533,100.35477940114538,135.81230584433948,71.93793940470417,,1.0
road,1,set_cal,2012-04-16,0.2,GroupAware2025,166.0,30.04470604928546,99.55607513327418,134.5721267712894,71.01809364188686,,1.0
road,1,set_cal,2012-04-16,0.2,RobustImprovement2025,166.0,30.900234624632535,99.84145178628393,135.37303424681815,72.19094396661421,,1.0
road,1,set_cal,2012-04-17,0.01,StructuralRobust,8.0,22.5145848542128,26.374014445732918,32.397332050770316,11.486126282408904,0.0,1.0
road,1,set_cal,2012-04-17,0.01,ExpectedActionValue,8.0,18.209737601519468,0.5318718929374483,0.6834018264926266,0.2505374691874337,,1.0
road,1,set_cal,2012-04-17,0.01,PointwiseWorstAction,8.0,18.20973760151947,0.5318718929374484,0.6834018264926266,0.2505374691874336,,1.0
road,1,set_cal,2012-04-17,0.01,ScenarioCVaR,8.0,18.209737601519468,0.5318718929374483,0.6834018264926266,0.2505374691874337,,1.0
road,1,set_cal,2012-04-17,0.01,RiskFirst,8.0,2.332620660842282,25.66899382178297,31.652048039219945,11.436711007774313,,1.0
road,1,set_cal,2012-04-17,0.01,TemporalContext2024,8.0,2.061144850265116,26.659290156794604,32.75177485650748,11.618547036721836,,1.0
road,1,set_cal,2012-04-17,0.01,NetworkPropagation2024,8.0,2.061144850265116,26.659290156794604,32.75177485650748,11.618547036721836,,1.0
road,1,set_cal,2012-04-17,0.01,CalibratedUncertainty2025,8.0,1.7603027717095756,25.506914501147104,31.373288677724208,11.202204682005931,,1.0
road,1,set_cal,2012-04-17,0.01,MappedPTO2026,8.0,2.061144850265116,26.659290156794604,32.75177485650748,11.618547036721836,,1.0
road,1,set_cal,2012-04-17,0.01,GroupAware2025,8.0,2.332620660842282,25.66899382178297,31.652048039219945,11.436711007774313,,1.0
road,1,set_cal,2012-04-17,0.01,RobustImprovement2025,8.0,2.332620660842282,25.66899382178297,31.652048039219945,11.436711007774313,,1.0
road,1,set_cal,2012-04-17,0.03,StructuralRobust,25.0,47.51969432029177,53.22624951661585,67.10781916482618,26.963711948099714,0.0,1.0
road,1,set_cal,2012-04-17,0.03,ExpectedActionValue,25.0,36.11141835049338,1.5069214257702728,1.798667213116927,0.44303892056035865,,1.0
road,1,set_cal,2012-04-17,0.03,PointwiseWorstAction,25.0,36.11141835049339,1.5069214257702728,1.798667213116927,0.44303892056035865,,1.0
road,1,set_cal,2012-04-17,0.03,ScenarioCVaR,25.0,36.11141835049338,1.5069214257702728,1.798667213116927,0.44303892056035865,,1.0
road,1,set_cal,2012-04-17,0.03,RiskFirst,25.0,4.713345211879669,53.16532217125323,66.92481224711324,26.694885045512983,,1.0
road,1,set_cal,2012-04-17,0.03,TemporalContext2024,25.0,5.284470249072771,56.63687247726757,71.23199712167117,28.29307659065283,,1.0
road,1,set_cal,2012-04-17,0.03,NetworkPropagation2024,25.0,5.738695886571932,56.70325353106542,71.40908587420554,28.511000193186753,,1.0
road,1,set_cal,2012-04-17,0.03,CalibratedUncertainty2025,25.0,4.6815404814408215,54.12712520872788,67.85347580432844,26.6057267981844,,1.0
road,1,set_cal,2012-04-17,0.03,MappedPTO2026,25.0,4.761514683490086,53.22624951661585,67.10781916482618,26.963711948099714,,1.0
road,1,set_cal,2012-04-17,0.03,GroupAware2025,25.0,5.079740912081596,53.48819001721053,67.38897719833118,26.98345211849569,,1.0
road,1,set_cal,2012-04-17,0.03,RobustImprovement2025,25.0,6.336916831289863,55.719302572770815,70.18798593398915,28.058935775681917,,1.0
road,1,set_cal,2012-04-17,0.05,StructuralRobust,41.0,97.03364286769248,78.56062935749942,99.45982644609593,40.7550112968778,0.0,1.0
road,1,set_cal,2012-04-17,0.05,ExpectedActionValue,41.0,47.6671501379712,6.878967228235188,8.796971598272458,3.709601299408133,,1.0
road,1,set_cal,2012-04-17,0.05,PointwiseWorstAction,41.0,47.667150137971205,6.878967228235188,8.796971598272458,3.709601299408133,,1.0
road,1,set_cal,2012-04-17,0.05,ScenarioCVaR,41.0,47.6671501379712,6.878967228235188,8.796971598272458,3.709601299408133,,1.0
road,1,set_cal,2012-04-17,0.05,RiskFirst,41.0,8.671130345614142,80.95091822704309,102.32954032856227,41.64837916463611,,1.0
road,1,set_cal,2012-04-17,0.05,TemporalContext2024,41.0,8.695034855511459,79.87995535069676,100.94937703423388,41.05259996939735,,1.0
road,1,set_cal,2012-04-17,0.05,NetworkPropagation2024,41.0,8.71087868119329,81.92140006239612,103.47254511728275,41.95798566030284,,1.0
road,1,set_cal,2012-04-17,0.05,CalibratedUncertainty2025,41.0,7.8798645859870176,79.62271353497405,100.84071100775462,41.37380318876747,,1.0
road,1,set_cal,2012-04-17,0.05,MappedPTO2026,41.0,8.671130345614143,80.9509182270431,102.3295403285623,41.6483791646361,,1.0
road,1,set_cal,2012-04-17,0.05,GroupAware2025,41.0,8.671130345614142,80.95091822704309,102.32954032856227,41.6483791646361,,1.0
road,1,set_cal,2012-04-17,0.05,RobustImprovement2025,41.0,8.546210651026541,78.44197795284931,99.35418951665666,40.785769237917435,,1.0
road,1,set_cal,2012-04-17,0.1,StructuralRobust,83.0,34.75909150989961,141.91140840092964,180.5597432159406,75.7429710323056,0.0,1.0
road,1,set_cal,2012-04-17,0.1,ExpectedActionValue,83.0,70.70514534256507,29.900381862236923,38.35191917044347,16.577001724647,,1.0
road,1,set_cal,2012-04-17,0.1,PointwiseWorstAction,83.0,70.71169299271247,25.326548763666228,32.78882471343776,14.705529362469118,,1.0
road,1,set_cal,2012-04-17,0.1,ScenarioCVaR,83.0,70.70514534256507,29.900381862236927,38.35191917044347,16.577001724647005,,1.0
road,1,set_cal,2012-04-17,0.1,RiskFirst,83.0,13.030978598193341,150.8315201618286,190.66578221292346,77.74154602014124,,1.0
road,1,set_cal,2012-04-17,0.1,TemporalContext2024,83.0,13.276369097999119,148.65116785017804,188.287327779221,77.5173168466429,,1.0
road,1,set_cal,2012-04-17,0.1,NetworkPropagation2024,83.0,14.589402724845346,144.7924209878599,183.86295638294794,76.51118417645176,,1.0
road,1,set_cal,2012-04-17,0.1,CalibratedUncertainty2025,83.0,13.700934320613136,149.6735290013111,189.56445775414468,78.00658795697993,,1.0
road,1,set_cal,2012-04-17,0.1,MappedPTO2026,83.0,13.27028041456133,150.85280009297065,190.8711003156607,78.20091202209696,,1.0
road,1,set_cal,2012-04-17,0.1,GroupAware2025,83.0,13.62364450291343,150.55998617272772,190.3125953505085,77.5806678552641,,1.0
road,1,set_cal,2012-04-17,0.1,RobustImprovement2025,83.0,14.97433262755816,141.91140840092964,180.5597432159406,75.7429710323056,,1.0
road,1,set_cal,2012-04-17,0.2,StructuralRobust,166.0,95.66054869056121,201.72982108468307,261.30044821510734,118.19230313137643,0.0,1.0
road,1,set_cal,2012-04-17,0.2,ExpectedActionValue,166.0,99.34665833791104,58.72878934075169,76.57049289343185,35.422056432280186,,1.0
road,1,set_cal,2012-04-17,0.2,PointwiseWorstAction,166.0,99.39276365463584,58.017039694539896,75.7098238359918,35.11385469821881,,1.0
road,1,set_cal,2012-04-17,0.2,ScenarioCVaR,166.0,99.39149805476539,59.50395435388098,77.6282302691606,35.9646232763747,,1.0
road,1,set_cal,2012-04-17,0.2,RiskFirst,166.0,27.488078849658265,200.1408477273127,259.3916669318317,117.7265058445364,,1.0
road,1,set_cal,2012-04-17,0.2,TemporalContext2024,166.0,27.166893929739608,200.4570477551334,259.83606434485716,117.98883902341791,,1.0
road,1,set_cal,2012-04-17,0.2,NetworkPropagation2024,166.0,27.053936677505416,200.03101447638213,259.26689291714763,117.70792715049615,,1.0
road,1,set_cal,2012-04-17,0.2,CalibratedUncertainty2025,166.0,26.962294872746984,200.36328742877328,259.64342433623375,117.7815195828058,,1.0
road,1,set_cal,2012-04-17,0.2,MappedPTO2026,166.0,27.13866510356938,204.66668789987284,264.8197352149281,119.41153275319857,,1.0
road,1,set_cal,2012-04-17,0.2,GroupAware2025,166.0,27.353788338249025,203.11955189767608,262.7128924916502,118.244762553465,,1.0
road,1,set_cal,2012-04-17,0.2,RobustImprovement2025,166.0,27.427426421284267,199.70195028071592,258.80819685981726,117.40133028744683,,1.0
road,1,set_cal,2012-04-18,0.01,StructuralRobust,8.0,19.082317238020707,18.011711741350343,22.790975820895767,9.27806880565539,0.0,1.0
road,1,set_cal,2012-04-18,0.01,ExpectedActionValue,8.0,12.827435580340723,0.3336315964870974,0.3336315964870978,2.7755575615628914e-16,,1.0
road,1,set_cal,2012-04-18,0.01,PointwiseWorstAction,8.0,12.827435580340723,0.3336315964870974,0.3336315964870978,2.7755575615628914e-16,,1.0
road,1,set_cal,2012-04-18,0.01,ScenarioCVaR,8.0,12.827435580340723,0.3336315964870974,0.3336315964870978,2.7755575615628914e-16,,1.0
road,1,set_cal,2012-04-18,0.01,RiskFirst,8.0,2.105968551932993,17.997371503746916,22.821671356973606,9.378154670985616,,1.0
road,1,set_cal,2012-04-18,0.01,TemporalContext2024,8.0,2.105968551932993,17.997371503746916,22.821671356973606,9.378154670985616,,1.0
road,1,set_cal,2012-04-18,0.01,NetworkPropagation2024,8.0,2.105968551932993,17.997371503746916,22.821671356973606,9.378154670985616,,1.0
road,1,set_cal,2012-04-18,0.01,CalibratedUncertainty2025,8.0,1.38673380451939,18.011711741350343,22.790975820895767,9.278068805655394,,1.0
road,1,set_cal,2012-04-18,0.01,MappedPTO2026,8.0,1.38673380451939,18.011711741350343,22.790975820895767,9.27806880565539,,1.0
road,1,set_cal,2012-04-18,0.01,GroupAware2025,8.0,2.105968551932993,17.997371503746916,22.821671356973606,9.378154670985616,,1.0
road,1,set_cal,2012-04-18,0.01,RobustImprovement2025,8.0,2.1059685519329934,17.997371503746916,22.821671356973606,9.378154670985616,,1.0
road,1,set_cal,2012-04-18,0.03,StructuralRobust,25.0,39.83965502623255,36.37425548396385,47.3575179324488,21.74619224481951,0.0,1.0
road,1,set_cal,2012-04-18,0.03,ExpectedActionValue,25.0,25.735292931520437,8.403211846073132,11.208097468329893,5.736862118107936,,1.0
road,1,set_cal,2012-04-18,0.03,PointwiseWorstAction,25.0,25.735292931520437,8.403211846073134,11.208097468329893,5.736862118107933,,1.0
road,1,set_cal,2012-04-18,0.03,ScenarioCVaR,25.0,25.777244833061765,8.445541034990224,11.250426657246987,5.7368621181079344,,1.0
road,1,set_cal,2012-04-18,0.03,RiskFirst,25.0,5.470155562778342,36.36182184816128,47.36820509672988,21.80272351667479,,1.0
road,1,set_cal,2012-04-18,0.03,TemporalContext2024,25.0,5.677287057494644,36.0705727392018,46.96483331518507,21.57274083964829,,1.0
road,1,set_cal,2012-04-18,0.03,NetworkPropagation2024,25.0,5.71118775918187,36.41747451889512,47.41531887650525,21.775369542063885,,1.0
road,1,set_cal,2012-04-18,0.03,CalibratedUncertainty2025,25.0,4.850374128784994,37.17534059756201,48.208817779861555,21.785807001043004,,1.0
road,1,set_cal,2012-04-18,0.03,MappedPTO2026,25.0,5.386694765956854,36.37425548396385,47.3575179324488,21.74619224481951,,1.0
road,1,set_cal,2012-04-18,0.03,GroupAware2025,25.0,5.470155562778342,36.36182184816128,47.36820509672988,21.80272351667479,,1.0
road,1,set_cal,2012-04-18,0.03,RobustImprovement2025,25.0,5.711187759181872,36.41747451889513,47.41531887650526,21.77536954206387,,1.0
road,1,set_cal,2012-04-18,0.05,StructuralRobust,41.0,76.79334866838825,50.224738121336514,65.94419056576925,31.278793895729237,0.0,1.0
road,1,set_cal,2012-04-18,0.05,ExpectedActionValue,41.0,35.12887297600928,10.929221089054952,14.783298703633239,7.899497905708252,,1.0
road,1,set_cal,2012-04-18,0.05,PointwiseWorstAction,41.0,35.153878635877184,11.072484567864846,15.022244204147158,8.123810214387673,,1.0
road,1,set_cal,2012-04-18,0.05,ScenarioCVaR,41.0,35.16274225129769,10.96651278037396,14.863617432164256,8.032584620124723,,1.0
road,1,set_cal,2012-04-18,0.05,RiskFirst,41.0,8.1722748747333,49.22559410880993,64.7664934564999,30.96462622337637,,1.0
road,1,set_cal,2012-04-18,0.05,TemporalContext2024,41.0,8.113803996545492,49.641212966464,65.38684596138994,31.423392395267648,,1.0
road,1,set_cal,2012-04-18,0.05,NetworkPropagation2024,41.0,7.9433526881883445,49.72400098506822,65.49360388540944,31.469851850799536,,1.0
road,1,set_cal,2012-04-18,0.05,CalibratedUncertainty2025,41.0,8.52418989264683,51.056110198711764,66.9153381698434,31.512498672878777,,1.0
road,1,set_cal,2012-04-18,0.05,MappedPTO2026,41.0,9.055499309877879,49.92766626814592,65.56826587637443,31.12965220293065,,1.0
road,1,set_cal,2012-04-18,0.05,GroupAware2025,41.0,9.090985025139402,50.22473812133649,65.94419056576923,31.278793895729244,,1.0
road,1,set_cal,2012-04-18,0.05,RobustImprovement2025,41.0,8.324401841232914,50.60210244303699,66.47304707472277,31.60773270967551,,1.0
road,1,set_cal,2012-04-18,0.1,StructuralRobust,83.0,28.71965327551653,74.2181639626974,99.49625724393573,51.02832542710274,0.0,1.0
road,1,set_cal,2012-04-18,0.1,ExpectedActionValue,83.0,52.73947082538859,22.707005186214605,30.150194006951896,14.97064513644445,,1.0
road,1,set_cal,2012-04-18,0.1,PointwiseWorstAction,83.0,52.76951793834826,23.39079013348223,31.186373131720387,15.713827688175822,,1.0
road,1,set_cal,2012-04-18,0.1,ScenarioCVaR,83.0,52.794527628830174,23.10731347207245,30.735426108554748,15.353959562626649,,1.0
road,1,set_cal,2012-04-18,0.1,RiskFirst,83.0,15.5013952306748,74.41353565814597,99.79258598158958,51.24759276463202,,1.0
road,1,set_cal,2012-04-18,0.1,TemporalContext2024,83.0,14.78689861912771,74.35263840874778,99.71960559570755,51.22887079528701,,1.0
road,1,set_cal,2012-04-18,0.1,NetworkPropagation2024,83.0,16.133377545788857,74.33238723049546,99.71343344356255,51.266975512691644,,1.0
road,1,set_cal,2012-04-18,0.1,CalibratedUncertainty2025,83.0,14.7572432308274,73.26224162469686,98.24166565272354,50.391158010325995,,1.0
road,1,set_cal,2012-04-18,0.1,MappedPTO2026,83.0,16.14787233082924,74.302586868569,99.65148593244407,51.19131956787517,,1.0
road,1,set_cal,2012-04-18,0.1,GroupAware2025,83.0,15.946415726655621,73.6349707955947,98.75140247727627,50.681432309347144,,1.0
road,1,set_cal,2012-04-18,0.1,RobustImprovement2025,83.0,16.921314228763674,74.2181639626974,99.49625724393573,51.02832542710274,,1.0
road,1,set_cal,2012-04-18,0.2,StructuralRobust,166.0,71.86778509929809,102.66284512074233,140.12468182794262,76.40097829819416,0.0,1.0
road,1,set_cal,2012-04-18,0.2,ExpectedActionValue,166.0,74.16480725665653,43.716636739782686,58.61155856931209,29.605132004860863,,1.0
road,1,set_cal,2012-04-18,0.2,PointwiseWorstAction,166.0,74.28807024050657,38.71094576496002,52.34752558297084,27.187991472431527,,1.0
road,1,set_cal,2012-04-18,0.2,ScenarioCVaR,166.0,74.29812749203326,38.71524334336101,52.45661668442305,27.440719563408237,,1.0
road,1,set_cal,2012-04-18,0.2,RiskFirst,166.0,30.41774036983226,103.14949923258787,140.99596872451755,77.32571885157581,,1.0
road,1,set_cal,2012-04-18,0.2,TemporalContext2024,166.0,29.7153548315655,102.70036229296855,140.2017172481322,76.50353030446485,,1.0
road,1,set_cal,2012-04-18,0.2,NetworkPropagation2024,166.0,30.008177884446827,103.26968784849642,141.1560258586962,77.40274925785921,,1.0
road,1,set_cal,2012-04-18,0.2,CalibratedUncertainty2025,166.0,29.741732834073726,102.83581781392057,140.44844718106728,76.6317823212131,,1.0
road,1,set_cal,2012-04-18,0.2,MappedPTO2026,166.0,30.41774036983226,103.14949923258789,140.99596872451755,77.32571885157577,,1.0
road,1,set_cal,2012-04-18,0.2,GroupAware2025,166.0,29.901925738457194,103.43344298116268,141.33813022230473,77.37772183830874,,1.0
road,1,set_cal,2012-04-18,0.2,RobustImprovement2025,166.0,30.6124500764766,103.11327748816113,140.9870410467019,77.40579097046749,,1.0
road,1,set_cal,2012-04-19,0.01,StructuralRobust,8.0,18.806384009743912,22.370120561634376,27.882305879044594,10.607272154733,0.0,1.0
road,1,set_cal,2012-04-19,0.01,ExpectedActionValue,8.0,13.281930613722281,3.358878297833656,4.6228949668965695,2.603262846781628,,1.0
road,1,set_cal,2012-04-19,0.01,PointwiseWorstAction,8.0,13.281930613722281,3.358878297833656,4.6228949668965695,2.603262846781628,,1.0
road,1,set_cal,2012-04-19,0.01,ScenarioCVaR,8.0,13.281930613722281,3.358878297833656,4.6228949668965695,2.603262846781628,,1.0
road,1,set_cal,2012-04-19,0.01,RiskFirst,8.0,2.2721175361646586,22.370120561634376,27.882305879044594,10.607272154733,,1.0
road,1,set_cal,2012-04-19,0.01,TemporalContext2024,8.0,2.2721175361646586,22.37012056163438,27.882305879044594,10.607272154732996,,1.0
road,1,set_cal,2012-04-19,0.01,NetworkPropagation2024,8.0,2.2721175361646586,22.37012056163438,27.882305879044594,10.607272154732996,,1.0
road,1,set_cal,2012-04-19,0.01,CalibratedUncertainty2025,8.0,2.6215745570607405,23.071293280406415,28.625936667056525,10.657110781448544,,1.0
road,1,set_cal,2012-04-19,0.01,MappedPTO2026,8.0,2.2721175361646586,22.370120561634376,27.882305879044594,10.607272154733,,1.0
road,1,set_cal,2012-04-19,0.01,GroupAware2025,8.0,2.2721175361646586,22.370120561634376,27.882305879044594,10.607272154733,,1.0
road,1,set_cal,2012-04-19,0.01,RobustImprovement2025,8.0,2.2721175361646586,22.37012056163438,27.882305879044594,10.607272154732996,,1.0
road,1,set_cal,2012-04-19,0.03,StructuralRobust,25.0,39.34105198600425,49.57810969537535,63.06659702835498,26.337608220959105,0.0,1.0
road,1,set_cal,2012-04-19,0.03,ExpectedActionValue,25.0,29.516215157191223,5.366746480740427,7.418305404079351,4.237801813949887,,1.0
road,1,set_cal,2012-04-19,0.03,PointwiseWorstAction,25.0,29.609929136350875,5.24985955207327,7.227798739512638,4.074032238327952,,1.0
road,1,set_cal,2012-04-19,0.03,ScenarioCVaR,25.0,29.634956262879612,5.589001894085217,7.683685377218596,4.304182214892372,,1.0
road,1,set_cal,2012-04-19,0.03,RiskFirst,25.0,5.575333488420522,49.90830675165648,63.45188945787339,26.42530173422486,,1.0
road,1,set_cal,2012-04-19,0.03,TemporalContext2024,25.0,5.082504938510022,49.13142285197902,62.4282813467364,25.910720713528313,,1.0
road,1,set_cal,2012-04-19,0.03,NetworkPropagation2024,25.0,5.513120927550048,49.608033187795726,63.10715805371249,26.359095578116623,,1.0
road,1,set_cal,2012-04-19,0.03,CalibratedUncertainty2025,25.0,5.143994057799194,50.593054176284255,64.32642785786784,26.79130809215482,,1.0
road,1,set_cal,2012-04-19,0.03,MappedPTO2026,25.0,5.216821156522101,49.57810969537535,63.06659702835498,26.337608220959105,,1.0
road,1,set_cal,2012-04-19,0.03,GroupAware2025,25.0,5.575333488420522,49.90830675165648,63.45188945787339,26.42530173422486,,1.0
road,1,set_cal,2012-04-19,0.03,RobustImprovement2025,25.0,5.171010713853468,46.11426062785598,58.942227939419475,25.106917793881628,,1.0
road,1,set_cal,2012-04-19,0.05,StructuralRobust,41.0,77.89610817046761,64.66527217946837,83.2907722634702,36.643006541012156,0.0,1.0
road,1,set_cal,2012-04-19,0.05,ExpectedActionValue,41.0,41.65171633266204,7.871726713786947,10.95878625080367,6.4049789030853645,,1.0
road,1,set_cal,2012-04-19,0.05,PointwiseWorstAction,41.0,41.61841942555991,7.753266117147668,10.764482645823387,6.248044870711537,,1.0
road,1,set_cal,2012-04-19,0.05,ScenarioCVaR,41.0,41.65171633266204,7.871726713786947,10.95878625080367,6.4049789030853645,,1.0
road,1,set_cal,2012-04-19,0.05,RiskFirst,41.0,8.718161758309035,62.45843494899267,80.4913012418082,35.52096043928105,,1.0
road,1,set_cal,2012-04-19,0.05,TemporalContext2024,41.0,8.776972241531416,63.78112320795712,82.2065049481971,36.28056188485047,,1.0
road,1,set_cal,2012-04-19,0.05,NetworkPropagation2024,41.0,8.674691710391452,64.22789262901321,82.80502826033255,36.61804140547966,,1.0
road,1,set_cal,2012-04-19,0.05,CalibratedUncertainty2025,41.0,7.258718518139757,66.2433992353579,85.36532674079395,37.653614100614234,,1.0
road,1,set_cal,2012-04-19,0.05,MappedPTO2026,41.0,8.86249132701373,61.78950627500004,79.72182188245665,35.34595837503135,,1.0
road,1,set_cal,2012-04-19,0.05,GroupAware2025,41.0,8.740075129129432,63.004604478522936,81.16362544188969,35.75340124840322,,1.0
road,1,set_cal,2012-04-19,0.05,RobustImprovement2025,41.0,9.35156177215624,62.17288512326072,80.27179479690015,35.71110329911021,,1.0
road,1,set_cal,2012-04-19,0.1,StructuralRobust,83.0,28.58808580542417,90.19440490741033,118.87395499381591,57.37914594485926,0.0,1.0
road,1,set_cal,2012-04-19,0.1,ExpectedActionValue,83.0,62.582763538879504,24.346009188915225,31.603450106806882,14.52668292916988,,1.0
road,1,set_cal,2012-04-19,0.1,PointwiseWorstAction,83.0,62.7092634006289,24.600252983749158,31.97522606348249,14.729807169608137,,1.0
road,1,set_cal,2012-04-19,0.1,ScenarioCVaR,83.0,62.70309238012174,24.63723951733872,32.012212597072065,14.729807169608137,,1.0
road,1,set_cal,2012-04-19,0.1,RiskFirst,83.0,16.251031127005454,89.37501131766875,117.8462290106999,56.96711844574732,,1.0
road,1,set_cal,2012-04-19,0.1,TemporalContext2024,83.0,15.976980164772057,90.0839880726717,118.83954863109996,57.57435298605182,,1.0
road,1,set_cal,2012-04-19,0.1,NetworkPropagation2024,83.0,16.438397376629418,89.31936472126519,117.87004382277503,57.182757595644105,,1.0
road,1,set_cal,2012-04-19,0.1,CalibratedUncertainty2025,83.0,16.06116406309103,88.75578448428114,117.03330593593026,56.56510511698043,,1.0
road,1,set_cal,2012-04-19,0.1,MappedPTO2026,83.0,16.347408092163544,88.73895691319554,117.10726853740898,56.793168340824465,,1.0
road,1,set_cal,2012-04-19,0.1,GroupAware2025,83.0,16.259713287891653,89.69826284506794,118.26990170649037,57.19572243233699,,1.0
road,1,set_cal,2012-04-19,0.1,RobustImprovement2025,83.0,16.50431255568824,90.19440490741033,118.87395499381591,57.37914594485926,,1.0
road,1,set_cal,2012-04-19,0.2,StructuralRobust,166.0,75.60885865346759,127.29642169991183,171.31273121720764,89.21225604697335,0.0,1.0
road,1,set_cal,2012-04-19,0.2,ExpectedActionValue,166.0,88.1963592467452,51.34556374014227,66.68116237478793,30.58259775750821,,1.0
road,1,set_cal,2012-04-19,0.2,PointwiseWorstAction,166.0,88.26954223582779,51.787518018286505,67.29084272127923,30.894737709009007,,1.0
road,1,set_cal,2012-04-19,0.2,ScenarioCVaR,166.0,88.25323062278595,51.33334943313829,66.73079506323015,30.732511097662133,,1.0
road,1,set_cal,2012-04-19,0.2,RiskFirst,166.0,29.310014565507775,126.41777688388063,170.21693025364658,88.80685799592473,,1.0
road,1,set_cal,2012-04-19,0.2,TemporalContext2024,166.0,28.790612426557306,126.08223113933009,169.7364307240901,88.45723707453324,,1.0
road,1,set_cal,2012-04-19,0.2,NetworkPropagation2024,166.0,28.876922941606978,126.24680497312598,169.99724472483067,88.74822862575961,,1.0
road,1,set_cal,2012-04-19,0.2,CalibratedUncertainty2025,166.0,28.735627184221936,127.2354052139971,171.2004136427556,89.09874418097937,,1.0
road,1,set_cal,2012-04-19,0.2,MappedPTO2026,166.0,28.900400347344508,126.81196274829095,170.81687006064044,89.23291995747788,,1.0
road,1,set_cal,2012-04-19,0.2,GroupAware2025,166.0,29.521410931303567,127.84622906145366,172.12076453738928,89.77768812505771,,1.0
road,1,set_cal,2012-04-19,0.2,RobustImprovement2025,166.0,30.40079602236214,126.11761635648,169.8978423625099,88.81774011512314,,1.0
road,1,set_cal,2012-04-20,0.01,StructuralRobust,8.0,13.955907986616644,16.384183931756148,20.661403707114623,8.294071571365055,0.0,1.0
road,1,set_cal,2012-04-20,0.01,ExpectedActionValue,8.0,10.600287929293167,1.1226451920627696,1.512924123363924,0.8143462825680208,,1.0
road,1,set_cal,2012-04-20,0.01,PointwiseWorstAction,8.0,10.600287929293167,1.1226451920627696,1.512924123363924,0.8143462825680208,,1.0
road,1,set_cal,2012-04-20,0.01,ScenarioCVaR,8.0,10.600287929293167,1.1226451920627696,1.512924123363924,0.8143462825680208,,1.0
road,1,set_cal,2012-04-20,0.01,RiskFirst,8.0,1.2809761974715248,16.384183931756148,20.661403707114623,8.294071571365055,,1.0
road,1,set_cal,2012-04-20,0.01,TemporalContext2024,8.0,1.2809761974715246,16.384183931756148,20.661403707114623,8.294071571365055,,1.0
road,1,set_cal,2012-04-20,0.01,NetworkPropagation2024,8.0,1.2809761974715248,16.384183931756148,20.661403707114623,8.294071571365055,,1.0
road,1,set_cal,2012-04-20,0.01,CalibratedUncertainty2025,8.0,1.2809761974715246,16.384183931756148,20.661403707114626,8.294071571365059,,1.0
road,1,set_cal,2012-04-20,0.01,MappedPTO2026,8.0,1.2809761974715248,16.384183931756148,20.661403707114623,8.294071571365055,,1.0
road,1,set_cal,2012-04-20,0.01,GroupAware2025,8.0,1.2809761974715248,16.38418393175615,20.661403707114623,8.294071571365052,,1.0
road,1,set_cal,2012-04-20,0.01,RobustImprovement2025,8.0,1.2809761974715248,16.38418393175615,20.661403707114623,8.294071571365052,,1.0
road,1,set_cal,2012-04-20,0.03,StructuralRobust,25.0,30.466906149938126,34.90023355588677,45.25122898715288,20.416250507710487,0.0,1.0
road,1,set_cal,2012-04-20,0.03,ExpectedActionValue,25.0,23.03100119636764,3.104327902867668,4.228693378738114,2.34617290809383,,1.0
road,1,set_cal,2012-04-20,0.03,PointwiseWorstAction,25.0,23.05738306183757,3.083770354323087,4.208135830193533,2.346172908093829,,1.0
road,1,set_cal,2012-04-20,0.03,ScenarioCVaR,25.0,23.05738306183757,3.083770354323087,4.208135830193533,2.346172908093829,,1.0
road,1,set_cal,2012-04-20,0.03,RiskFirst,25.0,3.184698746109669,34.90023355588678,45.25122898715288,20.41625050771048,,1.0
road,1,set_cal,2012-04-20,0.03,TemporalContext2024,25.0,3.0205420358167183,34.953049426264265,45.30865164684641,20.420131173803043,,1.0
road,1,set_cal,2012-04-20,0.03,NetworkPropagation2024,25.0,3.0661050975343547,34.91583106651186,45.2497587914779,20.375089042488874,,1.0
road,1,set_cal,2012-04-20,0.03,CalibratedUncertainty2025,25.0,3.175996891120226,34.627512809380164,44.856097475504086,20.16274355755143,,1.0
road,1,set_cal,2012-04-20,0.03,MappedPTO2026,25.0,3.184698746109669,34.90023355588677,45.25122898715288,20.416250507710487,,1.0
road,1,set_cal,2012-04-20,0.03,GroupAware2025,25.0,3.087205895727863,34.64656336489668,44.910856435013855,20.24314502622414,,1.0
road,1,set_cal,2012-04-20,0.03,RobustImprovement2025,25.0,3.2689151094370676,34.18214405984707,44.259515345483535,19.85566920344759,,1.0
road,1,set_cal,2012-04-20,0.05,StructuralRobust,41.0,60.39223227663145,45.3918417221426,59.73943026335713,28.599318897514323,0.0,1.0
road,1,set_cal,2012-04-20,0.05,ExpectedActionValue,41.0,31.55558857738852,4.975158585797423,6.749724150761333,3.6249207526378484,,1.0
road,1,set_cal,2012-04-20,0.05,PointwiseWorstAction,41.0,31.574169402838045,5.010935164983725,6.801611948327079,3.6589189595543194,,1.0
road,1,set_cal,2012-04-20,0.05,ScenarioCVaR,41.0,31.574169402838045,5.010935164983724,6.801611948327079,3.6589189595543186,,1.0
road,1,set_cal,2012-04-20,0.05,RiskFirst,41.0,4.717439467961924,45.09860217422107,59.385530046593956,28.492858866443882,,1.0
road,1,set_cal,2012-04-20,0.05,TemporalContext2024,41.0,4.98044149965557,45.09780297361642,59.34924653689199,28.414858289622337,,1.0
road,1,set_cal,2012-04-20,0.05,NetworkPropagation2024,41.0,4.946234086445169,44.86979810107693,59.06302115676575,28.298198933949998,,1.0
road,1,set_cal,2012-04-20,0.05,CalibratedUncertainty2025,41.0,4.331280356293074,44.545111328622056,58.53980814896305,27.783718117034127,,1.0
road,1,set_cal,2012-04-20,0.05,MappedPTO2026,41.0,4.670005038767685,45.29169815355382,59.61328477890197,28.549504673789563,,1.0
road,1,set_cal,2012-04-20,0.05,GroupAware2025,41.0,4.717439467961923,45.09860217422108,59.385530046593956,28.49285886644386,,1.0
road,1,set_cal,2012-04-20,0.05,RobustImprovement2025,41.0,4.8562635985972795,44.885093881543625,59.09370997057265,28.333910534390952,,1.0
road,1,set_cal,2012-04-20,0.1,StructuralRobust,83.0,21.737095505631956,65.99328851892263,88.63473796202096,45.66167054000391,0.0,1.0
road,1,set_cal,2012-04-20,0.1,ExpectedActionValue,83.0,46.79774214362137,10.453454744859423,13.770794390916063,6.657285970330767,,1.0
road,1,set_cal,2012-04-20,0.1,PointwiseWorstAction,83.0,46.993402385878944,10.940415306134451,14.423662524696251,6.989778747510613,,1.0
road,1,set_cal,2012-04-20,0.1,ScenarioCVaR,83.0,46.980388113286146,9.351508175784817,12.395338295120528,6.1368265514635905,,1.0
road,1,set_cal,2012-04-20,0.1,RiskFirst,83.0,10.461724893467405,65.57422014882135,88.11531719257117,45.48078632674054,,1.0
road,1,set_cal,2012-04-20,0.1,TemporalContext2024,83.0,10.747698687189265,65.2116925232138,87.56100264084226,45.055371765765884,,1.0
road,1,set_cal,2012-04-20,0.1,NetworkPropagation2024,83.0,10.077158267205302,65.36263529215685,87.73576027990649,45.075624926417916,,1.0
road,1,set_cal,2012-04-20,0.1,CalibratedUncertainty2025,83.0,11.793127920630903,65.13293234521728,87.4341656464746,44.94264261192805,,1.0
road,1,set_cal,2012-04-20,0.1,MappedPTO2026,83.0,10.094805829241293,65.7815295699931,88.28199611259049,45.36552658261027,,1.0
road,1,set_cal,2012-04-20,0.1,GroupAware2025,83.0,10.362319334239073,65.3794775268794,87.8401400825234,45.31217852659687,,1.0
road,1,set_cal,2012-04-20,0.1,RobustImprovement2025,83.0,11.441403628846944,65.99328851892263,88.63473796202096,45.66167054000391,,1.0
road,1,set_cal,2012-04-20,0.2,StructuralRobust,166.0,54.144797176770595,89.50554022926637,122.62337759706051,67.62416648395423,0.0,1.0
road,1,set_cal,2012-04-20,0.2,ExpectedActionValue,166.0,64.82319890219311,27.23140894079307,35.70748447040704,16.837941982651866,,1.0
road,1,set_cal,2012-04-20,0.2,PointwiseWorstAction,166.0,64.89583339525095,26.74036021180584,35.052438013088825,16.54330642063645,,1.0
road,1,set_cal,2012-04-20,0.2,ScenarioCVaR,166.0,64.87374256097675,26.55249946045721,34.75331201859803,16.299763437907057,,1.0
road,1,set_cal,2012-04-20,0.2,RiskFirst,166.0,21.72430405834382,88.9923449275418,121.98255152684796,67.38019627238855,,1.0
road,1,set_cal,2012-04-20,0.2,TemporalContext2024,166.0,21.850280039346153,88.73826838661739,121.53488974250169,66.82420294551403,,1.0
road,1,set_cal,2012-04-20,0.2,NetworkPropagation2024,166.0,21.55844785863818,88.71432278817932,121.51128483063114,66.91664000519373,,1.0
road,1,set_cal,2012-04-20,0.2,CalibratedUncertainty2025,166.0,20.707909058284812,88.9852569786952,121.71834466415318,66.64696702551039,,1.0
road,1,set_cal,2012-04-20,0.2,MappedPTO2026,166.0,21.727301691992146,88.85827792912511,121.75638511691214,67.13550690932874,,1.0
road,1,set_cal,2012-04-20,0.2,GroupAware2025,166.0,21.575315268838125,89.53881896376943,122.62815429014552,67.48768676686736,,1.0
road,1,set_cal,2012-04-20,0.2,RobustImprovement2025,166.0,22.26301761059746,88.91395153596012,121.90552253420425,67.36712668656268,,1.0
road,1,set_cal,2012-04-23,0.01,StructuralRobust,8.0,21.175428204846526,21.23743183794164,26.341674705344378,9.795874791955129,0.0,1.0
road,1,set_cal,2012-04-23,0.01,ExpectedActionValue,8.0,13.88397159850969,1.8071526967000802,2.4340091897221035,1.289480948901149,,1.0
road,1,set_cal,2012-04-23,0.01,PointwiseWorstAction,8.0,13.958989352023353,1.9823689950145071,2.71664244007491,1.4919912855937028,,1.0
road,1,set_cal,2012-04-23,0.01,ScenarioCVaR,8.0,13.958989352023353,1.9823689950145071,2.71664244007491,1.4919912855937028,,1.0
road,1,set_cal,2012-04-23,0.01,RiskFirst,8.0,2.813752931834054,21.42478578668398,26.559349218744824,9.850263620457888,,1.0
road,1,set_cal,2012-04-23,0.01,TemporalContext2024,8.0,2.813752931834054,21.42478578668398,26.559349218744824,9.850263620457888,,1.0
road,1,set_cal,2012-04-23,0.01,NetworkPropagation2024,8.0,2.813752931834054,21.42478578668398,26.559349218744824,9.850263620457888,,1.0
road,1,set_cal,2012-04-23,0.01,CalibratedUncertainty2025,8.0,2.8137045294093994,21.172119874446814,26.25637042953859,9.7565732450783,,1.0
road,1,set_cal,2012-04-23,0.01,MappedPTO2026,8.0,2.813752931834054,21.42478578668398,26.559349218744824,9.850263620457888,,1.0
road,1,set_cal,2012-04-23,0.01,GroupAware2025,8.0,2.813752931834054,21.42478578668398,26.559349218744824,9.850263620457888,,1.0
road,1,set_cal,2012-04-23,0.01,RobustImprovement2025,8.0,2.5044144364285645,20.96625507660787,26.01903380270332,9.700518608321367,,1.0
road,1,set_cal,2012-04-23,0.03,StructuralRobust,25.0,41.652057493544234,41.973964410118185,53.605121990252975,22.739594106716666,0.0,1.0
road,1,set_cal,2012-04-23,0.03,ExpectedActionValue,25.0,29.727166826297058,3.594829721025832,4.8255287919374155,2.407598254518264,,1.0
road,1,set_cal,2012-04-23,0.03,PointwiseWorstAction,25.0,29.701514314297356,3.669805127440408,4.956271514451432,2.490568546666927,,1.0
road,1,set_cal,2012-04-23,0.03,ScenarioCVaR,25.0,29.72056930185434,3.652802004176325,4.93926839118735,2.490568546666927,,1.0
road,1,set_cal,2012-04-23,0.03,RiskFirst,25.0,5.686769917568059,42.31440947438553,54.00745603429124,22.845373853140458,,1.0
road,1,set_cal,2012-04-23,0.03,TemporalContext2024,25.0,5.446606300840697,41.70832189510671,53.18747567037222,22.37194857944162,,1.0
road,1,set_cal,2012-04-23,0.03,NetworkPropagation2024,25.0,5.570048654904471,42.406836216567534,54.14077094744679,22.92998523393313,,1.0
road,1,set_cal,2012-04-23,0.03,CalibratedUncertainty2025,25.0,5.703617618487709,44.06929060083326,56.101757655021046,23.449955257131684,,1.0
road,1,set_cal,2012-04-23,0.03,MappedPTO2026,25.0,5.607808114580719,41.973964410118185,53.605121990252975,22.739594106716666,,1.0
road,1,set_cal,2012-04-23,0.03,GroupAware2025,25.0,5.686769917568059,42.31440947438553,54.00745603429124,22.845373853140458,,1.0
road,1,set_cal,2012-04-23,0.03,RobustImprovement2025,25.0,5.676960656460488,42.19757900221615,53.82499709314117,22.702662705960982,,1.0
road,1,set_cal,2012-04-23,0.05,StructuralRobust,41.0,77.23164418989036,56.350440882933746,72.74602937067668,32.25940768552572,0.0,1.0
road,1,set_cal,2012-04-23,0.05,ExpectedActionValue,41.0,41.08026885283309,14.059268128882811,17.80940124998614,7.249364962502538,,1.0
road,1,set_cal,2012-04-23,0.05,PointwiseWorstAction,41.0,41.10150409605992,14.905490381057998,18.986038379740744,7.917711290960721,,1.0
road,1,set_cal,2012-04-23,0.05,ScenarioCVaR,41.0,41.07235146065089,14.172862697260138,17.9993799532759,7.360954397657311,,1.0
road,1,set_cal,2012-04-23,0.05,RiskFirst,41.0,9.512449727895909,57.14412666536035,73.72858497332638,32.6108097985179,,1.0
road,1,set_cal,2012-04-23,0.05,TemporalContext2024,41.0,9.52412404183327,57.014019147875736,73.64607992950805,32.6933665433021,,1.0
road,1,set_cal,2012-04-23,0.05,NetworkPropagation2024,41.0,9.39229315997018,58.62068654423106,75.78047197812866,33.82461029813514,,1.0
road,1,set_cal,2012-04-23,0.05,CalibratedUncertainty2025,41.0,9.562009204687367,56.66070751729872,73.09422322270747,32.31856199273926,,1.0
road,1,set_cal,2012-04-23,0.05,MappedPTO2026,41.0,9.151886489716375,56.961141338092524,73.48845433521332,32.497415995175096,,1.0
road,1,set_cal,2012-04-23,0.05,GroupAware2025,41.0,9.189809980906402,56.884334600467604,73.39509434818807,32.46862345044401,,1.0
road,1,set_cal,2012-04-23,0.05,RobustImprovement2025,41.0,9.426175665385962,57.611047019588995,74.45971666229242,33.211114137445165,,1.0
road,1,set_cal,2012-04-23,0.1,StructuralRobust,83.0,26.60577341615788,83.16633142456634,109.55117661952758,52.59642857507548,0.0,1.0
road,1,set_cal,2012-04-23,0.1,ExpectedActionValue,83.0,62.78270869870928,22.554807090984404,28.877886563277876,12.208898839154585,,1.0
road,1,set_cal,2012-04-23,0.1,PointwiseWorstAction,83.0,62.87026369548634,22.547627905669973,28.811532126790663,12.117274355845577,,1.0
road,1,set_cal,2012-04-23,0.1,ScenarioCVaR,83.0,62.79211465657399,22.71711092866596,29.126962042187778,12.35633987249561,,1.0
road,1,set_cal,2012-04-23,0.1,RiskFirst,83.0,15.45706048628916,82.27717070387938,108.44527893968323,52.176183020890775,,1.0
road,1,set_cal,2012-04-23,0.1,TemporalContext2024,83.0,16.58084366030411,82.6811320670023,108.96104186869431,52.39551876500957,,1.0
road,1,set_cal,2012-04-23,0.1,NetworkPropagation2024,83.0,17.58661075970702,82.83487920804801,109.13741671699016,52.424905102966804,,1.0
road,1,set_cal,2012-04-23,0.1,CalibratedUncertainty2025,83.0,17.342841199300388,81.90542831579326,107.86840555456865,51.72068203045619,,1.0
road,1,set_cal,2012-04-23,0.1,MappedPTO2026,83.0,15.380568178081607,82.91078909628513,109.27858021433367,52.591486248408444,,1.0
road,1,set_cal,2012-04-23,0.1,GroupAware2025,83.0,16.00803136151065,82.57090067466847,108.79233404452398,52.259101706467035,,1.0
road,1,set_cal,2012-04-23,0.1,RobustImprovement2025,83.0,15.191066385946746,83.16633142456634,109.55117661952758,52.59642857507548,,1.0
road,1,set_cal,2012-04-23,0.2,StructuralRobust,166.0,69.8379002330936,109.41656604250521,146.8413495134893,75.16584004232188,0.0,1.0
road,1,set_cal,2012-04-23,0.2,ExpectedActionValue,166.0,90.07632833358227,39.94095947961115,51.0845006331164,21.674180934435114,,1.0
road,1,set_cal,2012-04-23,0.2,PointwiseWorstAction,166.0,90.09447491806073,38.108322593317425,48.882593826580056,20.955620265323056,,1.0
road,1,set_cal,2012-04-23,0.2,ScenarioCVaR,166.0,90.08559420082725,38.089102688965056,48.8633739222277,20.955620265323056,,1.0
road,1,set_cal,2012-04-23,0.2,RiskFirst,166.0,34.08210008803441,108.20658062865449,145.2314392681254,74.36080712264452,,1.0
road,1,set_cal,2012-04-23,0.2,TemporalContext2024,166.0,30.742030449266135,107.01015639682305,143.72054640570184,73.80782563625749,,1.0
road,1,set_cal,2012-04-23,0.2,NetworkPropagation2024,166.0,31.766799609780428,108.42232670782677,145.50846930331426,74.55012688468925,,1.0
road,1,set_cal,2012-04-23,0.2,CalibratedUncertainty2025,166.0,30.868994796109444,109.11087757458867,146.475836086258,75.15882347761402,,1.0
road,1,set_cal,2012-04-23,0.2,MappedPTO2026,166.0,34.16098338666413,108.28497642232409,145.4048359300305,74.60752113969329,,1.0
road,1,set_cal,2012-04-23,0.2,GroupAware2025,166.0,33.15261525805389,108.61245063736163,145.82984345413396,74.70696221124882,,1.0
road,1,set_cal,2012-04-23,0.2,RobustImprovement2025,166.0,31.999125498446798,109.31228081818429,146.92422933526092,75.71465136395796,,1.0
road,1,set_cal,2012-04-24,0.01,StructuralRobust,8.0,22.131769045263177,26.9760714720841,32.7410382822088,10.919143417767629,0.0,1.0
road,1,set_cal,2012-04-24,0.01,ExpectedActionValue,8.0,16.15106017464183,1.8211221658395689,2.414467650102785,1.2048644448938661,,1.0
road,1,set_cal,2012-04-24,0.01,PointwiseWorstAction,8.0,16.215772655924624,1.9257051632404587,2.5210419533956325,1.207094707492859,,1.0
road,1,set_cal,2012-04-24,0.01,ScenarioCVaR,8.0,16.215772655924624,1.9257051632404587,2.5210419533956325,1.207094707492859,,1.0
road,1,set_cal,2012-04-24,0.01,RiskFirst,8.0,2.8989544153990607,25.923544393308106,31.547307111766965,10.678180568148306,,1.0
road,1,set_cal,2012-04-24,0.01,TemporalContext2024,8.0,3.2251103426607135,26.300649584881555,31.98081895358987,10.77883464830603,,1.0
road,1,set_cal,2012-04-24,0.01,NetworkPropagation2024,8.0,3.1117231314518725,25.654971627295712,31.17358426579807,10.470946905812898,,1.0
road,1,set_cal,2012-04-24,0.01,CalibratedUncertainty2025,8.0,3.2251103426607135,26.300649584881555,31.98081895358987,10.77883464830603,,1.0
road,1,set_cal,2012-04-24,0.01,MappedPTO2026,8.0,3.1117231314518725,25.654971627295712,31.17358426579807,10.470946905812905,,1.0
road,1,set_cal,2012-04-24,0.01,GroupAware2025,8.0,2.8989544153990607,25.923544393308106,31.547307111766965,10.678180568148306,,1.0
road,1,set_cal,2012-04-24,0.01,RobustImprovement2025,8.0,2.7855672041902197,25.27786643572226,30.74007242397517,10.370292825655177,,1.0
road,1,set_cal,2012-04-24,0.03,StructuralRobust,25.0,43.6690126343926,46.015215587597176,57.90748007411114,23.153515550325174,0.0,1.0
road,1,set_cal,2012-04-24,0.03,ExpectedActionValue,25.0,40.64740466368368,3.5194562373641993,4.607082362160795,2.16093815257146,,1.0
road,1,set_cal,2012-04-24,0.03,PointwiseWorstAction,25.0,40.83791469276456,3.510595723129855,4.598221847926451,2.160938152571461,,1.0
road,1,set_cal,2012-04-24,0.03,ScenarioCVaR,25.0,40.83791469276458,3.510595723129855,4.598221847926451,2.16093815257146,,1.0
road,1,set_cal,2012-04-24,0.03,RiskFirst,25.0,5.651769050518522,46.285233687973566,58.24129026763355,23.27218314617101,,1.0
road,1,set_cal,2012-04-24,0.03,TemporalContext2024,25.0,5.473572796944706,46.376807991867345,58.32318164677098,23.239721119733396,,1.0
road,1,set_cal,2012-04-24,0.03,NetworkPropagation2024,25.0,5.651769050518521,46.285233687973566,58.24129026763355,23.27218314617101,,1.0
road,1,set_cal,2012-04-24,0.03,CalibratedUncertainty2025,25.0,5.537140480787921,46.2642123924844,58.05563782343482,22.907066784806524,,1.0
road,1,set_cal,2012-04-24,0.03,MappedPTO2026,25.0,5.718239182865216,46.015215587597176,57.90748007411114,23.153515550325174,,1.0
road,1,set_cal,2012-04-24,0.03,GroupAware2025,25.0,5.651769050518522,46.285233687973566,58.24129026763355,23.27218314617101,,1.0
road,1,set_cal,2012-04-24,0.03,RobustImprovement2025,25.0,5.558706992303172,48.29259720946453,60.72304821827767,24.159578720356393,,1.0
road,1,set_cal,2012-04-24,0.05,StructuralRobust,41.0,79.26467114397511,59.35742549422395,75.87094183362971,32.48950038542868,0.0,1.0
road,1,set_cal,2012-04-24,0.05,ExpectedActionValue,41.0,56.61243129118883,5.106983617488505,6.748349519326534,3.2808360866214175,,1.0
road,1,set_cal,2012-04-24,0.05,PointwiseWorstAction,41.0,56.63973350295162,5.110595389292124,6.7519612911301525,3.2808360866214183,,1.0
road,1,set_cal,2012-04-24,0.05,ScenarioCVaR,41.0,56.59892058119895,5.102681024480861,6.744046926318889,3.2808360866214157,,1.0
road,1,set_cal,2012-04-24,0.05,RiskFirst,41.0,9.946240417461263,59.10379821397768,75.56856543929726,32.41038425994337,,1.0
road,1,set_cal,2012-04-24,0.05,TemporalContext2024,41.0,7.909406870437927,58.4303603168835,74.69997049017691,32.03551994501829,,1.0
road,1,set_cal,2012-04-24,0.05,NetworkPropagation2024,41.0,9.952383347317129,58.70318340354251,75.04250195264326,32.1650278418186,,1.0
road,1,set_cal,2012-04-24,0.05,CalibratedUncertainty2025,41.0,7.700319175928838,59.0104701852719,75.33593852221603,32.06085748885643,,1.0
road,1,set_cal,2012-04-24,0.05,MappedPTO2026,41.0,9.946240417461263,59.10379821397768,75.56856543929726,32.41038425994337,,1.0
road,1,set_cal,2012-04-24,0.05,GroupAware2025,41.0,8.430641661830933,58.595854381425156,74.91606817317563,32.13505927348642,,1.0
road,1,set_cal,2012-04-24,0.05,RobustImprovement2025,41.0,10.01017587455325,59.35742549422398,75.87094183362971,32.48950038542865,,1.0
road,1,set_cal,2012-04-24,0.1,StructuralRobust,83.0,28.017047400503277,79.68405847925209,104.30815271884819,49.18612122211218,0.0,1.0
road,1,set_cal,2012-04-24,0.1,ExpectedActionValue,83.0,85.72147965430237,18.77591989972141,23.623049242986585,9.482642962365635,,1.0
road,1,set_cal,2012-04-24,0.1,PointwiseWorstAction,83.0,85.82941183264332,18.70714412892231,23.55427347218748,9.482642962365635,,1.0
road,1,set_cal,2012-04-24,0.1,ScenarioCVaR,83.0,85.83268100175947,18.750550578882745,23.597679922147922,9.482642962365635,,1.0
road,1,set_cal,2012-04-24,0.1,RiskFirst,83.0,18.6907443613117,79.69157566239643,104.35279116608011,49.27889815721305,,1.0
road,1,set_cal,2012-04-24,0.1,TemporalContext2024,83.0,17.906965256901632,79.16435302028648,103.56322114139353,48.67512877624273,,1.0
road,1,set_cal,2012-04-24,0.1,NetworkPropagation2024,83.0,18.030637500916296,79.84372089973833,104.6017057878938,49.49625718587491,,1.0
road,1,set_cal,2012-04-24,0.1,CalibratedUncertainty2025,83.0,18.89366003777976,79.14773182515194,103.51129769455993,48.63347799701407,,1.0
road,1,set_cal,2012-04-24,0.1,MappedPTO2026,83.0,18.643062078193115,79.60521352800592,104.24143205423418,49.231989393870265,,1.0
road,1,set_cal,2012-04-24,0.1,GroupAware2025,83.0,18.69284354093022,79.30692932666469,103.79916336931153,48.92682800697651,,1.0
road,1,set_cal,2012-04-24,0.1,RobustImprovement2025,83.0,20.48047209720617,79.68405847925209,104.30815271884819,49.18612122211218,,1.0
road,1,set_cal,2012-04-24,0.2,StructuralRobust,166.0,70.28708866921676,104.03919365224688,139.01739666226018,70.48440163187978,0.0,1.0
road,1,set_cal,2012-04-24,0.2,ExpectedActionValue,166.0,123.26874047882244,38.97183662880746,49.362734947915705,20.43001594527862,,1.0
road,1,set_cal,2012-04-24,0.2,PointwiseWorstAction,166.0,123.25606053101133,39.111062137916925,49.576081188518465,20.552704616501444,,1.0
road,1,set_cal,2012-04-24,0.2,ScenarioCVaR,166.0,123.26874047882244,38.97183662880745,49.362734947915705,20.430015945278633,,1.0
road,1,set_cal,2012-04-24,0.2,RiskFirst,166.0,35.35843052720386,103.28029888392777,137.96974592017497,69.89392323384874,,1.0
road,1,set_cal,2012-04-24,0.2,TemporalContext2024,166.0,33.830520714265724,102.79739432855207,137.1936614913404,69.30026200951822,,1.0
road,1,set_cal,2012-04-24,0.2,NetworkPropagation2024,166.0,34.62856408572009,102.9055795020654,137.38597156260622,69.52821651657021,,1.0
road,1,set_cal,2012-04-24,0.2,CalibratedUncertainty2025,166.0,35.711548937127354,101.79364816287816,135.71148636835022,68.28528281928652,,1.0
road,1,set_cal,2012-04-24,0.2,MappedPTO2026,166.0,34.82825116933461,103.54272751819978,138.36764519568425,70.19128575845413,,1.0
road,1,set_cal,2012-04-24,0.2,GroupAware2025,166.0,35.31204269626961,103.22815210841424,137.8363481135043,69.6898315480909,,1.0
road,1,set_cal,2012-04-24,0.2,RobustImprovement2025,166.0,36.43363422529892,103.53851611009055,138.4884561789244,70.43420393716873,,1.0
road,1,set_cal,2012-04-25,0.01,StructuralRobust,8.0,9.511473184921272,0.44732237929308405,0.48345906624995755,0.04047308939169847,0.0,1.0
road,1,set_cal,2012-04-25,0.01,ExpectedActionValue,8.0,16.095725601389983,0.2526228620811081,0.25262286208110846,3.885780586188048e-16,,1.0
road,1,set_cal,2012-04-25,0.01,PointwiseWorstAction,8.0,16.095725601389983,0.2526228620811081,0.25262286208110846,3.885780586188048e-16,,1.0
road,1,set_cal,2012-04-25,0.01,ScenarioCVaR,8.0,16.095725601389983,0.2526228620811081,0.25262286208110846,3.885780586188048e-16,,1.0
road,1,set_cal,2012-04-25,0.01,RiskFirst,8.0,2.486057213646295,0.5581500934685286,0.6214964531924361,0.07127734604963731,,1.0
road,1,set_cal,2012-04-25,0.01,TemporalContext2024,8.0,2.6045079534437945,0.5551928253979034,0.6099150258344029,0.06128886448887949,,1.0
road,1,set_cal,2012-04-25,0.01,NetworkPropagation2024,8.0,2.543768083084009,0.44020573358221826,0.476342420539092,0.04047308939169847,,1.0
road,1,set_cal,2012-04-25,0.01,CalibratedUncertainty2025,8.0,2.700134240809324,0.45525936054583277,0.49139604750270643,0.04047308939169847,,1.0
road,1,set_cal,2012-04-25,0.01,MappedPTO2026,8.0,2.5437680830840095,0.44020573358221826,0.476342420539092,0.04047308939169847,,1.0
road,1,set_cal,2012-04-25,0.01,GroupAware2025,8.0,2.486057213646295,0.5581500934685286,0.6214964531924361,0.07127734604963731,,1.0
road,1,set_cal,2012-04-25,0.01,RobustImprovement2025,8.0,2.543768083084009,0.44020573358221826,0.476342420539092,0.04047308939169847,,1.0
road,1,set_cal,2012-04-25,0.03,StructuralRobust,25.0,20.589843627095306,1.3133730239887194,1.4497377521394574,0.1537185275900328,0.0,1.0
road,1,set_cal,2012-04-25,0.03,ExpectedActionValue,25.0,32.52509500677779,0.7907217462648416,0.8246088960822,0.03961143681192081,,1.0
road,1,set_cal,2012-04-25,0.03,PointwiseWorstAction,25.0,32.561314434314134,0.7629434939169716,0.7968306437343299,0.03961143681192092,,1.0
road,1,set_cal,2012-04-25,0.03,ScenarioCVaR,25.0,32.59556853206951,0.7660502431975699,0.799937393014928,0.03961143681192081,,1.0
road,1,set_cal,2012-04-25,0.03,RiskFirst,25.0,5.161459002592025,1.3133730239887194,1.4497377521394574,0.1537185275900328,,1.0
road,1,set_cal,2012-04-25,0.03,TemporalContext2024,25.0,4.901012679091039,1.3774230564487313,1.513787784599469,0.15371852759003235,,1.0
road,1,set_cal,2012-04-25,0.03,NetworkPropagation2024,25.0,5.2126665832326795,1.273657882640715,1.3807154263617794,0.1202748699828704,,1.0
road,1,set_cal,2012-04-25,0.03,CalibratedUncertainty2025,25.0,4.532985912699656,1.4261223937700909,1.5624871219208287,0.15371852759003257,,1.0
road,1,set_cal,2012-04-25,0.03,MappedPTO2026,25.0,5.161459002592026,1.3133730239887194,1.4497377521394574,0.1537185275900328,,1.0
road,1,set_cal,2012-04-25,0.03,GroupAware2025,25.0,5.161459002592025,1.3133730239887194,1.4497377521394574,0.1537185275900328,,1.0
road,1,set_cal,2012-04-25,0.03,RobustImprovement2025,25.0,4.248262116805255,1.374608311185456,1.5109730393361942,0.1537185275900328,,1.0
road,1,set_cal,2012-04-25,0.05,StructuralRobust,41.0,38.0499632640127,1.6770652908475197,1.8134300189982575,0.15371852759003235,0.0,1.0
road,1,set_cal,2012-04-25,0.05,ExpectedActionValue,41.0,44.82479291243941,1.351216731188978,1.403344503545231,0.06004093405548283,,1.0
road,1,set_cal,2012-04-25,0.05,PointwiseWorstAction,41.0,44.80250662111284,1.3160989211003091,1.3682266934565628,0.060040934055483275,,1.0
road,1,set_cal,2012-04-25,0.05,ScenarioCVaR,41.0,44.831954285014646,1.2406568114723184,1.274543961289677,0.03961143681192114,,1.0
road,1,set_cal,2012-04-25,0.05,RiskFirst,41.0,6.882070900318955,1.7355152794976885,1.8718800076484263,0.1537185275900328,,1.0
road,1,set_cal,2012-04-25,0.05,TemporalContext2024,41.0,7.063909404488073,1.8091843334554518,1.9455490616061897,0.15371852759003235,,1.0
road,1,set_cal,2012-04-25,0.05,NetworkPropagation2024,41.0,6.903554098729067,1.9463034354054898,2.1561865565112375,0.2608929208187969,,1.0
road,1,set_cal,2012-04-25,0.05,CalibratedUncertainty2025,41.0,8.077263080135092,1.912156073084429,2.1220391941901764,0.2608929208187971,,1.0
road,1,set_cal,2012-04-25,0.05,MappedPTO2026,41.0,6.886865890879831,1.7458545614074166,1.8822192895581547,0.1537185275900328,,1.0
road,1,set_cal,2012-04-25,0.05,GroupAware2025,41.0,6.886752164361752,1.7280919618324246,1.8644566899831625,0.1537185275900328,,1.0
road,1,set_cal,2012-04-25,0.05,RobustImprovement2025,41.0,7.337455359208371,2.044234074387228,2.283294778275577,0.29416353648164506,,1.0
road,1,set_cal,2012-04-25,0.1,StructuralRobust,83.0,10.845296775753498,3.9510002045245454,4.318635786826609,0.45198018877452295,0.0,1.0
road,1,set_cal,2012-04-25,0.1,ExpectedActionValue,83.0,69.51883690404706,2.6268668293097828,2.776992346370369,0.19183330230433793,,1.0
road,1,set_cal,2012-04-25,0.1,PointwiseWorstAction,83.0,69.54562550987121,2.581711732722837,2.731837249783422,0.19183330230433837,,1.0
road,1,set_cal,2012-04-25,0.1,ScenarioCVaR,83.0,69.52555229219556,2.613569462413621,2.7636949794742067,0.19183330230433837,,1.0
road,1,set_cal,2012-04-25,0.1,RiskFirst,83.0,16.37848786214509,3.9258864179047097,4.2935220002067735,0.4519801887745243,,1.0
road,1,set_cal,2012-04-25,0.1,TemporalContext2024,83.0,14.957238497214586,3.9193726543841514,4.355427053533051,0.534227283364884,,1.0
road,1,set_cal,2012-04-25,0.1,NetworkPropagation2024,83.0,16.343206497068643,3.6401457871462264,3.980125475594477,0.4205671092226715,,1.0
road,1,set_cal,2012-04-25,0.1,CalibratedUncertainty2025,83.0,17.800659401893785,3.4854205718767393,3.78713358724652,0.3751055747457781,,1.0
road,1,set_cal,2012-04-25,0.1,MappedPTO2026,83.0,16.219658715671617,4.011970143764601,4.425331361799076,0.5083378212282792,,1.0
road,1,set_cal,2012-04-25,0.1,GroupAware2025,83.0,15.863218035970723,3.8898304900732246,4.257466072375289,0.4519801887745247,,1.0
road,1,set_cal,2012-04-25,0.1,RobustImprovement2025,83.0,14.177476031430267,3.9510002045245454,4.318635786826609,0.45198018877452295,,1.0
road,1,set_cal,2012-04-25,0.2,StructuralRobust,166.0,30.186110020214542,8.025731654592608,8.985050852296729,1.2557603939657227,0.0,1.0
road,1,set_cal,2012-04-25,0.2,ExpectedActionValue,166.0,101.61829025880012,5.684545000700682,5.985407617348036,0.40539661511225145,,1.0
road,1,set_cal,2012-04-25,0.2,PointwiseWorstAction,166.0,101.68422482524942,5.6533333246593696,5.954195941306728,0.4053966151122541,,1.0
road,1,set_cal,2012-04-25,0.2,ScenarioCVaR,166.0,101.67352721110359,5.651876854495009,5.9527394711423645,0.40539661511225233,,1.0
road,1,set_cal,2012-04-25,0.2,RiskFirst,166.0,31.98788723360733,7.18080612924938,7.905858352988857,0.9808056792548356,,1.0
road,1,set_cal,2012-04-25,0.2,TemporalContext2024,166.0,33.684607320148686,6.711722216416246,7.175432509418957,0.565640362916735,,1.0
road,1,set_cal,2012-04-25,0.2,NetworkPropagation2024,166.0,34.90904702407792,6.487969027080169,6.932748582360252,0.544437936667391,,1.0
road,1,set_cal,2012-04-25,0.2,CalibratedUncertainty2025,166.0,35.47103603264013,6.983573970735458,7.682178268372007,0.9510822872665701,,1.0
road,1,set_cal,2012-04-25,0.2,MappedPTO2026,166.0,30.335283187576923,7.498124832241893,8.295313942351454,1.0628367922438793,,1.0
road,1,set_cal,2012-04-25,0.2,GroupAware2025,166.0,30.30149303187513,7.202504344343926,7.918662669897577,0.9707427985337214,,1.0
road,1,set_cal,2012-04-25,0.2,RobustImprovement2025,166.0,33.09459663292551,8.64982870858005,9.635947440504546,1.2905819974037662,,1.0
road,1,test,2012-04-26,0.01,StructuralRobust,8.0,19.637636526079344,19.566312331139304,24.5823566235874,9.714374337979486,0.0,1.0
road,1,test,2012-04-26,0.01,ExpectedActionValue,8.0,20.794005953292906,6.299783616127598,8.488645812946727,4.4151261132422,,1.0
road,1,test,2012-04-26,0.01,PointwiseWorstAction,8.0,20.794005953292906,6.299783616127598,8.488645812946727,4.4151261132422,,1.0
road,1,test,2012-04-26,0.01,ScenarioCVaR,8.0,20.794005953292906,6.299783616127598,8.488645812946727,4.4151261132422,,1.0
road,1,test,2012-04-26,0.01,RiskFirst,8.0,2.453281066266149,20.770269856456306,26.016330478523198,10.123910669216695,,1.0
road,1,test,2012-04-26,0.01,TemporalContext2024,8.0,2.1023101723835347,19.91717862508253,25.0056334946951,9.822364518263651,,1.0
road,1,test,2012-04-26,0.01,NetworkPropagation2024,8.0,2.208553494999103,20.995487921406777,26.3112230248152,10.24754926466823,,1.0
road,1,test,2012-04-26,0.01,CalibratedUncertainty2025,8.0,2.5389824042499156,21.53879932522556,26.94246486507706,10.40918120027954,,1.0
road,1,test,2012-04-26,0.01,MappedPTO2026,8.0,2.6587452714358744,19.566312331139304,24.5823566235874,9.714374337979486,,1.0
road,1,test,2012-04-26,0.01,GroupAware2025,8.0,2.453281066266149,20.770269856456306,26.016330478523198,10.123910669216695,,1.0
road,1,test,2012-04-26,0.01,RobustImprovement2025,8.0,2.208553494999103,20.99548792140678,26.3112230248152,10.247549264668226,,1.0
road,1,test,2012-04-26,0.03,StructuralRobust,25.0,44.474602092081206,44.759347821198595,57.199251339791644,24.353154361176443,0.0,1.0
road,1,test,2012-04-26,0.03,ExpectedActionValue,25.0,42.26730936983585,10.065884634271297,13.850865043649188,7.621603687469571,,1.0
road,1,test,2012-04-26,0.03,PointwiseWorstAction,25.0,42.26730936983585,10.065884634271297,13.850865043649188,7.621603687469568,,1.0
road,1,test,2012-04-26,0.03,ScenarioCVaR,25.0,42.26730936983585,10.065884634271297,13.850865043649188,7.621603687469568,,1.0
road,1,test,2012-04-26,0.03,RiskFirst,25.0,5.580355524478171,48.24016528683533,61.196943296205355,25.254072848625206,,1.0
road,1,test,2012-04-26,0.03,TemporalContext2024,25.0,6.006103855809536,48.185569768431925,61.13448527293277,25.256098153958597,,1.0
road,1,test,2012-04-26,0.03,NetworkPropagation2024,25.0,5.752941982510356,48.17286584571697,61.14634655609045,25.30194689499369,,1.0
road,1,test,2012-04-26,0.03,CalibratedUncertainty2025,25.0,5.802319880112288,48.80578811208969,61.61353642224717,24.93728769571787,,1.0
road,1,test,2012-04-26,0.03,MappedPTO2026,25.0,5.401866013774534,44.759347821198595,57.199251339791644,24.353154361176443,,1.0
road,1,test,2012-04-26,0.03,GroupAware2025,25.0,5.391332338485602,48.044398261685046,60.94212114674981,25.13864211751823,,1.0
road,1,test,2012-04-26,0.03,RobustImprovement2025,25.0,5.649651663957941,49.062595472310086,62.25010617555598,25.704978870551237,,1.0
road,1,test,2012-04-26,0.05,StructuralRobust,41.0,86.96580626666277,71.3015788344539,90.94943229577487,38.44626694757392,0.0,1.0
road,1,test,2012-04-26,0.05,ExpectedActionValue,41.0,55.134927681405465,16.734535548201144,22.56753994186047,11.662178830511031,,1.0
road,1,test,2012-04-26,0.05,PointwiseWorstAction,41.0,55.164069935247355,14.549054699339115,19.783732192637984,10.499538313496144,,1.0
road,1,test,2012-04-26,0.05,ScenarioCVaR,41.0,55.17097248958892,14.652057016595167,19.939424043612682,10.582137655597807,,1.0
road,1,test,2012-04-26,0.05,RiskFirst,41.0,7.407636600489975,71.30157883445392,90.94943229577487,38.44626694757392,,1.0
road,1,test,2012-04-26,0.05,TemporalContext2024,41.0,7.2213126982697045,68.91920821364242,88.10790652152109,37.578833294644326,,1.0
road,1,test,2012-04-26,0.05,NetworkPropagation2024,41.0,7.164736762190386,71.86397318715107,91.714042451683,38.85241033582099,,1.0
road,1,test,2012-04-26,0.05,CalibratedUncertainty2025,41.0,7.511627265564358,65.53459232581665,83.66190369201806,35.52007693018321,,1.0
road,1,test,2012-04-26,0.05,MappedPTO2026,41.0,7.556957872592639,71.01270504311697,90.54431451756774,38.186026941453676,,1.0
road,1,test,2012-04-26,0.05,GroupAware2025,41.0,7.407636600489976,71.30157883445392,90.94943229577487,38.44626694757392,,1.0
road,1,test,2012-04-26,0.05,RobustImprovement2025,41.0,7.317800768224669,71.0651854781658,90.83279705173537,38.72085296751433,,1.0
road,1,test,2012-04-26,0.1,StructuralRobust,83.0,32.978763963194005,120.68196298556708,155.65853084619016,68.95896722680538,0.0,1.0
road,1,test,2012-04-26,0.1,ExpectedActionValue,83.0,78.51602179784422,32.51634434506086,42.96526038888157,20.69461241057234,,1.0
road,1,test,2012-04-26,0.1,PointwiseWorstAction,83.0,78.55868320036095,31.899670088651167,42.0955350008357,20.166768925415997,,1.0
road,1,test,2012-04-26,0.1,ScenarioCVaR,83.0,78.58794640888004,35.04865283975002,45.965102989406375,21.527184264758233,,1.0
road,1,test,2012-04-26,0.1,RiskFirst,83.0,22.012763920226345,119.02357366560622,153.56727424815105,68.13726148597539,,1.0
road,1,test,2012-04-26,0.1,TemporalContext2024,83.0,16.02916044640521,115.82526104572278,149.7312049473308,66.97903876842216,,1.0
road,1,test,2012-04-26,0.1,NetworkPropagation2024,83.0,20.259646439751233,119.24981667883569,154.0247577258972,68.65515394046105,,1.0
road,1,test,2012-04-26,0.1,CalibratedUncertainty2025,83.0,22.200380692103206,116.38309942631157,150.2411854573442,66.82183006535216,,1.0
road,1,test,2012-04-26,0.1,MappedPTO2026,83.0,22.012763920226345,119.02357366560622,153.56727424815102,68.13726148597539,,1.0
road,1,test,2012-04-26,0.1,GroupAware2025,83.0,22.24118757535844,119.49918665937854,154.06452163006819,68.13594258105105,,1.0
road,1,test,2012-04-26,0.1,RobustImprovement2025,83.0,22.516130578944185,120.68196298556708,155.65853084619016,68.95896722680538,,1.0
road,1,test,2012-04-26,0.2,StructuralRobust,166.0,89.49902135688679,179.44829111929553,235.8615022130236,112.74198246980981,0.0,1.0
road,1,test,2012-04-26,0.2,ExpectedActionValue,166.0,106.60759393185677,70.80553954901667,93.68925960068286,45.534830942365915,,1.0
road,1,test,2012-04-26,0.2,PointwiseWorstAction,166.0,106.62825455465048,71.40148962969917,94.54687376789022,46.08248177902858,,1.0
road,1,test,2012-04-26,0.2,ScenarioCVaR,166.0,106.65026790877141,68.68891571072022,91.07091130779601,44.62152192780971,,1.0
road,1,test,2012-04-26,0.2,RiskFirst,166.0,38.078247080863164,179.01100644004674,235.06025700123027,111.90366059320911,,1.0
road,1,test,2012-04-26,0.2,TemporalContext2024,166.0,39.41026491883759,176.98327902705753,232.9236196667879,111.82100027924824,,1.0
road,1,test,2012-04-26,0.2,NetworkPropagation2024,166.0,39.42306846455881,176.68641042492567,232.54108203753555,111.65712132568581,,1.0
road,1,test,2012-04-26,0.2,CalibratedUncertainty2025,166.0,37.90498394593507,176.5535737567964,232.25446466492238,111.33191163795962,,1.0
road,1,test,2012-04-26,0.2,MappedPTO2026,166.0,38.08060887078045,176.1014726737535,231.73887576856012,111.18076857009328,,1.0
road,1,test,2012-04-26,0.2,GroupAware2025,166.0,40.360078359426176,179.68322931087158,235.94540337206405,112.3181057980139,,1.0
road,1,test,2012-04-26,0.2,RobustImprovement2025,166.0,40.96734540854747,176.47555988903875,232.27680849061173,111.60016732930146,,1.0
road,1,test,2012-04-27,0.01,StructuralRobust,8.0,12.032737024645963,11.448300171181385,14.817281560667423,6.64686301083154,0.0,1.0
road,1,test,2012-04-27,0.01,ExpectedActionValue,8.0,15.988524789213528,1.922286263348675,2.725178519387394,1.6428800746582986,,1.0
road,1,test,2012-04-27,0.01,PointwiseWorstAction,8.0,15.988524789213528,1.922286263348675,2.725178519387394,1.6428800746582986,,1.0
road,1,test,2012-04-27,0.01,ScenarioCVaR,8.0,15.988524789213528,1.922286263348675,2.725178519387394,1.6428800746582986,,1.0
road,1,test,2012-04-27,0.01,RiskFirst,8.0,2.4132968959832626,10.885490204863173,14.160024841485727,6.491703991457415,,1.0
road,1,test,2012-04-27,0.01,TemporalContext2024,8.0,2.286027273905591,10.956094209663533,14.204398564512411,6.424198756125158,,1.0
road,1,test,2012-04-27,0.01,NetworkPropagation2024,8.0,2.287808037004192,10.99352697674628,14.202424160263657,6.32389892591233,,1.0
road,1,test,2012-04-27,0.01,CalibratedUncertainty2025,8.0,1.7963771571820215,10.617501177269357,13.809136860067692,6.323260723845461,,1.0
road,1,test,2012-04-27,0.01,MappedPTO2026,8.0,2.4132968959832626,10.885490204863173,14.160024841485727,6.491703991457415,,1.0
road,1,test,2012-04-27,0.01,GroupAware2025,8.0,2.4132968959832626,10.885490204863173,14.160024841485727,6.491703991457415,,1.0
road,1,test,2012-04-27,0.01,RobustImprovement2025,8.0,2.177284453595335,10.857902347281556,14.032034295338548,6.258178820458063,,1.0
road,1,test,2012-04-27,0.03,StructuralRobust,25.0,27.726796381371077,25.75347087986386,34.14477507306789,16.773674814310407,0.0,1.0
road,1,test,2012-04-27,0.03,ExpectedActionValue,25.0,32.766699223873054,3.504898137445041,4.851588407840011,2.640602276264824,,1.0
road,1,test,2012-04-27,0.03,PointwiseWorstAction,25.0,32.766699223873054,3.504898137445041,4.851588407840011,2.640602276264824,,1.0
road,1,test,2012-04-27,0.03,ScenarioCVaR,25.0,32.73387001022985,3.408253735541716,4.690193034553762,2.5326367610496594,,1.0
road,1,test,2012-04-27,0.03,RiskFirst,25.0,4.398180232083893,25.753470879863862,34.1447750730679,16.773674814310404,,1.0
road,1,test,2012-04-27,0.03,TemporalContext2024,25.0,4.514497187883687,26.049424667245518,34.5863185895692,17.081777582166545,,1.0
road,1,test,2012-04-27,0.03,NetworkPropagation2024,25.0,4.478358000616424,25.326014113784744,33.51554149666809,16.353193817164986,,1.0
road,1,test,2012-04-27,0.03,CalibratedUncertainty2025,25.0,4.4508357140618235,24.88086670811328,32.93245967805377,16.077579145692077,,1.0
road,1,test,2012-04-27,0.03,MappedPTO2026,25.0,4.398180232083894,25.75347087986386,34.14477507306789,16.773674814310407,,1.0
road,1,test,2012-04-27,0.03,GroupAware2025,25.0,4.38768176998064,26.07077170750503,34.51416786428722,16.86024398677285,,1.0
road,1,test,2012-04-27,0.03,RobustImprovement2025,25.0,4.458063550012028,25.421512850132547,33.67456852708146,16.48953567009475,,1.0
road,1,test,2012-04-27,0.05,StructuralRobust,41.0,55.96338090211855,34.77250204727693,46.59530093148324,23.77389792717119,0.0,1.0
road,1,test,2012-04-27,0.05,ExpectedActionValue,41.0,42.168944954579636,5.042122977544835,6.943472528329176,3.777081795498857,,1.0
road,1,test,2012-04-27,0.05,PointwiseWorstAction,41.0,42.30668811609186,5.138371047584131,7.039720598368471,3.777081795498856,,1.0
road,1,test,2012-04-27,0.05,ScenarioCVaR,41.0,42.22618551848578,4.9996279558675365,6.8016760763511455,3.60212206081359,,1.0
road,1,test,2012-04-27,0.05,RiskFirst,41.0,5.693309214830836,35.011888825135685,46.91702734689899,23.937880074332433,,1.0
road,1,test,2012-04-27,0.05,TemporalContext2024,41.0,6.0011515189904205,33.95972519387839,45.44321262878026,23.036149802389353,,1.0
road,1,test,2012-04-27,0.05,NetworkPropagation2024,41.0,5.792907692553735,35.00198792090286,46.88377241438459,23.88301530742379,,1.0
road,1,test,2012-04-27,0.05,CalibratedUncertainty2025,41.0,6.133988502395872,33.89800868330409,45.23823692981974,22.704736260045813,,1.0
road,1,test,2012-04-27,0.05,MappedPTO2026,41.0,5.693309214830837,35.01188882513568,46.91702734689898,23.937880074332448,,1.0
road,1,test,2012-04-27,0.05,GroupAware2025,41.0,6.217307875290404,34.492742258177536,46.15645387284135,23.42119201247732,,1.0
road,1,test,2012-04-27,0.05,RobustImprovement2025,41.0,6.401426919180437,33.84645698944443,45.439747496129755,23.350971742422374,,1.0
road,1,test,2012-04-27,0.1,StructuralRobust,83.0,19.43859549478129,51.46869053225351,70.03541572746404,37.69800594378969,0.0,1.0
road,1,test,2012-04-27,0.1,ExpectedActionValue,83.0,60.35640241170254,15.483214388706626,20.005753784818374,8.816397375735972,,1.0
road,1,test,2012-04-27,0.1,PointwiseWorstAction,83.0,60.37966311944312,15.425776504247505,19.948315900359255,8.81639737573597,,1.0
road,1,test,2012-04-27,0.1,ScenarioCVaR,83.0,60.35640241170254,15.483214388706626,20.005753784818374,8.816397375735972,,1.0
road,1,test,2012-04-27,0.1,RiskFirst,83.0,12.386195945036395,51.7940630856524,70.52618278167243,38.011776902502945,,1.0
road,1,test,2012-04-27,0.1,TemporalContext2024,83.0,12.423193187736041,50.57122349469928,68.792751603069,36.86623286160845,,1.0
road,1,test,2012-04-27,0.1,NetworkPropagation2024,83.0,12.297031764023073,50.568656509036224,68.70759769960847,36.716954052929204,,1.0
road,1,test,2012-04-27,0.1,CalibratedUncertainty2025,83.0,12.676857398661468,51.063800173401866,69.52351998317147,37.31690766626861,,1.0
road,1,test,2012-04-27,0.1,MappedPTO2026,83.0,12.296836160484974,50.61891297831064,68.83897308821427,36.9147147263078,,1.0
road,1,test,2012-04-27,0.1,GroupAware2025,83.0,12.481271387927238,51.44399911370095,70.02423291395455,37.65258776358055,,1.0
road,1,test,2012-04-27,0.1,RobustImprovement2025,83.0,12.427962011825564,51.46869053225351,70.03541572746404,37.69800594378969,,1.0
road,1,test,2012-04-27,0.2,StructuralRobust,166.0,49.79764136966632,71.64511550232692,98.81520334614565,55.18614645834812,0.0,1.0
road,1,test,2012-04-27,0.2,ExpectedActionValue,166.0,82.61904612997233,30.123873416489854,39.831827839121004,19.188966800182538,,1.0
road,1,test,2012-04-27,0.2,PointwiseWorstAction,166.0,82.65092166546057,30.626268810897038,40.51255107051167,19.54608546161954,,1.0
road,1,test,2012-04-27,0.2,ScenarioCVaR,166.0,82.65092166546056,30.626268810897034,40.51255107051166,19.546085461619537,,1.0
road,1,test,2012-04-27,0.2,RiskFirst,166.0,29.844540060367436,71.79644049159283,99.01133060612736,55.2854069367435,,1.0
road,1,test,2012-04-27,0.2,TemporalContext2024,166.0,28.500333464612808,71.24055663768678,98.12407294023318,54.611877751697634,,1.0
road,1,test,2012-04-27,0.2,NetworkPropagation2024,166.0,33.99942293719979,70.40951856821049,96.91192422826086,53.81036201729292,,1.0
road,1,test,2012-04-27,0.2,CalibratedUncertainty2025,166.0,35.462681189385414,70.73391773808147,97.18343590809101,53.60245264416196,,1.0
road,1,test,2012-04-27,0.2,MappedPTO2026,166.0,30.26682341242429,71.6276026720851,98.70264240583336,54.823867482351204,,1.0
road,1,test,2012-04-27,0.2,GroupAware2025,166.0,31.19110465217325,71.52447661291008,98.49346284078636,54.53723315720836,,1.0
road,1,test,2012-04-27,0.2,RobustImprovement2025,166.0,30.301573682444285,71.24450893292702,98.21843784172698,54.637458790880544,,1.0
road,1,test,2012-04-30,0.01,StructuralRobust,8.0,18.51303410463476,22.13216814146255,27.074350058781075,9.447574897581365,0.0,1.0
road,1,test,2012-04-30,0.01,ExpectedActionValue,8.0,21.407570954489074,1.6161877114641507,2.2010795243950048,1.0573187638914194,,1.0
road,1,test,2012-04-30,0.01,PointwiseWorstAction,8.0,21.407570954489074,1.6161877114641507,2.2010795243950048,1.0573187638914194,,1.0
road,1,test,2012-04-30,0.01,ScenarioCVaR,8.0,21.407570954489074,1.6161877114641507,2.2010795243950048,1.0573187638914194,,1.0
road,1,test,2012-04-30,0.01,RiskFirst,8.0,1.8971853989634837,21.59408319885475,26.49572070771736,9.396679143641805,,1.0
road,1,test,2012-04-30,0.01,TemporalContext2024,8.0,1.8971853989634837,21.59408319885475,26.49572070771736,9.396679143641805,,1.0
road,1,test,2012-04-30,0.01,NetworkPropagation2024,8.0,2.1085065631217024,21.13424441152269,25.958798087228526,9.256587677659901,,1.0
road,1,test,2012-04-30,0.01,CalibratedUncertainty2025,8.0,1.8971853989634835,21.59408319885475,26.49572070771736,9.396679143641805,,1.0
road,1,test,2012-04-30,0.01,MappedPTO2026,8.0,1.8971853989634837,21.59408319885475,26.49572070771736,9.396679143641805,,1.0
road,1,test,2012-04-30,0.01,GroupAware2025,8.0,1.8971853989634837,21.59408319885475,26.49572070771736,9.396679143641805,,1.0
road,1,test,2012-04-30,0.01,RobustImprovement2025,8.0,2.248891805530213,22.489994351567994,27.625987730689495,9.82936756315997,,1.0
road,1,test,2012-04-30,0.03,StructuralRobust,25.0,39.595901426757415,43.92841100908663,55.65786271809997,22.909794054804948,0.0,1.0
road,1,test,2012-04-30,0.03,ExpectedActionValue,25.0,42.07558961744714,3.4272635983503625,4.468058843286349,1.8166607138088389,,1.0
road,1,test,2012-04-30,0.03,PointwiseWorstAction,25.0,42.231813469075405,3.428762653383325,4.469557898319313,1.8166607138088393,,1.0
road,1,test,2012-04-30,0.03,ScenarioCVaR,25.0,42.231813469075405,3.428762653383325,4.469557898319312,1.8166607138088393,,1.0
road,1,test,2012-04-30,0.03,RiskFirst,25.0,5.0076386595625255,43.92841100908662,55.65786271809997,22.909794054804955,,1.0
road,1,test,2012-04-30,0.03,TemporalContext2024,25.0,4.896831790843504,45.29284159488599,57.30120037145464,23.414249400038905,,1.0
road,1,test,2012-04-30,0.03,NetworkPropagation2024,25.0,4.994369871912371,45.31985283505133,57.35123037068022,23.465397935564575,,1.0
road,1,test,2012-04-30,0.03,CalibratedUncertainty2025,25.0,4.800857252906325,45.40529777434894,57.45356830022326,23.50296469424582,,1.0
road,1,test,2012-04-30,0.03,MappedPTO2026,25.0,5.007638659562526,43.92841100908663,55.65786271809997,22.909794054804948,,1.0
road,1,test,2012-04-30,0.03,GroupAware2025,25.0,5.007638659562526,43.92841100908662,55.65786271809997,22.909794054804955,,1.0
road,1,test,2012-04-30,0.03,RobustImprovement2025,25.0,5.241687678852186,45.78826930299003,57.98063587581537,23.805599586157342,,1.0
road,1,test,2012-04-30,0.05,StructuralRobust,41.0,74.80756997606142,58.62355254107017,75.14708499403825,32.539730531397694,0.0,1.0
road,1,test,2012-04-30,0.05,ExpectedActionValue,41.0,53.776190673752836,7.209339405603751,9.285647803029635,3.8503587701882545,,1.0
road,1,test,2012-04-30,0.05,PointwiseWorstAction,41.0,53.78145075963305,7.366401644676673,9.550925595340837,4.08450843304071,,1.0
road,1,test,2012-04-30,0.05,ScenarioCVaR,41.0,53.86018620303235,7.262348133325682,9.354622396226528,3.8682405395202117,,1.0
road,1,test,2012-04-30,0.05,RiskFirst,41.0,6.91156597431796,57.92165397941464,74.41736222092307,32.54197377488953,,1.0
road,1,test,2012-04-30,0.05,TemporalContext2024,41.0,6.530253137757104,58.51780220067766,75.14307838304748,32.775837499237845,,1.0
road,1,test,2012-04-30,0.05,NetworkPropagation2024,41.0,6.784552847919373,58.83950403712368,75.5663431248264,32.971236408879086,,1.0
road,1,test,2012-04-30,0.05,CalibratedUncertainty2025,41.0,6.717052875040343,58.22554283732256,74.56815745482447,32.1622141353451,,1.0
road,1,test,2012-04-30,0.05,MappedPTO2026,41.0,7.002117087975034,58.51374024692963,75.17780790424376,32.86581351036675,,1.0
road,1,test,2012-04-30,0.05,GroupAware2025,41.0,7.180384228622409,58.17742029397173,74.74417202613881,32.67694097452286,,1.0
road,1,test,2012-04-30,0.05,RobustImprovement2025,41.0,7.972850013288082,57.91755427183019,74.42793344248607,32.57167275720041,,1.0
road,1,test,2012-04-30,0.1,StructuralRobust,83.0,25.554525772086244,79.39048314348268,104.13851656736155,49.47798354604414,0.0,1.0
road,1,test,2012-04-30,0.1,ExpectedActionValue,83.0,74.64869728912902,22.64318946743129,29.030845950116177,12.36239297445006,,1.0
road,1,test,2012-04-30,0.1,PointwiseWorstAction,83.0,74.66326088104896,22.8310375593816,29.282744683997237,12.493536175464094,,1.0
road,1,test,2012-04-30,0.1,ScenarioCVaR,83.0,74.67095538301918,22.663160803686115,29.050817286371,12.36239297445007,,1.0
road,1,test,2012-04-30,0.1,RiskFirst,83.0,16.831797785661315,81.88356427405937,107.28762989793661,50.671208545891616,,1.0
road,1,test,2012-04-30,0.1,TemporalContext2024,83.0,16.302788363319078,82.02923364192489,107.410613388259,50.61883306732119,,1.0
road,1,test,2012-04-30,0.1,NetworkPropagation2024,83.0,16.668209876106133,81.43288161732617,106.68891080286664,50.39093707841077,,1.0
road,1,test,2012-04-30,0.1,CalibratedUncertainty2025,83.0,16.98294438652022,80.21686143628807,105.04439746995149,49.47364187627713,,1.0
road,1,test,2012-04-30,0.1,MappedPTO2026,83.0,16.72192147383598,81.81835716415401,107.1933229643986,50.60989730079535,,1.0
road,1,test,2012-04-30,0.1,GroupAware2025,83.0,16.82284371011238,81.19412171952658,106.37285422438795,50.22426148743702,,1.0
road,1,test,2012-04-30,0.1,RobustImprovement2025,83.0,17.508992574653067,79.39048314348268,104.13851656736155,49.47798354604414,,1.0
road,1,test,2012-04-30,0.2,StructuralRobust,166.0,67.2711322539657,112.2284457900343,149.83351950090426,75.6106446269306,0.0,1.0
road,1,test,2012-04-30,0.2,ExpectedActionValue,166.0,99.50536646506217,33.826965832604685,44.30644221082856,20.635411522548367,,1.0
road,1,test,2012-04-30,0.2,PointwiseWorstAction,166.0,99.5599211403813,34.05880584335724,44.66234752707572,20.897301579500166,,1.0
road,1,test,2012-04-30,0.2,ScenarioCVaR,166.0,99.59242018424221,34.177914573117086,44.85347853348899,21.058741215656944,,1.0
road,1,test,2012-04-30,0.2,RiskFirst,166.0,41.99860044212452,107.29219250342187,143.1131089646396,71.87178861658053,,1.0
road,1,test,2012-04-30,0.2,TemporalContext2024,166.0,41.92711859410386,106.7853146795713,142.5448711441508,71.8283727228257,,1.0
road,1,test,2012-04-30,0.2,NetworkPropagation2024,166.0,41.63482658394598,106.85026111262104,142.48023154548133,71.57512098435834,,1.0
road,1,test,2012-04-30,0.2,CalibratedUncertainty2025,166.0,37.49563470366677,111.04478317862116,148.20902178138127,74.7820372305193,,1.0
road,1,test,2012-04-30,0.2,MappedPTO2026,166.0,41.9512560375379,106.30022462050033,141.77272107850663,71.13542833945621,,1.0
road,1,test,2012-04-30,0.2,GroupAware2025,166.0,41.616479988768546,106.01072146012034,141.3120462768458,70.86464815975525,,1.0
road,1,test,2012-04-30,0.2,RobustImprovement2025,166.0,41.47496002610756,106.87097264009203,142.73769574674662,71.98867251144866,,1.0
road,1,test,2012-05-01,0.01,StructuralRobust,8.0,23.313273849350093,18.77190751014962,23.408021600822906,8.963198636803867,0.0,1.0
road,1,test,2012-05-01,0.01,ExpectedActionValue,8.0,22.168339876745495,3.0593380399631758,4.279267352812798,2.481206998297948,,1.0
road,1,test,2012-05-01,0.01,PointwiseWorstAction,8.0,22.168339876745495,3.0593380399631758,4.279267352812798,2.481206998297948,,1.0
road,1,test,2012-05-01,0.01,ScenarioCVaR,8.0,22.168339876745495,3.0593380399631758,4.279267352812798,2.481206998297948,,1.0
road,1,test,2012-05-01,0.01,RiskFirst,8.0,2.2000660409313233,18.77190751014962,23.408021600822906,8.963198636803867,,1.0
road,1,test,2012-05-01,0.01,TemporalContext2024,8.0,2.2000660409313233,18.77190751014962,23.408021600822906,8.963198636803867,,1.0
road,1,test,2012-05-01,0.01,NetworkPropagation2024,8.0,2.2000660409313233,18.77190751014962,23.408021600822906,8.963198636803867,,1.0
road,1,test,2012-05-01,0.01,CalibratedUncertainty2025,8.0,2.2000660409313233,18.77190751014962,23.408021600822906,8.963198636803867,,1.0
road,1,test,2012-05-01,0.01,MappedPTO2026,8.0,2.2000660409313233,18.77190751014962,23.408021600822906,8.963198636803867,,1.0
road,1,test,2012-05-01,0.01,GroupAware2025,8.0,2.2000660409313233,18.77190751014962,23.408021600822906,8.963198636803867,,1.0
road,1,test,2012-05-01,0.01,RobustImprovement2025,8.0,2.2000660409313233,18.77190751014962,23.408021600822906,8.963198636803867,,1.0
road,1,test,2012-05-01,0.03,StructuralRobust,25.0,46.28724726127484,39.24635581640067,50.26513898129133,21.617950019956425,0.0,1.0
road,1,test,2012-05-01,0.03,ExpectedActionValue,25.0,44.46372318782183,5.09527730872493,6.952504274288254,3.529248319233008,,1.0
road,1,test,2012-05-01,0.03,PointwiseWorstAction,25.0,44.453458404808764,5.091982703741053,6.949209669304376,3.529248319233007,,1.0
road,1,test,2012-05-01,0.03,ScenarioCVaR,25.0,44.453458404808764,5.091982703741053,6.949209669304376,3.529248319233007,,1.0
road,1,test,2012-05-01,0.03,RiskFirst,25.0,5.9278051332372454,40.650990122282266,52.084555723598434,22.45504151649002,,1.0
road,1,test,2012-05-01,0.03,TemporalContext2024,25.0,5.818663063801919,39.55319572070071,50.63878550218696,21.72128585215291,,1.0
road,1,test,2012-05-01,0.03,NetworkPropagation2024,25.0,5.646187034054643,40.52141695775162,51.87701857423516,22.28562079917222,,1.0
road,1,test,2012-05-01,0.03,CalibratedUncertainty2025,25.0,6.0803721460745335,40.229624249502685,51.590533076757985,22.32838354001656,,1.0
road,1,test,2012-05-01,0.03,MappedPTO2026,25.0,5.631197048903806,39.24635581640067,50.26513898129133,21.617950019956425,,1.0
road,1,test,2012-05-01,0.03,GroupAware2025,25.0,5.9278051332372454,40.650990122282266,52.084555723598434,22.45504151649002,,1.0
road,1,test,2012-05-01,0.03,RobustImprovement2025,25.0,5.376262027535777,40.386744984471086,51.67007777478633,22.10486167277235,,1.0
road,1,test,2012-05-01,0.05,StructuralRobust,41.0,84.58212564399378,50.44167917479032,65.46268007537473,29.675461652565616,0.0,1.0
road,1,test,2012-05-01,0.05,ExpectedActionValue,41.0,58.006505521137505,6.15079756261575,8.351919932892594,4.122547174325399,,1.0
road,1,test,2012-05-01,0.05,PointwiseWorstAction,41.0,58.069384238331864,6.118408745125691,8.319531115402535,4.122547174325401,,1.0
road,1,test,2012-05-01,0.05,ScenarioCVaR,41.0,58.05092996027782,6.787235698674511,9.230662609058415,4.612641634303587,,1.0
road,1,test,2012-05-01,0.05,RiskFirst,41.0,11.237277212456789,50.51189767607458,65.5805613557688,29.781529855067333,,1.0
road,1,test,2012-05-01,0.05,TemporalContext2024,41.0,7.814796856230271,51.63533654081684,67.10258016609592,30.606759578215147,,1.0
road,1,test,2012-05-01,0.05,NetworkPropagation2024,41.0,7.373875056884973,51.57266281896579,66.96965222957331,30.42331845726826,,1.0
road,1,test,2012-05-01,0.05,CalibratedUncertainty2025,41.0,7.447580459701471,52.29437915765934,68.02999681046568,31.204040244648475,,1.0
road,1,test,2012-05-01,0.05,MappedPTO2026,41.0,7.119735882129176,51.719353349004834,67.22535356123831,30.687055990507204,,1.0
road,1,test,2012-05-01,0.05,GroupAware2025,41.0,11.237771036868036,51.21954138986213,66.54396884381678,30.32069595847622,,1.0
road,1,test,2012-05-01,0.05,RobustImprovement2025,41.0,11.461827064843206,51.774473565924716,67.29085852206245,30.703499796431053,,1.0
road,1,test,2012-05-01,0.1,StructuralRobust,83.0,30.1641852286676,72.82286494436667,96.66866059773359,47.87996936766669,0.0,1.0
road,1,test,2012-05-01,0.1,ExpectedActionValue,83.0,81.37049627931901,20.075183469202212,25.975696556282298,11.218028572869724,,1.0
road,1,test,2012-05-01,0.1,PointwiseWorstAction,83.0,81.45593282040808,21.30666916898648,27.575082063511314,11.98524258255869,,1.0
road,1,test,2012-05-01,0.1,ScenarioCVaR,83.0,81.47535653365932,19.963884575954797,25.806100352260437,11.141996173866605,,1.0
road,1,test,2012-05-01,0.1,RiskFirst,83.0,21.3709960186663,71.65091545266792,95.0682906510459,46.98823584014944,,1.0
road,1,test,2012-05-01,0.1,TemporalContext2024,83.0,21.271744271342676,70.88293724114317,93.9356305456353,46.245998014053384,,1.0
road,1,test,2012-05-01,0.1,NetworkPropagation2024,83.0,21.109801602105993,71.24622859645271,94.51549133309292,46.72612330166383,,1.0
road,1,test,2012-05-01,0.1,CalibratedUncertainty2025,83.0,21.157828535588408,70.39186357737752,93.25240232734689,45.87007595063898,,1.0
road,1,test,2012-05-01,0.1,MappedPTO2026,83.0,21.124293786268254,71.61738137479162,94.97982650310668,46.91030968694902,,1.0
road,1,test,2012-05-01,0.1,GroupAware2025,83.0,24.289702658332423,71.85041099046688,95.27716619033295,46.97844028710671,,1.0
road,1,test,2012-05-01,0.1,RobustImprovement2025,83.0,24.2444259845026,72.82286494436667,96.66866059773359,47.87996936766669,,1.0
road,1,test,2012-05-01,0.2,StructuralRobust,166.0,74.76877695434767,97.3894228718413,131.6714947026505,69.37252962579484,0.0,1.0
road,1,test,2012-05-01,0.2,ExpectedActionValue,166.0,107.8026576793013,35.766697372511196,46.909393157875535,21.809410818663636,,1.0
road,1,test,2012-05-01,0.2,PointwiseWorstAction,166.0,107.9918665197789,36.9052080261397,48.51189283008821,22.749661751700906,,1.0
road,1,test,2012-05-01,0.2,ScenarioCVaR,166.0,107.98231977843346,36.54946383055002,48.00566572300103,22.467315497562836,,1.0
road,1,test,2012-05-01,0.2,RiskFirst,166.0,45.74395571692403,97.79321357983402,132.3810593665524,70.11321352774372,,1.0
road,1,test,2012-05-01,0.2,TemporalContext2024,166.0,45.41452555952944,97.42677716282832,131.7803921392413,69.47812658424779,,1.0
road,1,test,2012-05-01,0.2,NetworkPropagation2024,166.0,43.93359507985142,97.07340049956608,131.40748443517245,69.6429173564195,,1.0
road,1,test,2012-05-01,0.2,CalibratedUncertainty2025,166.0,42.33131126651013,98.51961535466961,132.92986903118464,69.51894478285763,,1.0
road,1,test,2012-05-01,0.2,MappedPTO2026,166.0,43.739594635585476,97.61790110903839,132.11242097147306,69.94706399532488,,1.0
road,1,test,2012-05-01,0.2,GroupAware2025,166.0,44.53821184817193,97.4604757135169,131.97124704075938,69.93572280336159,,1.0
road,1,test,2012-05-01,0.2,RobustImprovement2025,166.0,44.86736914486156,98.39306068766868,133.38341653890325,71.03621769620625,,1.0
road,1,test,2012-05-02,0.01,StructuralRobust,8.0,18.056854099098985,15.635357001538972,19.88405507811462,8.291745765359861,0.0,1.0
road,1,test,2012-05-02,0.01,ExpectedActionValue,8.0,13.046475786451918,3.124362082368252,4.251256352839635,2.159082501774306,,1.0
road,1,test,2012-05-02,0.01,PointwiseWorstAction,8.0,13.046475786451918,3.124362082368252,4.251256352839635,2.159082501774306,,1.0
road,1,test,2012-05-02,0.01,ScenarioCVaR,8.0,13.046475786451918,3.124362082368252,4.251256352839635,2.159082501774306,,1.0
road,1,test,2012-05-02,0.01,RiskFirst,8.0,1.6072883857463482,15.635357001538972,19.88405507811462,8.291745765359861,,1.0
road,1,test,2012-05-02,0.01,TemporalContext2024,8.0,1.6869342748226768,15.788282173971055,20.05674343558781,8.321204150160384,,1.0
road,1,test,2012-05-02,0.01,NetworkPropagation2024,8.0,1.687060682831351,16.028615704405638,20.344381041627543,8.406737790368869,,1.0
road,1,test,2012-05-02,0.01,CalibratedUncertainty2025,8.0,1.6869342748226768,15.788282173971053,20.05674343558781,8.321204150160385,,1.0
road,1,test,2012-05-02,0.01,MappedPTO2026,8.0,1.6072883857463482,15.635357001538972,19.88405507811462,8.291745765359861,,1.0
road,1,test,2012-05-02,0.01,GroupAware2025,8.0,1.607288385746348,15.635357001538972,19.88405507811462,8.291745765359861,,1.0
road,1,test,2012-05-02,0.01,RobustImprovement2025,8.0,1.7208616581319274,19.03818008642519,23.661484352415812,8.921390080868118,,1.0
road,1,test,2012-05-02,0.03,StructuralRobust,25.0,43.43562425870065,43.564106275956064,55.26745616457821,22.898830546315992,0.0,1.0
road,1,test,2012-05-02,0.03,ExpectedActionValue,25.0,27.45414970095694,7.409367228789362,9.727419961658475,4.490270709771082,,1.0
road,1,test,2012-05-02,0.03,PointwiseWorstAction,25.0,27.383548035450282,7.501893361063656,9.8419617492917,4.515315205699043,,1.0
road,1,test,2012-05-02,0.03,ScenarioCVaR,25.0,27.471977913304556,7.431850801212914,9.749903534082025,4.49027070977108,,1.0
road,1,test,2012-05-02,0.03,RiskFirst,25.0,5.357036292977465,42.89791332735335,54.594784182353074,22.94169237170084,,1.0
road,1,test,2012-05-02,0.03,TemporalContext2024,25.0,5.900510953873461,43.68155028445754,55.53369886303507,23.21886667718799,,1.0
road,1,test,2012-05-02,0.03,NetworkPropagation2024,25.0,5.745449733786439,43.34581063990456,55.100798530865326,23.033852279267144,,1.0
road,1,test,2012-05-02,0.03,CalibratedUncertainty2025,25.0,5.864834851990105,44.87057422663034,56.823434276265516,23.343394099175683,,1.0
road,1,test,2012-05-02,0.03,MappedPTO2026,25.0,5.640780345933491,43.564106275956064,55.26745616457821,22.898830546315992,,1.0
road,1,test,2012-05-02,0.03,GroupAware2025,25.0,5.357036292977465,42.89791332735335,54.594784182353074,22.94169237170084,,1.0
road,1,test,2012-05-02,0.03,RobustImprovement2025,25.0,5.899219147876395,44.13295593613887,56.10690290343332,23.454463911990672,,1.0
road,1,test,2012-05-02,0.05,StructuralRobust,41.0,88.07986684703994,59.01380914628115,75.619112713408,32.644842186109244,0.0,1.0
road,1,test,2012-05-02,0.05,ExpectedActionValue,41.0,37.575987198611514,10.664119925047466,14.070318879638524,6.63382012615293,,1.0
road,1,test,2012-05-02,0.05,PointwiseWorstAction,41.0,37.61178641605161,10.526595910955525,13.835008626513542,6.453751179211274,,1.0
road,1,test,2012-05-02,0.05,ScenarioCVaR,41.0,37.61178641605161,10.526595910955525,13.83500862651354,6.453751179211274,,1.0
road,1,test,2012-05-02,0.05,RiskFirst,41.0,7.548420805207774,59.887303647606174,76.69435959284195,33.02382826858546,,1.0
road,1,test,2012-05-02,0.05,TemporalContext2024,41.0,7.600454207203194,58.42427325372952,74.86034307585625,32.319666672314945,,1.0
road,1,test,2012-05-02,0.05,NetworkPropagation2024,41.0,7.600454207203194,58.42427325372951,74.86034307585624,32.31966667231492,,1.0
road,1,test,2012-05-02,0.05,CalibratedUncertainty2025,41.0,7.487962657956467,57.77732676407083,74.16686175651266,32.26284809495082,,1.0
road,1,test,2012-05-02,0.05,MappedPTO2026,41.0,7.706561290292157,60.06727948380626,77.01342714999214,33.31884774771848,,1.0
road,1,test,2012-05-02,0.05,GroupAware2025,41.0,7.830717382972099,60.45178943005833,77.29886186188098,33.075874111658706,,1.0
road,1,test,2012-05-02,0.05,RobustImprovement2025,41.0,7.563422089748365,60.64456831739648,77.50420635327255,33.0910180062653,,1.0
road,1,test,2012-05-02,0.1,StructuralRobust,83.0,32.29621669856475,97.22004634996298,126.54801712999249,58.256809961065954,0.0,1.0
road,1,test,2012-05-02,0.1,ExpectedActionValue,83.0,56.350954959350716,26.79491290562055,35.17050676437358,16.482659689638695,,1.0
road,1,test,2012-05-02,0.1,PointwiseWorstAction,83.0,56.32768735406125,27.72422725341125,36.431255820675936,17.1450956737595,,1.0
road,1,test,2012-05-02,0.1,ScenarioCVaR,83.0,56.35053139010094,26.799256484284392,35.17485034303742,16.48265968963868,,1.0
road,1,test,2012-05-02,0.1,RiskFirst,83.0,15.165625878167948,97.60852626770327,127.02383426682324,58.42057520911621,,1.0
road,1,test,2012-05-02,0.1,TemporalContext2024,83.0,14.03592820624015,97.03672657433249,126.21608550864781,57.86190377462101,,1.0
road,1,test,2012-05-02,0.1,NetworkPropagation2024,83.0,14.749214811781606,97.73226261796258,127.20086807614265,58.53178839104696,,1.0
road,1,test,2012-05-02,0.1,CalibratedUncertainty2025,83.0,13.688658955322598,94.35887834836369,122.80012703497918,56.401120771787234,,1.0
road,1,test,2012-05-02,0.1,MappedPTO2026,83.0,15.165625878167951,97.60852626770327,127.02383426682324,58.42057520911615,,1.0
road,1,test,2012-05-02,0.1,GroupAware2025,83.0,15.002512677071303,95.88539759496639,124.73772535893208,57.226957828667835,,1.0
road,1,test,2012-05-02,0.1,RobustImprovement2025,83.0,15.187832613428599,97.22004634996298,126.54801712999249,58.256809961065954,,1.0
road,1,test,2012-05-02,0.2,StructuralRobust,166.0,82.75347498331402,140.1728613732547,185.9061125764799,91.74086714414292,0.0,1.0
road,1,test,2012-05-02,0.2,ExpectedActionValue,166.0,77.82175959966878,65.15169677661335,85.45195570528666,40.203818212722794,,1.0
road,1,test,2012-05-02,0.2,PointwiseWorstAction,166.0,77.89483366312886,64.49660714591008,84.48756938431963,39.57244127601045,,1.0
road,1,test,2012-05-02,0.2,ScenarioCVaR,166.0,77.88309547426687,64.75323251241984,84.88365367100137,39.87072578936092,,1.0
road,1,test,2012-05-02,0.2,RiskFirst,166.0,27.94051911384815,139.89187687192884,185.5619747087012,91.6620136303138,,1.0
road,1,test,2012-05-02,0.2,TemporalContext2024,166.0,27.593551528428677,138.90098728311926,184.15802806924503,90.75280365530836,,1.0
road,1,test,2012-05-02,0.2,NetworkPropagation2024,166.0,27.865951435707736,140.1768169845883,185.8667104761301,91.66383546145525,,1.0
road,1,test,2012-05-02,0.2,CalibratedUncertainty2025,166.0,28.316317283754795,137.34589592754833,182.1080601091685,89.77820921963004,,1.0
road,1,test,2012-05-02,0.2,MappedPTO2026,166.0,28.603996518579148,138.26086109662646,183.34393728221977,90.4481590973908,,1.0
road,1,test,2012-05-02,0.2,GroupAware2025,166.0,29.182914397542906,139.892240110761,185.47237676770948,91.4126203249767,,1.0
road,1,test,2012-05-02,0.2,RobustImprovement2025,166.0,28.21449744357102,139.89188205964578,185.59108707083166,91.72396963606596,,1.0
road,1,test,2012-05-03,0.01,StructuralRobust,8.0,15.892151930233476,17.98284535607036,22.589136485417463,8.915103071873187,0.0,1.0
road,1,test,2012-05-03,0.01,ExpectedActionValue,8.0,19.398954594629988,1.9620623728477866,2.693288104183789,1.4043207626155112,,1.0
road,1,test,2012-05-03,0.01,PointwiseWorstAction,8.0,19.379871312173343,1.9862247910775876,2.735417826170675,1.4722811605740278,,1.0
road,1,test,2012-05-03,0.01,ScenarioCVaR,8.0,19.379871312173343,1.9862247910775876,2.735417826170675,1.4722811605740278,,1.0
road,1,test,2012-05-03,0.01,RiskFirst,8.0,3.378112851786667,17.98284535607036,22.589136485417463,8.915103071873187,,1.0
road,1,test,2012-05-03,0.01,TemporalContext2024,8.0,3.3781128517866676,17.98284535607036,22.589136485417463,8.915103071873187,,1.0
road,1,test,2012-05-03,0.01,NetworkPropagation2024,8.0,3.6265309488627233,18.78826264461753,23.516924223876725,9.13271514661141,,1.0
road,1,test,2012-05-03,0.01,CalibratedUncertainty2025,8.0,3.620098846805308,18.320992734003287,22.966558120376906,8.981164519275936,,1.0
road,1,test,2012-05-03,0.01,MappedPTO2026,8.0,3.378112851786667,17.98284535607036,22.589136485417463,8.915103071873187,,1.0
road,1,test,2012-05-03,0.01,GroupAware2025,8.0,3.378112851786667,17.98284535607036,22.589136485417463,8.915103071873187,,1.0
road,1,test,2012-05-03,0.01,RobustImprovement2025,8.0,3.0854394875875197,18.270755272820185,22.854766839523034,8.840302681043415,,1.0
road,1,test,2012-05-03,0.03,StructuralRobust,25.0,35.688110281078934,38.161622811615324,49.040354242387515,21.39236996054656,0.0,1.0
road,1,test,2012-05-03,0.03,ExpectedActionValue,25.0,43.40809133740486,4.3590436744359025,6.082204145055612,3.3942719808962947,,1.0
road,1,test,2012-05-03,0.03,PointwiseWorstAction,25.0,43.40809133740486,4.3590436744359025,6.082204145055612,3.3942719808962956,,1.0
road,1,test,2012-05-03,0.03,ScenarioCVaR,25.0,43.40809133740486,4.3590436744359025,6.082204145055612,3.3942719808962956,,1.0
road,1,test,2012-05-03,0.03,RiskFirst,25.0,5.987606297912108,38.161622811615324,49.04035424238752,21.39236996054656,,1.0
road,1,test,2012-05-03,0.03,TemporalContext2024,25.0,5.975113691743569,39.71923895522784,50.92574788243543,21.990410070715456,,1.0
road,1,test,2012-05-03,0.03,NetworkPropagation2024,25.0,5.874875816957261,39.68211677689347,50.875346809060396,21.963549883962727,,1.0
road,1,test,2012-05-03,0.03,CalibratedUncertainty2025,25.0,6.264860695888186,40.632761679567956,51.94825247192803,22.16076386886715,,1.0
road,1,test,2012-05-03,0.03,MappedPTO2026,25.0,5.987606297912107,38.161622811615324,49.040354242387515,21.39236996054656,,1.0
road,1,test,2012-05-03,0.03,GroupAware2025,25.0,5.987606297912106,38.16162281161533,49.04035424238752,21.392369960546553,,1.0
road,1,test,2012-05-03,0.03,RobustImprovement2025,25.0,5.491774728315012,38.796404206644496,49.87320628257099,21.773674560215966,,1.0
road,1,test,2012-05-03,0.05,StructuralRobust,41.0,72.37313974730954,51.03222759996795,66.32865190044257,30.32415561073539,0.0,1.0
road,1,test,2012-05-03,0.05,ExpectedActionValue,41.0,59.74217059332706,5.392366547757265,7.450979050026973,4.115766462969492,,1.0
road,1,test,2012-05-03,0.05,PointwiseWorstAction,41.0,59.73695353479165,5.474091041895391,7.583351937240272,4.183661889356446,,1.0
road,1,test,2012-05-03,0.05,ScenarioCVaR,41.0,59.87336030536943,5.390859058366529,7.449471560636236,4.115766462969494,,1.0
road,1,test,2012-05-03,0.05,RiskFirst,41.0,9.440406623879962,50.8951038991495,66.1589639192123,30.264660775460065,,1.0
road,1,test,2012-05-03,0.05,TemporalContext2024,41.0,7.0224514222736065,50.759888437495746,66.0133942887794,30.260620366582742,,1.0
road,1,test,2012-05-03,0.05,NetworkPropagation2024,41.0,7.633562865543726,51.03222759996797,66.32865190044257,30.32415561073536,,1.0
road,1,test,2012-05-03,0.05,CalibratedUncertainty2025,41.0,9.022977004960344,50.70904469710015,65.96202964143383,30.222833171173228,,1.0
road,1,test,2012-05-03,0.05,MappedPTO2026,41.0,9.440406623879962,50.89510389914949,66.1589639192123,30.264660775460086,,1.0
road,1,test,2012-05-03,0.05,GroupAware2025,41.0,7.680722155059516,51.0183086925635,66.34361767898143,30.396193581040727,,1.0
road,1,test,2012-05-03,0.05,RobustImprovement2025,41.0,9.324627568387072,49.04324151979669,63.895060374768185,29.493654754637326,,1.0
road,1,test,2012-05-03,0.1,StructuralRobust,83.0,26.575271421217668,71.0269114854722,94.51090073281351,47.23263513846774,0.0,1.0
road,1,test,2012-05-03,0.1,ExpectedActionValue,83.0,90.07021207316379,17.876959989271455,23.201536668252874,10.370229206291167,,1.0
road,1,test,2012-05-03,0.1,PointwiseWorstAction,83.0,90.13570830888031,17.818085081897628,23.153945178844875,10.405951556652166,,1.0
road,1,test,2012-05-03,0.1,ScenarioCVaR,83.0,90.15973805498687,17.90981381129409,23.28160945155646,10.45062950609572,,1.0
road,1,test,2012-05-03,0.1,RiskFirst,83.0,18.8705773307868,71.15260851210599,94.69667328274116,47.36466592828948,,1.0
road,1,test,2012-05-03,0.1,TemporalContext2024,83.0,17.755111999792778,70.68290177389747,93.98171816202215,46.76228167116142,,1.0
road,1,test,2012-05-03,0.1,NetworkPropagation2024,83.0,20.02510415765593,71.72209500118434,95.4449418723485,47.712161748298115,,1.0
road,1,test,2012-05-03,0.1,CalibratedUncertainty2025,83.0,17.23473983044574,70.94277994383272,94.30579165473326,46.9205186522983,,1.0
road,1,test,2012-05-03,0.1,MappedPTO2026,83.0,17.293423100419826,71.006690545611,94.50201473332058,47.27043095346336,,1.0
road,1,test,2012-05-03,0.1,GroupAware2025,83.0,20.499818052618597,71.47933805280668,95.09432477429131,47.492629831784654,,1.0
road,1,test,2012-05-03,0.1,RobustImprovement2025,83.0,21.7087786368439,71.0269114854722,94.51090073281351,47.23263513846774,,1.0
road,1,test,2012-05-03,0.2,StructuralRobust,166.0,66.81857021415074,94.70684171148454,128.40800291229723,68.39272604149977,0.0,1.0
road,1,test,2012-05-03,0.2,ExpectedActionValue,166.0,125.37821518521321,32.52380845002017,42.01313686110779,18.49287727874796,,1.0
road,1,test,2012-05-03,0.2,PointwiseWorstAction,166.0,125.37161637029006,33.09363498025714,42.905312739071796,19.148569963088057,,1.0
road,1,test,2012-05-03,0.2,ScenarioCVaR,166.0,125.3752942799265,32.65535620488227,42.26033134109378,18.724766099548567,,1.0
road,1,test,2012-05-03,0.2,RiskFirst,166.0,40.510299928162354,94.34144107971052,127.87180063293947,68.0327437463741,,1.0
road,1,test,2012-05-03,0.2,TemporalContext2024,166.0,40.25300355287806,94.05546230788339,127.37251819590223,67.52922144158298,,1.0
road,1,test,2012-05-03,0.2,NetworkPropagation2024,166.0,40.97122947273174,94.02987037311989,127.38985322051498,67.71808118468668,,1.0
road,1,test,2012-05-03,0.2,CalibratedUncertainty2025,166.0,38.745627419156726,93.65292724993705,126.74993269789911,67.18447102700455,,1.0
road,1,test,2012-05-03,0.2,MappedPTO2026,166.0,40.27141660479469,94.19745071220329,127.62309103801735,67.84745366912757,,1.0
road,1,test,2012-05-03,0.2,GroupAware2025,166.0,41.038507250285555,94.10915965731466,127.45303759750553,67.62017019526091,,1.0
road,1,test,2012-05-03,0.2,RobustImprovement2025,166.0,41.40086323597829,95.29229484692986,129.40940140589237,69.32774482231402,,1.0
road,1,test,2012-05-04,0.01,StructuralRobust,8.0,17.14164638530548,21.24730364730396,26.33884990177665,9.759504627199448,0.0,1.0
road,1,test,2012-05-04,0.01,ExpectedActionValue,8.0,13.476492516005333,2.499969287138101,3.50901788957446,2.107427949314764,,1.0
road,1,test,2012-05-04,0.01,PointwiseWorstAction,8.0,13.476492516005333,2.499969287138101,3.50901788957446,2.107427949314764,,1.0
road,1,test,2012-05-04,0.01,ScenarioCVaR,8.0,13.476492516005333,2.499969287138101,3.50901788957446,2.107427949314764,,1.0
road,1,test,2012-05-04,0.01,RiskFirst,8.0,1.626247614463657,20.232772885405748,25.147680179199586,9.440370284812953,,1.0
road,1,test,2012-05-04,0.01,TemporalContext2024,8.0,1.626247614463657,20.232772885405744,25.14768017919958,9.440370284812957,,1.0
road,1,test,2012-05-04,0.01,NetworkPropagation2024,8.0,1.626247614463657,20.232772885405744,25.14768017919958,9.440370284812957,,1.0
road,1,test,2012-05-04,0.01,CalibratedUncertainty2025,8.0,1.7070827823151178,19.712550653230654,24.432217671782187,9.057429795687792,,1.0
road,1,test,2012-05-04,0.01,MappedPTO2026,8.0,1.626247614463657,20.232772885405748,25.147680179199586,9.440370284812953,,1.0
road,1,test,2012-05-04,0.01,GroupAware2025,8.0,1.626247614463657,20.232772885405748,25.147680179199586,9.440370284812953,,1.0
road,1,test,2012-05-04,0.01,RobustImprovement2025,8.0,1.7846762232840427,21.163833410520546,26.233185819153785,9.716596332629333,,1.0
road,1,test,2012-05-04,0.03,StructuralRobust,25.0,33.912636879013945,35.25109358605493,45.486270462331454,20.246401885493945,0.0,1.0
road,1,test,2012-05-04,0.03,ExpectedActionValue,25.0,25.998661747479886,3.5623064642411486,4.9190938567188685,2.7749683427356318,,1.0
road,1,test,2012-05-04,0.03,PointwiseWorstAction,25.0,26.03513422630564,3.7181050953127945,5.116883180940002,2.908768412023549,,1.0
road,1,test,2012-05-04,0.03,ScenarioCVaR,25.0,25.99866174747989,3.5623064642411486,4.9190938567188685,2.7749683427356318,,1.0
road,1,test,2012-05-04,0.03,RiskFirst,25.0,3.4240135323133734,36.027484483016266,46.500370870624685,20.710733473795486,,1.0
road,1,test,2012-05-04,0.03,TemporalContext2024,25.0,3.32781719538839,35.10953192566366,45.276268463749936,20.10086026006826,,1.0
road,1,test,2012-05-04,0.03,NetworkPropagation2024,25.0,3.316031392049973,35.404602010096575,45.64505247231672,20.238954995374513,,1.0
road,1,test,2012-05-04,0.03,CalibratedUncertainty2025,25.0,3.775427357426985,36.542886818921616,47.018060562127005,20.662225952666034,,1.0
road,1,test,2012-05-04,0.03,MappedPTO2026,25.0,3.5319516538964075,35.25109358605493,45.486270462331454,20.246401885493945,,1.0
road,1,test,2012-05-04,0.03,GroupAware2025,25.0,3.424013532313374,36.027484483016266,46.500370870624685,20.710733473795486,,1.0
road,1,test,2012-05-04,0.03,RobustImprovement2025,25.0,3.018854230371536,35.52308106288994,45.74134439551146,20.1629746156648,,1.0
road,1,test,2012-05-04,0.05,StructuralRobust,41.0,63.07806947663093,46.190409203606706,60.459813850103934,28.427190806770327,0.0,1.0
road,1,test,2012-05-04,0.05,ExpectedActionValue,41.0,34.17226233158781,5.861992013390872,7.919514412551342,4.171247802744081,,1.0
road,1,test,2012-05-04,0.05,PointwiseWorstAction,41.0,34.14514176907975,5.870405313537416,7.927927712697886,4.171247802744082,,1.0
road,1,test,2012-05-04,0.05,ScenarioCVaR,41.0,34.17226233158782,5.861992013390872,7.919514412551341,4.171247802744081,,1.0
road,1,test,2012-05-04,0.05,RiskFirst,41.0,5.026597486469752,46.13952651356991,60.40889406198426,28.435750506206027,,1.0
road,1,test,2012-05-04,0.05,TemporalContext2024,41.0,4.688308546703377,46.2672930260592,60.55950163968273,28.471458877363723,,1.0
road,1,test,2012-05-04,0.05,NetworkPropagation2024,41.0,5.010123467298649,45.66020211369359,59.70342961053122,27.96054683864059,,1.0
road,1,test,2012-05-04,0.05,CalibratedUncertainty2025,41.0,4.756953167207414,45.953601416832164,60.10298049934107,28.175079795192012,,1.0
road,1,test,2012-05-04,0.05,MappedPTO2026,41.0,5.021419997459607,44.43809914334837,58.15256387164336,27.338231934867466,,1.0
road,1,test,2012-05-04,0.05,GroupAware2025,41.0,4.970912703249295,45.93552086000777,60.15807161861465,28.35089958166334,,1.0
road,1,test,2012-05-04,0.05,RobustImprovement2025,41.0,4.8473323533697945,46.611226525483204,61.042138219640734,28.800473829207732,,1.0
road,1,test,2012-05-04,0.1,StructuralRobust,83.0,22.66780103557886,64.97972074111257,86.97414663360605,44.36680359184848,0.0,1.0
road,1,test,2012-05-04,0.1,ExpectedActionValue,83.0,49.01936455621227,11.834804391193696,15.393045173716896,7.088124035414289,,1.0
road,1,test,2012-05-04,0.1,PointwiseWorstAction,83.0,49.17784555248876,12.502564862875257,16.439143180775226,7.849247805211043,,1.0
road,1,test,2012-05-04,0.1,ScenarioCVaR,83.0,49.1788751776714,12.182788830421435,15.926733675973344,7.434879312641092,,1.0
road,1,test,2012-05-04,0.1,RiskFirst,83.0,12.328171681802665,63.80174846503947,85.3276109637642,43.392539886711454,,1.0
road,1,test,2012-05-04,0.1,TemporalContext2024,83.0,12.564638773547381,63.24966460833504,84.46297551569332,42.65756310288491,,1.0
road,1,test,2012-05-04,0.1,NetworkPropagation2024,83.0,15.042192017781815,64.20044372772358,85.84050814326827,43.60706642723396,,1.0
road,1,test,2012-05-04,0.1,CalibratedUncertainty2025,83.0,12.53714546234555,64.15099128243405,85.71805685655042,43.413154432096334,,1.0
road,1,test,2012-05-04,0.1,MappedPTO2026,83.0,12.689088310185392,63.499469602983005,84.8981493065412,43.11659954325484,,1.0
road,1,test,2012-05-04,0.1,GroupAware2025,83.0,14.999080519224409,64.00993823944815,85.59153374994371,43.49654887809355,,1.0
road,1,test,2012-05-04,0.1,RobustImprovement2025,83.0,14.62422128171537,64.97972074111257,86.97414663360605,44.36680359184848,,1.0
road,1,test,2012-05-04,0.2,StructuralRobust,166.0,56.15653210805671,86.06822373714638,117.32857783538721,63.2030121735082,0.0,1.0
road,1,test,2012-05-04,0.2,ExpectedActionValue,166.0,68.31608094355676,34.30778293340487,44.353215355861856,19.673464841257555,,1.0
road,1,test,2012-05-04,0.2,PointwiseWorstAction,166.0,68.37761436482072,35.7121972542496,46.111979523872456,20.373044668595917,,1.0
road,1,test,2012-05-04,0.2,ScenarioCVaR,166.0,68.36980577152106,35.73899848113377,46.15518654975823,20.39180867476866,,1.0
road,1,test,2012-05-04,0.2,RiskFirst,166.0,31.36682858606365,85.88026712942897,117.00150911432813,62.85402030503488,,1.0
road,1,test,2012-05-04,0.2,TemporalContext2024,166.0,29.603815948461893,85.41030470026065,116.16360264833334,62.028534177490755,,1.0
road,1,test,2012-05-04,0.2,NetworkPropagation2024,166.0,28.923225996707533,85.46494204943684,116.32478219739637,62.29480966962686,,1.0
road,1,test,2012-05-04,0.2,CalibratedUncertainty2025,166.0,29.455855428456033,85.07525675394045,115.57956366516046,61.496808758107576,,1.0
road,1,test,2012-05-04,0.2,MappedPTO2026,166.0,31.366011482714658,85.90776847248691,117.06470847091676,62.979626118721455,,1.0
road,1,test,2012-05-04,0.2,GroupAware2025,166.0,30.356320150588704,85.98707787202416,117.13173889673017,62.82340803329312,,1.0
road,1,test,2012-05-04,0.2,RobustImprovement2025,166.0,30.75469472680841,85.78922314268986,116.91919076801841,62.86982123621006,,1.0
road,1,test,2012-05-07,0.01,StructuralRobust,8.0,22.23208065534603,20.260690538284187,25.275929146616587,9.679968948202326,0.0,1.0
road,1,test,2012-05-07,0.01,ExpectedActionValue,8.0,18.896013051655853,1.2753674936674866,1.6986276177931117,0.8851996453964679,,1.0
road,1,test,2012-05-07,0.01,PointwiseWorstAction,8.0,18.896013051655853,1.2753674936674866,1.6986276177931117,0.8851996453964679,,1.0
road,1,test,2012-05-07,0.01,ScenarioCVaR,8.0,18.896013051655853,1.2753674936674866,1.6986276177931117,0.8851996453964679,,1.0
road,1,test,2012-05-07,0.01,RiskFirst,8.0,2.3340103158001377,20.331373630663133,25.359410846790688,9.703072509167011,,1.0
road,1,test,2012-05-07,0.01,TemporalContext2024,8.0,2.3340103158001377,20.331373630663133,25.35941084679069,9.703072509167015,,1.0
road,1,test,2012-05-07,0.01,NetworkPropagation2024,8.0,2.3340103158001377,20.331373630663133,25.359410846790688,9.703072509167015,,1.0
road,1,test,2012-05-07,0.01,CalibratedUncertainty2025,8.0,2.334010315800138,20.331373630663133,25.359410846790688,9.703072509167008,,1.0
road,1,test,2012-05-07,0.01,MappedPTO2026,8.0,2.3340103158001377,20.331373630663133,25.35941084679069,9.703072509167015,,1.0
road,1,test,2012-05-07,0.01,GroupAware2025,8.0,2.334010315800138,20.331373630663133,25.35941084679069,9.703072509167015,,1.0
road,1,test,2012-05-07,0.01,RobustImprovement2025,8.0,2.0766589396723343,20.81184595024855,25.922434945354674,9.84067971105484,,1.0
road,1,test,2012-05-07,0.03,StructuralRobust,25.0,45.08365002892499,40.78312919146667,52.48728590632065,23.041310653205997,0.0,1.0
road,1,test,2012-05-07,0.03,ExpectedActionValue,25.0,38.95798512009892,3.972679321240199,5.336209421814181,2.6799464579258956,,1.0
road,1,test,2012-05-07,0.03,PointwiseWorstAction,25.0,38.95140430496042,3.917326172201811,5.275020459184899,2.6734103467040926,,1.0
road,1,test,2012-05-07,0.03,ScenarioCVaR,25.0,38.95798512009892,3.972679321240199,5.336209421814181,2.6799464579258947,,1.0
road,1,test,2012-05-07,0.03,RiskFirst,25.0,4.305733657962885,40.72977476048847,52.41347503320299,22.999476098199196,,1.0
road,1,test,2012-05-07,0.03,TemporalContext2024,25.0,4.325949727357134,40.44034633062187,52.04455233746011,22.847629247561784,,1.0
road,1,test,2012-05-07,0.03,NetworkPropagation2024,25.0,4.305733657962885,40.729774760488475,52.413475033203,22.99947609819919,,1.0
road,1,test,2012-05-07,0.03,CalibratedUncertainty2025,25.0,4.2242424781592005,40.753205446714134,52.48336466790117,23.10752079313074,,1.0
road,1,test,2012-05-07,0.03,MappedPTO2026,25.0,4.204862705148475,40.78312919146667,52.48728590632065,23.041310653205997,,1.0
road,1,test,2012-05-07,0.03,GroupAware2025,25.0,4.305733657962884,40.72977476048847,52.41347503320299,22.999476098199196,,1.0
road,1,test,2012-05-07,0.03,RobustImprovement2025,25.0,4.204862705148475,40.78312919146667,52.48728590632065,23.041310653205997,,1.0
road,1,test,2012-05-07,0.05,StructuralRobust,41.0,75.79084919282091,49.15958867707346,64.2740776886805,30.084959528462164,0.0,1.0
road,1,test,2012-05-07,0.05,ExpectedActionValue,41.0,50.5359042736684,5.467782764234498,7.314233555815704,3.6715110738918977,,1.0
road,1,test,2012-05-07,0.05,PointwiseWorstAction,41.0,50.53380847008502,5.791292134084975,7.757382831477129,3.9283677839760838,,1.0
road,1,test,2012-05-07,0.05,ScenarioCVaR,41.0,50.51134463686742,5.535706288114422,7.382157079695629,3.671511073891896,,1.0
road,1,test,2012-05-07,0.05,RiskFirst,41.0,7.835269580017922,48.894800281819116,63.91676375553085,29.899521800513483,,1.0
road,1,test,2012-05-07,0.05,TemporalContext2024,41.0,7.713479541192556,49.299824400941,64.42266750727171,30.086807964456874,,1.0
road,1,test,2012-05-07,0.05,NetworkPropagation2024,41.0,7.713479541192555,49.299824400941,64.4226675072717,30.08680796445686,,1.0
road,1,test,2012-05-07,0.05,CalibratedUncertainty2025,41.0,5.694291652308185,49.61925336844526,64.76458117719731,30.10504263327246,,1.0
road,1,test,2012-05-07,0.05,MappedPTO2026,41.0,7.83526958001792,48.89480028181912,63.91676375553085,29.89952180051349,,1.0
road,1,test,2012-05-07,0.05,GroupAware2025,41.0,7.835269580017921,48.894800281819116,63.91676375553085,29.899521800513483,,1.0
road,1,test,2012-05-07,0.05,RobustImprovement2025,41.0,7.783397862077446,49.36904936655875,64.52586483585215,30.15775243029605,,1.0
road,1,test,2012-05-07,0.1,StructuralRobust,83.0,25.417314137276986,64.06111659289166,85.45371304150387,43.14128319432581,0.0,1.0
road,1,test,2012-05-07,0.1,ExpectedActionValue,83.0,71.99551644103217,10.116744000242294,13.639622431183113,7.07918002533482,,1.0
road,1,test,2012-05-07,0.1,PointwiseWorstAction,83.0,72.04105295681008,10.123610614135444,13.609017371481212,7.029372541320793,,1.0
road,1,test,2012-05-07,0.1,ScenarioCVaR,83.0,72.0544212375684,10.130478301888445,13.628831218602562,7.0443173242840125,,1.0
road,1,test,2012-05-07,0.1,RiskFirst,83.0,20.878075681344278,65.0799455790612,86.72322811570764,43.57837706458649,,1.0
road,1,test,2012-05-07,0.1,TemporalContext2024,83.0,20.24506594384475,63.44391259699566,84.5329458388428,42.47560477039369,,1.0
road,1,test,2012-05-07,0.1,NetworkPropagation2024,83.0,20.39930580622208,64.62450561785535,86.17488532355465,43.43354336441031,,1.0
road,1,test,2012-05-07,0.1,CalibratedUncertainty2025,83.0,18.592010772163444,63.22455359789308,84.20017558045029,42.28436332500878,,1.0
road,1,test,2012-05-07,0.1,MappedPTO2026,83.0,20.451967600075303,64.82269619502684,86.47575190635767,43.636411718401604,,1.0
road,1,test,2012-05-07,0.1,GroupAware2025,83.0,21.143240282434643,65.26921784999473,87.02692501173058,43.80360381442526,,1.0
road,1,test,2012-05-07,0.1,RobustImprovement2025,83.0,19.002211667918317,64.06111659289166,85.45371304150387,43.14128319432581,,1.0
road,1,test,2012-05-07,0.2,StructuralRobust,166.0,63.991670596538356,84.14000748807415,114.0408752696035,60.65117734589926,0.0,1.0
road,1,test,2012-05-07,0.2,ExpectedActionValue,166.0,98.60633604348578,32.34560042337399,42.386612434103824,19.972182686735202,,1.0
road,1,test,2012-05-07,0.2,PointwiseWorstAction,166.0,98.70398254664458,37.20821400470869,48.210650020011734,21.77679797942622,,1.0
road,1,test,2012-05-07,0.2,ScenarioCVaR,166.0,98.69106493584307,37.13823868590888,48.11775521733711,21.73212932751092,,1.0
road,1,test,2012-05-07,0.2,RiskFirst,166.0,37.540152935838506,84.90224931528483,115.295967068146,61.53994497922976,,1.0
road,1,test,2012-05-07,0.2,TemporalContext2024,166.0,35.029362848530376,84.07881854077716,113.96137978143176,60.33534247135451,,1.0
road,1,test,2012-05-07,0.2,NetworkPropagation2024,166.0,34.70771151763549,84.45244281262111,114.60625487571659,61.12938404266268,,1.0
road,1,test,2012-05-07,0.2,CalibratedUncertainty2025,166.0,33.45124857257599,83.58573277064006,113.20364413775646,60.057749104400486,,1.0
road,1,test,2012-05-07,0.2,MappedPTO2026,166.0,37.6704302938563,84.89593400987305,115.30518123478137,61.57181743873362,,1.0
road,1,test,2012-05-07,0.2,GroupAware2025,166.0,35.993691774245164,84.60895354288954,114.80798644327186,61.166908910239755,,1.0
road,1,test,2012-05-07,0.2,RobustImprovement2025,166.0,37.24160982527846,85.31654606898542,116.01947658824267,62.25857496397782,,1.0
road,1,test,2012-05-08,0.01,StructuralRobust,8.0,22.79154451675461,25.31319519474348,31.039563102022445,10.941812752458503,0.0,1.0
road,1,test,2012-05-08,0.01,ExpectedActionValue,8.0,21.925977359390433,3.1095870469605273,4.204311752977367,2.194883372007733,,1.0
road,1,test,2012-05-08,0.01,PointwiseWorstAction,8.0,21.925977359390433,3.1095870469605273,4.204311752977367,2.194883372007733,,1.0
road,1,test,2012-05-08,0.01,ScenarioCVaR,8.0,21.925977359390433,3.1095870469605273,4.204311752977367,2.194883372007733,,1.0
road,1,test,2012-05-08,0.01,RiskFirst,8.0,2.8412062344629,24.33321303270292,29.984158645431865,10.824052776642258,,1.0
road,1,test,2012-05-08,0.01,TemporalContext2024,8.0,2.8412062344629,24.33321303270292,29.984158645431865,10.824052776642258,,1.0
road,1,test,2012-05-08,0.01,NetworkPropagation2024,8.0,2.8412062344629,24.33321303270292,29.984158645431865,10.824052776642258,,1.0
road,1,test,2012-05-08,0.01,CalibratedUncertainty2025,8.0,2.8412062344628994,24.33321303270292,29.984158645431865,10.824052776642258,,1.0
road,1,test,2012-05-08,0.01,MappedPTO2026,8.0,2.863617443667348,25.31319519474348,31.039563102022445,10.941812752458503,,1.0
road,1,test,2012-05-08,0.01,GroupAware2025,8.0,2.8412062344629,24.333213032702915,29.984158645431865,10.824052776642262,,1.0
road,1,test,2012-05-08,0.01,RobustImprovement2025,8.0,2.490252186654503,22.851801101476966,28.128821227229974,10.11579134325303,,1.0
road,1,test,2012-05-08,0.03,StructuralRobust,25.0,48.28621555390469,51.154984539862674,64.69638411340887,26.40959817307948,0.0,1.0
road,1,test,2012-05-08,0.03,ExpectedActionValue,25.0,47.92261173217335,6.217440764097717,8.545146559703127,4.582779669529095,,1.0
road,1,test,2012-05-08,0.03,PointwiseWorstAction,25.0,47.948173241154464,6.609290241440341,9.07750011235161,4.900417327161799,,1.0
road,1,test,2012-05-08,0.03,ScenarioCVaR,25.0,47.94817324115446,6.609290241440341,9.07750011235161,4.900417327161799,,1.0
road,1,test,2012-05-08,0.03,RiskFirst,25.0,5.199488854746431,51.154984539862674,64.69638411340887,26.409598173079466,,1.0
road,1,test,2012-05-08,0.03,TemporalContext2024,25.0,5.195989918610447,50.5108878739693,63.923233763188314,26.17715626223211,,1.0
road,1,test,2012-05-08,0.03,NetworkPropagation2024,25.0,5.280102815154057,51.40601828058307,65.06463581055888,26.64702870663423,,1.0
road,1,test,2012-05-08,0.03,CalibratedUncertainty2025,25.0,5.236904719020101,51.74782832531989,65.44120057882044,26.695898734821697,,1.0
road,1,test,2012-05-08,0.03,MappedPTO2026,25.0,5.199488854746431,51.154984539862674,64.69638411340887,26.40959817307948,,1.0
road,1,test,2012-05-08,0.03,GroupAware2025,25.0,5.166440088205842,51.1697416198317,64.76769086782589,26.539063184649706,,1.0
road,1,test,2012-05-08,0.03,RobustImprovement2025,25.0,5.24082355072813,51.09874657906235,64.64200257940378,26.411862976224,,1.0
road,1,test,2012-05-08,0.05,StructuralRobust,41.0,88.78907199105677,65.21965538996928,83.74862891810858,36.522298444770456,0.0,1.0
road,1,test,2012-05-08,0.05,ExpectedActionValue,41.0,64.01149906980756,9.317944473680274,12.65203224306625,6.573473249940692,,1.0
road,1,test,2012-05-08,0.05,PointwiseWorstAction,41.0,64.02446032534444,13.972498334259011,18.289306290652746,8.429186444017073,,1.0
road,1,test,2012-05-08,0.05,ScenarioCVaR,41.0,64.01149906980756,9.317944473680274,12.652032243066255,6.573473249940692,,1.0
road,1,test,2012-05-08,0.05,RiskFirst,41.0,8.916838980705357,64.66119293395323,83.08000383943669,36.33619115824655,,1.0
road,1,test,2012-05-08,0.05,TemporalContext2024,41.0,8.241154564903372,64.93930195516144,83.40637089977074,36.41222470426976,,1.0
road,1,test,2012-05-08,0.05,NetworkPropagation2024,41.0,8.938808088407669,64.63430386529893,83.05679789041186,36.3519035216551,,1.0
road,1,test,2012-05-08,0.05,CalibratedUncertainty2025,41.0,8.526809667015971,65.97094974209388,84.67018904877851,36.84123613925054,,1.0
road,1,test,2012-05-08,0.05,MappedPTO2026,41.0,8.450148600345603,64.68508282152226,83.08970500446924,36.29905498637754,,1.0
road,1,test,2012-05-08,0.05,GroupAware2025,41.0,9.554779390718068,65.06047197089316,83.59924086545298,36.5654107788618,,1.0
road,1,test,2012-05-08,0.05,RobustImprovement2025,41.0,8.803522292982844,65.20022374616079,83.73605182973544,36.53522285867909,,1.0
road,1,test,2012-05-08,0.1,StructuralRobust,83.0,31.068763408470904,90.60561619796123,118.89005996412905,56.54923068256194,0.0,1.0
road,1,test,2012-05-08,0.1,ExpectedActionValue,83.0,90.9127996757823,25.83936512630023,33.84298880372647,15.89151584451907,,1.0
road,1,test,2012-05-08,0.1,PointwiseWorstAction,83.0,91.0312790714404,26.040189027350802,34.117402788011866,16.078150471556715,,1.0
road,1,test,2012-05-08,0.1,ScenarioCVaR,83.0,91.03902580226001,25.506897688050916,33.37234670755175,15.642400904966696,,1.0
road,1,test,2012-05-08,0.1,RiskFirst,83.0,25.555603067463863,93.45498186805484,122.63909272534468,58.32195477099221,,1.0
road,1,test,2012-05-08,0.1,TemporalContext2024,83.0,17.5775759974647,88.19297295170904,115.7548547428324,55.132290874219905,,1.0
road,1,test,2012-05-08,0.1,NetworkPropagation2024,83.0,22.640028318494796,88.74384987856874,116.48275730141634,55.47826690797896,,1.0
road,1,test,2012-05-08,0.1,CalibratedUncertainty2025,83.0,16.972688926300993,91.89663786084911,120.529588072946,57.23155066014975,,1.0
road,1,test,2012-05-08,0.1,MappedPTO2026,83.0,21.58222770060697,93.31628504471414,122.46807579829202,58.264463604603975,,1.0
road,1,test,2012-05-08,0.1,GroupAware2025,83.0,24.048598471364897,93.47941952196886,122.6502484586636,58.286337383581966,,1.0
road,1,test,2012-05-08,0.1,RobustImprovement2025,83.0,25.557379152297283,90.60561619796123,118.89005996412905,56.54923068256194,,1.0
road,1,test,2012-05-08,0.2,StructuralRobust,166.0,77.82692593905409,124.8236496861077,166.94468328475563,85.05013925446997,0.0,1.0
road,1,test,2012-05-08,0.2,ExpectedActionValue,166.0,121.21307853641295,51.67086208518426,67.15058806455075,30.70523221638411,,1.0
road,1,test,2012-05-08,0.2,PointwiseWorstAction,166.0,121.19033888060686,51.978816722815075,67.60785856488603,30.98565263289934,,1.0
road,1,test,2012-05-08,0.2,ScenarioCVaR,166.0,121.2177320146676,51.576572574338094,67.03038141104726,30.607693002656198,,1.0
road,1,test,2012-05-08,0.2,RiskFirst,166.0,42.23196858911848,124.48097302645772,166.6280167551704,85.22294914207782,,1.0
road,1,test,2012-05-08,0.2,TemporalContext2024,166.0,41.26906910580739,123.06650141179962,164.53606665190804,83.73239096699281,,1.0
road,1,test,2012-05-08,0.2,NetworkPropagation2024,166.0,43.58884250656175,123.08805633417695,164.5790750177502,83.93459424689799,,1.0
road,1,test,2012-05-08,0.2,CalibratedUncertainty2025,166.0,42.37402097973164,122.55771721487856,163.72976759940846,83.14893518939074,,1.0
road,1,test,2012-05-08,0.2,MappedPTO2026,166.0,42.90703556232754,124.82856947730647,167.0547697951922,85.40567505599958,,1.0
road,1,test,2012-05-08,0.2,GroupAware2025,166.0,44.58620106768987,124.20987609935045,166.17353151640208,84.76787258393153,,1.0
road,1,test,2012-05-08,0.2,RobustImprovement2025,166.0,44.81202323099192,123.79606187848032,165.6938446267327,84.6667299789145,,1.0
road,1,test,2012-05-09,0.01,StructuralRobust,8.0,22.492420837120516,21.914237095028405,27.186612860294478,10.11714899175572,0.0,1.0
road,1,test,2012-05-09,0.01,ExpectedActionValue,8.0,18.853391071119095,2.5182558560476305,3.4568777362678422,1.8486910370642522,,1.0
road,1,test,2012-05-09,0.01,PointwiseWorstAction,8.0,18.853391071119095,2.5182558560476305,3.4568777362678422,1.8486910370642522,,1.0
road,1,test,2012-05-09,0.01,ScenarioCVaR,8.0,18.83372029782694,2.0584998511899504,2.7920584615282036,1.4188193983516801,,1.0
road,1,test,2012-05-09,0.01,RiskFirst,8.0,4.429940012956303,21.914237095028405,27.186612860294478,10.11714899175572,,1.0
road,1,test,2012-05-09,0.01,TemporalContext2024,8.0,4.429940012956303,21.914237095028408,27.18661286029448,10.117148991755716,,1.0
road,1,test,2012-05-09,0.01,NetworkPropagation2024,8.0,4.429940012956303,21.914237095028405,27.186612860294474,10.117148991755712,,1.0
road,1,test,2012-05-09,0.01,CalibratedUncertainty2025,8.0,4.429940012956303,21.914237095028405,27.186612860294478,10.11714899175572,,1.0
road,1,test,2012-05-09,0.01,MappedPTO2026,8.0,4.429940012956303,21.914237095028405,27.186612860294478,10.11714899175572,,1.0
road,1,test,2012-05-09,0.01,GroupAware2025,8.0,4.429940012956303,21.914237095028405,27.186612860294478,10.11714899175572,,1.0
road,1,test,2012-05-09,0.01,RobustImprovement2025,8.0,4.429940012956303,21.914237095028408,27.18661286029448,10.117148991755723,,1.0
road,1,test,2012-05-09,0.03,StructuralRobust,25.0,44.29338106900083,40.69397743154661,52.14410776906164,22.484754636297694,0.0,1.0
road,1,test,2012-05-09,0.03,ExpectedActionValue,25.0,44.63306241986298,8.652021759918803,11.373877747345693,5.331520948283007,,1.0
road,1,test,2012-05-09,0.03,PointwiseWorstAction,25.0,44.63306241986297,8.652021759918803,11.373877747345693,5.3315209482830035,,1.0
road,1,test,2012-05-09,0.03,ScenarioCVaR,25.0,44.63306241986297,8.652021759918803,11.373877747345693,5.3315209482830035,,1.0
road,1,test,2012-05-09,0.03,RiskFirst,25.0,7.006666424730899,41.3072015398252,52.71890860259464,22.35626886302466,,1.0
road,1,test,2012-05-09,0.03,TemporalContext2024,25.0,6.8705646395967745,42.109303601641656,53.760644986334036,22.820799479255953,,1.0
road,1,test,2012-05-09,0.03,NetworkPropagation2024,25.0,6.901834097102165,42.048284663656226,53.712343222783225,22.861051842236186,,1.0
road,1,test,2012-05-09,0.03,CalibratedUncertainty2025,25.0,7.197826680051809,40.719258520075336,51.96835602748367,22.045064422633516,,1.0
road,1,test,2012-05-09,0.03,MappedPTO2026,25.0,6.734128883894993,40.69397743154661,52.14410776906164,22.484754636297694,,1.0
road,1,test,2012-05-09,0.03,GroupAware2025,25.0,6.892825209954118,41.643628624572315,53.150431204280736,22.53957866304424,,1.0
road,1,test,2012-05-09,0.03,RobustImprovement2025,25.0,6.660677078579152,41.92896268547845,53.490762929172774,22.631616903687757,,1.0
road,1,test,2012-05-09,0.05,StructuralRobust,41.0,79.71623556859298,53.25635237425187,69.08078906692327,31.355042617004905,0.0,1.0
road,1,test,2012-05-09,0.05,ExpectedActionValue,41.0,61.08284596521409,10.125688048523394,13.337567603196545,6.255782221782368,,1.0
road,1,test,2012-05-09,0.05,PointwiseWorstAction,41.0,61.082845965214084,10.125688048523394,13.337567603196545,6.255782221782365,,1.0
road,1,test,2012-05-09,0.05,ScenarioCVaR,41.0,61.082845965214084,10.125688048523394,13.337567603196545,6.255782221782365,,1.0
road,1,test,2012-05-09,0.05,RiskFirst,41.0,10.30555367616862,53.236247893765736,69.06706980455057,31.37443235486495,,1.0
road,1,test,2012-05-09,0.05,TemporalContext2024,41.0,9.6576564473664,53.45162045516257,69.34463959448287,31.490525686810628,,1.0
road,1,test,2012-05-09,0.05,NetworkPropagation2024,41.0,10.281730798105864,53.63179804588141,69.56585087625243,31.567261063374332,,1.0
road,1,test,2012-05-09,0.05,CalibratedUncertainty2025,41.0,10.36621172125696,53.956135151472736,69.94466008375888,31.65887836990187,,1.0
road,1,test,2012-05-09,0.05,MappedPTO2026,41.0,10.354208257039417,52.33608287509847,67.95255414463534,30.975063787056357,,1.0
road,1,test,2012-05-09,0.05,GroupAware2025,41.0,8.430216502157855,52.938363447001876,68.65626324855427,31.145318603062634,,1.0
road,1,test,2012-05-09,0.05,RobustImprovement2025,41.0,10.303966906098943,52.212466311590724,67.71945057193372,30.72894188308863,,1.0
road,1,test,2012-05-09,0.1,StructuralRobust,83.0,28.604438413223406,75.40600826792127,100.0851881893412,49.6775844940678,0.0,1.0
road,1,test,2012-05-09,0.1,ExpectedActionValue,83.0,88.82300631306872,20.495551490054304,26.544640159608985,11.872744890734637,,1.0
road,1,test,2012-05-09,0.1,PointwiseWorstAction,83.0,88.95852782842869,20.738129229459453,26.800211057191603,11.867338395574691,,1.0
road,1,test,2012-05-09,0.1,ScenarioCVaR,83.0,88.95779251909441,20.258616394402505,26.180320226887734,11.598037375354846,,1.0
road,1,test,2012-05-09,0.1,RiskFirst,83.0,19.125279421772877,74.38033594556892,98.89799761404257,49.43217196371343,,1.0
road,1,test,2012-05-09,0.1,TemporalContext2024,83.0,18.691582010405856,74.46487499186661,98.88484528773334,49.139955764947814,,1.0
road,1,test,2012-05-09,0.1,NetworkPropagation2024,83.0,18.622656865745565,74.94450347630755,99.55808714626205,49.59706451878425,,1.0
road,1,test,2012-05-09,0.1,CalibratedUncertainty2025,83.0,18.152310973974775,74.57706249689838,98.96274457374435,49.06640079555535,,1.0
road,1,test,2012-05-09,0.1,MappedPTO2026,83.0,19.11064473935857,73.96255619015872,98.33608755412214,49.145368379095856,,1.0
road,1,test,2012-05-09,0.1,GroupAware2025,83.0,24.04034967846574,73.85919222129641,98.06152049976644,48.736767149664985,,1.0
road,1,test,2012-05-09,0.1,RobustImprovement2025,83.0,24.00908357354661,75.40600826792127,100.0851881893412,49.6775844940678,,1.0
road,1,test,2012-05-09,0.2,StructuralRobust,166.0,71.62950106704551,102.44445077240489,138.60410962858816,73.40470551330311,0.0,1.0
road,1,test,2012-05-09,0.2,ExpectedActionValue,166.0,121.04927215572438,42.14085291011072,54.83717038046406,25.112883141982692,,1.0
road,1,test,2012-05-09,0.2,PointwiseWorstAction,166.0,121.08310440165731,42.20273140064159,54.87666499833133,25.047666463475814,,1.0
road,1,test,2012-05-09,0.2,ScenarioCVaR,166.0,121.08310481878297,42.57102854223828,55.48871645918882,25.5578796342336,,1.0
road,1,test,2012-05-09,0.2,RiskFirst,166.0,46.44748892861289,103.23041302146362,139.94377461430267,74.55501360626394,,1.0
road,1,test,2012-05-09,0.2,TemporalContext2024,166.0,42.19314698493415,102.45273842823445,138.57455073053214,73.14237654251932,,1.0
road,1,test,2012-05-09,0.2,NetworkPropagation2024,166.0,43.631958021536754,103.19286375924676,139.85148598845078,74.47926602860394,,1.0
road,1,test,2012-05-09,0.2,CalibratedUncertainty2025,166.0,42.79015094853782,102.23554534769109,138.27063270657476,73.03969986840671,,1.0
road,1,test,2012-05-09,0.2,MappedPTO2026,166.0,46.454726991599955,103.01269434333868,139.64129306003764,74.38284758806039,,1.0
road,1,test,2012-05-09,0.2,GroupAware2025,166.0,46.6079353797919,102.61694816094592,138.97239730256365,73.77499365010061,,1.0
road,1,test,2012-05-09,0.2,RobustImprovement2025,166.0,47.04078984023471,102.5223297441914,138.95178007423675,73.9768982585566,,1.0
road,2,set_cal,2012-04-26,0.01,StructuralRobust,8.0,6.7105544120072285,22.21767485067641,27.77402745219078,10.697384672764876,0.0,1.0
road,2,set_cal,2012-04-26,0.01,ExpectedActionValue,8.0,16.688832048754477,1.0458856492524058,1.427054847208757,0.7368731494343088,,1.0
road,2,set_cal,2012-04-26,0.01,PointwiseWorstAction,8.0,16.688832048754477,1.0458856492524058,1.427054847208757,0.7368731494343088,,1.0
road,2,set_cal,2012-04-26,0.01,ScenarioCVaR,8.0,16.688832048754477,1.0458856492524058,1.427054847208757,0.7368731494343088,,1.0
road,2,set_cal,2012-04-26,0.01,RiskFirst,8.0,2.1068087602334886,24.194970715422603,30.008863102755033,11.145302250990273,,1.0
road,2,set_cal,2012-04-26,0.01,TemporalContext2024,8.0,2.0078449919995442,23.69543597419307,29.584123710342208,11.327309827341313,,1.0
road,2,set_cal,2012-04-26,0.01,NetworkPropagation2024,8.0,2.4259799876134007,22.47188502149624,28.077105076201953,10.787694699059934,,1.0
road,2,set_cal,2012-04-26,0.01,CalibratedUncertainty2025,8.0,1.8819681914660165,20.640221866286236,25.817876557616803,9.985338807030178,,1.0
road,2,set_cal,2012-04-26,0.01,MappedPTO2026,8.0,1.9859892179544871,22.79634293328282,28.470774658998984,10.917637011291443,,1.0
road,2,set_cal,2012-04-26,0.01,GroupAware2025,8.0,2.1068087602334886,24.194970715422603,30.008863102755033,11.145302250990273,,1.0
road,2,set_cal,2012-04-26,0.01,RobustImprovement2025,8.0,2.286811360236925,21.508635882559933,26.875970304703685,10.330969932195561,,1.0
road,2,set_cal,2012-04-26,0.03,StructuralRobust,25.0,47.77818916334265,51.70733939786848,65.34653853833188,26.509935118947396,0.0,1.0
road,2,set_cal,2012-04-26,0.03,ExpectedActionValue,25.0,35.64022134829627,6.442641055609354,8.179008308905384,3.406611189696621,,1.0
road,2,set_cal,2012-04-26,0.03,PointwiseWorstAction,25.0,35.74512476289075,8.290364882417919,10.683375582031474,4.728097586297768,,1.0
road,2,set_cal,2012-04-26,0.03,ScenarioCVaR,25.0,35.732721643778554,8.256271132440734,10.64928183205429,4.728097586297768,,1.0
road,2,set_cal,2012-04-26,0.03,RiskFirst,25.0,4.118062465770719,56.01246301160869,70.41607568857108,27.910381240022218,,1.0
road,2,set_cal,2012-04-26,0.03,TemporalContext2024,25.0,5.0659224202872215,49.54058820014953,62.753654315331296,25.73803052987533,,1.0
road,2,set_cal,2012-04-26,0.03,NetworkPropagation2024,25.0,4.972285519318977,51.74797209767798,65.46244767962858,26.669484542659426,,1.0
road,2,set_cal,2012-04-26,0.03,CalibratedUncertainty2025,25.0,6.001626723870339,47.49571817314786,60.10227847442189,24.567179890940913,,1.0
road,2,set_cal,2012-04-26,0.03,MappedPTO2026,25.0,4.095139348304162,51.70733939786848,65.34653853833188,26.509935118947396,,1.0
road,2,set_cal,2012-04-26,0.03,GroupAware2025,25.0,4.481685747046739,54.02120936067495,67.89203702325004,26.87321408724231,,1.0
road,2,set_cal,2012-04-26,0.03,RobustImprovement2025,25.0,5.711011117055008,50.74554676450617,64.35841811309746,26.52934584741473,,1.0
road,2,set_cal,2012-04-26,0.05,StructuralRobust,41.0,75.1749920349963,73.60148728951087,93.55660181366746,39.01559993475928,0.0,1.0
road,2,set_cal,2012-04-26,0.05,ExpectedActionValue,41.0,47.84469036785439,12.936418013859159,16.80211970521147,7.667499599513695,,1.0
road,2,set_cal,2012-04-26,0.05,PointwiseWorstAction,41.0,47.89149510597799,13.328384658479498,17.36042579317318,8.037195109979935,,1.0
road,2,set_cal,2012-04-26,0.05,ScenarioCVaR,41.0,47.918464533812475,12.811825855361814,16.62540214448195,7.5804591109856005,,1.0
road,2,set_cal,2012-04-26,0.05,RiskFirst,41.0,8.167726894484119,73.15014348545799,92.94694528080196,38.69776867239763,,1.0
road,2,set_cal,2012-04-26,0.05,TemporalContext2024,41.0,8.10720047657326,70.78771681139013,90.23464150792019,38.10230279928875,,1.0
road,2,set_cal,2012-04-26,0.05,NetworkPropagation2024,41.0,8.490227691985428,73.59216256037912,93.549758901783,39.02241497615924,,1.0
road,2,set_cal,2012-04-26,0.05,CalibratedUncertainty2025,41.0,8.879267115361738,70.95758270805874,90.37131483852717,37.96359298210476,,1.0
road,2,set_cal,2012-04-26,0.05,MappedPTO2026,41.0,8.109942459120065,70.9706068285403,90.34095612388658,37.86353913739973,,1.0
road,2,set_cal,2012-04-26,0.05,GroupAware2025,41.0,8.1755201015604,72.71589421539801,92.3475840129184,38.36020599494084,,1.0
road,2,set_cal,2012-04-26,0.05,RobustImprovement2025,41.0,8.876708610461703,70.81535534429067,90.24691959818236,38.06010323260399,,1.0
road,2,set_cal,2012-04-26,0.1,StructuralRobust,83.0,39.90645240312061,113.613128223247,146.85892943485752,65.66857337775502,0.0,1.0
road,2,set_cal,2012-04-26,0.1,ExpectedActionValue,83.0,71.89518420295555,32.61189970888103,42.96847215249038,20.671489891616673,,1.0
road,2,set_cal,2012-04-26,0.1,PointwiseWorstAction,83.0,71.9201540862049,34.72427775931879,45.6791771032886,21.834130408631573,,1.0
road,2,set_cal,2012-04-26,0.1,ScenarioCVaR,83.0,71.9201540862049,34.7242777593188,45.6791771032886,21.83413040863156,,1.0
road,2,set_cal,2012-04-26,0.1,RiskFirst,83.0,16.943488101676806,113.29164361029096,146.4770238217688,65.57328285860233,,1.0
road,2,set_cal,2012-04-26,0.1,TemporalContext2024,83.0,17.405491715766505,111.44235224109417,144.5568119379509,65.54035946797063,,1.0
road,2,set_cal,2012-04-26,0.1,NetworkPropagation2024,83.0,17.062940888301892,110.18541636569633,143.02071315676432,65.02788286817166,,1.0
road,2,set_cal,2012-04-26,0.1,CalibratedUncertainty2025,83.0,17.371811543299714,113.69356549525018,147.31109305312913,66.49092220547244,,1.0
road,2,set_cal,2012-04-26,0.1,MappedPTO2026,83.0,16.59750603735258,114.17793466619592,147.61377067864626,66.09772235135416,,1.0
road,2,set_cal,2012-04-26,0.1,GroupAware2025,83.0,17.27865087522154,114.88190213406536,148.358090146798,66.0826110566734,,1.0
road,2,set_cal,2012-04-26,0.1,RobustImprovement2025,83.0,17.566203834899607,113.613128223247,146.85892943485752,65.66857337775502,,1.0
road,2,set_cal,2012-04-26,0.2,StructuralRobust,166.0,91.31857148463675,174.53491848589906,229.7838504141943,110.39638978969728,0.0,1.0
road,2,set_cal,2012-04-26,0.2,ExpectedActionValue,166.0,101.54712319224474,65.58887832705676,86.75458445698317,42.265729003381864,,1.0
road,2,set_cal,2012-04-26,0.2,PointwiseWorstAction,166.0,101.5765968601854,66.19672841354134,87.59834001900377,42.7817526406468,,1.0
road,2,set_cal,2012-04-26,0.2,ScenarioCVaR,166.0,101.55100651531562,63.02516722548602,83.51795328291897,40.9661072124477,,1.0
road,2,set_cal,2012-04-26,0.2,RiskFirst,166.0,32.70222115010036,174.24800433874447,229.5767486954017,110.68269225105911,,1.0
road,2,set_cal,2012-04-26,0.2,TemporalContext2024,166.0,32.63619895456191,174.0048976804914,229.2216724800917,110.4579068783932,,1.0
road,2,set_cal,2012-04-26,0.2,NetworkPropagation2024,166.0,32.95706191380118,173.38123011814557,228.4107896638321,110.09440975833965,,1.0
road,2,set_cal,2012-04-26,0.2,CalibratedUncertainty2025,166.0,31.45247538802748,173.73951917254917,228.85071503099059,110.21490428899452,,1.0
road,2,set_cal,2012-04-26,0.2,MappedPTO2026,166.0,32.80375938897249,173.99623253105815,229.232374622513,110.49484689039176,,1.0
road,2,set_cal,2012-04-26,0.2,GroupAware2025,166.0,33.15295831881925,174.4261145899071,229.7302753754916,110.6048837889941,,1.0
road,2,set_cal,2012-04-26,0.2,RobustImprovement2025,166.0,33.071254549342314,173.48179037502672,228.5805747978528,110.23445229927324,,1.0
road,2,set_cal,2012-04-27,0.01,StructuralRobust,8.0,5.24115115794605,12.878665040062176,16.678106161066722,7.489858964163675,0.0,1.0
road,2,set_cal,2012-04-27,0.01,ExpectedActionValue,8.0,14.9926407286181,0.7099913330457619,1.0269064305354554,0.6759244821429031,,1.0
road,2,set_cal,2012-04-27,0.01,PointwiseWorstAction,8.0,14.9926407286181,0.7099913330457619,1.0269064305354554,0.6759244821429031,,1.0
road,2,set_cal,2012-04-27,0.01,ScenarioCVaR,8.0,14.9926407286181,0.7099913330457619,1.0269064305354554,0.6759244821429031,,1.0
road,2,set_cal,2012-04-27,0.01,RiskFirst,8.0,2.141585757612685,12.080265593295811,15.614613162051077,6.962964819432129,,1.0
road,2,set_cal,2012-04-27,0.01,TemporalContext2024,8.0,2.141585757612685,12.080265593295811,15.614613162051077,6.962964819432129,,1.0
road,2,set_cal,2012-04-27,0.01,NetworkPropagation2024,8.0,1.956295121796669,12.019002165623194,15.546747492403401,6.958556653253586,,1.0
road,2,set_cal,2012-04-27,0.01,CalibratedUncertainty2025,8.0,2.7100061012289873,11.434343132230685,14.822248563115869,6.698920338736768,,1.0
road,2,set_cal,2012-04-27,0.01,MappedPTO2026,8.0,2.3008718810364956,12.024820969781464,15.547426054328662,6.941114836503909,,1.0
road,2,set_cal,2012-04-27,0.01,GroupAware2025,8.0,2.141585757612685,12.080265593295811,15.614613162051077,6.962964819432129,,1.0
road,2,set_cal,2012-04-27,0.01,RobustImprovement2025,8.0,2.722074067392258,11.81213559082068,15.278540327788035,6.834024214804213,,1.0
road,2,set_cal,2012-04-27,0.03,StructuralRobust,25.0,31.229085733810468,25.530987771934235,33.847704480834366,16.63105914482017,0.0,1.0
road,2,set_cal,2012-04-27,0.03,ExpectedActionValue,25.0,30.041635747471567,2.8382664192326184,3.8990303765353156,2.151552153512826,,1.0
road,2,set_cal,2012-04-27,0.03,PointwiseWorstAction,25.0,30.045766510608953,3.1272249223925246,4.322531277416786,2.435553367340454,,1.0
road,2,set_cal,2012-04-27,0.03,ScenarioCVaR,25.0,30.041635747471567,2.838266419232618,3.8990303765353156,2.1515521535128266,,1.0
road,2,set_cal,2012-04-27,0.03,RiskFirst,25.0,5.494424524368551,26.236061619812542,34.767710345627776,17.04813878649364,,1.0
road,2,set_cal,2012-04-27,0.03,TemporalContext2024,25.0,5.469976936358813,25.7626519258166,34.19932756682147,16.88026723707192,,1.0
road,2,set_cal,2012-04-27,0.03,NetworkPropagation2024,25.0,5.547918361920271,26.136334545535437,34.67483441421184,17.074174846851246,,1.0
road,2,set_cal,2012-04-27,0.03,CalibratedUncertainty2025,25.0,6.581237011568385,24.34137986426685,32.275001623564606,15.875997033922662,,1.0
road,2,set_cal,2012-04-27,0.03,MappedPTO2026,25.0,5.946814047227486,25.530987771934235,33.847704480834366,16.63105914482017,,1.0
road,2,set_cal,2012-04-27,0.03,GroupAware2025,25.0,5.494424524368551,26.236061619812542,34.767710345627776,17.04813878649364,,1.0
road,2,set_cal,2012-04-27,0.03,RobustImprovement2025,25.0,5.307873282089411,26.452698745265234,35.07112943040628,17.222798615917196,,1.0
road,2,set_cal,2012-04-27,0.05,StructuralRobust,41.0,45.23007416206683,34.746215128142914,46.612838053985854,23.9278615092721,0.0,1.0
road,2,set_cal,2012-04-27,0.05,ExpectedActionValue,41.0,40.26901020767328,10.930122774671311,14.454131754241091,7.051793787684453,,1.0
road,2,set_cal,2012-04-27,0.05,PointwiseWorstAction,41.0,40.27245498319796,7.727647502505516,10.43577651861109,5.481874715796444,,1.0
road,2,set_cal,2012-04-27,0.05,ScenarioCVaR,41.0,40.26901020767328,10.93012277467131,14.454131754241093,7.0517937876844545,,1.0
road,2,set_cal,2012-04-27,0.05,RiskFirst,41.0,9.227393098637684,34.072699786307574,45.71977399896281,23.457938013314845,,1.0
road,2,set_cal,2012-04-27,0.05,TemporalContext2024,41.0,8.609286397784624,34.284136979373024,45.99761147110869,23.58714357559169,,1.0
road,2,set_cal,2012-04-27,0.05,NetworkPropagation2024,41.0,8.680593813458005,34.97116314083977,46.919982212815675,24.093790475116947,,1.0
road,2,set_cal,2012-04-27,0.05,CalibratedUncertainty2025,41.0,8.860366541193564,34.10074154828856,45.80115975712646,23.61589953556642,,1.0
road,2,set_cal,2012-04-27,0.05,MappedPTO2026,41.0,9.08650984692732,34.41681370792796,46.18734974755938,23.74165003749819,,1.0
road,2,set_cal,2012-04-27,0.05,GroupAware2025,41.0,9.08650984692732,34.41681370792796,46.187349747559395,23.74165003749819,,1.0
road,2,set_cal,2012-04-27,0.05,RobustImprovement2025,41.0,9.466773276872695,34.73332799092128,46.65946163006623,24.071226162623297,,1.0
road,2,set_cal,2012-04-27,0.1,StructuralRobust,83.0,19.0494848110372,50.74538329038368,69.50136194058035,38.15581258080247,0.0,1.0
road,2,set_cal,2012-04-27,0.1,ExpectedActionValue,83.0,58.56064306949366,15.130819811845408,19.91164425716564,9.534747791622559,,1.0
road,2,set_cal,2012-04-27,0.1,PointwiseWorstAction,83.0,58.60458152320374,15.129339087146553,19.910163532466793,9.534747791622562,,1.0
road,2,set_cal,2012-04-27,0.1,ScenarioCVaR,83.0,58.60458152320373,15.129339087146553,19.910163532466793,9.534747791622562,,1.0
road,2,set_cal,2012-04-27,0.1,RiskFirst,83.0,14.104037860433419,52.17548940066493,71.40677637471553,39.112349762378315,,1.0
road,2,set_cal,2012-04-27,0.1,TemporalContext2024,83.0,13.833233648995044,51.64733146952947,70.55941847035024,38.312013942788376,,1.0
road,2,set_cal,2012-04-27,0.1,NetworkPropagation2024,83.0,14.057773018208527,52.92740345436595,72.34483742661523,39.444985353700154,,1.0
road,2,set_cal,2012-04-27,0.1,CalibratedUncertainty2025,83.0,14.30885264465629,51.35046620084552,70.1277163640702,38.04808740098406,,1.0
road,2,set_cal,2012-04-27,0.1,MappedPTO2026,83.0,14.04829532061256,51.65049601065327,70.7232884157681,38.80570256879261,,1.0
road,2,set_cal,2012-04-27,0.1,GroupAware2025,83.0,14.37232034278721,51.964520350127614,70.94472201835579,38.546542922070174,,1.0
road,2,set_cal,2012-04-27,0.1,RobustImprovement2025,83.0,14.548635966566014,50.74538329038368,69.50136194058035,38.15581258080247,,1.0
road,2,set_cal,2012-04-27,0.2,StructuralRobust,166.0,37.875918069683514,72.73922500090531,100.37476428902342,56.29514958246132,0.0,1.0
road,2,set_cal,2012-04-27,0.2,ExpectedActionValue,166.0,80.5129030084516,30.749176575679897,40.54203638765286,19.539610138775245,,1.0
road,2,set_cal,2012-04-27,0.2,PointwiseWorstAction,166.0,80.60872646420297,31.417319690357065,41.5407423330491,20.23302727765329,,1.0
road,2,set_cal,2012-04-27,0.2,ScenarioCVaR,166.0,80.59248739470122,31.383183307602494,41.50660595029454,20.233027277653285,,1.0
road,2,set_cal,2012-04-27,0.2,RiskFirst,166.0,29.70911703628299,72.2161782617383,99.6731367263785,55.84982008621118,,1.0
road,2,set_cal,2012-04-27,0.2,TemporalContext2024,166.0,29.018301511906657,73.00401230305856,100.81480054297514,56.65510130475447,,1.0
road,2,set_cal,2012-04-27,0.2,NetworkPropagation2024,166.0,29.29713891531558,72.59403116966969,100.13239357802196,55.96588539468989,,1.0
road,2,set_cal,2012-04-27,0.2,CalibratedUncertainty2025,166.0,27.372474765898684,71.93499149827453,99.11720558992738,55.364576808699894,,1.0
road,2,set_cal,2012-04-27,0.2,MappedPTO2026,166.0,29.92930560025451,72.53681944909259,100.08526160884972,56.076361209424974,,1.0
road,2,set_cal,2012-04-27,0.2,GroupAware2025,166.0,27.8596095219457,72.05322907372906,99.32193434116621,55.346106481938605,,1.0
road,2,set_cal,2012-04-27,0.2,RobustImprovement2025,166.0,29.74922818325729,71.75351897325243,99.13212809499987,55.51125949249044,,1.0
road,2,set_cal,2012-04-30,0.01,StructuralRobust,8.0,6.645564869392804,23.302738320798937,28.544304190996836,10.0116709689446,0.0,1.0
road,2,set_cal,2012-04-30,0.01,ExpectedActionValue,8.0,15.722333535308863,0.5517253591638226,0.6164811452026616,0.07925456924336449,,1.0
road,2,set_cal,2012-04-30,0.01,PointwiseWorstAction,8.0,15.722333535308863,0.5517253591638226,0.6164811452026616,0.07925456924336449,,1.0
road,2,set_cal,2012-04-30,0.01,ScenarioCVaR,8.0,15.722333535308863,0.5517253591638226,0.6164811452026615,0.07925456924336438,,1.0
road,2,set_cal,2012-04-30,0.01,RiskFirst,8.0,1.6892899075594632,20.843991409329124,25.54649667853373,8.982774475747291,,1.0
road,2,set_cal,2012-04-30,0.01,TemporalContext2024,8.0,1.689289907559463,20.843991409329124,25.54649667853373,8.982774475747291,,1.0
road,2,set_cal,2012-04-30,0.01,NetworkPropagation2024,8.0,1.689289907559463,20.843991409329124,25.54649667853373,8.982774475747291,,1.0
road,2,set_cal,2012-04-30,0.01,CalibratedUncertainty2025,8.0,1.689289907559463,20.843991409329124,25.54649667853373,8.982774475747291,,1.0
road,2,set_cal,2012-04-30,0.01,MappedPTO2026,8.0,1.6892899075594632,20.843991409329124,25.54649667853373,8.982774475747291,,1.0
road,2,set_cal,2012-04-30,0.01,GroupAware2025,8.0,1.8032221602132084,18.46196629896274,22.883957032108547,8.497096014892033,,1.0
road,2,set_cal,2012-04-30,0.01,RobustImprovement2025,8.0,2.071561440587171,20.920713210432552,25.881764544571663,9.525992508089345,,1.0
road,2,set_cal,2012-04-30,0.03,StructuralRobust,25.0,45.01347354820591,42.1218997609637,53.27410546178754,21.746563424592026,0.0,1.0
road,2,set_cal,2012-04-30,0.03,ExpectedActionValue,25.0,34.06798448390126,2.8427332860188668,3.7226289833019406,1.6741657198789706,,1.0
road,2,set_cal,2012-04-30,0.03,PointwiseWorstAction,25.0,34.136937529767735,2.8205350682435726,3.7004307655266464,1.6741657198789706,,1.0
road,2,set_cal,2012-04-30,0.03,ScenarioCVaR,25.0,34.136937529767735,2.820535068243572,3.700430765526646,1.674165719878971,,1.0
road,2,set_cal,2012-04-30,0.03,RiskFirst,25.0,4.321670842877737,42.37693794504039,53.62059136875819,21.949165177000474,,1.0
road,2,set_cal,2012-04-30,0.03,TemporalContext2024,25.0,4.713208260298692,42.76451956816431,53.97053189541919,21.831575790561182,,1.0
road,2,set_cal,2012-04-30,0.03,NetworkPropagation2024,25.0,4.658259348484427,42.82882975191416,54.09201261715972,21.958185099758936,,1.0
road,2,set_cal,2012-04-30,0.03,CalibratedUncertainty2025,25.0,4.56696598547067,46.887674867272,59.30167421806053,24.186564456776892,,1.0
road,2,set_cal,2012-04-30,0.03,MappedPTO2026,25.0,4.435259128911391,42.276888164320816,53.445708328620114,21.767632382091044,,1.0
road,2,set_cal,2012-04-30,0.03,GroupAware2025,25.0,4.321670842877736,42.37693794504038,53.62059136875819,21.94916517700048,,1.0
road,2,set_cal,2012-04-30,0.03,RobustImprovement2025,25.0,4.147048285549141,42.92423089547332,54.139862510320235,21.8144652728295,,1.0
road,2,set_cal,2012-04-30,0.05,StructuralRobust,41.0,62.15104854999961,57.04019749420685,73.08341149549561,31.5547930670144,0.0,1.0
road,2,set_cal,2012-04-30,0.05,ExpectedActionValue,41.0,45.582688412745334,4.638013288725005,6.043671151570712,2.712656750287504,,1.0
road,2,set_cal,2012-04-30,0.05,PointwiseWorstAction,41.0,45.6384795126355,4.527240291585693,5.920241547085298,2.698481350059871,,1.0
road,2,set_cal,2012-04-30,0.05,ScenarioCVaR,41.0,45.633354343651966,4.668967431932789,6.077502335464746,2.715879035856105,,1.0
road,2,set_cal,2012-04-30,0.05,RiskFirst,41.0,6.099324339690247,55.548558397690485,71.09085086526834,30.53711642311879,,1.0
road,2,set_cal,2012-04-30,0.05,TemporalContext2024,41.0,6.292600511780153,57.052011025097336,73.11847602352017,31.60937252139336,,1.0
road,2,set_cal,2012-04-30,0.05,NetworkPropagation2024,41.0,6.242018156258017,56.17245034244904,71.98085581965181,31.108396589008635,,1.0
road,2,set_cal,2012-04-30,0.05,CalibratedUncertainty2025,41.0,7.239326294250682,57.15741284899731,73.21646261622803,31.59085951001383,,1.0
road,2,set_cal,2012-04-30,0.05,MappedPTO2026,41.0,6.088778612491644,56.044329345901,71.76339006236967,30.914582000217486,,1.0
road,2,set_cal,2012-04-30,0.05,GroupAware2025,41.0,6.099324339690247,55.54855839769048,71.09085086526834,30.53711642311881,,1.0
road,2,set_cal,2012-04-30,0.05,RobustImprovement2025,41.0,5.969257438676875,55.948218278298114,71.58443209789866,30.730130995590045,,1.0
road,2,set_cal,2012-04-30,0.1,StructuralRobust,83.0,29.334657654144905,81.13130230168397,106.19817322828342,50.010163194582674,0.0,1.0
road,2,set_cal,2012-04-30,0.1,ExpectedActionValue,83.0,66.9163616014969,19.77252032491925,25.312360281899277,10.830364443222106,,1.0
road,2,set_cal,2012-04-30,0.1,PointwiseWorstAction,83.0,66.90958767123989,19.797052434571473,25.33689239155149,10.830364443222106,,1.0
road,2,set_cal,2012-04-30,0.1,ScenarioCVaR,83.0,66.94006688951553,19.452535221289775,24.845420806105967,10.493915051186093,,1.0
road,2,set_cal,2012-04-30,0.1,RiskFirst,83.0,13.352009351674198,80.03897184654151,104.67508803100888,49.082785748390805,,1.0
road,2,set_cal,2012-04-30,0.1,TemporalContext2024,83.0,13.844552311784676,80.94447102580324,105.87349009321267,49.711508497055945,,1.0
road,2,set_cal,2012-04-30,0.1,NetworkPropagation2024,83.0,13.844552311784676,80.94447102580325,105.87349009321267,49.71150849705596,,1.0
road,2,set_cal,2012-04-30,0.1,CalibratedUncertainty2025,83.0,13.41890723772617,82.39441728715211,107.78262391120987,50.61772537586087,,1.0
road,2,set_cal,2012-04-30,0.1,MappedPTO2026,83.0,13.31006953767513,80.00158381952222,104.5735754394142,48.99204360053254,,1.0
road,2,set_cal,2012-04-30,0.1,GroupAware2025,83.0,13.705433358359594,79.43106852394232,103.79662224527517,48.53262511175356,,1.0
road,2,set_cal,2012-04-30,0.1,RobustImprovement2025,83.0,13.073366870797935,81.13130230168397,106.19817322828342,50.010163194582674,,1.0
road,2,set_cal,2012-04-30,0.2,StructuralRobust,166.0,61.133909381368035,112.98048834837319,150.72120578006655,75.9496006954759,0.0,1.0
road,2,set_cal,2012-04-30,0.2,ExpectedActionValue,166.0,92.40413999152379,32.35195849948381,41.89456357506102,18.88880682430198,,1.0
road,2,set_cal,2012-04-30,0.2,PointwiseWorstAction,166.0,92.38765658990174,32.66136967656498,42.39258670600712,19.194307805079696,,1.0
road,2,set_cal,2012-04-30,0.2,ScenarioCVaR,166.0,92.40012210960835,32.31271919098321,41.85532426656044,18.88880682430198,,1.0
road,2,set_cal,2012-04-30,0.2,RiskFirst,166.0,27.450401445681017,111.99501570166262,149.4199687422128,75.30947981551003,,1.0
road,2,set_cal,2012-04-30,0.2,TemporalContext2024,166.0,27.270609380407,112.15773259274913,149.67595826618418,75.4257207326885,,1.0
road,2,set_cal,2012-04-30,0.2,NetworkPropagation2024,166.0,28.240681043874925,113.3090960142257,151.29605535008326,76.43427185896121,,1.0
road,2,set_cal,2012-04-30,0.2,CalibratedUncertainty2025,166.0,27.62144531939647,114.56578246846354,152.92882237735896,77.13948585065432,,1.0
road,2,set_cal,2012-04-30,0.2,MappedPTO2026,166.0,26.50682931649704,111.92766204404495,149.31620278386632,75.19489567087697,,1.0
road,2,set_cal,2012-04-30,0.2,GroupAware2025,166.0,26.936580697025995,112.241268082178,149.77018853608666,75.43052304850168,,1.0
road,2,set_cal,2012-04-30,0.2,RobustImprovement2025,166.0,27.409852027513516,111.48374661226063,148.72536875578598,74.88521531300032,,1.0
road,2,set_cal,2012-05-01,0.01,StructuralRobust,8.0,6.708155297381367,19.492220290665717,24.212997213604414,9.089102502064865,0.0,1.0
road,2,set_cal,2012-05-01,0.01,ExpectedActionValue,8.0,16.97422193642182,0.4627548624194344,0.5508267614762935,0.10802274459680028,,1.0
road,2,set_cal,2012-05-01,0.01,PointwiseWorstAction,8.0,16.97422193642182,0.4627548624194344,0.5508267614762935,0.10802274459680028,,1.0
road,2,set_cal,2012-05-01,0.01,ScenarioCVaR,8.0,16.97422193642182,0.4627548624194344,0.5508267614762935,0.10802274459680028,,1.0
road,2,set_cal,2012-05-01,0.01,RiskFirst,8.0,1.8570988079350572,18.14087287387216,22.575908500478874,8.570535693131855,,1.0
road,2,set_cal,2012-05-01,0.01,TemporalContext2024,8.0,1.8570988079350572,18.14087287387216,22.575908500478874,8.570535693131855,,1.0
road,2,set_cal,2012-05-01,0.01,NetworkPropagation2024,8.0,1.857098807935057,18.14087287387216,22.575908500478874,8.570535693131855,,1.0
road,2,set_cal,2012-05-01,0.01,CalibratedUncertainty2025,8.0,1.8570988079350572,18.14087287387216,22.575908500478874,8.570535693131855,,1.0
road,2,set_cal,2012-05-01,0.01,MappedPTO2026,8.0,1.8570988079350572,18.14087287387216,22.575908500478874,8.570535693131855,,1.0
road,2,set_cal,2012-05-01,0.01,GroupAware2025,8.0,1.8570988079350572,18.14087287387216,22.575908500478874,8.570535693131855,,1.0
road,2,set_cal,2012-05-01,0.01,RobustImprovement2025,8.0,1.7335218404885158,20.364898961428178,25.27695510197956,9.444555657219013,,1.0
road,2,set_cal,2012-05-01,0.03,StructuralRobust,25.0,44.29424968691632,37.63938515768927,48.320310737992834,21.015987802992328,0.0,1.0
road,2,set_cal,2012-05-01,0.03,ExpectedActionValue,25.0,36.41479004806923,2.524100135342052,3.2654667689106196,1.4468335455425536,,1.0
road,2,set_cal,2012-05-01,0.03,PointwiseWorstAction,25.0,36.45497975909381,2.577126969522104,3.349358219278681,1.4829356190323546,,1.0
road,2,set_cal,2012-05-01,0.03,ScenarioCVaR,25.0,36.41479004806923,2.5241001353420525,3.2654667689106196,1.4468335455425523,,1.0
road,2,set_cal,2012-05-01,0.03,RiskFirst,25.0,4.399188475891542,37.45162485656026,48.02406219841504,20.779160825575204,,1.0
road,2,set_cal,2012-05-01,0.03,TemporalContext2024,25.0,4.714476472023172,37.31070465157104,47.8252407433374,20.657860011054993,,1.0
road,2,set_cal,2012-05-01,0.03,NetworkPropagation2024,25.0,4.554363772953507,36.93347933907637,47.3531722783704,20.478500675455436,,1.0
road,2,set_cal,2012-05-01,0.03,CalibratedUncertainty2025,25.0,4.531289189437455,38.92941799872861,49.99989654157179,21.76919869303891,,1.0
road,2,set_cal,2012-05-01,0.03,MappedPTO2026,25.0,5.196843448190122,37.63938515768927,48.320310737992834,21.015987802992328,,1.0
road,2,set_cal,2012-05-01,0.03,GroupAware2025,25.0,4.399188475891542,37.45162485656026,48.02406219841503,20.779160825575197,,1.0
road,2,set_cal,2012-05-01,0.03,RobustImprovement2025,25.0,4.49287686592855,36.344929022183365,46.56508391180323,20.077275317027464,,1.0
road,2,set_cal,2012-05-01,0.05,StructuralRobust,41.0,62.26632163940757,50.86571694637881,66.08283281795015,30.088315162581296,0.0,1.0
road,2,set_cal,2012-05-01,0.05,ExpectedActionValue,41.0,48.79423995389992,5.106544573577988,6.701585708136735,3.1417378007341075,,1.0
road,2,set_cal,2012-05-01,0.05,PointwiseWorstAction,41.0,48.798446571423895,5.269509449440168,6.950343802636697,3.2903449762733654,,1.0
road,2,set_cal,2012-05-01,0.05,ScenarioCVaR,41.0,48.798446571423895,5.269509449440169,6.950343802636697,3.2903449762733645,,1.0
road,2,set_cal,2012-05-01,0.05,RiskFirst,41.0,7.158667798500635,50.56320146903497,65.60883766055144,29.769985251756772,,1.0
road,2,set_cal,2012-05-01,0.05,TemporalContext2024,41.0,7.983318247843782,51.08763459836925,66.34394660861679,30.154983494958344,,1.0
road,2,set_cal,2012-05-01,0.05,NetworkPropagation2024,41.0,8.0644618522487,51.02013451641782,66.30165241788016,30.22224014417997,,1.0
road,2,set_cal,2012-05-01,0.05,CalibratedUncertainty2025,41.0,8.25333477539145,51.23339897128985,66.64511663141589,30.572788743583324,,1.0
road,2,set_cal,2012-05-01,0.05,MappedPTO2026,41.0,7.158667798500635,50.56320146903497,65.60883766055144,29.769985251756786,,1.0
road,2,set_cal,2012-05-01,0.05,GroupAware2025,41.0,7.158667798500636,50.56320146903497,65.60883766055144,29.769985251756772,,1.0
road,2,set_cal,2012-05-01,0.05,RobustImprovement2025,41.0,7.337938887141109,49.95069338899287,64.88481053659805,29.532360599659334,,1.0
road,2,set_cal,2012-05-01,0.1,StructuralRobust,83.0,29.345001781891273,70.83335133729399,93.80802358971756,46.04467088365756,0.0,1.0
road,2,set_cal,2012-05-01,0.1,ExpectedActionValue,83.0,71.83969084005116,16.87561425396066,21.59851583750579,9.204942490502319,,1.0
road,2,set_cal,2012-05-01,0.1,PointwiseWorstAction,83.0,71.88528476471696,16.79396693962026,21.516868523165392,9.204942490502319,,1.0
road,2,set_cal,2012-05-01,0.1,ScenarioCVaR,83.0,71.89023554915757,16.798791704201673,21.521693287746803,9.204942490502312,,1.0
road,2,set_cal,2012-05-01,0.1,RiskFirst,83.0,14.709278022284499,70.61031399373424,93.54449734117311,45.93796315284156,,1.0
road,2,set_cal,2012-05-01,0.1,TemporalContext2024,83.0,14.569094489419022,69.649136614516,92.15872848692115,45.05568812731684,,1.0
road,2,set_cal,2012-05-01,0.1,NetworkPropagation2024,83.0,14.872124556239743,70.72352280710152,93.77792828800071,46.23849098730986,,1.0
road,2,set_cal,2012-05-01,0.1,CalibratedUncertainty2025,83.0,14.676085802515592,70.21595017267586,92.81997521627724,45.21290296107844,,1.0
road,2,set_cal,2012-05-01,0.1,MappedPTO2026,83.0,14.91004053495012,70.08509520349838,92.73530476249242,45.33382340041841,,1.0
road,2,set_cal,2012-05-01,0.1,GroupAware2025,83.0,14.94024307635833,70.14819260600963,92.87930300524495,45.51631260432133,,1.0
road,2,set_cal,2012-05-01,0.1,RobustImprovement2025,83.0,14.678344675092744,70.83335133729399,93.80802358971756,46.04467088365756,,1.0
road,2,set_cal,2012-05-01,0.2,StructuralRobust,166.0,61.016419050595815,97.99768412530987,132.07432725701327,68.72529980447398,0.0,1.0
road,2,set_cal,2012-05-01,0.2,ExpectedActionValue,166.0,99.3369604346446,31.36813941713447,40.920634229554985,18.84366800426591,,1.0
road,2,set_cal,2012-05-01,0.2,PointwiseWorstAction,166.0,99.3616331702073,31.44796144814039,41.049820271999046,18.9825513481098,,1.0
road,2,set_cal,2012-05-01,0.2,ScenarioCVaR,166.0,99.366441426131,31.267923037379656,40.77426938038239,18.785252981298736,,1.0
road,2,set_cal,2012-05-01,0.2,RiskFirst,166.0,29.656852018513398,97.09317493894278,130.93829611869188,68.21856276654293,,1.0
road,2,set_cal,2012-05-01,0.2,TemporalContext2024,166.0,28.80070415015322,96.44044835246349,129.98170974475536,67.47815190750016,,1.0
road,2,set_cal,2012-05-01,0.2,NetworkPropagation2024,166.0,29.897939435574116,96.52789077958292,130.1515475797057,67.82360962385687,,1.0
road,2,set_cal,2012-05-01,0.2,CalibratedUncertainty2025,166.0,28.416932330513664,97.18353302637705,130.98591137821717,68.17461939472621,,1.0
road,2,set_cal,2012-05-01,0.2,MappedPTO2026,166.0,29.741851458879992,97.16579463449406,131.0145554242308,68.22333285691226,,1.0
road,2,set_cal,2012-05-01,0.2,GroupAware2025,166.0,28.703534376627456,97.8169319713952,131.84131635932263,68.62914208689784,,1.0
road,2,set_cal,2012-05-01,0.2,RobustImprovement2025,166.0,29.53938375774001,96.31095000006071,129.90684185195136,67.72920266008133,,1.0
road,2,set_cal,2012-05-02,0.01,StructuralRobust,8.0,6.427909309919893,16.18380516232846,20.585667279371847,8.574183206952512,0.0,1.0
road,2,set_cal,2012-05-02,0.01,ExpectedActionValue,8.0,10.144358652416068,0.5595675173317204,0.7474520764934409,0.2646004540699297,,1.0
road,2,set_cal,2012-05-02,0.01,PointwiseWorstAction,8.0,10.144358652416068,0.5595675173317204,0.7474520764934409,0.2646004540699297,,1.0
road,2,set_cal,2012-05-02,0.01,ScenarioCVaR,8.0,10.144358652416068,0.5595675173317204,0.7474520764934409,0.2646004540699297,,1.0
road,2,set_cal,2012-05-02,0.01,RiskFirst,8.0,1.3984088273791107,15.179151512523038,19.38409816485679,8.223478902526988,,1.0
road,2,set_cal,2012-05-02,0.01,TemporalContext2024,8.0,1.6048589148044927,13.950738023559204,17.922634143825473,7.816801324014012,,1.0
road,2,set_cal,2012-05-02,0.01,NetworkPropagation2024,8.0,1.3827305430149535,14.475877018607044,18.526430274827586,7.942247739656462,,1.0
road,2,set_cal,2012-05-02,0.01,CalibratedUncertainty2025,8.0,1.5498291714922707,13.490137775852448,17.41632337010125,7.744843033334609,,1.0
road,2,set_cal,2012-05-02,0.01,MappedPTO2026,8.0,1.5605790489787963,13.783397136537747,17.681443970943356,7.662047200966079,,1.0
road,2,set_cal,2012-05-02,0.01,GroupAware2025,8.0,1.3984088273791107,15.179151512523038,19.38409816485679,8.223478902526988,,1.0
road,2,set_cal,2012-05-02,0.01,RobustImprovement2025,8.0,1.0365946094008751,16.18380516232846,20.585667279371847,8.574183206952512,,1.0
road,2,set_cal,2012-05-02,0.03,StructuralRobust,25.0,47.63036520231922,42.190661780259454,53.40589409961355,21.92802379895185,0.0,1.0
road,2,set_cal,2012-05-02,0.03,ExpectedActionValue,25.0,22.477299553559725,3.8451829118263023,4.964731613172565,2.079877563773126,,1.0
road,2,set_cal,2012-05-02,0.03,PointwiseWorstAction,25.0,22.481431407298217,8.377148352008394,10.614920095855515,4.228168913020957,,1.0
road,2,set_cal,2012-05-02,0.03,ScenarioCVaR,25.0,22.465061336834864,4.070365901970071,5.304972967774957,2.315309881166339,,1.0
road,2,set_cal,2012-05-02,0.03,RiskFirst,25.0,3.79661414649397,43.68196654954447,55.368772209622946,22.872243628525993,,1.0
road,2,set_cal,2012-05-02,0.03,TemporalContext2024,25.0,3.767891209321876,42.84720929507409,54.58010975162107,23.03839601132342,,1.0
road,2,set_cal,2012-05-02,0.03,NetworkPropagation2024,25.0,3.7560541183234726,43.35267226522863,55.04363679818545,22.893206865180737,,1.0
road,2,set_cal,2012-05-02,0.03,CalibratedUncertainty2025,25.0,3.682480088088451,42.35571256334542,53.799410632572275,22.415258121077258,,1.0
road,2,set_cal,2012-05-02,0.03,MappedPTO2026,25.0,3.5418003531719915,42.190661780259454,53.40589409961355,21.92802379895185,,1.0
road,2,set_cal,2012-05-02,0.03,GroupAware2025,25.0,3.79661414649397,43.68196654954447,55.368772209622946,22.872243628525993,,1.0
road,2,set_cal,2012-05-02,0.03,RobustImprovement2025,25.0,3.544147730365962,44.681641127741614,56.615102811660584,23.334964078391806,,1.0
road,2,set_cal,2012-05-02,0.05,StructuralRobust,41.0,69.93127885457224,60.088582193048964,76.83339785902437,32.88236645492324,0.0,1.0
road,2,set_cal,2012-05-02,0.05,ExpectedActionValue,41.0,31.1979791315817,11.642757926363409,15.042507809160554,6.556834146876106,,1.0
road,2,set_cal,2012-05-02,0.05,PointwiseWorstAction,41.0,31.21520321873134,11.685927358906964,15.090050184031453,6.561731842282731,,1.0
road,2,set_cal,2012-05-02,0.05,ScenarioCVaR,41.0,31.21675636019952,11.028149757690743,14.177699145403084,6.0475394145921,,1.0
road,2,set_cal,2012-05-02,0.05,RiskFirst,41.0,5.43561693994194,60.08858219304897,76.83339785902437,32.88236645492325,,1.0
road,2,set_cal,2012-05-02,0.05,TemporalContext2024,41.0,5.4446015956139675,59.79754401335035,76.44229218336672,32.68266185141958,,1.0
road,2,set_cal,2012-05-02,0.05,NetworkPropagation2024,41.0,5.435616939941938,60.08858219304897,76.83339785902437,32.882366454923236,,1.0
road,2,set_cal,2012-05-02,0.05,CalibratedUncertainty2025,41.0,5.194637835688198,58.15331576989748,74.36798547288377,31.857302302226962,,1.0
road,2,set_cal,2012-05-02,0.05,MappedPTO2026,41.0,5.390986329201228,59.795956704999,76.4608170956151,32.729729195932876,,1.0
road,2,set_cal,2012-05-02,0.05,GroupAware2025,41.0,5.757100487524101,61.74019685510724,78.76663035722075,33.38080346953572,,1.0
road,2,set_cal,2012-05-02,0.05,RobustImprovement2025,41.0,5.2070843892270995,60.472910265632784,77.23855353977832,32.898502295982574,,1.0
road,2,set_cal,2012-05-02,0.1,StructuralRobust,83.0,35.904805818911676,93.92510775155148,122.28693080092923,56.322508542837056,0.0,1.0
road,2,set_cal,2012-05-02,0.1,ExpectedActionValue,83.0,46.198359832558594,22.821850802283194,29.851356814530174,13.81064845532432,,1.0
road,2,set_cal,2012-05-02,0.1,PointwiseWorstAction,83.0,46.180232258139036,22.83630803434711,29.865814046594096,13.810648455324316,,1.0
road,2,set_cal,2012-05-02,0.1,ScenarioCVaR,83.0,46.198359832558594,22.821850802283194,29.851356814530174,13.810648455324326,,1.0
road,2,set_cal,2012-05-02,0.1,RiskFirst,83.0,9.351284881031484,92.48905198025717,120.48946420626555,55.5955679038705,,1.0
road,2,set_cal,2012-05-02,0.1,TemporalContext2024,83.0,9.279972897305047,93.47303513259747,121.72950175274073,56.08364833994001,,1.0
road,2,set_cal,2012-05-02,0.1,NetworkPropagation2024,83.0,9.94083927725058,93.56510080755098,121.77509228693475,55.97359548537011,,1.0
road,2,set_cal,2012-05-02,0.1,CalibratedUncertainty2025,83.0,10.188393373216748,94.139460281417,122.49329790056208,56.26926143710156,,1.0
road,2,set_cal,2012-05-02,0.1,MappedPTO2026,83.0,10.090331013670887,91.8331350306207,119.5953871439293,55.11518980343544,,1.0
road,2,set_cal,2012-05-02,0.1,GroupAware2025,83.0,10.699548058108181,92.79221574279087,120.68671436105608,55.32225291392048,,1.0
road,2,set_cal,2012-05-02,0.1,RobustImprovement2025,83.0,10.692901551515027,93.92510775155148,122.28693080092923,56.322508542837056,,1.0
road,2,set_cal,2012-05-02,0.2,StructuralRobust,166.0,75.6766472003509,137.75850468072102,182.68277236708488,90.0896955697205,0.0,1.0
road,2,set_cal,2012-05-02,0.2,ExpectedActionValue,166.0,63.6084142024689,54.461352391101606,71.26048521473646,33.22817321901797,,1.0
road,2,set_cal,2012-05-02,0.2,PointwiseWorstAction,166.0,63.62711833987438,54.531483700454494,71.33327862149575,33.24488604762656,,1.0
road,2,set_cal,2012-05-02,0.2,ScenarioCVaR,166.0,63.62481098244951,54.59327492941803,71.40488844210294,33.255882870267456,,1.0
road,2,set_cal,2012-05-02,0.2,RiskFirst,166.0,20.09552791672631,136.92127565707358,181.56405959611104,89.46076113048215,,1.0
road,2,set_cal,2012-05-02,0.2,TemporalContext2024,166.0,20.00204670257711,135.98095085027833,180.26902519780583,88.73561740585464,,1.0
road,2,set_cal,2012-05-02,0.2,NetworkPropagation2024,166.0,19.71637601839637,136.79864439977456,181.393197238221,89.38027787078846,,1.0
road,2,set_cal,2012-05-02,0.2,CalibratedUncertainty2025,166.0,19.399655556985746,136.64819656663494,181.19218708083335,89.25409789291217,,1.0
road,2,set_cal,2012-05-02,0.2,MappedPTO2026,166.0,20.039313330173076,137.51003192781835,182.44702459804586,90.11858851969555,,1.0
road,2,set_cal,2012-05-02,0.2,GroupAware2025,166.0,20.084395682087106,136.86760387534855,181.45487076341303,89.33300259992438,,1.0
road,2,set_cal,2012-05-02,0.2,RobustImprovement2025,166.0,20.270062215424325,134.4903342051051,178.59075098315452,88.5290729407343,,1.0
road,2,set_cal,2012-05-03,0.01,StructuralRobust,8.0,6.6698324233147215,19.07655118856645,23.782624333328584,9.057213653809448,0.0,1.0
road,2,set_cal,2012-05-03,0.01,ExpectedActionValue,8.0,15.82711837711589,1.37153705243128,1.830812918391595,0.9195846838869162,,1.0
road,2,set_cal,2012-05-03,0.01,PointwiseWorstAction,8.0,15.962098977137206,1.2607290776016504,1.6860192987455005,0.8548727425543223,,1.0
road,2,set_cal,2012-05-03,0.01,ScenarioCVaR,8.0,15.912934827893157,1.0545558412505587,1.3589338952892567,0.595901477298151,,1.0
road,2,set_cal,2012-05-03,0.01,RiskFirst,8.0,3.614313918175518,17.55401861437628,21.900783446752946,8.386610069421568,,1.0
road,2,set_cal,2012-05-03,0.01,TemporalContext2024,8.0,3.614313918175518,17.554018614376275,21.900783446752946,8.386610069421572,,1.0
road,2,set_cal,2012-05-03,0.01,NetworkPropagation2024,8.0,3.025725072424498,18.491117980502523,23.022183666381085,8.721530907322776,,1.0
road,2,set_cal,2012-05-03,0.01,CalibratedUncertainty2025,8.0,3.6143139181755184,17.554018614376275,21.900783446752946,8.386610069421572,,1.0
road,2,set_cal,2012-05-03,0.01,MappedPTO2026,8.0,3.025725072424498,18.491117980502523,23.022183666381085,8.721530907322776,,1.0
road,2,set_cal,2012-05-03,0.01,GroupAware2025,8.0,3.614313918175518,17.55401861437628,21.900783446752946,8.386610069421568,,1.0
road,2,set_cal,2012-05-03,0.01,RobustImprovement2025,8.0,3.025725072424498,18.491117980502523,23.022183666381085,8.721530907322776,,1.0
road,2,set_cal,2012-05-03,0.03,StructuralRobust,25.0,42.33148539111179,36.88428593360675,47.32896699965238,20.548378550811158,0.0,1.0
road,2,set_cal,2012-05-03,0.03,ExpectedActionValue,25.0,40.58567213054221,2.9245905360800344,3.9288545337699325,1.970855144532377,,1.0
road,2,set_cal,2012-05-03,0.03,PointwiseWorstAction,25.0,40.6047255573404,2.659632142145855,3.553130335830502,1.7060518381760983,,1.0
road,2,set_cal,2012-05-03,0.03,ScenarioCVaR,25.0,40.59899501535065,2.5669412747709854,3.396581862894607,1.6040210095433434,,1.0
road,2,set_cal,2012-05-03,0.03,RiskFirst,25.0,7.802153722691468,38.37220805051949,49.24289702355741,21.36868397212657,,1.0
road,2,set_cal,2012-05-03,0.03,TemporalContext2024,25.0,7.683200742577637,37.95180254874818,48.65711578702801,21.027403436183164,,1.0
road,2,set_cal,2012-05-03,0.03,NetworkPropagation2024,25.0,7.970934215239769,38.05257056993655,48.81512624596834,21.152001424672633,,1.0
road,2,set_cal,2012-05-03,0.03,CalibratedUncertainty2025,25.0,7.436709059873296,39.200966148285,50.28345549009383,21.756659142843183,,1.0
road,2,set_cal,2012-05-03,0.03,MappedPTO2026,25.0,7.787755342715886,36.88428593360675,47.32896699965238,20.548378550811158,,1.0
road,2,set_cal,2012-05-03,0.03,GroupAware2025,25.0,7.802153722691466,38.37220805051949,49.24289702355741,21.36868397212657,,1.0
road,2,set_cal,2012-05-03,0.03,RobustImprovement2025,25.0,7.849074128264109,38.507876192403124,49.37480758013196,21.330417486713237,,1.0
road,2,set_cal,2012-05-03,0.05,StructuralRobust,41.0,57.951855647374146,50.713408701312794,65.93505886252245,30.154361165122175,0.0,1.0
road,2,set_cal,2012-05-03,0.05,ExpectedActionValue,41.0,59.47907814321168,3.4942555807713718,4.589161250278972,2.104159907349478,,1.0
road,2,set_cal,2012-05-03,0.05,PointwiseWorstAction,41.0,59.47907814321169,3.4942555807713718,4.589161250278971,2.104159907349477,,1.0
road,2,set_cal,2012-05-03,0.05,ScenarioCVaR,41.0,59.47907814321168,3.4942555807713718,4.589161250278971,2.104159907349477,,1.0
road,2,set_cal,2012-05-03,0.05,RiskFirst,41.0,11.174729480284986,50.33501074582413,65.48477293793628,30.03275850522393,,1.0
road,2,set_cal,2012-05-03,0.05,TemporalContext2024,41.0,11.05730057155936,49.96961570823906,64.99936695337594,29.795252429702828,,1.0
road,2,set_cal,2012-05-03,0.05,NetworkPropagation2024,41.0,11.111901366968453,50.77662775312382,66.1233947049107,30.480750367749067,,1.0
road,2,set_cal,2012-05-03,0.05,CalibratedUncertainty2025,41.0,12.132966810585483,49.997824501680476,64.98959836183192,29.709343326329595,,1.0
road,2,set_cal,2012-05-03,0.05,MappedPTO2026,41.0,11.257206827626613,50.62212137294553,65.87301334751312,30.27253504180179,,1.0
road,2,set_cal,2012-05-03,0.05,GroupAware2025,41.0,11.14942158738075,50.92878215422855,66.23469584923629,30.327447371007032,,1.0
road,2,set_cal,2012-05-03,0.05,RobustImprovement2025,41.0,10.666134065034228,49.54062754022069,64.48410321537973,29.67557791293536,,1.0
road,2,set_cal,2012-05-03,0.1,StructuralRobust,83.0,26.843997987476975,70.51332089943277,93.78449466592687,46.791482602832176,0.0,1.0
road,2,set_cal,2012-05-03,0.1,ExpectedActionValue,83.0,91.8199735544552,17.110826558735653,22.1006611083975,9.797931650568017,,1.0
road,2,set_cal,2012-05-03,0.1,PointwiseWorstAction,83.0,91.9091502975808,15.926035473453094,20.441397780828144,8.823242149811108,,1.0
road,2,set_cal,2012-05-03,0.1,ScenarioCVaR,83.0,91.9091502975808,15.926035473453094,20.441397780828144,8.823242149811104,,1.0
road,2,set_cal,2012-05-03,0.1,RiskFirst,83.0,20.525208104654805,70.39546495943286,93.48652988087318,46.34668106926546,,1.0
road,2,set_cal,2012-05-03,0.1,TemporalContext2024,83.0,20.426727314365674,70.94708632781752,94.2733777713553,46.853554720639494,,1.0
road,2,set_cal,2012-05-03,0.1,NetworkPropagation2024,83.0,19.91801592422035,71.1118116740739,94.51712910286062,47.00295328154051,,1.0
road,2,set_cal,2012-05-03,0.1,CalibratedUncertainty2025,83.0,21.008548853133025,70.30819995329986,93.38800750029996,46.2215775855947,,1.0
road,2,set_cal,2012-05-03,0.1,MappedPTO2026,83.0,20.55478123987619,71.0074134242902,94.32581180411533,46.82462138786347,,1.0
road,2,set_cal,2012-05-03,0.1,GroupAware2025,83.0,20.618497795006974,70.24640755306119,93.2844898308795,46.24071683816538,,1.0
road,2,set_cal,2012-05-03,0.1,RobustImprovement2025,83.0,20.69007435428667,70.51332089943277,93.78449466592687,46.791482602832176,,1.0
road,2,set_cal,2012-05-03,0.2,StructuralRobust,166.0,55.14532394015979,94.15817589452247,127.4954324597123,67.59414919384851,0.0,1.0
road,2,set_cal,2012-05-03,0.2,ExpectedActionValue,166.0,133.19120234896002,30.818393107313174,40.44067738863644,19.099835612591672,,1.0
road,2,set_cal,2012-05-03,0.2,PointwiseWorstAction,166.0,133.42411853753575,27.992613292879323,36.74972330077732,17.33828770594266,,1.0
road,2,set_cal,2012-05-03,0.2,ScenarioCVaR,166.0,133.40214318346077,28.799604625166364,37.88767834410131,18.05741102876689,,1.0
road,2,set_cal,2012-05-03,0.2,RiskFirst,166.0,39.582766966376326,94.0096253270965,127.42004339277521,67.77194228928607,,1.0
road,2,set_cal,2012-05-03,0.2,TemporalContext2024,166.0,38.687040116364194,94.07664607073495,127.36029264449668,67.51334614330857,,1.0
road,2,set_cal,2012-05-03,0.2,NetworkPropagation2024,166.0,39.139683652377364,93.88347639689903,127.16121965295099,67.50530833808989,,1.0
road,2,set_cal,2012-05-03,0.2,CalibratedUncertainty2025,166.0,39.58299534302399,93.69452890131821,126.78493420850403,67.0943345624991,,1.0
road,2,set_cal,2012-05-03,0.2,MappedPTO2026,166.0,40.41805496445457,94.1211936128072,127.48966830514595,67.6410292825954,,1.0
road,2,set_cal,2012-05-03,0.2,GroupAware2025,166.0,39.65034496868214,93.54486832357068,126.68480487815427,67.19303932506386,,1.0
road,2,set_cal,2012-05-03,0.2,RobustImprovement2025,166.0,40.617464846872075,94.59282942655912,128.29040029503795,68.41383494192311,,1.0
road,2,set_cal,2012-05-04,0.01,StructuralRobust,8.0,6.40631120481486,20.07239453900663,24.925042736737645,9.331929093447762,0.0,1.0
road,2,set_cal,2012-05-04,0.01,ExpectedActionValue,8.0,12.914072375690647,1.6865880880399973,2.299593081899307,1.223818652757678,,1.0
road,2,set_cal,2012-05-04,0.01,PointwiseWorstAction,8.0,12.914072375690647,1.6865880880399973,2.299593081899307,1.223818652757678,,1.0
road,2,set_cal,2012-05-04,0.01,ScenarioCVaR,8.0,12.914072375690647,1.6865880880399973,2.299593081899307,1.223818652757678,,1.0
road,2,set_cal,2012-05-04,0.01,RiskFirst,8.0,1.0191525955525926,19.074272172496517,23.757902567425095,9.02556489989523,,1.0
road,2,set_cal,2012-05-04,0.01,TemporalContext2024,8.0,1.0191525955525926,19.074272172496517,23.757902567425088,9.02556489989523,,1.0
road,2,set_cal,2012-05-04,0.01,NetworkPropagation2024,8.0,0.7962152160857943,19.427831667617287,24.173373177792,9.139132961879127,,1.0
road,2,set_cal,2012-05-04,0.01,CalibratedUncertainty2025,8.0,1.031384247512957,20.35889219273209,25.25887881774621,9.4153590096955,,1.0
road,2,set_cal,2012-05-04,0.01,MappedPTO2026,8.0,1.0191525955525926,19.074272172496517,23.757902567425088,9.02556489989523,,1.0
road,2,set_cal,2012-05-04,0.01,GroupAware2025,8.0,1.0191525955525926,19.074272172496517,23.757902567425095,9.02556489989523,,1.0
road,2,set_cal,2012-05-04,0.01,RobustImprovement2025,8.0,0.7962152160857943,19.427831667617287,24.173373177792,9.139132961879127,,1.0
road,2,set_cal,2012-05-04,0.03,StructuralRobust,25.0,38.39533780636272,35.71284085888879,46.06349480655968,20.459975902519012,0.0,1.0
road,2,set_cal,2012-05-04,0.03,ExpectedActionValue,25.0,25.87203036388024,3.362470077618821,4.604536612893659,2.5081398092943794,,1.0
road,2,set_cal,2012-05-04,0.03,PointwiseWorstAction,25.0,25.956824357780047,2.9594737582160815,4.004066030222946,2.088349630894126,,1.0
road,2,set_cal,2012-05-04,0.03,ScenarioCVaR,25.0,25.934285797428885,2.963076914113191,4.007669186120055,2.088349630894126,,1.0
road,2,set_cal,2012-05-04,0.03,RiskFirst,25.0,3.758714438412479,35.71284085888879,46.06349480655968,20.459975902519005,,1.0
road,2,set_cal,2012-05-04,0.03,TemporalContext2024,25.0,3.593229640293959,35.572391987581476,45.80262659029285,20.18911206019404,,1.0
road,2,set_cal,2012-05-04,0.03,NetworkPropagation2024,25.0,3.5835116400179015,35.641566698433344,45.939311821043184,20.342102810316405,,1.0
road,2,set_cal,2012-05-04,0.03,CalibratedUncertainty2025,25.0,3.9198779433961706,36.50106216557464,47.01375300578571,20.75252709415326,,1.0
road,2,set_cal,2012-05-04,0.03,MappedPTO2026,25.0,3.7587144384124787,35.71284085888879,46.06349480655968,20.459975902519012,,1.0
road,2,set_cal,2012-05-04,0.03,GroupAware2025,25.0,3.7787564810276,35.470854716449715,45.77203274812464,20.37398087456704,,1.0
road,2,set_cal,2012-05-04,0.03,RobustImprovement2025,25.0,3.407546248416612,36.057570463088595,46.45035014440391,20.51028756583502,,1.0
road,2,set_cal,2012-05-04,0.05,StructuralRobust,41.0,52.65651742650528,46.53789601661912,60.998391378517326,28.87736168624138,0.0,1.0
road,2,set_cal,2012-05-04,0.05,ExpectedActionValue,41.0,34.43674813687374,5.717292066489057,7.734570012820088,4.085412756996326,,1.0
road,2,set_cal,2012-05-04,0.05,PointwiseWorstAction,41.0,34.54544968558508,5.526173146645536,7.498778383788438,3.9958432328938853,,1.0
road,2,set_cal,2012-05-04,0.05,ScenarioCVaR,41.0,34.57380594801932,5.6001013864631926,7.572706623606096,3.995843232893886,,1.0
road,2,set_cal,2012-05-04,0.05,RiskFirst,41.0,6.951353178324261,46.63148969102922,61.144647585943815,28.992879747026286,,1.0
road,2,set_cal,2012-05-04,0.05,TemporalContext2024,41.0,5.574647433324751,45.976438404445666,60.27241312705833,28.557427243615884,,1.0
road,2,set_cal,2012-05-04,0.05,NetworkPropagation2024,41.0,5.342977776647673,46.50653022355322,60.98044695834968,28.916772282005446,,1.0
road,2,set_cal,2012-05-04,0.05,CalibratedUncertainty2025,41.0,5.761948579119099,45.835889747457095,60.05510165346332,28.390825097367674,,1.0
road,2,set_cal,2012-05-04,0.05,MappedPTO2026,41.0,6.951353178324261,46.63148969102922,61.14464758594382,28.992879747026286,,1.0
road,2,set_cal,2012-05-04,0.05,GroupAware2025,41.0,5.466757312695854,46.67686765786702,61.1889755960371,28.983525377301007,,1.0
road,2,set_cal,2012-05-04,0.05,RobustImprovement2025,41.0,5.368391385841348,46.66056025148491,61.159575745653434,28.95206319093532,,1.0
road,2,set_cal,2012-05-04,0.1,StructuralRobust,83.0,23.184192386754766,65.34605463730027,87.69443367873315,45.26069996732869,0.0,1.0
road,2,set_cal,2012-05-04,0.1,ExpectedActionValue,83.0,50.1528708358769,15.139219286856001,20.066906480633953,9.79096962983186,,1.0
road,2,set_cal,2012-05-04,0.1,PointwiseWorstAction,83.0,50.221552395229175,15.157510386230443,20.197459735565694,9.952438518848679,,1.0
road,2,set_cal,2012-05-04,0.1,ScenarioCVaR,83.0,50.18708227293914,15.153757201888409,20.133482573038897,9.863595526095855,,1.0
road,2,set_cal,2012-05-04,0.1,RiskFirst,83.0,14.307586197188787,65.57518452376584,87.91873663534919,45.155910874124515,,1.0
road,2,set_cal,2012-05-04,0.1,TemporalContext2024,83.0,13.922402412900261,65.77399956366338,88.17068019313197,45.28812660186209,,1.0
road,2,set_cal,2012-05-04,0.1,NetworkPropagation2024,83.0,14.165427917015238,66.21322686906514,88.78649641443006,45.67397782972331,,1.0
road,2,set_cal,2012-05-04,0.1,CalibratedUncertainty2025,83.0,14.262729856244245,65.21935015623615,87.40096831631423,44.791730846001386,,1.0
road,2,set_cal,2012-05-04,0.1,MappedPTO2026,83.0,14.187530439098923,66.02766794888115,88.55139466367146,45.584773139223245,,1.0
road,2,set_cal,2012-05-04,0.1,GroupAware2025,83.0,12.524002351124272,65.57523509186484,87.90222075177724,45.115323816497394,,1.0
road,2,set_cal,2012-05-04,0.1,RobustImprovement2025,83.0,13.960386666456394,65.34605463730027,87.69443367873315,45.26069996732869,,1.0
road,2,set_cal,2012-05-04,0.2,StructuralRobust,166.0,45.61090231935449,85.35249526114052,116.16374355020928,62.336833001728394,0.0,1.0
road,2,set_cal,2012-05-04,0.2,ExpectedActionValue,166.0,69.64878639582187,26.72694526647158,34.995249724634206,16.334734452534803,,1.0
road,2,set_cal,2012-05-04,0.2,PointwiseWorstAction,166.0,69.67059171075445,26.537646364150806,34.70019227981414,16.10715843560445,,1.0
road,2,set_cal,2012-05-04,0.2,ScenarioCVaR,166.0,69.6848594801745,26.75158225974573,35.05368757674612,16.37582102146299,,1.0
road,2,set_cal,2012-05-04,0.2,RiskFirst,166.0,26.913579152552288,85.91783990485801,116.99513163512269,62.94037046798634,,1.0
road,2,set_cal,2012-05-04,0.2,TemporalContext2024,166.0,27.149735128380048,86.22142952034172,117.37789613825865,63.15005281743301,,1.0
road,2,set_cal,2012-05-04,0.2,NetworkPropagation2024,166.0,26.957307024286873,85.75915840104075,116.75925403757512,62.830253329651825,,1.0
road,2,set_cal,2012-05-04,0.2,CalibratedUncertainty2025,166.0,26.648449681901347,85.75337740301806,116.6702354749308,62.651479606037995,,1.0
road,2,set_cal,2012-05-04,0.2,MappedPTO2026,166.0,26.97095279626081,85.53760566980354,116.46309471839551,62.616587410565316,,1.0
road,2,set_cal,2012-05-04,0.2,GroupAware2025,166.0,27.564665821967875,85.77733101335333,116.73900079293789,62.71428987981538,,1.0
road,2,set_cal,2012-05-04,0.2,RobustImprovement2025,166.0,26.76074649073467,85.72964713628923,116.93099638006711,63.18141115181055,,1.0
road,2,set_cal,2012-05-07,0.01,StructuralRobust,8.0,6.755290240375231,21.487499579827357,26.758044452747846,10.14388477576695,0.0,1.0
road,2,set_cal,2012-05-07,0.01,ExpectedActionValue,8.0,14.07863229497972,1.124943496907412,1.4987484676663194,0.7534929354451887,,1.0
road,2,set_cal,2012-05-07,0.01,PointwiseWorstAction,8.0,14.07863229497972,1.124943496907412,1.4987484676663194,0.7534929354451887,,1.0
road,2,set_cal,2012-05-07,0.01,ScenarioCVaR,8.0,14.07863229497972,1.124943496907412,1.4987484676663194,0.7534929354451887,,1.0
road,2,set_cal,2012-05-07,0.01,RiskFirst,8.0,1.6823390350024428,19.82109052334389,24.671768268367934,9.349221406457659,,1.0
road,2,set_cal,2012-05-07,0.01,TemporalContext2024,8.0,1.6823390350024428,19.82109052334389,24.671768268367934,9.349221406457666,,1.0
road,2,set_cal,2012-05-07,0.01,NetworkPropagation2024,8.0,1.6823390350024425,19.82109052334389,24.671768268367934,9.349221406457662,,1.0
road,2,set_cal,2012-05-07,0.01,CalibratedUncertainty2025,8.0,1.6823390350024425,19.821090523343894,24.671768268367934,9.349221406457655,,1.0
road,2,set_cal,2012-05-07,0.01,MappedPTO2026,8.0,1.6823390350024428,19.82109052334389,24.671768268367934,9.349221406457662,,1.0
road,2,set_cal,2012-05-07,0.01,GroupAware2025,8.0,1.6823390350024428,19.82109052334389,24.671768268367934,9.349221406457659,,1.0
road,2,set_cal,2012-05-07,0.01,RobustImprovement2025,8.0,1.3744724870810248,19.04977467999394,23.78031674992616,9.136178325830848,,1.0
road,2,set_cal,2012-05-07,0.03,StructuralRobust,25.0,47.27892986243022,39.763557848243956,51.218677726394624,22.57591147559939,0.0,1.0
road,2,set_cal,2012-05-07,0.03,ExpectedActionValue,25.0,30.477721761960318,2.9657344571452406,3.9382977351353907,1.9842522083640923,,1.0
road,2,set_cal,2012-05-07,0.03,PointwiseWorstAction,25.0,30.392406277890956,2.9589337877778576,3.9314970657680086,1.9842522083640932,,1.0
road,2,set_cal,2012-05-07,0.03,ScenarioCVaR,25.0,30.46170112117159,2.806276756018443,3.6962553902800543,1.8405896599255724,,1.0
road,2,set_cal,2012-05-07,0.03,RiskFirst,25.0,3.4934640297094246,38.59508332669149,49.653400003372624,21.78734755138028,,1.0
road,2,set_cal,2012-05-07,0.03,TemporalContext2024,25.0,3.7437897965513818,39.69805255390901,51.11950593234758,22.50428121328583,,1.0
road,2,set_cal,2012-05-07,0.03,NetworkPropagation2024,25.0,3.7437897965513818,39.69805255390902,51.11950593234758,22.50428121328582,,1.0
road,2,set_cal,2012-05-07,0.03,CalibratedUncertainty2025,25.0,3.781907412236052,38.40242781295852,49.36331989508755,21.590324423338856,,1.0
road,2,set_cal,2012-05-07,0.03,MappedPTO2026,25.0,3.6445940635437366,39.763557848243956,51.218677726394624,22.57591147559939,,1.0
road,2,set_cal,2012-05-07,0.03,GroupAware2025,25.0,3.4934640297094246,38.595083326691494,49.65340000337263,21.78734755138027,,1.0
road,2,set_cal,2012-05-07,0.03,RobustImprovement2025,25.0,3.759673315122886,39.522282550202036,50.86938822972377,22.34934328256216,,1.0
road,2,set_cal,2012-05-07,0.05,StructuralRobust,41.0,60.86723860137283,47.886468542698815,62.4607993418291,28.939980586655928,0.0,1.0
road,2,set_cal,2012-05-07,0.05,ExpectedActionValue,41.0,42.11949129285339,4.549001715021705,6.143833998578962,3.092569521291554,,1.0
road,2,set_cal,2012-05-07,0.05,PointwiseWorstAction,41.0,42.08906155939677,4.442662838987427,5.971868388155167,2.996136360052181,,1.0
road,2,set_cal,2012-05-07,0.05,ScenarioCVaR,41.0,42.119491292853404,4.549001715021704,6.143833998578962,3.092569521291555,,1.0
road,2,set_cal,2012-05-07,0.05,RiskFirst,41.0,7.108798587743644,46.78704689810734,61.02137126060655,28.29322634530505,,1.0
road,2,set_cal,2012-05-07,0.05,TemporalContext2024,41.0,6.776130860722869,47.80427918693506,62.368821363110705,28.962907903867887,,1.0
road,2,set_cal,2012-05-07,0.05,NetworkPropagation2024,41.0,6.71423322557284,48.03465193315816,62.67008133733242,29.066583256145236,,1.0
road,2,set_cal,2012-05-07,0.05,CalibratedUncertainty2025,41.0,7.041333137070844,47.10478188771355,61.416648407057096,28.438029651372922,,1.0
road,2,set_cal,2012-05-07,0.05,MappedPTO2026,41.0,7.1869131600513985,47.84980613503612,62.422544012631235,28.974217381847012,,1.0
road,2,set_cal,2012-05-07,0.05,GroupAware2025,41.0,7.164933234359702,47.271698625301774,61.67917086402342,28.660359746038957,,1.0
road,2,set_cal,2012-05-07,0.05,RobustImprovement2025,41.0,6.240006015753859,48.709805961529504,63.556682265372736,29.54395808162149,,1.0
road,2,set_cal,2012-05-07,0.1,StructuralRobust,83.0,27.394201218344136,63.12805196556294,84.05375631646288,42.17914177528316,0.0,1.0
road,2,set_cal,2012-05-07,0.1,ExpectedActionValue,83.0,64.79067068072133,10.165979107334593,13.81542200879858,7.2362161793969015,,1.0
road,2,set_cal,2012-05-07,0.1,PointwiseWorstAction,83.0,64.78732328600852,10.183970022848102,13.806859863993827,7.131895485463771,,1.0
road,2,set_cal,2012-05-07,0.1,ScenarioCVaR,83.0,64.83386875373141,10.11756406928907,13.749301178199833,7.216385691737294,,1.0
road,2,set_cal,2012-05-07,0.1,RiskFirst,83.0,16.908164508664743,62.483744351980164,83.1381937187059,41.58504118388794,,1.0
road,2,set_cal,2012-05-07,0.1,TemporalContext2024,83.0,16.858928967058453,62.94046926564261,83.74961535756502,41.82091024148668,,1.0
road,2,set_cal,2012-05-07,0.1,NetworkPropagation2024,83.0,16.927928210467943,63.00624883576874,83.86317356041742,42.02270106875509,,1.0
road,2,set_cal,2012-05-07,0.1,CalibratedUncertainty2025,83.0,18.248890598291545,62.44236677045641,83.06086224321277,41.48316595517371,,1.0
road,2,set_cal,2012-05-07,0.1,MappedPTO2026,83.0,16.94855952686024,62.4429997289506,83.07925297932101,41.54668450685873,,1.0
road,2,set_cal,2012-05-07,0.1,GroupAware2025,83.0,17.09978698617616,62.69025029491417,83.37998190464566,41.646849418729396,,1.0
road,2,set_cal,2012-05-07,0.1,RobustImprovement2025,83.0,17.42687331163004,63.12805196556294,84.05375631646288,42.17914177528316,,1.0
road,2,set_cal,2012-05-07,0.2,StructuralRobust,166.0,55.70002726911311,84.09615811309182,113.97821764097424,60.714860318496605,0.0,1.0
road,2,set_cal,2012-05-07,0.2,ExpectedActionValue,166.0,92.09915925414433,28.06847210853119,36.807017115175675,17.328286557166074,,1.0
road,2,set_cal,2012-05-07,0.2,PointwiseWorstAction,166.0,92.12267911902758,28.277074618365933,37.128736254562526,17.531685827454627,,1.0
road,2,set_cal,2012-05-07,0.2,ScenarioCVaR,166.0,92.1331178257486,32.76112142862635,42.381981906690136,18.930963824911707,,1.0
road,2,set_cal,2012-05-07,0.2,RiskFirst,166.0,34.853621389668724,82.96971693171389,112.59335922003967,60.286359081033964,,1.0
road,2,set_cal,2012-05-07,0.2,TemporalContext2024,166.0,31.492164674274772,82.73008178404541,112.04048968647065,59.49288876456478,,1.0
road,2,set_cal,2012-05-07,0.2,NetworkPropagation2024,166.0,32.569780836260236,83.73297690145435,113.61363471064813,60.681493583082585,,1.0
road,2,set_cal,2012-05-07,0.2,CalibratedUncertainty2025,166.0,33.05974876655423,83.6879895639315,113.31594837635411,60.010085236407235,,1.0
road,2,set_cal,2012-05-07,0.2,MappedPTO2026,166.0,34.12679812860271,82.83074115823699,112.18709643433507,59.598254642157386,,1.0
road,2,set_cal,2012-05-07,0.2,GroupAware2025,166.0,32.93926177958349,83.38819063768169,113.08336442233461,60.39804429909323,,1.0
road,2,set_cal,2012-05-07,0.2,RobustImprovement2025,166.0,34.10280075190895,84.10969737426595,114.30463866670543,61.470567454909286,,1.0
road,2,set_cal,2012-05-08,0.01,StructuralRobust,8.0,7.392841300049703,25.995329927181846,31.797038598653707,11.057179616654022,0.0,1.0
road,2,set_cal,2012-05-08,0.01,ExpectedActionValue,8.0,15.987945755766326,1.9138412435715988,2.5488025802591117,1.272414281317981,,1.0
road,2,set_cal,2012-05-08,0.01,PointwiseWorstAction,8.0,15.987945755766326,1.9138412435715988,2.5488025802591117,1.272414281317981,,1.0
road,2,set_cal,2012-05-08,0.01,ScenarioCVaR,8.0,15.987945755766326,1.9138412435715988,2.5488025802591117,1.272414281317981,,1.0
road,2,set_cal,2012-05-08,0.01,RiskFirst,8.0,2.4543809624890964,22.681061312539327,27.907340869109824,10.02050974168337,,1.0
road,2,set_cal,2012-05-08,0.01,TemporalContext2024,8.0,2.4543809624890964,22.681061312539327,27.907340869109824,10.02050974168337,,1.0
road,2,set_cal,2012-05-08,0.01,NetworkPropagation2024,8.0,2.256704048535136,22.227253480720027,27.459040515308043,10.044027471098428,,1.0
road,2,set_cal,2012-05-08,0.01,CalibratedUncertainty2025,8.0,2.454380962489097,22.681061312539335,27.907340869109824,10.020509741683362,,1.0
road,2,set_cal,2012-05-08,0.01,MappedPTO2026,8.0,2.4543809624890964,22.681061312539327,27.907340869109824,10.02050974168337,,1.0
road,2,set_cal,2012-05-08,0.01,GroupAware2025,8.0,2.4543809624890964,22.68106131253933,27.907340869109824,10.020509741683366,,1.0
road,2,set_cal,2012-05-08,0.01,RobustImprovement2025,8.0,2.3547530406185055,23.143031961559025,28.62145406584937,10.514373338695371,,1.0
road,2,set_cal,2012-05-08,0.03,StructuralRobust,25.0,51.72615973647642,50.29091026868616,63.742823277569535,26.275320639506702,0.0,1.0
road,2,set_cal,2012-05-08,0.03,ExpectedActionValue,25.0,33.4068124798109,5.966558527228298,8.014607338060793,4.162017864006686,,1.0
road,2,set_cal,2012-05-08,0.03,PointwiseWorstAction,25.0,33.46508188076007,5.972128787495391,8.020177598327887,4.162017864006687,,1.0
road,2,set_cal,2012-05-08,0.03,ScenarioCVaR,25.0,33.465081880760074,5.972128787495391,8.020177598327887,4.162017864006687,,1.0
road,2,set_cal,2012-05-08,0.03,RiskFirst,25.0,5.3232981313021,50.290910268686154,63.742823277569535,26.27532063950671,,1.0
road,2,set_cal,2012-05-08,0.03,TemporalContext2024,25.0,5.756861100624917,50.02106162443386,63.357597977971956,26.035535265768026,,1.0
road,2,set_cal,2012-05-08,0.03,NetworkPropagation2024,25.0,5.844268024598691,50.00835191381703,63.38451305888144,26.128412275625884,,1.0
road,2,set_cal,2012-05-08,0.03,CalibratedUncertainty2025,25.0,5.012056792628593,49.169963395877815,62.30877216327197,25.66671248771965,,1.0
road,2,set_cal,2012-05-08,0.03,MappedPTO2026,25.0,5.3232981313021,50.29091026868616,63.742823277569535,26.275320639506702,,1.0
road,2,set_cal,2012-05-08,0.03,GroupAware2025,25.0,5.3232981313021,50.29091026868617,63.742823277569535,26.275320639506695,,1.0
road,2,set_cal,2012-05-08,0.03,RobustImprovement2025,25.0,5.743908845143271,48.70000302418994,61.74284570773097,25.49281884363296,,1.0
road,2,set_cal,2012-05-08,0.05,StructuralRobust,41.0,66.78072321226873,66.52760397595966,85.38709908662257,37.13895371342086,0.0,1.0
road,2,set_cal,2012-05-08,0.05,ExpectedActionValue,41.0,44.847502878126335,12.460141600318325,16.17994220985522,7.401231442882276,,1.0
road,2,set_cal,2012-05-08,0.05,PointwiseWorstAction,41.0,44.89639293470936,12.379637096782332,16.041463801448508,7.30837944834499,,1.0
road,2,set_cal,2012-05-08,0.05,ScenarioCVaR,41.0,44.88419577868173,12.375918965983209,16.037745670649382,7.308379448344985,,1.0
road,2,set_cal,2012-05-08,0.05,RiskFirst,41.0,11.64264925873169,65.92308523704925,84.6228806128912,36.843040221252124,,1.0
road,2,set_cal,2012-05-08,0.05,TemporalContext2024,41.0,11.749555365210709,66.82623284697188,85.78661179639616,37.339793378286586,,1.0
road,2,set_cal,2012-05-08,0.05,NetworkPropagation2024,41.0,11.759117646674984,66.63712873289431,85.54708051834902,37.24601947486583,,1.0
road,2,set_cal,2012-05-08,0.05,CalibratedUncertainty2025,41.0,11.142464599602212,68.03047465230668,87.26709922014554,37.86746463014099,,1.0
road,2,set_cal,2012-05-08,0.05,MappedPTO2026,41.0,11.62077441327682,65.81356048011459,84.46289918116476,36.73597445980717,,1.0
road,2,set_cal,2012-05-08,0.05,GroupAware2025,41.0,11.593188696295515,65.4251953553501,83.98065633141422,36.565627620305264,,1.0
road,2,set_cal,2012-05-08,0.05,RobustImprovement2025,41.0,11.083323611031465,64.86854827061903,83.31614304025884,36.363385625345174,,1.0
road,2,set_cal,2012-05-08,0.1,StructuralRobust,83.0,30.98408498825151,92.78660257094222,121.68158356588306,57.6697319397326,0.0,1.0
road,2,set_cal,2012-05-08,0.1,ExpectedActionValue,83.0,67.16858661479189,24.377389455028915,31.5461224908617,14.148387186443689,,1.0
road,2,set_cal,2012-05-08,0.1,PointwiseWorstAction,83.0,67.22528721632723,25.308163797628165,32.79070884564864,14.791976581361926,,1.0
road,2,set_cal,2012-05-08,0.1,ScenarioCVaR,83.0,67.22528721632725,25.30816379762817,32.79070884564864,14.791976581361915,,1.0
road,2,set_cal,2012-05-08,0.1,RiskFirst,83.0,19.106026255316724,91.8146080980508,120.44358956137164,57.206726073327616,,1.0
road,2,set_cal,2012-05-08,0.1,TemporalContext2024,83.0,17.63790607927887,91.4098183166256,119.91163472519334,56.91044877855964,,1.0
road,2,set_cal,2012-05-08,0.1,NetworkPropagation2024,83.0,18.010426517090064,91.4962626914603,120.04341291736002,57.02310312402712,,1.0
road,2,set_cal,2012-05-08,0.1,CalibratedUncertainty2025,83.0,16.94205812691634,91.47601973641284,119.89592000793417,56.74447616645435,,1.0
road,2,set_cal,2012-05-08,0.1,MappedPTO2026,83.0,19.106026255316724,91.81460809805081,120.44358956137164,57.20672607332763,,1.0
road,2,set_cal,2012-05-08,0.1,GroupAware2025,83.0,18.993659061753885,91.57220371857018,120.13927762147196,57.09160619452926,,1.0
road,2,set_cal,2012-05-08,0.1,RobustImprovement2025,83.0,18.950228514825135,92.78660257094222,121.68158356588306,57.6697319397326,,1.0
road,2,set_cal,2012-05-08,0.2,StructuralRobust,166.0,65.58612233621216,122.75281615801586,163.92754746389664,83.07108511594794,0.0,1.0
road,2,set_cal,2012-05-08,0.2,ExpectedActionValue,166.0,94.94449868575353,54.992552357107556,70.88718900038727,31.324059846778937,,1.0
road,2,set_cal,2012-05-08,0.2,PointwiseWorstAction,166.0,95.00812593179595,52.91187331978624,68.22945343338525,30.18345284313054,,1.0
road,2,set_cal,2012-05-08,0.2,ScenarioCVaR,166.0,94.9576309844175,52.79444065461357,68.04723675832061,30.071674997748218,,1.0
road,2,set_cal,2012-05-08,0.2,RiskFirst,166.0,33.911361687766984,122.67141232157297,164.00024832974282,83.42267457788705,,1.0
road,2,set_cal,2012-05-08,0.2,TemporalContext2024,166.0,33.53416056638767,122.18514425482911,163.1606043365523,82.60867324088957,,1.0
road,2,set_cal,2012-05-08,0.2,NetworkPropagation2024,166.0,33.75957885627683,121.89677069350138,162.8026095685969,82.5856506584821,,1.0
road,2,set_cal,2012-05-08,0.2,CalibratedUncertainty2025,166.0,33.544835760042965,120.93108372355326,161.09682759127494,80.74553824211023,,1.0
road,2,set_cal,2012-05-08,0.2,MappedPTO2026,166.0,33.91136168776698,122.67141232157299,164.0002483297428,83.42267457788707,,1.0
road,2,set_cal,2012-05-08,0.2,GroupAware2025,166.0,34.271973571098094,122.20924110943977,163.1896477680788,82.59653950409657,,1.0
road,2,set_cal,2012-05-08,0.2,RobustImprovement2025,166.0,34.43797319767832,121.98077819390001,163.0192844600403,82.77723270206077,,1.0
road,2,set_cal,2012-05-09,0.01,StructuralRobust,8.0,7.169105853171672,19.9416945727958,24.829990487867285,9.406490104072041,0.0,1.0
road,2,set_cal,2012-05-09,0.01,ExpectedActionValue,8.0,13.495679440116916,2.157198471268546,3.056507271257819,1.8472230142447836,,1.0
road,2,set_cal,2012-05-09,0.01,PointwiseWorstAction,8.0,13.495679440116916,2.1571984712685466,3.056507271257819,1.8472230142447832,,1.0
road,2,set_cal,2012-05-09,0.01,ScenarioCVaR,8.0,13.495679440116916,2.157198471268546,3.056507271257819,1.8472230142447836,,1.0
road,2,set_cal,2012-05-09,0.01,RiskFirst,8.0,4.058206330602038,21.914237095028408,27.18661286029448,10.117148991755716,,1.0
road,2,set_cal,2012-05-09,0.01,TemporalContext2024,8.0,4.309709742428831,20.533259514804254,25.533339550062635,9.628942046098853,,1.0
road,2,set_cal,2012-05-09,0.01,NetworkPropagation2024,8.0,3.5512428942773004,22.1515383769326,27.46967787465984,10.19966481552894,,1.0
road,2,set_cal,2012-05-09,0.01,CalibratedUncertainty2025,8.0,4.163768477483049,19.05053167269958,23.750428504471728,9.067879959984015,,1.0
road,2,set_cal,2012-05-09,0.01,MappedPTO2026,8.0,4.058206330602038,21.91423709502841,27.18661286029448,10.117148991755712,,1.0
road,2,set_cal,2012-05-09,0.01,GroupAware2025,8.0,4.058206330602038,21.914237095028408,27.18661286029448,10.117148991755716,,1.0
road,2,set_cal,2012-05-09,0.01,RobustImprovement2025,8.0,3.5512428942773004,22.151538376932603,27.46967787465984,10.199664815528944,,1.0
road,2,set_cal,2012-05-09,0.03,StructuralRobust,25.0,48.39081613386614,37.93556772643495,48.645665139967186,21.06442382326898,0.0,1.0
road,2,set_cal,2012-05-09,0.03,ExpectedActionValue,25.0,33.4083217032393,6.811927317291959,8.76785756317996,3.726770889663074,,1.0
road,2,set_cal,2012-05-09,0.03,PointwiseWorstAction,25.0,33.42237772742094,6.849856083243072,8.805786329131076,3.726770889663076,,1.0
road,2,set_cal,2012-05-09,0.03,ScenarioCVaR,25.0,33.4083217032393,6.811927317291959,8.76785756317996,3.726770889663076,,1.0
road,2,set_cal,2012-05-09,0.03,RiskFirst,25.0,6.502091378506665,39.901836319561376,51.06324211078054,21.909289328186972,,1.0
road,2,set_cal,2012-05-09,0.03,TemporalContext2024,25.0,6.504409417343978,40.12727906536653,51.307623555879374,21.92954046108739,,1.0
road,2,set_cal,2012-05-09,0.03,NetworkPropagation2024,25.0,6.493653493032481,40.733963077150115,52.21822850013882,22.560140598617174,,1.0
road,2,set_cal,2012-05-09,0.03,CalibratedUncertainty2025,25.0,6.558665389224443,39.594680212501146,50.6535635960892,21.705790648155826,,1.0
road,2,set_cal,2012-05-09,0.03,MappedPTO2026,25.0,6.311885937890957,37.93556772643495,48.645665139967186,21.06442382326898,,1.0
road,2,set_cal,2012-05-09,0.03,GroupAware2025,25.0,6.501805803619817,39.814818242925874,50.9440498704735,21.843928414188092,,1.0
road,2,set_cal,2012-05-09,0.03,RobustImprovement2025,25.0,6.402372548689678,38.77571004592064,49.71948875696863,21.51369660103638,,1.0
road,2,set_cal,2012-05-09,0.05,StructuralRobust,41.0,61.67146042651673,53.67398704222645,69.620751111189,31.587085944739833,0.0,1.0
road,2,set_cal,2012-05-09,0.05,ExpectedActionValue,41.0,44.94432571128657,12.678317516523393,15.979893476987424,6.355260012858846,,1.0
road,2,set_cal,2012-05-09,0.05,PointwiseWorstAction,41.0,44.98870374011023,12.841325594587836,16.23415274528919,6.542183390679508,,1.0
road,2,set_cal,2012-05-09,0.05,ScenarioCVaR,41.0,44.996580659270435,12.795563547012462,16.188390697713817,6.54218339067951,,1.0
road,2,set_cal,2012-05-09,0.05,RiskFirst,41.0,8.187745364484016,52.8946508906021,68.65320627035167,31.237573828340196,,1.0
road,2,set_cal,2012-05-09,0.05,TemporalContext2024,41.0,7.61523768652113,52.63499896717509,68.32461813188073,31.11111677632759,,1.0
road,2,set_cal,2012-05-09,0.05,NetworkPropagation2024,41.0,8.187745364484016,52.8946508906021,68.65320627035167,31.237573828340196,,1.0
road,2,set_cal,2012-05-09,0.05,CalibratedUncertainty2025,41.0,8.000958200964332,51.86880747395559,67.28146963306165,30.510101045572846,,1.0
road,2,set_cal,2012-05-09,0.05,MappedPTO2026,41.0,8.187745364484016,52.8946508906021,68.65320627035167,31.237573828340196,,1.0
road,2,set_cal,2012-05-09,0.05,GroupAware2025,41.0,8.304167653222253,52.84023494489775,68.57894977135375,31.19810296906629,,1.0
road,2,set_cal,2012-05-09,0.05,RobustImprovement2025,41.0,7.7040578884969335,52.57284815542274,68.1858811148571,30.93287441298495,,1.0
road,2,set_cal,2012-05-09,0.1,StructuralRobust,83.0,29.250062540078112,74.71542115848588,99.10471744938907,49.08278965396872,0.0,1.0
road,2,set_cal,2012-05-09,0.1,ExpectedActionValue,83.0,67.02228631807175,20.449229158199746,26.082986324839133,10.980715905815462,,1.0
road,2,set_cal,2012-05-09,0.1,PointwiseWorstAction,83.0,67.10811357793762,20.743782305605176,26.523662896637152,11.332791272544068,,1.0
road,2,set_cal,2012-05-09,0.1,ScenarioCVaR,83.0,67.1547994968969,20.742716422381083,26.522597013413066,11.332791272544068,,1.0
road,2,set_cal,2012-05-09,0.1,RiskFirst,83.0,17.53001180391749,75.32367079404061,99.86101065428144,49.331505850440536,,1.0
road,2,set_cal,2012-05-09,0.1,TemporalContext2024,83.0,17.024653019991934,74.72708489684952,99.08205636906209,48.93068018422241,,1.0
road,2,set_cal,2012-05-09,0.1,NetworkPropagation2024,83.0,16.45659137839301,74.68781727885762,99.05546579725271,49.01924137127274,,1.0
road,2,set_cal,2012-05-09,0.1,CalibratedUncertainty2025,83.0,17.319938859194654,73.73708399590828,97.76800825775683,48.28919100047753,,1.0
road,2,set_cal,2012-05-09,0.1,MappedPTO2026,83.0,15.752026213335661,75.2491888514052,99.77911149997783,49.32691369530201,,1.0
road,2,set_cal,2012-05-09,0.1,GroupAware2025,83.0,16.106000010044035,74.73875064398626,99.03305552838097,48.78502867858356,,1.0
road,2,set_cal,2012-05-09,0.1,RobustImprovement2025,83.0,15.6312400602826,74.71542115848588,99.10471744938907,49.08278965396872,,1.0
road,2,set_cal,2012-05-09,0.2,StructuralRobust,166.0,58.7571781639257,103.21065883510722,139.43554972125716,73.60848622906404,0.0,1.0
road,2,set_cal,2012-05-09,0.2,ExpectedActionValue,166.0,90.70955705577295,42.523861411141645,54.53771349519945,23.53351926493236,,1.0
road,2,set_cal,2012-05-09,0.2,PointwiseWorstAction,166.0,90.72420054054382,39.536179726967504,50.708141621631704,21.92107253971563,,1.0
road,2,set_cal,2012-05-09,0.2,ScenarioCVaR,166.0,90.71033311121634,40.7276152054531,52.274497526003934,22.60794835174103,,1.0
road,2,set_cal,2012-05-09,0.2,RiskFirst,166.0,30.025041181115935,102.52586654952812,138.6209099399886,73.4201282989013,,1.0
road,2,set_cal,2012-05-09,0.2,TemporalContext2024,166.0,29.30812057674573,102.42180696824711,138.60096340120202,73.52836511121829,,1.0
road,2,set_cal,2012-05-09,0.2,NetworkPropagation2024,166.0,29.789346147100073,102.6869511858739,138.90399399939923,73.6728457789652,,1.0
road,2,set_cal,2012-05-09,0.2,CalibratedUncertainty2025,166.0,30.49714566834699,102.14391530919967,137.89675057276682,72.57170086897726,,1.0
road,2,set_cal,2012-05-09,0.2,MappedPTO2026,166.0,30.616556304504385,102.18766817684994,138.16394174613455,73.15521337166874,,1.0
road,2,set_cal,2012-05-09,0.2,GroupAware2025,166.0,31.095196898511652,102.76087645444917,138.81038547874593,73.25142159203241,,1.0
road,2,set_cal,2012-05-09,0.2,RobustImprovement2025,166.0,30.309975619584577,102.36893500501655,138.42967559216422,73.3429996844451,,1.0
road,2,test,2012-05-10,0.01,StructuralRobust,8.0,6.20705673134228,14.517086501994969,18.50050359143605,7.762137755693095,0.0,1.0
road,2,test,2012-05-10,0.01,ExpectedActionValue,8.0,17.078340508239286,2.1412291689843928,3.0542624592995944,1.8261496818660206,,1.0
road,2,test,2012-05-10,0.01,PointwiseWorstAction,8.0,17.078340508239286,2.1412291689843928,3.0542624592995944,1.8261496818660206,,1.0
road,2,test,2012-05-10,0.01,ScenarioCVaR,8.0,17.078340508239286,2.1412291689843928,3.0542624592995944,1.8261496818660206,,1.0
road,2,test,2012-05-10,0.01,RiskFirst,8.0,2.3843843683666894,13.750489249499987,17.531816251439416,7.383242849258812,,1.0
road,2,test,2012-05-10,0.01,TemporalContext2024,8.0,2.3843843683666894,13.750489249499987,17.531816251439416,7.383242849258812,,1.0
road,2,test,2012-05-10,0.01,NetworkPropagation2024,8.0,2.3843843683666894,13.750489249499987,17.531816251439416,7.383242849258812,,1.0
road,2,test,2012-05-10,0.01,CalibratedUncertainty2025,8.0,1.9223198702084243,13.371962725075488,17.07923724361154,7.249177822003205,,1.0
road,2,test,2012-05-10,0.01,MappedPTO2026,8.0,2.3843843683666894,13.750489249499987,17.531816251439416,7.383242849258812,,1.0
road,2,test,2012-05-10,0.01,GroupAware2025,8.0,2.3843843683666894,13.750489249499987,17.531816251439416,7.383242849258812,,1.0
road,2,test,2012-05-10,0.01,RobustImprovement2025,8.0,2.3843843683666894,13.750489249499987,17.531816251439416,7.383242849258812,,1.0
road,2,test,2012-05-10,0.03,StructuralRobust,25.0,40.53433422823686,30.007980480151755,39.078786075230184,17.930820220541467,0.0,1.0
road,2,test,2012-05-10,0.03,ExpectedActionValue,25.0,36.21099654829217,4.024687492505357,5.562694784592582,2.951150429154552,,1.0
road,2,test,2012-05-10,0.03,PointwiseWorstAction,25.0,36.28171099313392,4.0974985238901,5.691165987888405,3.0801514989897347,,1.0
road,2,test,2012-05-10,0.03,ScenarioCVaR,25.0,36.28171099313392,4.0974985238901,5.691165987888405,3.0801514989897347,,1.0
road,2,test,2012-05-10,0.03,RiskFirst,25.0,4.916464171710071,30.007980480151755,39.07878607523018,17.93082022054146,,1.0
road,2,test,2012-05-10,0.03,TemporalContext2024,25.0,5.07024397042131,30.179484216918937,39.31132098705528,18.05414314263868,,1.0
road,2,test,2012-05-10,0.03,NetworkPropagation2024,25.0,4.711183870837993,30.156743285726925,39.266895574160614,18.00555781092995,,1.0
road,2,test,2012-05-10,0.03,CalibratedUncertainty2025,25.0,4.672995589462442,28.852650342270646,37.51231352920986,17.073063485619432,,1.0
road,2,test,2012-05-10,0.03,MappedPTO2026,25.0,4.916464171710072,30.007980480151755,39.078786075230184,17.930820220541467,,1.0
road,2,test,2012-05-10,0.03,GroupAware2025,25.0,4.916464171710071,30.007980480151755,39.07878607523018,17.930820220541467,,1.0
road,2,test,2012-05-10,0.03,RobustImprovement2025,25.0,4.503928783774709,27.881024425339135,36.48396050030782,17.038972310484255,,1.0
road,2,test,2012-05-10,0.05,StructuralRobust,41.0,56.55280111694969,39.52633437428122,52.26330295604503,25.468281985040022,0.0,1.0
road,2,test,2012-05-10,0.05,ExpectedActionValue,41.0,47.31014923254732,9.380245468755527,12.274565928096214,5.55546346671114,,1.0
road,2,test,2012-05-10,0.05,PointwiseWorstAction,41.0,47.37531288987043,9.313096138151048,12.168689400459813,5.431647062265776,,1.0
road,2,test,2012-05-10,0.05,ScenarioCVaR,41.0,47.3844479246672,9.479376251752479,12.421538500164658,5.616218998491522,,1.0
road,2,test,2012-05-10,0.05,RiskFirst,41.0,6.237767023183972,39.5248277465989,52.277296471553846,25.506856238836335,,1.0
road,2,test,2012-05-10,0.05,TemporalContext2024,41.0,6.294380991053084,39.569407699093986,52.33195449982422,25.525907938522238,,1.0
road,2,test,2012-05-10,0.05,NetworkPropagation2024,41.0,6.201056752788934,39.39932544223412,52.112936087358754,25.43224463033065,,1.0
road,2,test,2012-05-10,0.05,CalibratedUncertainty2025,41.0,6.435012072420684,39.50640864862419,52.244480058477336,25.446455910972617,,1.0
road,2,test,2012-05-10,0.05,MappedPTO2026,41.0,6.276026483049495,39.55856546811395,52.334094795877995,25.558723748506473,,1.0
road,2,test,2012-05-10,0.05,GroupAware2025,41.0,7.000358558286277,39.26124409695006,51.89424977417019,25.224552324603316,,1.0
road,2,test,2012-05-10,0.05,RobustImprovement2025,41.0,5.861920421808585,39.9624705910764,52.89117715135246,25.8573355665474,,1.0
road,2,test,2012-05-10,0.1,StructuralRobust,83.0,25.809171360415046,56.619183640247115,76.5576389680945,40.31339051644569,0.0,1.0
road,2,test,2012-05-10,0.1,ExpectedActionValue,83.0,67.67968930163502,16.392761030385714,21.370853400275422,9.503341939195202,,1.0
road,2,test,2012-05-10,0.1,PointwiseWorstAction,83.0,67.72307616560936,16.379382024895218,21.357474394784923,9.503341939195199,,1.0
road,2,test,2012-05-10,0.1,ScenarioCVaR,83.0,67.72307616560937,16.379382024895218,21.357474394784923,9.503341939195199,,1.0
road,2,test,2012-05-10,0.1,RiskFirst,83.0,18.416290932686547,57.08932667828796,77.17821958961915,40.625623515366925,,1.0
road,2,test,2012-05-10,0.1,TemporalContext2024,83.0,18.192734706523098,57.018062891134015,77.09745194557149,40.6151385744617,,1.0
road,2,test,2012-05-10,0.1,NetworkPropagation2024,83.0,18.202572351135615,57.10674669507293,77.2108138302131,40.66195304011582,,1.0
road,2,test,2012-05-10,0.1,CalibratedUncertainty2025,83.0,18.914160149541694,56.8204600666435,76.68214356403728,40.12430150411728,,1.0
road,2,test,2012-05-10,0.1,MappedPTO2026,83.0,18.658125078975768,56.670660449906705,76.54410159663493,40.175486503598904,,1.0
road,2,test,2012-05-10,0.1,GroupAware2025,83.0,18.9101796906297,56.74425465470044,76.68064369528126,40.247585059832346,,1.0
road,2,test,2012-05-10,0.1,RobustImprovement2025,83.0,18.577963517717986,56.619183640247115,76.5576389680945,40.31339051644569,,1.0
road,2,test,2012-05-10,0.2,StructuralRobust,166.0,52.09953524813378,76.27645578188381,104.43157343280552,56.99836518685308,0.0,1.0
road,2,test,2012-05-10,0.2,ExpectedActionValue,166.0,91.07989258873714,32.31734256265759,42.373486418133474,19.66956461641476,,1.0
road,2,test,2012-05-10,0.2,PointwiseWorstAction,166.0,91.09347281511062,32.292106430431446,42.34825028590732,19.66956461641476,,1.0
road,2,test,2012-05-10,0.2,ScenarioCVaR,166.0,91.10467877555872,31.39991474053298,41.13615528306449,19.03054328449443,,1.0
road,2,test,2012-05-10,0.2,RiskFirst,166.0,36.566055105119936,75.92627563884606,103.99481228466178,56.829762578145974,,1.0
road,2,test,2012-05-10,0.2,TemporalContext2024,166.0,34.22718972272955,75.81988682386888,103.77699151151853,56.61321320127347,,1.0
road,2,test,2012-05-10,0.2,NetworkPropagation2024,166.0,36.14456343295013,76.14458328230572,104.24894031053078,56.94448513930979,,1.0
road,2,test,2012-05-10,0.2,CalibratedUncertainty2025,166.0,35.8561600441123,76.30564772861611,104.29815940269101,56.6598982646306,,1.0
road,2,test,2012-05-10,0.2,MappedPTO2026,166.0,38.06717846672431,75.936511103971,104.00504774978674,56.829762578146116,,1.0
road,2,test,2012-05-10,0.2,GroupAware2025,166.0,35.91846270559515,76.47850940350735,104.76039309002748,57.34706365108168,,1.0
road,2,test,2012-05-10,0.2,RobustImprovement2025,166.0,36.475173297442915,76.00155334375755,104.17866920563834,56.99785845718624,,1.0
road,2,test,2012-05-11,0.01,StructuralRobust,8.0,6.19665108305932,13.857998589259473,17.522484445037513,7.129263888175721,0.0,1.0
road,2,test,2012-05-11,0.01,ExpectedActionValue,8.0,16.404027601392468,4.159693700559026,5.573924082662259,2.7689264090969985,,1.0
road,2,test,2012-05-11,0.01,PointwiseWorstAction,8.0,16.404027601392468,4.159693700559026,5.573924082662259,2.7689264090969985,,1.0
road,2,test,2012-05-11,0.01,ScenarioCVaR,8.0,16.404027601392468,4.159693700559026,5.573924082662259,2.7689264090969985,,1.0
road,2,test,2012-05-11,0.01,RiskFirst,8.0,1.3765756716687654,16.218529720012064,20.415407189744165,8.14063922478865,,1.0
road,2,test,2012-05-11,0.01,TemporalContext2024,8.0,1.1903716452559752,15.129785850537594,19.016418616765,7.540187847978203,,1.0
road,2,test,2012-05-11,0.01,NetworkPropagation2024,8.0,1.6241389975821632,17.598938035928764,22.10527198337385,8.732325555285584,,1.0
road,2,test,2012-05-11,0.01,CalibratedUncertainty2025,8.0,1.3765756716687652,16.218529720012064,20.415407189744165,8.140639224788647,,1.0
road,2,test,2012-05-11,0.01,MappedPTO2026,8.0,1.3765756716687654,16.218529720012064,20.415407189744165,8.14063922478865,,1.0
road,2,test,2012-05-11,0.01,GroupAware2025,8.0,1.3765756716687652,16.218529720012064,20.415407189744165,8.14063922478865,,1.0
road,2,test,2012-05-11,0.01,RobustImprovement2025,8.0,1.624138997582163,17.598938035928764,22.10527198337385,8.732325555285584,,1.0
road,2,test,2012-05-11,0.03,StructuralRobust,25.0,38.427537433683504,35.02995928378681,45.278627002524125,20.19868302205697,0.0,1.0
road,2,test,2012-05-11,0.03,ExpectedActionValue,25.0,34.660451926956426,5.948366054009983,8.016514588650889,4.064821104188794,,1.0
road,2,test,2012-05-11,0.03,PointwiseWorstAction,25.0,34.68643055746283,5.979945886245376,8.063542171624992,4.100681154140218,,1.0
road,2,test,2012-05-11,0.03,ScenarioCVaR,25.0,34.68643055746283,5.979945886245376,8.063542171624993,4.100681154140218,,1.0
road,2,test,2012-05-11,0.03,RiskFirst,25.0,3.4146100032813362,35.02995928378681,45.278627002524125,20.19868302205697,,1.0
road,2,test,2012-05-11,0.03,TemporalContext2024,25.0,3.2922261629938103,35.67105295892611,46.001594982816876,20.32343783233226,,1.0
road,2,test,2012-05-11,0.03,NetworkPropagation2024,25.0,3.6357952871168706,34.592187383249,44.656807421366736,19.77126048165048,,1.0
road,2,test,2012-05-11,0.03,CalibratedUncertainty2025,25.0,5.263744573818526,34.16336370923504,44.08130665135847,19.477785645434373,,1.0
road,2,test,2012-05-11,0.03,MappedPTO2026,25.0,3.4146100032813362,35.02995928378681,45.278627002524125,20.19868302205697,,1.0
road,2,test,2012-05-11,0.03,GroupAware2025,25.0,3.4146100032813362,35.02995928378681,45.278627002524125,20.19868302205697,,1.0
road,2,test,2012-05-11,0.03,RobustImprovement2025,25.0,3.136707554668658,32.83213046500691,42.51687438447605,19.119131264090015,,1.0
road,2,test,2012-05-11,0.05,StructuralRobust,41.0,52.75441964694318,47.63013624797256,62.311062709664824,29.126035376590067,0.0,1.0
road,2,test,2012-05-11,0.05,ExpectedActionValue,41.0,43.728931625870686,7.542639976301767,10.161061645021787,5.181450529434364,,1.0
road,2,test,2012-05-11,0.05,PointwiseWorstAction,41.0,43.746987110448174,7.420624261476879,9.960812990010414,4.992663069001695,,1.0
road,2,test,2012-05-11,0.05,ScenarioCVaR,41.0,43.730931920849585,7.465059662411665,10.005248390945201,4.992663069001695,,1.0
road,2,test,2012-05-11,0.05,RiskFirst,41.0,8.295993587158781,47.54044273195059,62.276867738385974,29.268187959813815,,1.0
road,2,test,2012-05-11,0.05,TemporalContext2024,41.0,8.12420799704265,46.637855905407065,61.07193863425429,28.655289654306358,,1.0
road,2,test,2012-05-11,0.05,NetworkPropagation2024,41.0,8.318601321987957,47.2988230229354,61.91054661281173,29.003291004751595,,1.0
road,2,test,2012-05-11,0.05,CalibratedUncertainty2025,41.0,8.281403557986527,46.54199038154133,61.00440150073808,28.740146014530204,,1.0
road,2,test,2012-05-11,0.05,MappedPTO2026,41.0,8.295993587158781,47.54044273195059,62.27686773838597,29.268187959813815,,1.0
road,2,test,2012-05-11,0.05,GroupAware2025,41.0,8.495946873575695,47.283737923604896,61.94002877136662,29.112272153679918,,1.0
road,2,test,2012-05-11,0.05,RobustImprovement2025,41.0,8.429430254676188,48.5468449066919,63.54714339381669,29.764702775157204,,1.0
road,2,test,2012-05-11,0.1,StructuralRobust,83.0,22.70842600007054,67.83506747420576,90.87652770608555,46.528892547999135,0.0,1.0
road,2,test,2012-05-11,0.1,ExpectedActionValue,83.0,58.020932674931565,21.126008685773186,27.239012809639327,11.84482770844339,,1.0
road,2,test,2012-05-11,0.1,PointwiseWorstAction,83.0,58.06511514591748,21.059672962508152,27.126846896597435,11.785633295349946,,1.0
road,2,test,2012-05-11,0.1,ScenarioCVaR,83.0,58.05267117302144,21.068263540534737,27.135437474624013,11.785633295349939,,1.0
road,2,test,2012-05-11,0.1,RiskFirst,83.0,17.885643161600708,68.48607526538639,91.5250000843549,46.46358985111782,,1.0
road,2,test,2012-05-11,0.1,TemporalContext2024,83.0,13.186722126102525,67.09202989146969,89.69288653028217,45.51736808536462,,1.0
road,2,test,2012-05-11,0.1,NetworkPropagation2024,83.0,13.26183824830454,67.64273405154199,90.39413207053676,45.75677173008201,,1.0
road,2,test,2012-05-11,0.1,CalibratedUncertainty2025,83.0,17.322507713322068,68.51760418686209,91.5778624765402,46.45601839784575,,1.0
road,2,test,2012-05-11,0.1,MappedPTO2026,83.0,14.5468199280338,67.69644747994403,90.60778636906534,46.24238004284389,,1.0
road,2,test,2012-05-11,0.1,GroupAware2025,83.0,17.7992419078775,68.63388708012774,91.6472896984377,46.37984963603657,,1.0
road,2,test,2012-05-11,0.1,RobustImprovement2025,83.0,13.416586223004762,67.83506747420576,90.87652770608555,46.528892547999135,,1.0
road,2,test,2012-05-11,0.2,StructuralRobust,166.0,44.89136849799826,86.95354399406537,117.12092980187523,60.67394999813942,0.0,1.0
road,2,test,2012-05-11,0.2,ExpectedActionValue,166.0,74.52924977300812,36.324263413064195,47.040233754917224,20.694554161750503,,1.0
road,2,test,2012-05-11,0.2,PointwiseWorstAction,166.0,74.60334183327663,36.132259909576625,46.727133448876955,20.522247342188457,,1.0
road,2,test,2012-05-11,0.2,ScenarioCVaR,166.0,74.60334183327666,36.13225990957664,46.727133448876955,20.522247342188443,,1.0
road,2,test,2012-05-11,0.2,RiskFirst,166.0,30.806583876931217,88.47772677773592,119.26940264096645,61.89614964646931,,1.0
road,2,test,2012-05-11,0.2,TemporalContext2024,166.0,30.300088119427688,87.42188390276614,117.97413527685876,61.5743633447034,,1.0
road,2,test,2012-05-11,0.2,NetworkPropagation2024,166.0,32.03786950684557,87.36755579148237,117.91848940048797,61.43378502605353,,1.0
road,2,test,2012-05-11,0.2,CalibratedUncertainty2025,166.0,30.469222803214922,87.93928760939865,118.6382120293707,61.724178803533405,,1.0
road,2,test,2012-05-11,0.2,MappedPTO2026,166.0,30.563308285770905,88.40950184176405,119.15877244963902,61.75917224040482,,1.0
road,2,test,2012-05-11,0.2,GroupAware2025,166.0,29.387581814603706,88.07471158285533,118.48253218116072,61.051965351739724,,1.0
road,2,test,2012-05-11,0.2,RobustImprovement2025,166.0,32.36577219961926,87.82156569515882,118.60128785647835,61.77709118824549,,1.0
road,2,test,2012-05-14,0.01,StructuralRobust,8.0,6.829012876552615,14.291921471787855,18.379937234522036,8.019961547724122,0.0,1.0
road,2,test,2012-05-14,0.01,ExpectedActionValue,8.0,17.277507337082625,2.2628758176751855,3.2889446075743716,2.1431008926789,,1.0
road,2,test,2012-05-14,0.01,PointwiseWorstAction,8.0,17.277507337082625,2.2628758176751855,3.288944607574372,2.1431008926789,,1.0
road,2,test,2012-05-14,0.01,ScenarioCVaR,8.0,17.277507337082625,2.2628758176751855,3.288944607574372,2.1431008926789,,1.0
road,2,test,2012-05-14,0.01,RiskFirst,8.0,1.589802131008916,13.313291411658838,17.167359746097002,7.580659194590879,,1.0
road,2,test,2012-05-14,0.01,TemporalContext2024,8.0,1.589802131008916,13.313291411658838,17.167359746097002,7.580659194590883,,1.0
road,2,test,2012-05-14,0.01,NetworkPropagation2024,8.0,1.673967485334365,13.86123915980398,17.82179307774553,7.771399684560919,,1.0
road,2,test,2012-05-14,0.01,CalibratedUncertainty2025,8.0,1.8596726196199596,12.309203277836993,15.882247534639882,6.99834487857126,,1.0
road,2,test,2012-05-14,0.01,MappedPTO2026,8.0,1.53338254350995,12.799757620274484,16.48233925339344,7.240912530074851,,1.0
road,2,test,2012-05-14,0.01,GroupAware2025,8.0,1.589802131008916,13.313291411658838,17.167359746097002,7.580659194590879,,1.0
road,2,test,2012-05-14,0.01,RobustImprovement2025,8.0,1.9688968229457915,13.905961680193053,17.875972075889575,7.788390988292617,,1.0
road,2,test,2012-05-14,0.03,StructuralRobust,25.0,44.0907551034106,28.400909491555588,37.19475436439142,17.382997345699245,0.0,1.0
road,2,test,2012-05-14,0.03,ExpectedActionValue,25.0,37.481401667838526,4.198122925418411,5.65516693294649,2.9485784435997777,,1.0
road,2,test,2012-05-14,0.03,PointwiseWorstAction,25.0,37.481401667838526,4.198122925418412,5.65516693294649,2.948578443599777,,1.0
road,2,test,2012-05-14,0.03,ScenarioCVaR,25.0,37.481401667838526,4.198122925418411,5.65516693294649,2.9485784435997777,,1.0
road,2,test,2012-05-14,0.03,RiskFirst,25.0,4.08628132705127,29.24005221274519,38.26353483390688,17.847167062192113,,1.0
road,2,test,2012-05-14,0.03,TemporalContext2024,25.0,4.281681059121863,31.94351560443818,41.48561479549796,18.793281168728786,,1.0
road,2,test,2012-05-14,0.03,NetworkPropagation2024,25.0,4.411418446378839,31.873380519233468,41.48419576086427,19.005587811481245,,1.0
road,2,test,2012-05-14,0.03,CalibratedUncertainty2025,25.0,4.216199530825891,29.356837290271873,38.49745260398514,18.152135653677593,,1.0
road,2,test,2012-05-14,0.03,MappedPTO2026,25.0,3.9068365835216103,28.273074262864014,37.00265885935295,17.247218136147403,,1.0
road,2,test,2012-05-14,0.03,GroupAware2025,25.0,4.111913874816158,29.31147738468414,38.339217127119454,17.849062547343593,,1.0
road,2,test,2012-05-14,0.03,RobustImprovement2025,25.0,4.198039234454078,29.078333222070366,38.114702963112315,17.94035506038723,,1.0
road,2,test,2012-05-14,0.05,StructuralRobust,41.0,58.242826362170945,44.281551095758886,58.220045475709114,27.701524710013544,0.0,1.0
road,2,test,2012-05-14,0.05,ExpectedActionValue,41.0,50.30621661651609,5.722332262303721,7.526466692329764,3.550332343689095,,1.0
road,2,test,2012-05-14,0.05,PointwiseWorstAction,41.0,50.33641178425673,5.598931572605872,7.397388226726408,3.543973234674924,,1.0
road,2,test,2012-05-14,0.05,ScenarioCVaR,41.0,50.30621661651609,5.722332262303722,7.526466692329765,3.550332343689096,,1.0
road,2,test,2012-05-14,0.05,RiskFirst,41.0,5.581102317105298,41.95059792616553,55.335960421438074,26.670144590172768,,1.0
road,2,test,2012-05-14,0.05,TemporalContext2024,41.0,5.5877374044373544,41.910501312281205,55.2945191862842,26.672543404996155,,1.0
road,2,test,2012-05-14,0.05,NetworkPropagation2024,41.0,5.743167503240839,43.84716310035285,57.66173163299475,27.4636785794577,,1.0
road,2,test,2012-05-14,0.05,CalibratedUncertainty2025,41.0,5.799218894549591,45.6350208716509,59.732692688283024,27.919583189396455,,1.0
road,2,test,2012-05-14,0.05,MappedPTO2026,41.0,5.554779069204496,42.448867328703635,55.98177982114161,26.955785803041202,,1.0
road,2,test,2012-05-14,0.05,GroupAware2025,41.0,5.5173588389787795,42.69899488800318,56.3157360603005,27.1221718016617,,1.0
road,2,test,2012-05-14,0.05,RobustImprovement2025,41.0,6.467652699059359,43.55792918723208,57.32143822881897,27.372024454174635,,1.0
road,2,test,2012-05-14,0.1,StructuralRobust,83.0,26.602673981878198,70.27974468461393,93.89356725792759,47.42471260809603,0.0,1.0
road,2,test,2012-05-14,0.1,ExpectedActionValue,83.0,71.88322370387384,17.497131961482637,23.161681582209972,11.279256214422674,,1.0
road,2,test,2012-05-14,0.1,PointwiseWorstAction,83.0,71.91780318717903,16.915465705145127,22.312073639471315,10.727485867845886,,1.0
road,2,test,2012-05-14,0.1,ScenarioCVaR,83.0,71.89894259528506,16.836316327685466,22.232924262011657,10.727485867845893,,1.0
road,2,test,2012-05-14,0.1,RiskFirst,83.0,18.459688104943485,68.45445302744865,91.58005841891928,46.42361225488722,,1.0
road,2,test,2012-05-14,0.1,TemporalContext2024,83.0,17.761383298140142,67.23753280807284,89.79440128842762,45.18065547355508,,1.0
road,2,test,2012-05-14,0.1,NetworkPropagation2024,83.0,18.262502788471178,67.60640945741572,90.27331490528881,45.43613906241647,,1.0
road,2,test,2012-05-14,0.1,CalibratedUncertainty2025,83.0,17.667013085792725,68.08893627182714,90.97219030834006,45.934388250709446,,1.0
road,2,test,2012-05-14,0.1,MappedPTO2026,83.0,18.43159542624722,69.17234043430948,92.38680074030697,46.640087038160445,,1.0
road,2,test,2012-05-14,0.1,GroupAware2025,83.0,18.48997536925592,68.72224621009721,91.8517501453758,46.49803726569829,,1.0
road,2,test,2012-05-14,0.1,RobustImprovement2025,83.0,18.002216496856676,70.27974468461393,93.89356725792759,47.42471260809603,,1.0
road,2,test,2012-05-14,0.2,StructuralRobust,166.0,56.060352246362434,93.38339264692686,126.77317026798887,67.67124677861605,0.0,1.0
road,2,test,2012-05-14,0.2,ExpectedActionValue,166.0,96.09355334158086,35.93093568177958,47.14623556442316,22.350051886262563,,1.0
road,2,test,2012-05-14,0.2,PointwiseWorstAction,166.0,96.11354807916783,35.812541837042325,46.94272015748557,22.163298667082863,,1.0
road,2,test,2012-05-14,0.2,ScenarioCVaR,166.0,96.11566295079943,35.78024039973075,46.91041872017399,22.163298667082877,,1.0
road,2,test,2012-05-14,0.2,RiskFirst,166.0,40.22592919757848,92.44793980412292,125.49577153270151,66.96625248926192,,1.0
road,2,test,2012-05-14,0.2,TemporalContext2024,166.0,38.84971261072961,92.8473396317192,126.01387566411256,67.18584310543619,,1.0
road,2,test,2012-05-14,0.2,NetworkPropagation2024,166.0,37.84065384784683,92.5558580362286,125.5842496066927,66.95225777970104,,1.0
road,2,test,2012-05-14,0.2,CalibratedUncertainty2025,166.0,36.9215399564169,92.38924623295452,125.32715393530054,66.68997867152953,,1.0
road,2,test,2012-05-14,0.2,MappedPTO2026,166.0,36.56375957904534,92.16639497508946,125.04815512632123,66.55186012665,,1.0
road,2,test,2012-05-14,0.2,GroupAware2025,166.0,39.411434540494774,92.9527572643806,126.17831418218789,67.34929650195689,,1.0
road,2,test,2012-05-14,0.2,RobustImprovement2025,166.0,37.91036845611249,93.22000082319647,126.54534125775902,67.48631877067947,,1.0
road,2,test,2012-05-15,0.01,StructuralRobust,8.0,7.1568862313578165,23.51345514642035,28.946535612589766,10.380440264730609,0.0,1.0
road,2,test,2012-05-15,0.01,ExpectedActionValue,8.0,18.467032333218437,2.8306628895026757,3.998882740507893,2.444041106190721,,1.0
road,2,test,2012-05-15,0.01,PointwiseWorstAction,8.0,18.42851968672653,2.7229599935603708,3.8410960242742704,2.304482855873258,,1.0
road,2,test,2012-05-15,0.01,ScenarioCVaR,8.0,18.467032333218437,2.8306628895026757,3.998882740507893,2.444041106190721,,1.0
road,2,test,2012-05-15,0.01,RiskFirst,8.0,2.73957159998348,21.571509116644418,26.670755505897848,9.790846011926511,,1.0
road,2,test,2012-05-15,0.01,TemporalContext2024,8.0,2.73957159998348,21.571509116644418,26.670755505897848,9.790846011926511,,1.0
road,2,test,2012-05-15,0.01,NetworkPropagation2024,8.0,2.706270288851336,20.91041226062759,25.92873773568333,9.650418097134455,,1.0
road,2,test,2012-05-15,0.01,CalibratedUncertainty2025,8.0,2.73957159998348,21.571509116644418,26.670755505897848,9.790846011926511,,1.0
road,2,test,2012-05-15,0.01,MappedPTO2026,8.0,2.706270288851336,20.91041226062759,25.92873773568333,9.650418097134455,,1.0
road,2,test,2012-05-15,0.01,GroupAware2025,8.0,2.73957159998348,21.571509116644418,26.670755505897848,9.790846011926511,,1.0
road,2,test,2012-05-15,0.01,RobustImprovement2025,8.0,2.706270288851336,20.91041226062759,25.92873773568333,9.650418097134455,,1.0
road,2,test,2012-05-15,0.03,StructuralRobust,25.0,47.480860663491214,44.925508114705195,57.232135361436335,24.089128641447644,0.0,1.0
road,2,test,2012-05-15,0.03,ExpectedActionValue,25.0,40.70716691787339,4.957165629206877,6.788397351910163,3.639071824320359,,1.0
road,2,test,2012-05-15,0.03,PointwiseWorstAction,25.0,40.71369756581606,4.771506517315381,6.50981743915853,3.4831355898116323,,1.0
road,2,test,2012-05-15,0.03,ScenarioCVaR,25.0,40.70716691787339,4.957165629206877,6.788397351910163,3.639071824320359,,1.0
road,2,test,2012-05-15,0.03,RiskFirst,25.0,5.5048289981697085,46.22414460202164,58.764280315062784,24.509904203209018,,1.0
road,2,test,2012-05-15,0.03,TemporalContext2024,25.0,5.501923241570621,46.546867347568345,59.15320652159448,24.624216221360903,,1.0
road,2,test,2012-05-15,0.03,NetworkPropagation2024,25.0,5.501923241570622,46.54686734756835,59.15320652159448,24.624216221360896,,1.0
road,2,test,2012-05-15,0.03,CalibratedUncertainty2025,25.0,5.353735269878901,44.794813255073485,57.040785131097145,23.960081247659154,,1.0
road,2,test,2012-05-15,0.03,MappedPTO2026,25.0,5.265470296231368,44.39520382582954,56.55139779918806,23.796618655253027,,1.0
road,2,test,2012-05-15,0.03,GroupAware2025,25.0,5.5048289981697085,46.22414460202164,58.764280315062784,24.509904203209018,,1.0
road,2,test,2012-05-15,0.03,RobustImprovement2025,25.0,5.231540060953745,44.5777422245859,56.769771073902895,23.856042892172333,,1.0
road,2,test,2012-05-15,0.05,StructuralRobust,41.0,62.395266600152915,58.56560110371113,75.56088808822905,33.523299330232376,0.0,1.0
road,2,test,2012-05-15,0.05,ExpectedActionValue,41.0,53.913349542241406,10.469058132777661,14.021227969056257,7.043688536804694,,1.0
road,2,test,2012-05-15,0.05,PointwiseWorstAction,41.0,53.913349542241406,10.469058132777661,14.021227969056257,7.043688536804691,,1.0
road,2,test,2012-05-15,0.05,ScenarioCVaR,41.0,53.913349542241406,10.469058132777661,14.021227969056257,7.043688536804691,,1.0
road,2,test,2012-05-15,0.05,RiskFirst,41.0,6.638191330036684,57.78337747423432,74.55514105912592,33.095050448990996,,1.0
road,2,test,2012-05-15,0.05,TemporalContext2024,41.0,6.764712596303203,58.4862295529969,75.51569239557513,33.64411713996478,,1.0
road,2,test,2012-05-15,0.05,NetworkPropagation2024,41.0,6.677858661882907,59.015349343204036,76.18362144945563,33.9045508424461,,1.0
road,2,test,2012-05-15,0.05,CalibratedUncertainty2025,41.0,7.205007659565686,58.02152568190385,74.83614469602014,33.193951132325964,,1.0
road,2,test,2012-05-15,0.05,MappedPTO2026,41.0,6.721237776064511,57.69015472202927,74.37486249305826,32.92716028227961,,1.0
road,2,test,2012-05-15,0.05,GroupAware2025,41.0,9.958702252128903,57.98477776726308,74.79795288391446,33.16607801185681,,1.0
road,2,test,2012-05-15,0.05,RobustImprovement2025,41.0,10.088456504496515,58.51019763316365,75.53446718140431,33.62654188498775,,1.0
road,2,test,2012-05-15,0.1,StructuralRobust,83.0,29.03436334917255,81.22248974132809,106.97288520572397,51.359893263902634,0.0,1.0
road,2,test,2012-05-15,0.1,ExpectedActionValue,83.0,77.55135088969178,22.59965184109222,29.393209880481937,13.399174394274038,,1.0
road,2,test,2012-05-15,0.1,PointwiseWorstAction,83.0,77.67469196487309,22.723609903799915,29.639430283605417,13.6601824769543,,1.0
road,2,test,2012-05-15,0.1,ScenarioCVaR,83.0,77.6205694725842,22.54197491723197,29.31273224748929,13.352933627212693,,1.0
road,2,test,2012-05-15,0.1,RiskFirst,83.0,21.435966728503917,81.59393928179622,107.48421388178701,51.70169847221453,,1.0
road,2,test,2012-05-15,0.1,TemporalContext2024,83.0,21.174996894629196,79.57425049042835,104.67294416632585,49.87731084954886,,1.0
road,2,test,2012-05-15,0.1,NetworkPropagation2024,83.0,21.69395148480584,79.81620475388738,105.08091573730105,50.31241438848468,,1.0
road,2,test,2012-05-15,0.1,CalibratedUncertainty2025,83.0,21.4958153449467,80.3131969426642,105.56332292692143,50.2501465471602,,1.0
road,2,test,2012-05-15,0.1,MappedPTO2026,83.0,18.426135739433207,81.5209469040071,107.38415660526066,51.6467127949127,,1.0
road,2,test,2012-05-15,0.1,GroupAware2025,83.0,21.075576164630633,81.08370499799047,106.7971067264089,51.32918265472186,,1.0
road,2,test,2012-05-15,0.1,RobustImprovement2025,83.0,21.538857762200546,81.22248974132809,106.97288520572397,51.359893263902634,,1.0
road,2,test,2012-05-15,0.2,StructuralRobust,166.0,60.23422274777126,109.67795352453345,146.95798983282108,75.05550576497066,0.0,1.0
road,2,test,2012-05-15,0.2,ExpectedActionValue,166.0,106.8905208717627,44.073938991151245,57.77070812602939,27.21291673844535,,1.0
road,2,test,2012-05-15,0.2,PointwiseWorstAction,166.0,106.8475114006361,43.72282322594824,57.25922650384809,26.874022843412696,,1.0
road,2,test,2012-05-15,0.2,ScenarioCVaR,166.0,106.87737230479193,44.029623709769446,57.7263928446476,27.212916738445323,,1.0
road,2,test,2012-05-15,0.2,RiskFirst,166.0,42.502749707966466,108.56912286319339,145.43453587238315,74.14210948316291,,1.0
road,2,test,2012-05-15,0.2,TemporalContext2024,166.0,43.96474676206198,108.38840444585175,145.42244440411943,74.58516101404315,,1.0
road,2,test,2012-05-15,0.2,NetworkPropagation2024,166.0,44.07433349793528,109.77713124305959,147.31291671582815,75.64573922460801,,1.0
road,2,test,2012-05-15,0.2,CalibratedUncertainty2025,166.0,40.15611450652715,110.98196602832999,148.44515086923454,75.1993385268149,,1.0
road,2,test,2012-05-15,0.2,MappedPTO2026,166.0,42.502749707966466,108.5691228631934,145.43453587238315,74.14210948316287,,1.0
road,2,test,2012-05-15,0.2,GroupAware2025,166.0,43.32785335468644,109.51941480321635,146.7471714651421,74.94712558789995,,1.0
road,2,test,2012-05-15,0.2,RobustImprovement2025,166.0,44.98974179201076,109.44572157628264,147.03694635862038,75.90832496378033,,1.0
road,2,test,2012-05-16,0.01,StructuralRobust,8.0,7.102840936035334,21.58837315222992,26.65850723494174,9.710442697094201,0.0,1.0
road,2,test,2012-05-16,0.01,ExpectedActionValue,8.0,18.40310286684502,3.252842021482434,4.512115970222861,2.5121490654754135,,1.0
road,2,test,2012-05-16,0.01,PointwiseWorstAction,8.0,18.40310286684502,3.252842021482434,4.512115970222861,2.5121490654754135,,1.0
road,2,test,2012-05-16,0.01,ScenarioCVaR,8.0,18.40310286684502,3.252842021482434,4.512115970222861,2.5121490654754135,,1.0
road,2,test,2012-05-16,0.01,RiskFirst,8.0,1.88648682984852,19.25705833962343,23.902925174608697,8.947933883578838,,1.0
road,2,test,2012-05-16,0.01,TemporalContext2024,8.0,1.88648682984852,19.25705833962343,23.90292517460869,8.947933883578834,,1.0
road,2,test,2012-05-16,0.01,NetworkPropagation2024,8.0,2.318928828208033,19.24356186203217,23.884756932891584,8.938725094303678,,1.0
road,2,test,2012-05-16,0.01,CalibratedUncertainty2025,8.0,1.88648682984852,19.257058339623427,23.902925174608693,8.947933883578834,,1.0
road,2,test,2012-05-16,0.01,MappedPTO2026,8.0,1.88648682984852,19.25705833962343,23.90292517460869,8.947933883578838,,1.0
road,2,test,2012-05-16,0.01,GroupAware2025,8.0,1.88648682984852,19.25705833962343,23.902925174608697,8.947933883578838,,1.0
road,2,test,2012-05-16,0.01,RobustImprovement2025,8.0,2.183136430533086,20.538740706603722,25.50828014067565,9.556736945633059,,1.0
road,2,test,2012-05-16,0.03,StructuralRobust,25.0,46.66385000234053,44.93232612529419,56.995331935415244,23.580949885633082,0.0,1.0
road,2,test,2012-05-16,0.03,ExpectedActionValue,25.0,37.24133157491874,5.610453365472112,7.906003397155899,4.555457744841067,,1.0
road,2,test,2012-05-16,0.03,PointwiseWorstAction,25.0,37.27542953322192,5.381356730570456,7.536719681936259,4.3271926000191065,,1.0
road,2,test,2012-05-16,0.03,ScenarioCVaR,25.0,37.24713261421431,5.522361351516718,7.750553836891867,4.435619409245811,,1.0
road,2,test,2012-05-16,0.03,RiskFirst,25.0,8.001239816341634,45.31193611282835,57.45838638099009,23.727349520985555,,1.0
road,2,test,2012-05-16,0.03,TemporalContext2024,25.0,4.798567508444211,45.21511390477063,57.32867108983401,23.66142194690498,,1.0
road,2,test,2012-05-16,0.03,NetworkPropagation2024,25.0,4.836494321901639,44.644569427966225,56.607234067269935,23.374175917955135,,1.0
road,2,test,2012-05-16,0.03,CalibratedUncertainty2025,25.0,5.08286733407665,47.44790819227464,60.02220141727263,24.52066903760179,,1.0
road,2,test,2012-05-16,0.03,MappedPTO2026,25.0,8.00332207599414,44.93232612529419,56.995331935415244,23.580949885633082,,1.0
road,2,test,2012-05-16,0.03,GroupAware2025,25.0,8.001239816341634,45.31193611282835,57.45838638099008,23.72734952098554,,1.0
road,2,test,2012-05-16,0.03,RobustImprovement2025,25.0,7.811739174468938,39.697089859029866,50.752810077861675,21.71838594350797,,1.0
road,2,test,2012-05-16,0.05,StructuralRobust,41.0,62.41572833447485,55.96729715100531,72.13886243828173,31.971654387864874,0.0,1.0
road,2,test,2012-05-16,0.05,ExpectedActionValue,41.0,49.24811016961242,7.192992249743266,10.038609303421875,5.604697677163964,,1.0
road,2,test,2012-05-16,0.05,PointwiseWorstAction,41.0,49.295281108099275,7.545813121523004,10.575839564822425,6.001972288677614,,1.0
road,2,test,2012-05-16,0.05,ScenarioCVaR,41.0,49.302947500861265,7.511790784718199,10.541817228017619,6.001972288677612,,1.0
road,2,test,2012-05-16,0.05,RiskFirst,41.0,10.911789348535075,56.94808868636711,73.41772977354466,32.55818554141275,,1.0
road,2,test,2012-05-16,0.05,TemporalContext2024,41.0,10.499404520888056,58.493172202380336,75.23558002190744,33.054564475426844,,1.0
road,2,test,2012-05-16,0.05,NetworkPropagation2024,41.0,10.66872946661811,56.1515427994348,72.4008442882259,32.13309422066673,,1.0
road,2,test,2012-05-16,0.05,CalibratedUncertainty2025,41.0,10.525238460310973,60.9176214305959,78.36232443221998,34.41463705504968,,1.0
road,2,test,2012-05-16,0.05,MappedPTO2026,41.0,10.648773204695896,59.32625053580772,76.27811667092807,33.44696578859904,,1.0
road,2,test,2012-05-16,0.05,GroupAware2025,41.0,10.911789348535075,56.94808868636711,73.41772977354465,32.55818554141273,,1.0
road,2,test,2012-05-16,0.05,RobustImprovement2025,41.0,10.70387269667534,58.73038037365052,75.54692877260085,33.19830667803657,,1.0
road,2,test,2012-05-16,0.1,StructuralRobust,83.0,30.23034206263562,83.5272234598126,109.81793640748708,52.627220401210934,0.0,1.0
road,2,test,2012-05-16,0.1,ExpectedActionValue,83.0,71.46205325574066,23.642548882925176,30.749057184001497,13.817248004999485,,1.0
road,2,test,2012-05-16,0.1,PointwiseWorstAction,83.0,71.46363381901675,23.429416488919554,30.464383029468397,13.719043388616225,,1.0
road,2,test,2012-05-16,0.1,ScenarioCVaR,83.0,71.51053979149117,23.596731763390558,30.703240064466872,13.817248004999485,,1.0
road,2,test,2012-05-16,0.1,RiskFirst,83.0,16.365388345012605,83.99028620748105,110.35204282552886,52.70788773597339,,1.0
road,2,test,2012-05-16,0.1,TemporalContext2024,83.0,16.84685957732901,84.73011622961297,111.32359058686576,53.15493472997568,,1.0
road,2,test,2012-05-16,0.1,NetworkPropagation2024,83.0,19.932119336280397,83.4927160904873,109.74845852557135,52.51134319133212,,1.0
road,2,test,2012-05-16,0.1,CalibratedUncertainty2025,83.0,16.95077349012228,84.60869886340606,111.15034237859389,53.0622150511856,,1.0
road,2,test,2012-05-16,0.1,MappedPTO2026,83.0,16.366112920972377,82.98838676397527,109.0059296001974,51.99983813473578,,1.0
road,2,test,2012-05-16,0.1,GroupAware2025,83.0,16.290149074751444,84.996579901156,111.56691857386411,53.102355102354664,,1.0
road,2,test,2012-05-16,0.1,RobustImprovement2025,83.0,16.91928318100734,83.5272234598126,109.81793640748708,52.627220401210934,,1.0
road,2,test,2012-05-16,0.2,StructuralRobust,166.0,60.86637874643197,112.23696258325306,150.12448983206713,76.33429602691176,0.0,1.0
road,2,test,2012-05-16,0.2,ExpectedActionValue,166.0,97.8899161879146,42.938952570588086,56.23173222011011,26.270402600254712,,1.0
road,2,test,2012-05-16,0.2,PointwiseWorstAction,166.0,97.89933094253304,44.441395728772186,58.1106289564248,27.016518183342477,,1.0
road,2,test,2012-05-16,0.2,ScenarioCVaR,166.0,97.87295480259101,44.59985227286828,58.35993402472126,27.18118284674167,,1.0
road,2,test,2012-05-16,0.2,RiskFirst,166.0,38.03789924900566,111.25071538383166,149.01712921618463,76.22642690823623,,1.0
road,2,test,2012-05-16,0.2,TemporalContext2024,166.0,37.472261848930245,111.01128455110192,148.63252806060868,75.86633066354817,,1.0
road,2,test,2012-05-16,0.2,NetworkPropagation2024,166.0,37.053625437091796,110.47640238936692,147.85622408156405,75.39937934281848,,1.0
road,2,test,2012-05-16,0.2,CalibratedUncertainty2025,166.0,37.8972869497435,111.4436423747603,149.00493332363538,75.6124399051945,,1.0
road,2,test,2012-05-16,0.2,MappedPTO2026,166.0,38.03789924900568,111.25071538383166,149.0171292161846,76.22642690823623,,1.0
road,2,test,2012-05-16,0.2,GroupAware2025,166.0,37.32723756301988,111.11193170034292,148.8793002982436,76.18742895759331,,1.0
road,2,test,2012-05-16,0.2,RobustImprovement2025,166.0,38.36253657225666,112.32613625630022,150.61664561940253,77.31959411681397,,1.0
road,2,test,2012-05-17,0.01,StructuralRobust,8.0,6.542774627181663,20.10303990838352,25.020161164073205,9.456834332449322,0.0,1.0
road,2,test,2012-05-17,0.01,ExpectedActionValue,8.0,16.972644682082603,2.207420194281214,2.9498796915116197,1.5020265677288096,,1.0
road,2,test,2012-05-17,0.01,PointwiseWorstAction,8.0,17.021820958782957,2.8625365429966707,3.8894752603949585,2.0829260309762225,,1.0
road,2,test,2012-05-17,0.01,ScenarioCVaR,8.0,16.972644682082603,2.207420194281214,2.9498796915116197,1.5020265677288096,,1.0
road,2,test,2012-05-17,0.01,RiskFirst,8.0,2.192910023669603,18.81760259716042,23.435547010236167,8.898718480945838,,1.0
road,2,test,2012-05-17,0.01,TemporalContext2024,8.0,2.192910023669603,18.81760259716042,23.435547010236167,8.898718480945838,,1.0
road,2,test,2012-05-17,0.01,NetworkPropagation2024,8.0,2.192910023669603,18.81760259716042,23.435547010236167,8.898718480945838,,1.0
road,2,test,2012-05-17,0.01,CalibratedUncertainty2025,8.0,2.262537227525209,18.652503645920007,23.24309051230104,8.84943414775545,,1.0
road,2,test,2012-05-17,0.01,MappedPTO2026,8.0,2.192910023669603,18.817602597160423,23.435547010236167,8.898718480945835,,1.0
road,2,test,2012-05-17,0.01,GroupAware2025,8.0,2.192910023669603,18.817602597160423,23.43554701023617,8.898718480945835,,1.0
road,2,test,2012-05-17,0.01,RobustImprovement2025,8.0,2.192910023669603,18.81760259716042,23.435547010236167,8.898718480945838,,1.0
road,2,test,2012-05-17,0.03,StructuralRobust,25.0,41.13923296463744,39.27946447591268,50.4328018953855,21.917434845328522,0.0,1.0
road,2,test,2012-05-17,0.03,ExpectedActionValue,25.0,40.34586741722696,5.268631720186329,7.17029092309066,3.7603218580072344,,1.0
road,2,test,2012-05-17,0.03,PointwiseWorstAction,25.0,40.34586741722696,5.268631720186329,7.17029092309066,3.760321858007236,,1.0
road,2,test,2012-05-17,0.03,ScenarioCVaR,25.0,40.34586741722696,5.268631720186329,7.17029092309066,3.760321858007236,,1.0
road,2,test,2012-05-17,0.03,RiskFirst,25.0,4.295737598943094,38.64921550466306,49.64114970518401,21.60961204795676,,1.0
road,2,test,2012-05-17,0.03,TemporalContext2024,25.0,4.295737598943094,38.64921550466306,49.64114970518402,21.609612047956766,,1.0
road,2,test,2012-05-17,0.03,NetworkPropagation2024,25.0,4.295737598943094,38.64921550466306,49.64114970518402,21.609612047956766,,1.0
road,2,test,2012-05-17,0.03,CalibratedUncertainty2025,25.0,4.248965374639829,39.14346317356071,50.181048995436136,21.67435919698581,,1.0
road,2,test,2012-05-17,0.03,MappedPTO2026,25.0,4.377509362387645,39.27946447591268,50.4328018953855,21.917434845328522,,1.0
road,2,test,2012-05-17,0.03,GroupAware2025,25.0,4.320043353105862,39.877220168718885,51.094280602012034,22.01506970541773,,1.0
road,2,test,2012-05-17,0.03,RobustImprovement2025,25.0,4.952409743840821,37.66337861602653,48.332930130602726,20.971194239761353,,1.0
road,2,test,2012-05-17,0.05,StructuralRobust,41.0,57.819209323008224,49.30082017716934,64.19765851171724,29.599257732437337,0.0,1.0
road,2,test,2012-05-17,0.05,ExpectedActionValue,41.0,54.287238545996956,8.04943127690661,11.100863556653655,6.062379569512137,,1.0
road,2,test,2012-05-17,0.05,PointwiseWorstAction,41.0,54.32434823949411,7.889220192801213,10.849356229584052,5.882545199020758,,1.0
road,2,test,2012-05-17,0.05,ScenarioCVaR,41.0,54.287238545996956,8.04943127690661,11.100863556653655,6.062379569512139,,1.0
road,2,test,2012-05-17,0.05,RiskFirst,41.0,9.010771920787297,48.83607236314099,63.6108435466178,29.344489813695013,,1.0
road,2,test,2012-05-17,0.05,TemporalContext2024,41.0,8.428239029003295,48.899647626855206,63.66333702936548,29.308622263863306,,1.0
road,2,test,2012-05-17,0.05,NetworkPropagation2024,41.0,8.78723679861332,48.97336609653995,63.778264663359316,29.39912931427044,,1.0
road,2,test,2012-05-17,0.05,CalibratedUncertainty2025,41.0,10.693669438587712,51.026040320481215,66.30452398489814,30.2661118151791,,1.0
road,2,test,2012-05-17,0.05,MappedPTO2026,41.0,8.583943559531868,48.89720315343262,63.660717153275925,29.30890299441912,,1.0
road,2,test,2012-05-17,0.05,GroupAware2025,41.0,8.867375264861014,49.04571905335188,63.87054260933332,29.43383843653526,,1.0
road,2,test,2012-05-17,0.05,RobustImprovement2025,41.0,8.683192566587358,48.80023681332984,63.496945275959476,29.15830365761004,,1.0
road,2,test,2012-05-17,0.1,StructuralRobust,83.0,26.698780414434324,70.76417155951835,94.14153191358302,47.086924937864566,0.0,1.0
road,2,test,2012-05-17,0.1,ExpectedActionValue,83.0,80.67518260545832,16.852566758413346,22.60312403135629,11.390347620414957,,1.0
road,2,test,2012-05-17,0.1,PointwiseWorstAction,83.0,80.68042840174058,16.73404615636552,22.417716727830094,11.242932457213513,,1.0
road,2,test,2012-05-17,0.1,ScenarioCVaR,83.0,80.71425761554038,16.84710817189051,22.553259436416766,11.26833484170415,,1.0
road,2,test,2012-05-17,0.1,RiskFirst,83.0,22.574129850877178,69.83935086131075,92.82803236218014,46.230538237934724,,1.0
road,2,test,2012-05-17,0.1,TemporalContext2024,83.0,21.507099433438874,70.30388111144526,93.42189103678662,46.51207657367128,,1.0
road,2,test,2012-05-17,0.1,NetworkPropagation2024,83.0,21.083184571539732,69.03083353822326,91.91135309462996,46.11738289346491,,1.0
road,2,test,2012-05-17,0.1,CalibratedUncertainty2025,83.0,21.17902824585014,71.45025255527143,94.86969716245108,47.099600932782366,,1.0
road,2,test,2012-05-17,0.1,MappedPTO2026,83.0,22.490388008394152,69.50702577825923,92.42493566106675,46.10472930096766,,1.0
road,2,test,2012-05-17,0.1,GroupAware2025,83.0,23.02671647294021,70.53637816565244,93.70262870391225,46.5600119891013,,1.0
road,2,test,2012-05-17,0.1,RobustImprovement2025,83.0,22.394074406859385,70.76417155951835,94.14153191358302,47.086924937864566,,1.0
road,2,test,2012-05-17,0.2,StructuralRobust,166.0,55.28246433106741,98.54195596246933,133.61432405973173,71.16244682967584,0.0,1.0
road,2,test,2012-05-17,0.2,ExpectedActionValue,166.0,110.2014652122098,38.44705348277933,50.55682436600567,23.92721781314559,,1.0
road,2,test,2012-05-17,0.2,PointwiseWorstAction,166.0,110.3524567654338,38.23929562115685,50.20428048607611,23.646383347945438,,1.0
road,2,test,2012-05-17,0.2,ScenarioCVaR,166.0,110.37355855173573,38.02354153384884,49.855144327943954,23.36278157133048,,1.0
road,2,test,2012-05-17,0.2,RiskFirst,166.0,43.085894401604335,97.11956731044253,131.6828762736568,70.16476112807408,,1.0
road,2,test,2012-05-17,0.2,TemporalContext2024,166.0,41.659435813812074,97.8481625785164,132.69418624106032,70.65924168517958,,1.0
road,2,test,2012-05-17,0.2,NetworkPropagation2024,166.0,41.45953833585026,97.99022072147133,133.00593780357943,71.07219757271034,,1.0
road,2,test,2012-05-17,0.2,CalibratedUncertainty2025,166.0,44.9974991316685,97.95055382810033,132.69251618327323,70.38551360901936,,1.0
road,2,test,2012-05-17,0.2,MappedPTO2026,166.0,42.402460411595094,97.62578331433778,132.3865012592662,70.57486462790644,,1.0
road,2,test,2012-05-17,0.2,GroupAware2025,166.0,43.442322064874844,96.91471165443983,131.31613115888408,69.70511303900622,,1.0
road,2,test,2012-05-17,0.2,RobustImprovement2025,166.0,44.20873377646741,96.98320573937357,131.53382979595753,70.08776174421561,,1.0
road,2,test,2012-05-18,0.01,StructuralRobust,8.0,5.367413533157176,12.0362369290428,15.53671952302204,6.894797714847289,0.0,1.0
road,2,test,2012-05-18,0.01,ExpectedActionValue,8.0,14.16274432825777,1.5870346370302242,2.2325657970911497,1.2609224876960696,,1.0
road,2,test,2012-05-18,0.01,PointwiseWorstAction,8.0,14.16274432825777,1.587034637030224,2.2325657970911497,1.2609224876960698,,1.0
road,2,test,2012-05-18,0.01,ScenarioCVaR,8.0,14.16274432825777,1.5870346370302242,2.2325657970911497,1.2609224876960696,,1.0
road,2,test,2012-05-18,0.01,RiskFirst,8.0,1.443639117222685,12.625771963679231,16.276763767798503,7.181353215691217,,1.0
road,2,test,2012-05-18,0.01,TemporalContext2024,8.0,1.443639117222685,12.625771963679233,16.276763767798503,7.181353215691216,,1.0
road,2,test,2012-05-18,0.01,NetworkPropagation2024,8.0,1.443639117222685,12.625771963679233,16.276763767798503,7.181353215691216,,1.0
road,2,test,2012-05-18,0.01,CalibratedUncertainty2025,8.0,1.443639117222685,12.625771963679233,16.276763767798503,7.181353215691216,,1.0
road,2,test,2012-05-18,0.01,MappedPTO2026,8.0,1.3641841578953093,10.600117195462557,13.876349253420198,6.49809953034965,,1.0
road,2,test,2012-05-18,0.01,GroupAware2025,8.0,1.443639117222685,12.625771963679231,16.276763767798503,7.181353215691217,,1.0
road,2,test,2012-05-18,0.01,RobustImprovement2025,8.0,1.443639117222685,12.625771963679233,16.2767637677985,7.181353215691216,,1.0
road,2,test,2012-05-18,0.03,StructuralRobust,25.0,35.047025087266654,30.730180168740414,40.193786374255346,18.797266949276267,0.0,1.0
road,2,test,2012-05-18,0.03,ExpectedActionValue,25.0,28.796748311667336,3.297735570938979,4.650282321289668,2.6958853513413077,,1.0
road,2,test,2012-05-18,0.03,PointwiseWorstAction,25.0,28.806797388191573,3.2517355554305225,4.581566567092258,2.6234843389574256,,1.0
road,2,test,2012-05-18,0.03,ScenarioCVaR,25.0,28.796748311667336,3.297735570938979,4.650282321289668,2.6958853513413077,,1.0
road,2,test,2012-05-18,0.03,RiskFirst,25.0,3.446253942497214,30.73018016874041,40.193786374255346,18.797266949276263,,1.0
road,2,test,2012-05-18,0.03,TemporalContext2024,25.0,3.3044674251879322,30.506680868528388,39.9671220974693,18.81259366702974,,1.0
road,2,test,2012-05-18,0.03,NetworkPropagation2024,25.0,3.401339502456579,29.7491548785219,39.03113173000414,18.478218926634412,,1.0
road,2,test,2012-05-18,0.03,CalibratedUncertainty2025,25.0,4.084607778463599,29.414376030973873,38.510954236549274,18.04352432841262,,1.0
road,2,test,2012-05-18,0.03,MappedPTO2026,25.0,3.446253942497214,30.730180168740414,40.193786374255346,18.797266949276267,,1.0
road,2,test,2012-05-18,0.03,GroupAware2025,25.0,3.446253942497214,30.730180168740414,40.193786374255346,18.79726694927626,,1.0
road,2,test,2012-05-18,0.03,RobustImprovement2025,25.0,3.582965689827166,31.016301315555378,40.58204064974432,18.998154406973253,,1.0
road,2,test,2012-05-18,0.05,StructuralRobust,41.0,49.755164737786885,41.08952000777976,54.47246105435924,26.7906247004698,0.0,1.0
road,2,test,2012-05-18,0.05,ExpectedActionValue,41.0,38.244717170575875,6.186553306204738,8.542133765503545,4.670125738009693,,1.0
road,2,test,2012-05-18,0.05,PointwiseWorstAction,41.0,38.26851271940768,6.590732817277189,9.087791290790527,4.948505638986628,,1.0
road,2,test,2012-05-18,0.05,ScenarioCVaR,41.0,38.21059819902175,6.260302848712509,8.639054586990651,4.696265831419293,,1.0
road,2,test,2012-05-18,0.05,RiskFirst,41.0,5.334896898489519,41.04888336996561,54.45094596693538,26.84591856457085,,1.0
road,2,test,2012-05-18,0.05,TemporalContext2024,41.0,5.310872033774856,40.901006948678855,54.227809437507595,26.685042732188407,,1.0
road,2,test,2012-05-18,0.05,NetworkPropagation2024,41.0,5.3104616167565295,42.828841944777515,56.58434659978671,27.47960291061198,,1.0
road,2,test,2012-05-18,0.05,CalibratedUncertainty2025,41.0,5.5184887294474025,40.039328904896855,53.1222218006668,26.179346213456064,,1.0
road,2,test,2012-05-18,0.05,MappedPTO2026,41.0,5.459526667697801,40.92530027063693,54.279863723056415,26.749004560372192,,1.0
road,2,test,2012-05-18,0.05,GroupAware2025,41.0,5.308574809863871,40.79465904439728,54.11017391968124,26.673817382748027,,1.0
road,2,test,2012-05-18,0.05,RobustImprovement2025,41.0,5.24823349917043,40.44052090833548,53.62099081191817,26.39523167030881,,1.0
road,2,test,2012-05-18,0.1,StructuralRobust,83.0,20.437899003946086,58.669488477838634,79.0735296625136,41.166652466846564,0.0,1.0
road,2,test,2012-05-18,0.1,ExpectedActionValue,83.0,54.923016858120896,13.337745604245995,17.749030906079966,8.737850081286478,,1.0
road,2,test,2012-05-18,0.1,PointwiseWorstAction,83.0,54.956129166663096,12.481187587190405,16.538726188080414,8.009123054344272,,1.0
road,2,test,2012-05-18,0.1,ScenarioCVaR,83.0,54.94228308119909,11.795238032748916,15.779294853360208,7.908945621593617,,1.0
road,2,test,2012-05-18,0.1,RiskFirst,83.0,15.580133431504006,62.19778518267283,83.36046279865931,42.53138989616217,,1.0
road,2,test,2012-05-18,0.1,TemporalContext2024,83.0,12.571156775226344,62.7768197527377,84.12524741533498,42.88542263679508,,1.0
road,2,test,2012-05-18,0.1,NetworkPropagation2024,83.0,14.235517487122051,62.3446687215787,83.48703505355455,42.50890264628616,,1.0
road,2,test,2012-05-18,0.1,CalibratedUncertainty2025,83.0,15.506904270555996,61.56131292348382,82.34398237827234,41.648661484272544,,1.0
road,2,test,2012-05-18,0.1,MappedPTO2026,83.0,15.569841366000306,61.858517882255775,82.89194751878871,42.24262935467488,,1.0
road,2,test,2012-05-18,0.1,GroupAware2025,83.0,14.019395928343007,61.648033785278365,82.61988801957311,42.13759720187928,,1.0
road,2,test,2012-05-18,0.1,RobustImprovement2025,83.0,16.005162851397827,58.669488477838634,79.0735296625136,41.166652466846564,,1.0
road,2,test,2012-05-18,0.2,StructuralRobust,166.0,40.17387507553646,89.68076282297989,120.76413554081581,62.2844688467209,0.0,1.0
road,2,test,2012-05-18,0.2,ExpectedActionValue,166.0,72.69689842596685,28.456718198781992,37.4077270198242,17.727706895336084,,1.0
road,2,test,2012-05-18,0.2,PointwiseWorstAction,166.0,72.73784690988538,26.651155421211225,35.15155746396293,16.881902309713514,,1.0
road,2,test,2012-05-18,0.2,ScenarioCVaR,166.0,72.74086472451447,26.651246489544413,35.15164853229611,16.88190230971351,,1.0
road,2,test,2012-05-18,0.2,RiskFirst,166.0,26.860696846385167,88.59326331616074,119.53475796710566,62.012203143412165,,1.0
road,2,test,2012-05-18,0.2,TemporalContext2024,166.0,26.883062975554893,88.44202144167765,119.01458434025915,61.13525003023027,,1.0
road,2,test,2012-05-18,0.2,NetworkPropagation2024,166.0,27.286408464289657,87.40541991351624,117.61261719236175,60.35515893672009,,1.0
road,2,test,2012-05-18,0.2,CalibratedUncertainty2025,166.0,27.624807645290726,86.94238681693491,117.29937861199821,60.7933152203187,,1.0
road,2,test,2012-05-18,0.2,MappedPTO2026,166.0,27.41682856636785,88.93898673591058,120.05638806191162,62.36763608525676,,1.0
road,2,test,2012-05-18,0.2,GroupAware2025,166.0,26.67934475284691,88.91729263385264,119.92484298427355,62.004687604347964,,1.0
road,2,test,2012-05-18,0.2,RobustImprovement2025,166.0,26.08121910333294,88.46219151334215,119.46020582262383,62.100019094221025,,1.0
road,2,test,2012-05-21,0.01,StructuralRobust,8.0,7.108257044624085,19.763589063157028,24.470507518769978,9.03075358265448,0.0,1.0
road,2,test,2012-05-21,0.01,ExpectedActionValue,8.0,16.661156046829287,2.6516042383627303,3.558474335443763,1.7761914872278188,,1.0
road,2,test,2012-05-21,0.01,PointwiseWorstAction,8.0,16.661156046829287,2.6516042383627303,3.558474335443763,1.7761914872278188,,1.0
road,2,test,2012-05-21,0.01,ScenarioCVaR,8.0,16.661156046829287,2.6516042383627303,3.558474335443763,1.7761914872278188,,1.0
road,2,test,2012-05-21,0.01,RiskFirst,8.0,2.18606015244658,17.827232160817395,22.030540409330587,8.037535138957754,,1.0
road,2,test,2012-05-21,0.01,TemporalContext2024,8.0,2.18606015244658,17.827232160817395,22.030540409330587,8.037535138957754,,1.0
road,2,test,2012-05-21,0.01,NetworkPropagation2024,8.0,2.310030885603107,19.88703354991671,24.705138666132587,9.266435361578004,,1.0
road,2,test,2012-05-21,0.01,CalibratedUncertainty2025,8.0,2.1676187267240183,19.11277659635574,23.7663122973258,8.955112447375097,,1.0
road,2,test,2012-05-21,0.01,MappedPTO2026,8.0,2.208564810298712,19.5772647217648,24.29965505563107,9.07726846229643,,1.0
road,2,test,2012-05-21,0.01,GroupAware2025,8.0,2.18606015244658,17.827232160817395,22.030540409330587,8.037535138957754,,1.0
road,2,test,2012-05-21,0.01,RobustImprovement2025,8.0,2.208564810298712,19.577264721764802,24.29965505563107,9.07726846229643,,1.0
road,2,test,2012-05-21,0.03,StructuralRobust,25.0,45.739495336617765,41.9681105539864,53.385111623004896,22.278289037622407,0.0,1.0
road,2,test,2012-05-21,0.03,ExpectedActionValue,25.0,36.53887441244565,5.113089793413534,6.913487034505812,3.59519969915754,,1.0
road,2,test,2012-05-21,0.03,PointwiseWorstAction,25.0,36.61030306904135,5.52929896631544,7.56746175066061,4.081360035531378,,1.0
road,2,test,2012-05-21,0.03,ScenarioCVaR,25.0,36.570980017427644,5.087285983003738,6.88096688174866,3.557982557352804,,1.0
road,2,test,2012-05-21,0.03,RiskFirst,25.0,4.198646149735985,41.9681105539864,53.385111623004896,22.278289037622407,,1.0
road,2,test,2012-05-21,0.03,TemporalContext2024,25.0,3.9962941040654187,40.07632834583828,51.048258131656375,21.437232269868943,,1.0
road,2,test,2012-05-21,0.03,NetworkPropagation2024,25.0,4.027199754873597,40.4659987234795,51.54076901883612,21.634084719571504,,1.0
road,2,test,2012-05-21,0.03,CalibratedUncertainty2025,25.0,4.354068321475668,42.285895475657895,53.79658903583199,22.46257896090499,,1.0
road,2,test,2012-05-21,0.03,MappedPTO2026,25.0,4.1986461497359855,41.9681105539864,53.385111623004896,22.278289037622407,,1.0
road,2,test,2012-05-21,0.03,GroupAware2025,25.0,4.198646149735985,41.9681105539864,53.385111623004896,22.278289037622407,,1.0
road,2,test,2012-05-21,0.03,RobustImprovement2025,25.0,3.8138813586554083,38.813750912640835,49.599159666546086,21.119096997401748,,1.0
road,2,test,2012-05-21,0.05,StructuralRobust,41.0,60.707336462086616,53.32148515984111,68.95433815591835,30.798133066335673,0.0,1.0
road,2,test,2012-05-21,0.05,ExpectedActionValue,41.0,49.508063727607826,6.954121942231447,9.391595427372494,4.818173531323156,,1.0
road,2,test,2012-05-21,0.05,PointwiseWorstAction,41.0,49.51697213705711,6.8431614560540535,9.258239000090786,4.793036229126498,,1.0
road,2,test,2012-05-21,0.05,ScenarioCVaR,41.0,49.508063727607826,6.954121942231447,9.391595427372494,4.818173531323156,,1.0
road,2,test,2012-05-21,0.05,RiskFirst,41.0,7.392344686545207,53.95708856104718,69.8075037697735,31.268808437366083,,1.0
road,2,test,2012-05-21,0.05,TemporalContext2024,41.0,7.09130484727337,53.38756319464387,69.08743927882144,30.98674708535919,,1.0
road,2,test,2012-05-21,0.05,NetworkPropagation2024,41.0,6.926791987359617,53.35790041909979,69.05848345738038,30.99250036731074,,1.0
road,2,test,2012-05-21,0.05,CalibratedUncertainty2025,41.0,7.056785808874158,53.005847108952494,68.56111894002332,30.659414435199395,,1.0
road,2,test,2012-05-21,0.05,MappedPTO2026,41.0,7.328313951241428,53.45680287077036,69.14680078190655,30.953888319876683,,1.0
road,2,test,2012-05-21,0.05,GroupAware2025,41.0,7.286716538459393,53.38673432111474,68.99008224593534,30.755439799875496,,1.0
road,2,test,2012-05-21,0.05,RobustImprovement2025,41.0,7.11087248318676,53.105455133064396,68.71451714977289,30.805727606914118,,1.0
road,2,test,2012-05-21,0.1,StructuralRobust,83.0,28.371407493192716,76.48879341415004,101.12016692656375,49.24898464219504,0.0,1.0
road,2,test,2012-05-21,0.1,ExpectedActionValue,83.0,71.43913752981777,20.648230196908926,26.624208042850906,11.655990968739822,,1.0
road,2,test,2012-05-21,0.1,PointwiseWorstAction,83.0,71.50110107714872,20.48459697979786,26.422782459860105,11.608822429881155,,1.0
road,2,test,2012-05-21,0.1,ScenarioCVaR,83.0,71.50411199216049,20.41238076669415,26.318055117938314,11.544317075297943,,1.0
road,2,test,2012-05-21,0.1,RiskFirst,83.0,17.91941321436694,76.35723876894274,100.92783340105723,49.208297757606886,,1.0
road,2,test,2012-05-21,0.1,TemporalContext2024,83.0,16.931916995641323,76.02268344525923,100.48350755039844,48.90502066303766,,1.0
road,2,test,2012-05-21,0.1,NetworkPropagation2024,83.0,16.2223375495861,76.07449320707498,100.56180498602598,48.9685065837574,,1.0
road,2,test,2012-05-21,0.1,CalibratedUncertainty2025,83.0,19.027167902234353,76.10674549165984,100.57673371139356,48.95952915605746,,1.0
road,2,test,2012-05-21,0.1,MappedPTO2026,83.0,16.59802603124867,76.3783620573339,100.90481179624744,49.07981846490544,,1.0
road,2,test,2012-05-21,0.1,GroupAware2025,83.0,17.261089217677302,76.63316460729813,101.2891641027295,49.37213098446945,,1.0
road,2,test,2012-05-21,0.1,RobustImprovement2025,83.0,17.09458126839817,76.48879341415004,101.12016692656375,49.24898464219504,,1.0
road,2,test,2012-05-21,0.2,StructuralRobust,166.0,57.30069060196848,100.46452361229379,134.7434889401268,69.08439241134491,0.0,1.0
road,2,test,2012-05-21,0.2,ExpectedActionValue,166.0,95.37613401575362,42.9972699040048,55.33216389958299,24.270446833620504,,1.0
road,2,test,2012-05-21,0.2,PointwiseWorstAction,166.0,95.47078054114047,42.76282583858657,55.07273303780236,24.226712140277805,,1.0
road,2,test,2012-05-21,0.2,ScenarioCVaR,166.0,95.48423673893258,42.544579270400426,54.728575511300555,23.952866333738264,,1.0
road,2,test,2012-05-21,0.2,RiskFirst,166.0,33.05145180519648,100.5800314779825,135.01518232321283,69.49164690133863,,1.0
road,2,test,2012-05-21,0.2,TemporalContext2024,166.0,32.3029965032781,100.92320237352301,135.49916011650805,69.75579685712482,,1.0
road,2,test,2012-05-21,0.2,NetworkPropagation2024,166.0,32.798455472963695,100.67203277839756,135.21223426840422,69.72094568305302,,1.0
road,2,test,2012-05-21,0.2,CalibratedUncertainty2025,166.0,32.80264646622218,99.8090265296037,133.7387645843027,68.27691276332706,,1.0
road,2,test,2012-05-21,0.2,MappedPTO2026,166.0,32.630272507928865,100.26397917556439,134.49041568857422,68.99175309530794,,1.0
road,2,test,2012-05-21,0.2,GroupAware2025,166.0,33.093026946401565,100.68146127618537,135.08659171052005,69.41092072575249,,1.0
road,2,test,2012-05-21,0.2,RobustImprovement2025,166.0,35.291178541007945,100.90403252024252,135.51819385224536,69.9803350167676,,1.0
road,2,test,2012-05-22,0.01,StructuralRobust,8.0,7.179543195623566,23.4309077672513,28.94379905134436,10.552607534007372,0.0,1.0
road,2,test,2012-05-22,0.01,ExpectedActionValue,8.0,17.94536993085523,2.7562479068081793,3.8619842423266717,2.2503866314533814,,1.0
road,2,test,2012-05-22,0.01,PointwiseWorstAction,8.0,17.97478539224533,3.1221877073821025,4.354179686806336,2.500757390959075,,1.0
road,2,test,2012-05-22,0.01,ScenarioCVaR,8.0,17.97478539224533,3.1221877073821025,4.354179686806336,2.500757390959075,,1.0
road,2,test,2012-05-22,0.01,RiskFirst,8.0,2.533161538600609,21.589789657024145,26.948418128508195,10.332081260495631,,1.0
road,2,test,2012-05-22,0.01,TemporalContext2024,8.0,2.5331615386006088,21.589789657024145,26.948418128508195,10.332081260495631,,1.0
road,2,test,2012-05-22,0.01,NetworkPropagation2024,8.0,2.5331615386006088,21.589789657024145,26.948418128508195,10.332081260495631,,1.0
road,2,test,2012-05-22,0.01,CalibratedUncertainty2025,8.0,2.4011215070043583,20.32608707785741,25.414854544555798,9.823820464889604,,1.0
road,2,test,2012-05-22,0.01,MappedPTO2026,8.0,2.533161538600609,21.589789657024145,26.948418128508195,10.332081260495631,,1.0
road,2,test,2012-05-22,0.01,GroupAware2025,8.0,2.366920111300383,22.927189564035395,28.52584157502878,10.75319561502075,,1.0
road,2,test,2012-05-22,0.01,RobustImprovement2025,8.0,2.2084157875168384,20.986696645914538,26.209042409371943,10.059873057769863,,1.0
road,2,test,2012-05-22,0.03,StructuralRobust,25.0,50.18002204933073,47.213589153442264,60.08222676272085,25.15729775822789,0.0,1.0
road,2,test,2012-05-22,0.03,ExpectedActionValue,25.0,37.428660073273875,5.508856743681549,7.693308594684224,4.4766893262518535,,1.0
road,2,test,2012-05-22,0.03,PointwiseWorstAction,25.0,37.43169265483181,5.508236563022255,7.6926884140249285,4.476689326251851,,1.0
road,2,test,2012-05-22,0.03,ScenarioCVaR,25.0,37.4570967998668,5.539882267383886,7.72433411838656,4.476689326251851,,1.0
road,2,test,2012-05-22,0.03,RiskFirst,25.0,4.780860578024196,45.8468193102961,58.41410517706189,24.589214286150806,,1.0
road,2,test,2012-05-22,0.03,TemporalContext2024,25.0,4.780860578024195,45.84681931029609,58.41410517706188,24.589214286150813,,1.0
road,2,test,2012-05-22,0.03,NetworkPropagation2024,25.0,4.932439608627175,47.02496184638829,59.80418975612762,24.96895794330326,,1.0
road,2,test,2012-05-22,0.03,CalibratedUncertainty2025,25.0,4.964747860187788,47.299235479180844,60.12149783654544,25.039793873002687,,1.0
road,2,test,2012-05-22,0.03,MappedPTO2026,25.0,4.956071027103898,47.01444015140941,59.80971599089775,25.008215970013147,,1.0
road,2,test,2012-05-22,0.03,GroupAware2025,25.0,4.780860578024196,45.8468193102961,58.41410517706189,24.589214286150806,,1.0
road,2,test,2012-05-22,0.03,RobustImprovement2025,25.0,4.81236687370712,45.871007698678575,58.42836336397341,24.56272257741346,,1.0
road,2,test,2012-05-22,0.05,StructuralRobust,41.0,64.76084809728708,62.57615481178031,80.57105900394129,35.470998221751785,0.0,1.0
road,2,test,2012-05-22,0.05,ExpectedActionValue,41.0,48.80501898746466,6.566625302796508,9.068010212273522,5.073839767474945,,1.0
road,2,test,2012-05-22,0.05,PointwiseWorstAction,41.0,48.9125831933855,6.740760665342981,9.239829677607649,5.041278915944112,,1.0
road,2,test,2012-05-22,0.05,ScenarioCVaR,41.0,48.78466535911619,7.153929946581933,9.84087209842919,5.435385177234853,,1.0
road,2,test,2012-05-22,0.05,RiskFirst,41.0,7.980607934452112,61.82486460919661,79.5777773922622,34.97490226406619,,1.0
road,2,test,2012-05-22,0.05,TemporalContext2024,41.0,8.116343342486074,60.74625102684276,78.25486976704813,34.51054524476314,,1.0
road,2,test,2012-05-22,0.05,NetworkPropagation2024,41.0,8.5580658464132,59.26519962933059,76.44728851722347,33.89607705194093,,1.0
road,2,test,2012-05-22,0.05,CalibratedUncertainty2025,41.0,6.248851811610261,61.72823258087309,79.44695690102962,34.90181706409039,,1.0
road,2,test,2012-05-22,0.05,MappedPTO2026,41.0,8.609523329553797,61.141994777279535,78.76886057407275,34.77888753503039,,1.0
road,2,test,2012-05-22,0.05,GroupAware2025,41.0,8.488234285970167,60.25431359383095,77.68836931784935,34.38771913063628,,1.0
road,2,test,2012-05-22,0.05,RobustImprovement2025,41.0,8.418379955063331,60.26815894274389,77.58449864737915,34.108677039537575,,1.0
road,2,test,2012-05-22,0.1,StructuralRobust,83.0,30.24938609305268,88.15129318345788,116.01845513583919,55.71206390569563,0.0,1.0
road,2,test,2012-05-22,0.1,ExpectedActionValue,83.0,69.84466345206695,25.44289570189702,33.38745001861905,15.705791293510696,,1.0
road,2,test,2012-05-22,0.1,PointwiseWorstAction,83.0,69.84466345206692,25.44289570189702,33.38745001861905,15.70579129351069,,1.0
road,2,test,2012-05-22,0.1,ScenarioCVaR,83.0,69.81394368124039,25.302537967648792,33.18244473345495,15.606901099137449,,1.0
road,2,test,2012-05-22,0.1,RiskFirst,83.0,15.812868731833651,87.32688662038589,114.94960692302423,55.19771481233133,,1.0
road,2,test,2012-05-22,0.1,TemporalContext2024,83.0,16.796369629427495,87.79827815264599,115.46051480604852,55.235767670168656,,1.0
road,2,test,2012-05-22,0.1,NetworkPropagation2024,83.0,15.634208342743763,86.82320369199543,114.29302041469293,54.92006275512891,,1.0
road,2,test,2012-05-22,0.1,CalibratedUncertainty2025,83.0,16.446052484429266,86.35072933576801,113.49297022152814,54.18424054588847,,1.0
road,2,test,2012-05-22,0.1,MappedPTO2026,83.0,17.32318254290295,85.6857518682287,112.91781685413255,54.462804037791,,1.0
road,2,test,2012-05-22,0.1,GroupAware2025,83.0,17.84367197491144,87.33950716975191,114.89479922454359,55.05412762160991,,1.0
road,2,test,2012-05-22,0.1,RobustImprovement2025,83.0,19.967103724451682,88.15129318345788,116.01845513583919,55.71206390569563,,1.0
road,2,test,2012-05-22,0.2,StructuralRobust,166.0,64.43029151583723,117.95693752641097,158.33229377762464,81.57283662657056,0.0,1.0
road,2,test,2012-05-22,0.2,ExpectedActionValue,166.0,94.87611773163256,50.291831875881904,65.88694946552748,30.997760323647277,,1.0
road,2,test,2012-05-22,0.2,PointwiseWorstAction,166.0,94.90904540030539,51.342854000180544,67.37628128444531,31.903428136075284,,1.0
road,2,test,2012-05-22,0.2,ScenarioCVaR,166.0,94.90904540030542,51.342854000180544,67.37628128444533,31.9034281360753,,1.0
road,2,test,2012-05-22,0.2,RiskFirst,166.0,33.64708081741132,116.85461920399545,156.82234288538834,80.70430714015275,,1.0
road,2,test,2012-05-22,0.2,TemporalContext2024,166.0,33.64571879116201,117.8431209639074,158.13418659504003,81.34328623691117,,1.0
road,2,test,2012-05-22,0.2,NetworkPropagation2024,166.0,33.61360177974096,117.79615972273618,158.17879178373045,81.60654820801923,,1.0
road,2,test,2012-05-22,0.2,CalibratedUncertainty2025,166.0,34.35975898051015,117.84791021181738,158.0512942598818,81.07969098812978,,1.0
road,2,test,2012-05-22,0.2,MappedPTO2026,166.0,36.58091566051116,117.19271157579834,157.36789193752466,81.0922023748605,,1.0
road,2,test,2012-05-22,0.2,GroupAware2025,166.0,35.52955463876217,117.05498736001009,157.0030161628692,80.58050892225812,,1.0
road,2,test,2012-05-22,0.2,RobustImprovement2025,166.0,36.90299307829484,117.51925031723151,157.82354335927639,81.52074060601988,,1.0
road,2,test,2012-05-23,0.01,StructuralRobust,8.0,7.062076301777168,18.942574941362437,23.962591295433736,9.76490858039126,0.0,1.0
road,2,test,2012-05-23,0.01,ExpectedActionValue,8.0,16.32745710647503,1.9434610420418972,2.7591784180580836,1.6679659317618647,,1.0
road,2,test,2012-05-23,0.01,PointwiseWorstAction,8.0,16.32745710647503,1.9434610420418972,2.7591784180580836,1.6679659317618647,,1.0
road,2,test,2012-05-23,0.01,ScenarioCVaR,8.0,16.32745710647503,1.9434610420418972,2.7591784180580836,1.6679659317618647,,1.0
road,2,test,2012-05-23,0.01,RiskFirst,8.0,2.9766268134497444,19.520126638345577,24.683074275451553,10.035524604120031,,1.0
road,2,test,2012-05-23,0.01,TemporalContext2024,8.0,2.976626813449744,19.520126638345573,24.683074275451553,10.035524604120035,,1.0
road,2,test,2012-05-23,0.01,NetworkPropagation2024,8.0,2.681330587845222,19.643754065309036,24.835629577585966,10.088962440680035,,1.0
road,2,test,2012-05-23,0.01,CalibratedUncertainty2025,8.0,2.976626813449744,19.520126638345573,24.683074275451553,10.035524604120035,,1.0
road,2,test,2012-05-23,0.01,MappedPTO2026,8.0,2.9766268134497444,19.520126638345573,24.683074275451553,10.035524604120035,,1.0
road,2,test,2012-05-23,0.01,GroupAware2025,8.0,2.9766268134497444,19.520126638345577,24.683074275451553,10.035524604120031,,1.0
road,2,test,2012-05-23,0.01,RobustImprovement2025,8.0,2.5559869860549624,19.420431819702102,24.536066972765507,9.936058956275104,,1.0
road,2,test,2012-05-23,0.03,StructuralRobust,25.0,48.724235904924384,40.19283439740107,52.14818131621394,23.669151063925078,0.0,1.0
road,2,test,2012-05-23,0.03,ExpectedActionValue,25.0,35.858300345584674,10.464157653379171,14.022319310198288,7.147394102595772,,1.0
road,2,test,2012-05-23,0.03,PointwiseWorstAction,25.0,35.858300345584674,10.46415765337917,14.022319310198288,7.1473941025957775,,1.0
road,2,test,2012-05-23,0.03,ScenarioCVaR,25.0,35.858300345584674,10.46415765337917,14.02231931019829,7.147394102595774,,1.0
road,2,test,2012-05-23,0.03,RiskFirst,25.0,5.325922421000036,41.41176262664153,53.60625799397978,24.087077320583475,,1.0
road,2,test,2012-05-23,0.03,TemporalContext2024,25.0,5.325922421000036,41.41176262664153,53.60625799397978,24.08707732058349,,1.0
road,2,test,2012-05-23,0.03,NetworkPropagation2024,25.0,5.325922421000036,41.41176262664153,53.60625799397978,24.087077320583475,,1.0
road,2,test,2012-05-23,0.03,CalibratedUncertainty2025,25.0,5.3417582291475565,40.88163796267858,52.815030050818905,23.5113289642065,,1.0
road,2,test,2012-05-23,0.03,MappedPTO2026,25.0,5.182482306228772,41.3881484658459,53.604616947674835,24.142042497367342,,1.0
road,2,test,2012-05-23,0.03,GroupAware2025,25.0,5.325922421000036,41.41176262664154,53.60625799397978,24.087077320583468,,1.0
road,2,test,2012-05-23,0.03,RobustImprovement2025,25.0,5.044395511592183,40.003976712536875,51.84038247382055,23.40425415321085,,1.0
road,2,test,2012-05-23,0.05,StructuralRobust,41.0,63.10844091860626,55.74199037083769,72.91697843837248,34.12363764789034,0.0,1.0
road,2,test,2012-05-23,0.05,ExpectedActionValue,41.0,47.448222337640125,17.044627415731014,22.672862366786298,11.328001039549065,,1.0
road,2,test,2012-05-23,0.05,PointwiseWorstAction,41.0,47.43124278429521,17.218949271030038,22.917639375610012,11.473590654512698,,1.0
road,2,test,2012-05-23,0.05,ScenarioCVaR,41.0,47.426225974589116,16.90714237427156,22.492525328949426,11.245798958455808,,1.0
road,2,test,2012-05-23,0.05,RiskFirst,41.0,8.739209561877562,53.452683406868424,70.00621086572004,32.98169880156161,,1.0
road,2,test,2012-05-23,0.05,TemporalContext2024,41.0,8.446310303776832,54.0520714205644,70.78004500601618,33.26971125384557,,1.0
road,2,test,2012-05-23,0.05,NetworkPropagation2024,41.0,9.117206285695627,55.47866839596417,72.71822527658453,34.335933101658675,,1.0
road,2,test,2012-05-23,0.05,CalibratedUncertainty2025,41.0,8.947036691081616,53.403074851815695,69.69651010693909,32.347783019475024,,1.0
road,2,test,2012-05-23,0.05,MappedPTO2026,41.0,9.34698120610739,53.38473358260181,69.90316774298819,32.90591743534597,,1.0
road,2,test,2012-05-23,0.05,GroupAware2025,41.0,9.34595827620814,53.950129408047346,70.75335827708207,33.502405358550675,,1.0
road,2,test,2012-05-23,0.05,RobustImprovement2025,41.0,8.959573773230268,51.50160718924545,67.52803838376398,31.910555183736136,,1.0
road,2,test,2012-05-23,0.1,StructuralRobust,83.0,30.4483216911119,77.56051319587824,103.37972259616102,51.99136089428855,0.0,1.0
road,2,test,2012-05-23,0.1,ExpectedActionValue,83.0,69.96221081068505,25.640379253140797,34.58538248111095,18.044903430283792,,1.0
road,2,test,2012-05-23,0.1,PointwiseWorstAction,83.0,70.00308957369379,25.60968314975057,34.56389494118197,18.063213109334153,,1.0
road,2,test,2012-05-23,0.1,ScenarioCVaR,83.0,69.96403740594295,25.395518145359826,34.19427020993057,17.73037619218459,,1.0
road,2,test,2012-05-23,0.1,RiskFirst,83.0,19.038065996846097,76.57143955821338,102.093249199582,51.386430430087856,,1.0
road,2,test,2012-05-23,0.1,TemporalContext2024,83.0,18.647894205713342,75.88269957568181,101.16984859430211,50.88129267832062,,1.0
road,2,test,2012-05-23,0.1,NetworkPropagation2024,83.0,19.575687237885965,75.88559075917293,101.21054664165662,50.973900348098084,,1.0
road,2,test,2012-05-23,0.1,CalibratedUncertainty2025,83.0,20.042453053814192,76.30444060530182,101.84475736792533,51.42504616189872,,1.0
road,2,test,2012-05-23,0.1,MappedPTO2026,83.0,19.0380659968461,76.57143955821338,102.093249199582,51.386430430087856,,1.0
road,2,test,2012-05-23,0.1,GroupAware2025,83.0,19.005177957664046,76.61535180865683,102.11213136167291,51.31806576975855,,1.0
road,2,test,2012-05-23,0.1,RobustImprovement2025,83.0,19.142288286221714,77.56051319587824,103.37972259616102,51.99136089428855,,1.0
road,2,test,2012-05-23,0.2,StructuralRobust,166.0,63.20232206283504,116.33309839217421,158.02286625239645,84.8660863442013,0.0,1.0
road,2,test,2012-05-23,0.2,ExpectedActionValue,166.0,97.46780568300248,51.401139890040085,68.88682603393963,35.16337379559236,,1.0
road,2,test,2012-05-23,0.2,PointwiseWorstAction,166.0,97.52479532327096,50.842651135687625,68.0638146482426,34.60565163336127,,1.0
road,2,test,2012-05-23,0.2,ScenarioCVaR,166.0,97.50998980526997,51.13962514566357,68.51574599197286,34.93636982248219,,1.0
road,2,test,2012-05-23,0.2,RiskFirst,166.0,37.019092941760896,116.93062897513298,158.9321759828747,85.4982051485357,,1.0
road,2,test,2012-05-23,0.2,TemporalContext2024,166.0,35.60169627818113,114.32853833138823,155.34077344747985,83.50362571401193,,1.0
road,2,test,2012-05-23,0.2,NetworkPropagation2024,166.0,36.13100892142418,115.93363527089963,157.55774057181296,84.72820096599989,,1.0
road,2,test,2012-05-23,0.2,CalibratedUncertainty2025,166.0,36.79915946259668,113.55191235360724,154.67813972812044,83.90868836258673,,1.0
road,2,test,2012-05-23,0.2,MappedPTO2026,166.0,37.02563556602527,117.48053849671497,159.78449977488415,86.18780870514611,,1.0
road,2,test,2012-05-23,0.2,GroupAware2025,166.0,36.855155625927544,116.47511857373642,158.2208900089317,84.9395754689052,,1.0
road,2,test,2012-05-23,0.2,RobustImprovement2025,166.0,38.5897742875678,114.74267240687018,155.92052993513136,83.78195364833198,,1.0
road,3,set_cal,2012-05-10,0.01,StructuralRobust,8.0,23.46101179035904,13.783727363887564,17.574272870486773,7.401194755942836,0.0,1.0
road,3,set_cal,2012-05-10,0.01,ExpectedActionValue,8.0,16.093884102425626,0.47697512202169007,0.5905696134036739,0.21885448475816588,,1.0
road,3,set_cal,2012-05-10,0.01,PointwiseWorstAction,8.0,16.093884102425626,0.47697512202169007,0.5905696134036739,0.21885448475816588,,1.0
road,3,set_cal,2012-05-10,0.01,ScenarioCVaR,8.0,16.093884102425626,0.47697512202169,0.590569613403674,0.21885448475816605,,1.0
road,3,set_cal,2012-05-10,0.01,RiskFirst,8.0,2.0016699808376535,13.783727363887564,17.574272870486773,7.401194755942836,,1.0
road,3,set_cal,2012-05-10,0.01,TemporalContext2024,8.0,2.0016699808376535,13.783727363887564,17.574272870486773,7.401194755942836,,1.0
road,3,set_cal,2012-05-10,0.01,NetworkPropagation2024,8.0,2.001669980837654,13.783727363887564,17.574272870486773,7.401194755942836,,1.0
road,3,set_cal,2012-05-10,0.01,CalibratedUncertainty2025,8.0,1.7417310930829886,13.371962725075488,17.079237243611537,7.249177822003208,,1.0
road,3,set_cal,2012-05-10,0.01,MappedPTO2026,8.0,2.0016699808376535,13.783727363887564,17.574272870486773,7.401194755942839,,1.0
road,3,set_cal,2012-05-10,0.01,GroupAware2025,8.0,2.0016699808376535,13.783727363887564,17.574272870486773,7.401194755942836,,1.0
road,3,set_cal,2012-05-10,0.01,RobustImprovement2025,8.0,2.001669980837654,13.783727363887564,17.574272870486773,7.401194755942836,,1.0
road,3,set_cal,2012-05-10,0.03,StructuralRobust,25.0,9.873919953918193,29.945949151575707,38.87119755128322,17.57550050324466,0.0,1.0
road,3,set_cal,2012-05-10,0.03,ExpectedActionValue,25.0,34.9722410076223,2.4138817111749233,3.1812385169038717,1.5293131782346872,,1.0
road,3,set_cal,2012-05-10,0.03,PointwiseWorstAction,25.0,35.00230151285421,2.402900946215144,3.170257751944092,1.5293131782346867,,1.0
road,3,set_cal,2012-05-10,0.03,ScenarioCVaR,25.0,34.9722410076223,2.4138817111749233,3.1812385169038717,1.5293131782346867,,1.0
road,3,set_cal,2012-05-10,0.03,RiskFirst,25.0,5.083346689990159,30.66710727842665,39.89426793776165,18.24536572096487,,1.0
road,3,set_cal,2012-05-10,0.03,TemporalContext2024,25.0,6.509866001632116,31.099848893699374,40.46078196079504,18.505452403288764,,1.0
road,3,set_cal,2012-05-10,0.03,NetworkPropagation2024,25.0,6.4948743024113815,30.80583198306911,40.07387537698314,18.32285445720723,,1.0
road,3,set_cal,2012-05-10,0.03,CalibratedUncertainty2025,25.0,6.045165842677985,29.945949151575707,38.87119755128322,17.57550050324466,,1.0
road,3,set_cal,2012-05-10,0.03,MappedPTO2026,25.0,6.243696120141283,29.825649254453303,38.842982598217816,17.863998558685267,,1.0
road,3,set_cal,2012-05-10,0.03,GroupAware2025,25.0,5.083346689990159,30.66710727842665,39.89426793776164,18.245365720964863,,1.0
road,3,set_cal,2012-05-10,0.03,RobustImprovement2025,25.0,5.509572285665587,30.224033418253477,39.183459890100224,17.616684488131853,,1.0
road,3,set_cal,2012-05-10,0.05,StructuralRobust,41.0,45.65923125266012,38.54178750205459,50.91025258237136,24.651157234554553,0.0,1.0
road,3,set_cal,2012-05-10,0.05,ExpectedActionValue,41.0,45.91394303625709,4.791077160433374,6.460023920656697,3.360727730078165,,1.0
road,3,set_cal,2012-05-10,0.05,PointwiseWorstAction,41.0,45.85594295219983,4.950381492925346,6.711613337312698,3.5397453935717644,,1.0
road,3,set_cal,2012-05-10,0.05,ScenarioCVaR,41.0,45.91394303625709,4.791077160433372,6.460023920656697,3.360727730078165,,1.0
road,3,set_cal,2012-05-10,0.05,RiskFirst,41.0,8.710500039522536,39.19382648628681,51.83984465824807,25.268512696478,,1.0
road,3,set_cal,2012-05-10,0.05,TemporalContext2024,41.0,8.597596686004175,39.14874158234563,51.79776808551369,25.284345023918824,,1.0
road,3,set_cal,2012-05-10,0.05,NetworkPropagation2024,41.0,8.257323958269705,39.05345982277704,51.65269606188608,25.16647239504057,,1.0
road,3,set_cal,2012-05-10,0.05,CalibratedUncertainty2025,41.0,8.821102619405359,39.02864155651607,51.64963685094806,25.23296133687753,,1.0
road,3,set_cal,2012-05-10,0.05,MappedPTO2026,41.0,8.909148708141203,39.01232558097642,51.666351510382256,25.343583654815944,,1.0
road,3,set_cal,2012-05-10,0.05,GroupAware2025,41.0,8.68248827803907,39.20016384904265,51.855151539669116,25.28976949353992,,1.0
road,3,set_cal,2012-05-10,0.05,RobustImprovement2025,41.0,8.113371695348603,38.77154350261312,51.28759859516963,25.01704334358105,,1.0
road,3,set_cal,2012-05-10,0.1,StructuralRobust,83.0,42.941000813382495,57.19240285921222,77.15035246404956,40.314029159193865,0.0,1.0
road,3,set_cal,2012-05-10,0.1,ExpectedActionValue,83.0,67.7740104963103,15.724583484348612,20.491029616264274,9.401598130070395,,1.0
road,3,set_cal,2012-05-10,0.1,PointwiseWorstAction,83.0,67.91830624744696,15.800280577176252,20.629911308849593,9.48780373241734,,1.0
road,3,set_cal,2012-05-10,0.1,ScenarioCVaR,83.0,67.90558224475764,16.686816552656154,21.74670615503684,9.970287141605159,,1.0
road,3,set_cal,2012-05-10,0.1,RiskFirst,83.0,14.586606892176148,56.425338907828554,76.20679546358751,39.99160410051318,,1.0
road,3,set_cal,2012-05-10,0.1,TemporalContext2024,83.0,14.044840914646166,56.32621287182723,76.01784302581882,39.816782535954424,,1.0
road,3,set_cal,2012-05-10,0.1,NetworkPropagation2024,83.0,14.5966082052513,56.76672034635411,76.65847934983387,40.207325311737044,,1.0
road,3,set_cal,2012-05-10,0.1,CalibratedUncertainty2025,83.0,15.13631616234765,56.67207063699381,76.43081247670398,39.94696588591232,,1.0
road,3,set_cal,2012-05-10,0.1,MappedPTO2026,83.0,14.908267086363658,56.26821278298139,76.08305446325721,40.08787642099083,,1.0
road,3,set_cal,2012-05-10,0.1,GroupAware2025,83.0,15.613669544113314,56.446147048399034,76.27599926719574,40.05650293813799,,1.0
road,3,set_cal,2012-05-10,0.1,RobustImprovement2025,83.0,15.472763857887102,56.94564143323392,76.96864892328803,40.48623717270151,,1.0
road,3,set_cal,2012-05-10,0.2,StructuralRobust,166.0,180.30607695465343,75.38203514261888,103.24660819565277,56.47605490872685,0.0,1.0
road,3,set_cal,2012-05-10,0.2,ExpectedActionValue,166.0,95.90563492390622,30.48546677818299,39.58326527624737,17.92218870838733,,1.0
road,3,set_cal,2012-05-10,0.2,PointwiseWorstAction,166.0,96.17933193888402,30.50326986131559,39.6964789370718,18.07928237797987,,1.0
road,3,set_cal,2012-05-10,0.2,ScenarioCVaR,166.0,96.18305237784594,31.85085526879669,41.53725457104234,19.10117399469959,,1.0
road,3,set_cal,2012-05-10,0.2,RiskFirst,166.0,31.369544667603268,75.38203514261888,103.24660819565277,56.47605490872685,,1.0
road,3,set_cal,2012-05-10,0.2,TemporalContext2024,166.0,31.118618244753588,75.76313635581232,103.76852382054719,56.71612255380387,,1.0
road,3,set_cal,2012-05-10,0.2,NetworkPropagation2024,166.0,30.95692192010064,75.48164123293458,103.2762640202586,56.31011278795418,,1.0
road,3,set_cal,2012-05-10,0.2,CalibratedUncertainty2025,166.0,31.271635789519493,75.8816135902409,103.73227667073472,56.48326782375628,,1.0
road,3,set_cal,2012-05-10,0.2,MappedPTO2026,166.0,31.29533127977699,75.58805518678291,103.55184866119173,56.64279301752886,,1.0
road,3,set_cal,2012-05-10,0.2,GroupAware2025,166.0,31.66244148848159,75.71641761603229,103.6742888907347,56.62719318019879,,1.0
road,3,set_cal,2012-05-10,0.2,RobustImprovement2025,166.0,31.424232152946303,75.84669022252103,103.9954152548619,56.98333913498476,,1.0
road,3,set_cal,2012-05-11,0.01,StructuralRobust,8.0,22.550617691341156,17.598938035928768,22.10527198337385,8.73232555528558,0.0,1.0
road,3,set_cal,2012-05-11,0.01,ExpectedActionValue,8.0,14.278228369379631,0.544166921215659,0.7072952446526543,0.26837707721350523,,1.0
road,3,set_cal,2012-05-11,0.01,PointwiseWorstAction,8.0,14.261938724878215,0.42838153725517797,0.5180937199608232,0.14124022174150247,,1.0
road,3,set_cal,2012-05-11,0.01,ScenarioCVaR,8.0,14.278228369379631,0.544166921215659,0.7072952446526543,0.26837707721350523,,1.0
road,3,set_cal,2012-05-11,0.01,RiskFirst,8.0,2.1792070600793383,17.598938035928768,22.10527198337385,8.73232555528558,,1.0
road,3,set_cal,2012-05-11,0.01,TemporalContext2024,8.0,2.1792070600793383,17.598938035928764,22.10527198337385,8.732325555285584,,1.0
road,3,set_cal,2012-05-11,0.01,NetworkPropagation2024,8.0,2.1792070600793383,17.598938035928768,22.10527198337385,8.73232555528558,,1.0
road,3,set_cal,2012-05-11,0.01,CalibratedUncertainty2025,8.0,2.4096698072884943,14.68795510644676,18.493043044788784,7.342019161120595,,1.0
road,3,set_cal,2012-05-11,0.01,MappedPTO2026,8.0,2.3139905438804784,15.385284356675932,19.394588191375885,7.752448915806497,,1.0
road,3,set_cal,2012-05-11,0.01,GroupAware2025,8.0,2.1792070600793383,17.598938035928768,22.10527198337385,8.73232555528558,,1.0
road,3,set_cal,2012-05-11,0.01,RobustImprovement2025,8.0,2.179207060079338,17.598938035928764,22.10527198337385,8.732325555285584,,1.0
road,3,set_cal,2012-05-11,0.03,StructuralRobust,25.0,9.35341725957683,35.73614170547362,46.30137173368528,20.863296258586182,0.0,1.0
road,3,set_cal,2012-05-11,0.03,ExpectedActionValue,25.0,32.896226619356334,5.239986217764088,6.6305101174814025,2.645693235259044,,1.0
road,3,set_cal,2012-05-11,0.03,PointwiseWorstAction,25.0,32.801668811058,5.2442412700699945,6.634765169787309,2.645693235259043,,1.0
road,3,set_cal,2012-05-11,0.03,ScenarioCVaR,25.0,32.896226619356334,5.239986217764088,6.6305101174814025,2.645693235259044,,1.0
road,3,set_cal,2012-05-11,0.03,RiskFirst,25.0,7.846478415301467,33.77563006131302,43.83135720299857,19.88127722120548,,1.0
road,3,set_cal,2012-05-11,0.03,TemporalContext2024,25.0,7.9019563512842526,35.78816426848047,46.32522318806373,20.78420017143712,,1.0
road,3,set_cal,2012-05-11,0.03,NetworkPropagation2024,25.0,7.367146376757239,35.64151884849386,46.100945714178046,20.61645727152152,,1.0
road,3,set_cal,2012-05-11,0.03,CalibratedUncertainty2025,25.0,7.128136954321605,35.73614170547362,46.30137173368528,20.863296258586182,,1.0
road,3,set_cal,2012-05-11,0.03,MappedPTO2026,25.0,6.4113213066570225,33.55584359442244,43.49362946837855,19.624996707906227,,1.0
road,3,set_cal,2012-05-11,0.03,GroupAware2025,25.0,7.957623829286272,35.65169964661319,46.16088532504144,20.73861756795914,,1.0
road,3,set_cal,2012-05-11,0.03,RobustImprovement2025,25.0,7.458068540183152,33.63410082062895,43.59510012084559,19.67018527352721,,1.0
road,3,set_cal,2012-05-11,0.05,StructuralRobust,41.0,43.34921400652154,46.985387734600685,61.64869413930669,29.15110544628339,0.0,1.0
road,3,set_cal,2012-05-11,0.05,ExpectedActionValue,41.0,44.46281261038692,7.584855600733676,9.699290301801824,4.105146251618046,,1.0
road,3,set_cal,2012-05-11,0.05,PointwiseWorstAction,41.0,44.48999375266148,7.504742452680727,9.512820305442606,3.877699925148903,,1.0
road,3,set_cal,2012-05-11,0.05,ScenarioCVaR,41.0,44.50224714005253,7.708259876285777,9.832292983427918,4.115896466420918,,1.0
road,3,set_cal,2012-05-11,0.05,RiskFirst,41.0,9.07222014952309,47.398119126709304,62.29465860679078,29.703058477982438,,1.0
road,3,set_cal,2012-05-11,0.05,TemporalContext2024,41.0,8.885363201647566,47.96438109833474,62.99724379635366,29.95313994020006,,1.0
road,3,set_cal,2012-05-11,0.05,NetworkPropagation2024,41.0,9.279516033317131,48.345591494785936,63.41025808932501,29.943119072269255,,1.0
road,3,set_cal,2012-05-11,0.05,CalibratedUncertainty2025,41.0,9.512114062638055,47.74880495488731,62.659928969879275,29.658629333175817,,1.0
road,3,set_cal,2012-05-11,0.05,MappedPTO2026,41.0,9.480374754673853,48.37984402392827,63.509438648489905,30.144589286980036,,1.0
road,3,set_cal,2012-05-11,0.05,GroupAware2025,41.0,9.528048279441569,48.10982488060948,63.17729321811702,30.03225809784682,,1.0
road,3,set_cal,2012-05-11,0.05,RobustImprovement2025,41.0,9.071286338782784,47.248379926049076,62.09161182714448,29.59810997783068,,1.0
road,3,set_cal,2012-05-11,0.1,StructuralRobust,83.0,40.16808632228609,68.98505047197847,92.14849507308153,46.5940774450774,0.0,1.0
road,3,set_cal,2012-05-11,0.1,ExpectedActionValue,83.0,66.14401258107605,21.47995824732051,27.711903210952396,12.227025938966854,,1.0
road,3,set_cal,2012-05-11,0.1,PointwiseWorstAction,83.0,66.1455822234223,21.521671195930235,27.753616159562117,12.227025938966843,,1.0
road,3,set_cal,2012-05-11,0.1,ScenarioCVaR,83.0,66.14401258107605,21.47995824732051,27.711903210952396,12.227025938966847,,1.0
road,3,set_cal,2012-05-11,0.1,RiskFirst,83.0,16.342927072234048,69.72589363751081,93.30148058703591,47.51944393359149,,1.0
road,3,set_cal,2012-05-11,0.1,TemporalContext2024,83.0,16.70155250450329,68.17239800912003,91.20372759735163,46.39492313142074,,1.0
road,3,set_cal,2012-05-11,0.1,NetworkPropagation2024,83.0,16.59404910951074,69.65347335656084,93.1392364078692,47.31407985721721,,1.0
road,3,set_cal,2012-05-11,0.1,CalibratedUncertainty2025,83.0,16.18643869562205,68.75831732888145,91.9300960811286,46.695585926376594,,1.0
road,3,set_cal,2012-05-11,0.1,MappedPTO2026,83.0,16.34292707223405,69.7258936375108,93.3014805870359,47.51944393359152,,1.0
road,3,set_cal,2012-05-11,0.1,GroupAware2025,83.0,15.896580437341322,69.55735330665081,93.00164250622059,47.23984018401174,,1.0
road,3,set_cal,2012-05-11,0.1,RobustImprovement2025,83.0,17.03263299199127,68.65577283157845,91.78868717101685,46.59467931594101,,1.0
road,3,set_cal,2012-05-11,0.2,StructuralRobust,166.0,157.58811038173022,87.16565015233134,117.5174676100564,61.073528122985365,0.0,1.0
road,3,set_cal,2012-05-11,0.2,ExpectedActionValue,166.0,89.03879798143248,40.55227661628355,52.67527504840469,23.841122502661662,,1.0
road,3,set_cal,2012-05-11,0.2,PointwiseWorstAction,166.0,89.14833869976917,40.01283166465946,51.9269682448896,23.405832022967473,,1.0
road,3,set_cal,2012-05-11,0.2,ScenarioCVaR,166.0,89.14389505620453,40.640079837438726,52.76307826955987,23.84112250266164,,1.0
road,3,set_cal,2012-05-11,0.2,RiskFirst,166.0,31.602054402173636,87.16565015233134,117.5174676100564,61.073528122985365,,1.0
road,3,set_cal,2012-05-11,0.2,TemporalContext2024,166.0,31.138037644345445,87.36072432374242,117.73849390712077,61.06469282423025,,1.0
road,3,set_cal,2012-05-11,0.2,NetworkPropagation2024,166.0,31.178078960061352,87.03497585796394,117.24358610253195,60.69615864370125,,1.0
road,3,set_cal,2012-05-11,0.2,CalibratedUncertainty2025,166.0,30.975754110493128,86.49404211205793,116.45914570085141,60.31638091852541,,1.0
road,3,set_cal,2012-05-11,0.2,MappedPTO2026,166.0,31.858185465183638,87.25706277748486,117.66941722373484,61.128260304503726,,1.0
road,3,set_cal,2012-05-11,0.2,GroupAware2025,166.0,31.70492545290067,87.32781901063466,117.54676537324414,60.71603636117676,,1.0
road,3,set_cal,2012-05-11,0.2,RobustImprovement2025,166.0,31.645208508963492,87.3843537641078,117.7022601665284,60.9498578968886,,1.0
road,3,set_cal,2012-05-14,0.01,StructuralRobust,8.0,25.240899918393573,14.291921471787855,18.37993723452204,8.019961547724122,0.0,1.0
road,3,set_cal,2012-05-14,0.01,ExpectedActionValue,8.0,17.933172631945208,1.2935418169220783,1.8728158610682974,1.1975290157009093,,1.0
road,3,set_cal,2012-05-14,0.01,PointwiseWorstAction,8.0,17.933172631945205,1.2935418169220783,1.8728158610682974,1.1975290157009093,,1.0
road,3,set_cal,2012-05-14,0.01,ScenarioCVaR,8.0,17.933172631945208,1.2935418169220783,1.8728158610682974,1.1975290157009089,,1.0
road,3,set_cal,2012-05-14,0.01,RiskFirst,8.0,1.7686883600966343,11.963477300862749,15.553095635465786,7.052900646836541,,1.0
road,3,set_cal,2012-05-14,0.01,TemporalContext2024,8.0,1.7686883600966343,11.963477300862747,15.553095635465786,7.052900646836543,,1.0
road,3,set_cal,2012-05-14,0.01,NetworkPropagation2024,8.0,1.7318264105348358,13.31685940057939,17.084404922892436,7.347133281882684,,1.0
road,3,set_cal,2012-05-14,0.01,CalibratedUncertainty2025,8.0,1.7686883600966343,11.963477300862749,15.553095635465786,7.052900646836541,,1.0
road,3,set_cal,2012-05-14,0.01,MappedPTO2026,8.0,1.7686883600966343,11.963477300862747,15.553095635465786,7.052900646836543,,1.0
road,3,set_cal,2012-05-14,0.01,GroupAware2025,8.0,1.7686883600966343,11.963477300862749,15.553095635465786,7.052900646836541,,1.0
road,3,set_cal,2012-05-14,0.01,RobustImprovement2025,8.0,1.7134543832763625,12.624515467388093,16.438954127719096,7.538084094643018,,1.0
road,3,set_cal,2012-05-14,0.03,StructuralRobust,25.0,9.992795919952965,33.316868762601025,43.26567444702265,19.606126710439085,0.0,1.0
road,3,set_cal,2012-05-14,0.03,ExpectedActionValue,25.0,37.26193830584331,2.4329606612921815,3.2815872992348076,1.7636906728084423,,1.0
road,3,set_cal,2012-05-14,0.03,PointwiseWorstAction,25.0,37.26193830584331,2.4329606612921815,3.2815872992348085,1.7636906728084423,,1.0
road,3,set_cal,2012-05-14,0.03,ScenarioCVaR,25.0,37.26193830584331,2.4329606612921815,3.281587299234808,1.7636906728084414,,1.0
road,3,set_cal,2012-05-14,0.03,RiskFirst,25.0,4.486942356340153,32.4233397901783,42.154056949057285,19.19579854861111,,1.0
road,3,set_cal,2012-05-14,0.03,TemporalContext2024,25.0,4.587373113011954,32.363566396274614,42.06797412286459,19.13301471296144,,1.0
road,3,set_cal,2012-05-14,0.03,NetworkPropagation2024,25.0,4.485506549195946,32.710721142262,42.52751448040192,19.360624992753536,,1.0
road,3,set_cal,2012-05-14,0.03,CalibratedUncertainty2025,25.0,4.5873915196614306,33.316868762601025,43.26567444702265,19.606126710439085,,1.0
road,3,set_cal,2012-05-14,0.03,MappedPTO2026,25.0,4.360683847828055,32.49440764140754,42.24505750028947,19.240976589866726,,1.0
road,3,set_cal,2012-05-14,0.03,GroupAware2025,25.0,4.486942356340153,32.4233397901783,42.154056949057285,19.19579854861111,,1.0
road,3,set_cal,2012-05-14,0.03,RobustImprovement2025,25.0,4.499282761200934,32.66880499788077,42.37439793978105,19.11026825006337,,1.0
road,3,set_cal,2012-05-14,0.05,StructuralRobust,41.0,48.19565721754178,42.81920859800764,56.24210660393393,26.66794308814847,0.0,1.0
road,3,set_cal,2012-05-14,0.05,ExpectedActionValue,41.0,48.073233545625264,4.311442167391924,5.739403398212025,2.872936983126918,,1.0
road,3,set_cal,2012-05-14,0.05,PointwiseWorstAction,41.0,48.05765405001161,4.367672504942095,5.850364844772768,2.952387431504693,,1.0
road,3,set_cal,2012-05-14,0.05,ScenarioCVaR,41.0,48.073233545625264,4.311442167391924,5.739403398212025,2.872936983126916,,1.0
road,3,set_cal,2012-05-14,0.05,RiskFirst,41.0,6.114742840341262,43.8135376290631,57.59962041444245,27.41009997311439,,1.0
road,3,set_cal,2012-05-14,0.05,TemporalContext2024,41.0,6.3422175683395725,44.81989316725699,58.544638383030524,27.156908839952905,,1.0
road,3,set_cal,2012-05-14,0.05,NetworkPropagation2024,41.0,6.374645415479729,44.517223605821016,58.107557933290614,26.92455040050703,,1.0
road,3,set_cal,2012-05-14,0.05,CalibratedUncertainty2025,41.0,6.349737885686025,44.49044555126933,58.171701613620826,27.077643272784968,,1.0
road,3,set_cal,2012-05-14,0.05,MappedPTO2026,41.0,6.165647630854657,43.6181466427854,57.34275320775571,27.289627302248327,,1.0
road,3,set_cal,2012-05-14,0.05,GroupAware2025,41.0,7.011263940233038,43.21928521533334,56.8190613953925,27.044388488169503,,1.0
road,3,set_cal,2012-05-14,0.05,RobustImprovement2025,41.0,6.48340730927894,43.225130457140175,56.82014754389945,27.035134198534642,,1.0
road,3,set_cal,2012-05-14,0.1,StructuralRobust,83.0,41.78200971411137,64.45366509675212,86.03491798231855,43.42484676413477,0.0,1.0
road,3,set_cal,2012-05-14,0.1,ExpectedActionValue,83.0,68.95908294273754,14.556419215628067,19.169392107490243,9.109050097257308,,1.0
road,3,set_cal,2012-05-14,0.1,PointwiseWorstAction,83.0,69.04967461449823,14.577440362359757,19.190413254221937,9.109050097257308,,1.0
road,3,set_cal,2012-05-14,0.1,ScenarioCVaR,83.0,69.04967461449823,14.57744036235976,19.190413254221937,9.109050097257303,,1.0
road,3,set_cal,2012-05-14,0.1,RiskFirst,83.0,13.14908986231723,63.91287250448896,85.29453024098176,42.978735155517,,1.0
road,3,set_cal,2012-05-14,0.1,TemporalContext2024,83.0,11.740180631727124,62.63760847720424,83.55257457795243,42.0420631405498,,1.0
road,3,set_cal,2012-05-14,0.1,NetworkPropagation2024,83.0,13.229334483794247,61.928832494100924,82.46620916140951,41.21465699342932,,1.0
road,3,set_cal,2012-05-14,0.1,CalibratedUncertainty2025,83.0,14.724847400637861,64.60898053451095,86.09555477445495,42.99907836158539,,1.0
road,3,set_cal,2012-05-14,0.1,MappedPTO2026,83.0,13.527589852762853,64.96598921091558,86.71069355510893,43.722476060327,,1.0
road,3,set_cal,2012-05-14,0.1,GroupAware2025,83.0,14.070857855477033,65.41813355836626,87.31846190882918,44.032380077391764,,1.0
road,3,set_cal,2012-05-14,0.1,RobustImprovement2025,83.0,13.379335559495965,65.37027453192343,87.2526519876182,44.00138381039342,,1.0
road,3,set_cal,2012-05-14,0.2,StructuralRobust,166.0,167.23775326660876,92.57663174547555,125.8354985173097,67.54273379646774,0.0,1.0
road,3,set_cal,2012-05-14,0.2,ExpectedActionValue,166.0,92.75732006103038,27.627316573347088,36.79614146811474,18.306261958571504,,1.0
road,3,set_cal,2012-05-14,0.2,PointwiseWorstAction,166.0,92.90406193819203,27.308690916560323,36.3460982247229,18.094266480709166,,1.0
road,3,set_cal,2012-05-14,0.2,ScenarioCVaR,166.0,92.94673439608175,28.514690761906902,38.001376948561315,18.96792921668639,,1.0
road,3,set_cal,2012-05-14,0.2,RiskFirst,166.0,27.731570603525217,92.57663174547555,125.8354985173097,67.54273379646774,,1.0
road,3,set_cal,2012-05-14,0.2,TemporalContext2024,166.0,25.394935824580365,91.64146657696126,124.2949534799187,66.17992541667455,,1.0
road,3,set_cal,2012-05-14,0.2,NetworkPropagation2024,166.0,28.88712477655756,91.53499914758717,124.2614583951291,66.35797769920782,,1.0
road,3,set_cal,2012-05-14,0.2,CalibratedUncertainty2025,166.0,28.511214413392857,93.92352162883417,127.75390350521229,68.69783705676427,,1.0
road,3,set_cal,2012-05-14,0.2,MappedPTO2026,166.0,27.90299006517275,92.21452042707551,125.31179308757886,67.20254110426862,,1.0
road,3,set_cal,2012-05-14,0.2,GroupAware2025,166.0,25.107412987484405,93.31903763561417,126.90244598374905,68.25277673306337,,1.0
road,3,set_cal,2012-05-14,0.2,RobustImprovement2025,166.0,26.095326616746586,92.27397716124953,125.35040714727157,67.10846993659722,,1.0
road,3,set_cal,2012-05-15,0.01,StructuralRobust,8.0,28.86497904232477,23.51345514642035,28.946535612589766,10.380440264730609,0.0,1.0
road,3,set_cal,2012-05-15,0.01,ExpectedActionValue,8.0,19.58604798036295,0.5017551602873784,0.6628332776190734,0.322217030908837,,1.0
road,3,set_cal,2012-05-15,0.01,PointwiseWorstAction,8.0,19.563655810881915,0.495107991322597,0.6561861086542919,0.322217030908837,,1.0
road,3,set_cal,2012-05-15,0.01,ScenarioCVaR,8.0,19.563655810881915,0.495107991322597,0.6561861086542919,0.322217030908837,,1.0
road,3,set_cal,2012-05-15,0.01,RiskFirst,8.0,1.9490571033977713,22.23318054088446,27.508461170799535,10.124158980618049,,1.0
road,3,set_cal,2012-05-15,0.01,TemporalContext2024,8.0,1.9490571033977713,22.23318054088446,27.508461170799535,10.124158980618049,,1.0
road,3,set_cal,2012-05-15,0.01,NetworkPropagation2024,8.0,1.9490571033977713,22.23318054088446,27.508461170799535,10.124158980618049,,1.0
road,3,set_cal,2012-05-15,0.01,CalibratedUncertainty2025,8.0,2.1072283628149595,21.571509116644418,26.670755505897848,9.790846011926511,,1.0
road,3,set_cal,2012-05-15,0.01,MappedPTO2026,8.0,1.9490571033977713,22.23318054088446,27.508461170799535,10.124158980618049,,1.0
road,3,set_cal,2012-05-15,0.01,GroupAware2025,8.0,1.9490571033977713,22.23318054088446,27.508461170799535,10.124158980618049,,1.0
road,3,set_cal,2012-05-15,0.01,RobustImprovement2025,8.0,1.9490571033977713,22.23318054088446,27.508461170799535,10.124158980618049,,1.0
road,3,set_cal,2012-05-15,0.03,StructuralRobust,25.0,11.696313100037123,48.45265087665753,61.57163075415918,25.610794475596336,0.0,1.0
road,3,set_cal,2012-05-15,0.03,ExpectedActionValue,25.0,42.06418710814698,2.2231586951814233,2.8689018198619385,1.2070349821623858,,1.0
road,3,set_cal,2012-05-15,0.03,PointwiseWorstAction,25.0,42.11806043438741,2.273423359849327,2.919166484529843,1.2070349821623862,,1.0
road,3,set_cal,2012-05-15,0.03,ScenarioCVaR,25.0,42.128014440413594,2.228064308945565,2.87380743362608,1.2070349821623858,,1.0
road,3,set_cal,2012-05-15,0.03,RiskFirst,25.0,4.489222357791638,44.56735964209161,56.78229836236113,23.91726627845282,,1.0
road,3,set_cal,2012-05-15,0.03,TemporalContext2024,25.0,4.89005343509717,45.490344560189136,57.956247910735975,24.39495288414583,,1.0
road,3,set_cal,2012-05-15,0.03,NetworkPropagation2024,25.0,4.685215016487882,45.202543180484064,57.587225321040364,24.23826472876818,,1.0
road,3,set_cal,2012-05-15,0.03,CalibratedUncertainty2025,25.0,4.8217078327505485,47.870184357706684,60.84889352600889,25.34682502437331,,1.0
road,3,set_cal,2012-05-15,0.03,MappedPTO2026,25.0,4.489222357791638,44.5673596420916,56.78229836236113,23.91726627845283,,1.0
road,3,set_cal,2012-05-15,0.03,GroupAware2025,25.0,4.489222357791639,44.56735964209161,56.78229836236113,23.91726627845282,,1.0
road,3,set_cal,2012-05-15,0.03,RobustImprovement2025,25.0,4.89005343509717,45.490344560189136,57.95624791073599,24.39495288414583,,1.0
road,3,set_cal,2012-05-15,0.05,StructuralRobust,41.0,63.098013296964204,59.89818817468522,77.29292297371411,34.3382979817755,0.0,1.0
road,3,set_cal,2012-05-15,0.05,ExpectedActionValue,41.0,57.04530216267805,4.243109747417126,5.597219639070613,2.6508225901730036,,1.0
road,3,set_cal,2012-05-15,0.05,PointwiseWorstAction,41.0,57.13206235396775,3.780177828903402,4.9330834069901215,2.235298455456066,,1.0
road,3,set_cal,2012-05-15,0.05,ScenarioCVaR,41.0,57.13206235396775,3.7801778289034007,4.933083406990121,2.2352984554560673,,1.0
road,3,set_cal,2012-05-15,0.05,RiskFirst,41.0,6.2874915765665875,58.27740718014386,75.4327303862495,33.94044759612688,,1.0
road,3,set_cal,2012-05-15,0.05,TemporalContext2024,41.0,6.544921567611427,58.51284789610857,75.7203202496853,34.03285058993019,,1.0
road,3,set_cal,2012-05-15,0.05,NetworkPropagation2024,41.0,6.257390526527683,57.783315435795224,74.74638769457427,33.546505343972406,,1.0
road,3,set_cal,2012-05-15,0.05,CalibratedUncertainty2025,41.0,6.8544970930027596,59.54297719772529,76.87440387072431,34.230886518306974,,1.0
road,3,set_cal,2012-05-15,0.05,MappedPTO2026,41.0,6.340011809776684,57.1043022806539,73.88758465166043,33.20831842981822,,1.0
road,3,set_cal,2012-05-15,0.05,GroupAware2025,41.0,6.34784494936582,58.061614795094286,75.12873067588059,33.75776744111751,,1.0
road,3,set_cal,2012-05-15,0.05,RobustImprovement2025,41.0,6.3880500780875025,57.20226536561779,74.01635823383006,33.265032308549166,,1.0
road,3,set_cal,2012-05-15,0.1,StructuralRobust,83.0,56.17524035482118,83.20741649877127,109.55802843825981,52.609904659493196,0.0,1.0
road,3,set_cal,2012-05-15,0.1,ExpectedActionValue,83.0,83.61226293184872,17.153873608112423,22.234917055080462,10.082119719640513,,1.0
road,3,set_cal,2012-05-15,0.1,PointwiseWorstAction,83.0,83.8601785321639,16.817472422547155,21.750608285554225,9.768628049020396,,1.0
road,3,set_cal,2012-05-15,0.1,ScenarioCVaR,83.0,83.84109087822404,16.834460664177804,21.767596527184875,9.768628049020393,,1.0
road,3,set_cal,2012-05-15,0.1,RiskFirst,83.0,13.42752852793716,83.8722510022859,110.5196350493101,53.31694947520242,,1.0
road,3,set_cal,2012-05-15,0.1,TemporalContext2024,83.0,12.615385225940583,83.21241666464113,109.60203196862413,52.68130444612336,,1.0
road,3,set_cal,2012-05-15,0.1,NetworkPropagation2024,83.0,13.451393316741374,83.54860137217645,110.09109349420648,53.02410402687016,,1.0
road,3,set_cal,2012-05-15,0.1,CalibratedUncertainty2025,83.0,13.41646811351099,83.56783276879963,110.14324978008798,53.08613323925857,,1.0
road,3,set_cal,2012-05-15,0.1,MappedPTO2026,83.0,13.290392420687658,81.40662186809281,107.47742963647293,52.22866124586601,,1.0
road,3,set_cal,2012-05-15,0.1,GroupAware2025,83.0,14.293390621033387,84.08986877340618,110.80825235359531,53.45604753047584,,1.0
road,3,set_cal,2012-05-15,0.1,RobustImprovement2025,83.0,13.982658746561723,83.89399411805765,110.6104242487792,53.47305231115327,,1.0
road,3,set_cal,2012-05-15,0.2,StructuralRobust,166.0,226.86043621907817,111.14141277113247,149.31860408274565,77.08010912989347,0.0,1.0
road,3,set_cal,2012-05-15,0.2,ExpectedActionValue,166.0,115.2508902038025,36.24193856070704,47.022573400097365,21.374519389449055,,1.0
road,3,set_cal,2012-05-15,0.2,PointwiseWorstAction,166.0,115.37718599802554,37.19676106864635,48.268157459792484,21.976577460088684,,1.0
road,3,set_cal,2012-05-15,0.2,ScenarioCVaR,166.0,115.35356576221844,36.481495106700486,47.342695535604044,21.584222651140536,,1.0
road,3,set_cal,2012-05-15,0.2,RiskFirst,166.0,32.847211445401236,111.14141277113247,149.31860408274565,77.08010912989347,,1.0
road,3,set_cal,2012-05-15,0.2,TemporalContext2024,166.0,31.18124994563325,110.06999227128554,147.67725773916553,75.80927578572428,,1.0
road,3,set_cal,2012-05-15,0.2,NetworkPropagation2024,166.0,33.73483732954766,111.06435487212636,149.2485172394383,77.07327830454491,,1.0
road,3,set_cal,2012-05-15,0.2,CalibratedUncertainty2025,166.0,33.42328202052743,110.53863484555488,148.28886844317074,76.12427529891276,,1.0
road,3,set_cal,2012-05-15,0.2,MappedPTO2026,166.0,29.912530606892535,110.23580535400149,148.11484348836703,76.55431359915883,,1.0
road,3,set_cal,2012-05-15,0.2,GroupAware2025,166.0,30.052162831067456,111.26273886372408,149.44021797160227,77.05559367565183,,1.0
road,3,set_cal,2012-05-15,0.2,RobustImprovement2025,166.0,30.457274118883415,110.4675473089544,148.3817728876201,76.51631828799246,,1.0
road,3,set_cal,2012-05-16,0.01,StructuralRobust,8.0,26.36260462200261,21.00500814743092,25.994714499053657,9.568872791406768,0.0,1.0
road,3,set_cal,2012-05-16,0.01,ExpectedActionValue,8.0,17.001552708535264,0.4667123695568015,0.5454252321896248,0.10910816810481438,,1.0
road,3,set_cal,2012-05-16,0.01,PointwiseWorstAction,8.0,17.001552708535264,0.4667123695568015,0.5454252321896248,0.10910816810481438,,1.0
road,3,set_cal,2012-05-16,0.01,ScenarioCVaR,8.0,17.001552708535264,0.4667123695568015,0.5454252321896248,0.10910816810481438,,1.0
road,3,set_cal,2012-05-16,0.01,RiskFirst,8.0,1.7785536390583596,19.254085369428047,23.985896849730747,9.123647241725891,,1.0
road,3,set_cal,2012-05-16,0.01,TemporalContext2024,8.0,1.9930759719269742,18.67369333482443,23.239132438720606,8.806363977891404,,1.0
road,3,set_cal,2012-05-16,0.01,NetworkPropagation2024,8.0,1.9930759719269742,18.67369333482443,23.239132438720606,8.806363977891404,,1.0
road,3,set_cal,2012-05-16,0.01,CalibratedUncertainty2025,8.0,1.7500140976123564,19.257058339623427,23.90292517460869,8.947933883578834,,1.0
road,3,set_cal,2012-05-16,0.01,MappedPTO2026,8.0,1.7785536390583596,19.254085369428044,23.985896849730747,9.123647241725894,,1.0
road,3,set_cal,2012-05-16,0.01,GroupAware2025,8.0,1.7785536390583596,19.254085369428047,23.985896849730747,9.123647241725891,,1.0
road,3,set_cal,2012-05-16,0.01,RobustImprovement2025,8.0,1.9930759719269742,18.67369333482443,23.239132438720606,8.806363977891404,,1.0
road,3,set_cal,2012-05-16,0.03,StructuralRobust,25.0,11.481534864668667,47.77748600545941,60.42832296057675,24.663244117830104,0.0,1.0
road,3,set_cal,2012-05-16,0.03,ExpectedActionValue,25.0,35.34105071195255,2.6439708053022244,3.4282368056529697,1.4152737445949528,,1.0
road,3,set_cal,2012-05-16,0.03,PointwiseWorstAction,25.0,35.34666837960269,2.758403438143631,3.5594413809159664,1.4340583201071322,,1.0
road,3,set_cal,2012-05-16,0.03,ScenarioCVaR,25.0,35.34105071195255,2.6439708053022244,3.4282368056529697,1.4152737445949528,,1.0
road,3,set_cal,2012-05-16,0.03,RiskFirst,25.0,4.145704501210949,42.48478637193645,54.23063939351924,23.048649805883613,,1.0
road,3,set_cal,2012-05-16,0.03,TemporalContext2024,25.0,4.587911923736605,43.51248406324394,55.40797986819496,23.289618370586673,,1.0
road,3,set_cal,2012-05-16,0.03,NetworkPropagation2024,25.0,4.494908952310325,41.9769165374612,53.546048936081995,22.68801275356177,,1.0
road,3,set_cal,2012-05-16,0.03,CalibratedUncertainty2025,25.0,4.392729712797026,47.77748600545941,60.42832296057675,24.663244117830104,,1.0
road,3,set_cal,2012-05-16,0.03,MappedPTO2026,25.0,3.622998865735625,41.76691962303571,53.2414465951583,22.461525427248823,,1.0
road,3,set_cal,2012-05-16,0.03,GroupAware2025,25.0,4.149189912444023,41.80477980463189,53.30693789473434,22.52218222715905,,1.0
road,3,set_cal,2012-05-16,0.03,RobustImprovement2025,25.0,4.63649904233431,42.930975905449095,54.70220886830917,23.058571061851374,,1.0
road,3,set_cal,2012-05-16,0.05,StructuralRobust,41.0,53.45940992806847,58.3904821495076,75.01137459081248,32.74315164365755,0.0,1.0
road,3,set_cal,2012-05-16,0.05,ExpectedActionValue,41.0,47.072265633165756,4.358265662538606,5.637210970438818,2.354135748949952,,1.0
road,3,set_cal,2012-05-16,0.05,PointwiseWorstAction,41.0,47.06451937341278,4.596681367646921,6.007544407550321,2.636578431298507,,1.0
road,3,set_cal,2012-05-16,0.05,ScenarioCVaR,41.0,47.06451937341278,4.596681367646921,6.007544407550321,2.636578431298507,,1.0
road,3,set_cal,2012-05-16,0.05,RiskFirst,41.0,6.155221063318356,53.97359070947405,69.8556788474756,31.427350139332276,,1.0
road,3,set_cal,2012-05-16,0.05,TemporalContext2024,41.0,6.345528317343014,58.86628677516282,75.73227073322948,33.26890913708199,,1.0
road,3,set_cal,2012-05-16,0.05,NetworkPropagation2024,41.0,6.6058347711030745,57.72983921689095,74.26644383304769,32.63311600888454,,1.0
road,3,set_cal,2012-05-16,0.05,CalibratedUncertainty2025,41.0,6.910997226435529,59.03943472740543,75.8895274408569,33.198523579571635,,1.0
road,3,set_cal,2012-05-16,0.05,MappedPTO2026,41.0,6.03188612666927,53.78310617143467,69.71272343741367,31.554754148954572,,1.0
road,3,set_cal,2012-05-16,0.05,GroupAware2025,41.0,6.619964316039642,52.107031167842344,67.57108947699862,30.650146502835348,,1.0
road,3,set_cal,2012-05-16,0.05,RobustImprovement2025,41.0,6.364122645056152,54.611210640609414,70.61489647579425,31.633085538102335,,1.0
road,3,set_cal,2012-05-16,0.1,StructuralRobust,83.0,49.22365882375558,83.55662564234628,109.90206957256135,52.71387963632991,0.0,1.0
road,3,set_cal,2012-05-16,0.1,ExpectedActionValue,83.0,70.18345092481306,15.125443866880108,19.60990887703829,8.76887045599102,,1.0
road,3,set_cal,2012-05-16,0.1,PointwiseWorstAction,83.0,70.18933144266018,14.959749440717406,19.462355142013795,8.833118891319643,,1.0
road,3,set_cal,2012-05-16,0.1,ScenarioCVaR,83.0,70.26850133015417,15.071767906874841,19.574373608171236,8.833118891319641,,1.0
road,3,set_cal,2012-05-16,0.1,RiskFirst,83.0,12.447868127297872,82.70157056513706,108.78228029049842,52.194471815573095,,1.0
road,3,set_cal,2012-05-16,0.1,TemporalContext2024,83.0,12.295533041284342,82.57375857407301,108.69183885930383,52.29594372043785,,1.0
road,3,set_cal,2012-05-16,0.1,NetworkPropagation2024,83.0,13.273930972065608,82.94317890031171,109.10624653004022,52.35607741977857,,1.0
road,3,set_cal,2012-05-16,0.1,CalibratedUncertainty2025,83.0,11.789957704512037,81.79363116125732,107.48934195953838,51.370599470469,,1.0
road,3,set_cal,2012-05-16,0.1,MappedPTO2026,83.0,12.300151385928546,83.17106278832632,109.41458978339892,52.519656469300045,,1.0
road,3,set_cal,2012-05-16,0.1,GroupAware2025,83.0,12.44451310020005,83.21477827902004,109.428674407648,52.44581018695405,,1.0
road,3,set_cal,2012-05-16,0.1,RobustImprovement2025,83.0,12.953357097827913,83.45547250663228,109.76178237961138,52.63263800351572,,1.0
road,3,set_cal,2012-05-16,0.2,StructuralRobust,166.0,200.4990833892441,113.46848134704464,152.08242556934957,77.95259459834526,0.0,1.0
road,3,set_cal,2012-05-16,0.2,ExpectedActionValue,166.0,99.80887822659416,32.20919192401058,41.86404525619496,19.007458022417048,,1.0
road,3,set_cal,2012-05-16,0.2,PointwiseWorstAction,166.0,99.95175054547616,32.822300395259184,42.56588062603664,19.15702494088029,,1.0
road,3,set_cal,2012-05-16,0.2,ScenarioCVaR,166.0,99.99023181648607,31.372762339640396,40.61506937001826,18.159685569058233,,1.0
road,3,set_cal,2012-05-16,0.2,RiskFirst,166.0,26.821038359057848,113.46848134704464,152.08242556934957,77.95259459834526,,1.0
road,3,set_cal,2012-05-16,0.2,TemporalContext2024,166.0,27.028628448343717,111.58676979495276,149.5417995611606,76.59154292876708,,1.0
road,3,set_cal,2012-05-16,0.2,NetworkPropagation2024,166.0,28.08537224851242,110.23351045159691,147.8811426969535,76.03260547178618,,1.0
road,3,set_cal,2012-05-16,0.2,CalibratedUncertainty2025,166.0,28.075743376130575,113.1259996887051,151.30486859769488,76.81876959315233,,1.0
road,3,set_cal,2012-05-16,0.2,MappedPTO2026,166.0,26.851670320343718,113.32051798813154,151.8307237676167,77.73126849413646,,1.0
road,3,set_cal,2012-05-16,0.2,GroupAware2025,166.0,26.735299997864804,113.60166107721246,152.25840669967423,78.01960918819437,,1.0
road,3,set_cal,2012-05-16,0.2,RobustImprovement2025,166.0,27.383749873799196,113.03086551170126,151.41968268205665,77.44175056490424,,1.0
road,3,set_cal,2012-05-17,0.01,StructuralRobust,8.0,24.75665658258413,19.059157603796844,23.706259865569177,8.945380792430374,0.0,1.0
road,3,set_cal,2012-05-17,0.01,ExpectedActionValue,8.0,14.331595979171956,1.4051812466543716,1.9103096165765674,1.0629154093028552,,1.0
road,3,set_cal,2012-05-17,0.01,PointwiseWorstAction,8.0,14.331595979171956,1.4051812466543716,1.9103096165765674,1.0629154093028552,,1.0
road,3,set_cal,2012-05-17,0.01,ScenarioCVaR,8.0,14.331595979171956,1.4051812466543716,1.9103096165765674,1.0629154093028552,,1.0
road,3,set_cal,2012-05-17,0.01,RiskFirst,8.0,1.9332087310063566,18.817602597160423,23.43554701023616,8.898718480945835,,1.0
road,3,set_cal,2012-05-17,0.01,TemporalContext2024,8.0,1.9332087310063566,18.817602597160423,23.43554701023616,8.898718480945835,,1.0
road,3,set_cal,2012-05-17,0.01,NetworkPropagation2024,8.0,1.9332087310063566,18.817602597160423,23.43554701023616,8.898718480945835,,1.0
road,3,set_cal,2012-05-17,0.01,CalibratedUncertainty2025,8.0,2.0847877918236937,18.652503645920007,23.24309051230104,8.849434147755446,,1.0
road,3,set_cal,2012-05-17,0.01,MappedPTO2026,8.0,1.7250431560151804,18.3837726060375,22.932079492868798,8.774693151380102,,1.0
road,3,set_cal,2012-05-17,0.01,GroupAware2025,8.0,1.9332087310063566,18.817602597160423,23.43554701023616,8.898718480945835,,1.0
road,3,set_cal,2012-05-17,0.01,RobustImprovement2025,8.0,1.9332087310063568,18.81760259716042,23.435547010236167,8.898718480945838,,1.0
road,3,set_cal,2012-05-17,0.03,StructuralRobust,25.0,10.58866369364476,39.562548287629376,50.73471550322437,21.93474185191456,0.0,1.0
road,3,set_cal,2012-05-17,0.03,ExpectedActionValue,25.0,30.308209507584337,3.531242508823866,4.845021293906364,2.6041725918057197,,1.0
road,3,set_cal,2012-05-17,0.03,PointwiseWorstAction,25.0,30.367275458634364,3.4397831923080573,4.706894620423488,2.54282826379738,,1.0
road,3,set_cal,2012-05-17,0.03,ScenarioCVaR,25.0,30.357142592142953,3.535272784933674,4.849051570016171,2.604172591805719,,1.0
road,3,set_cal,2012-05-17,0.03,RiskFirst,25.0,5.1235701049141635,39.2939150953675,50.39758104267922,21.808102857644073,,1.0
road,3,set_cal,2012-05-17,0.03,TemporalContext2024,25.0,5.247340015240245,38.4185325934192,49.30173774076657,21.393494489714733,,1.0
road,3,set_cal,2012-05-17,0.03,NetworkPropagation2024,25.0,5.4822941370841,38.888264046199815,49.89434436131715,21.622676791555676,,1.0
road,3,set_cal,2012-05-17,0.03,CalibratedUncertainty2025,25.0,5.146063383808307,38.78392680035423,49.78688175697807,21.630781994715,,1.0
road,3,set_cal,2012-05-17,0.03,MappedPTO2026,25.0,5.181242967138775,39.57546013447208,50.776668888320316,22.004334929307923,,1.0
road,3,set_cal,2012-05-17,0.03,GroupAware2025,25.0,5.052232253860281,39.00012456595544,50.0171727323238,21.6425958944548,,1.0
road,3,set_cal,2012-05-17,0.03,RobustImprovement2025,25.0,5.465117689113581,38.704305721223854,49.65810831757914,21.522633291177804,,1.0
road,3,set_cal,2012-05-17,0.05,StructuralRobust,41.0,48.386307726723956,50.331328833211266,65.55418865253009,30.218127630574877,0.0,1.0
road,3,set_cal,2012-05-17,0.05,ExpectedActionValue,41.0,42.13739043482389,5.836620958105002,7.947115168248475,4.238752412625865,,1.0
road,3,set_cal,2012-05-17,0.05,PointwiseWorstAction,41.0,42.1734923565796,9.631304650471632,12.61790935884791,5.910817340431654,,1.0
road,3,set_cal,2012-05-17,0.05,ScenarioCVaR,41.0,42.162488110964176,5.9000473569902905,8.063230734618594,4.315664034605259,,1.0
road,3,set_cal,2012-05-17,0.05,RiskFirst,41.0,6.8523794618113305,50.10212738531356,65.33727124837785,30.289685454825793,,1.0
road,3,set_cal,2012-05-17,0.05,TemporalContext2024,41.0,7.4594359996054145,50.17424087779702,65.4085819193807,30.274965990818828,,1.0
road,3,set_cal,2012-05-17,0.05,NetworkPropagation2024,41.0,7.063073220963576,49.181417409827276,64.18195034209049,29.846987303898473,,1.0
road,3,set_cal,2012-05-17,0.05,CalibratedUncertainty2025,41.0,8.690622875174578,50.70765492150041,66.0967923510174,30.570235097843387,,1.0
road,3,set_cal,2012-05-17,0.05,MappedPTO2026,41.0,7.96417415771031,50.1905429676847,65.46816565362867,30.38032274039127,,1.0
road,3,set_cal,2012-05-17,0.05,GroupAware2025,41.0,6.8666781341442995,49.77779867839762,64.89581145994414,30.05191250942007,,1.0
road,3,set_cal,2012-05-17,0.05,RobustImprovement2025,41.0,7.415385013853659,49.577207205484015,64.57831210026646,29.791906414541913,,1.0
road,3,set_cal,2012-05-17,0.1,StructuralRobust,83.0,45.17711712426674,72.30762178143091,96.09200449738306,47.86664316025349,0.0,1.0
road,3,set_cal,2012-05-17,0.1,ExpectedActionValue,83.0,64.93006549690426,15.160451365973397,20.01856318932902,9.663218578524045,,1.0
road,3,set_cal,2012-05-17,0.1,PointwiseWorstAction,83.0,65.0892582512512,15.378873109228163,20.332442334717747,9.895634939839702,,1.0
road,3,set_cal,2012-05-17,0.1,ScenarioCVaR,83.0,65.0892582512512,15.378873109228163,20.332442334717747,9.895634939839702,,1.0
road,3,set_cal,2012-05-17,0.1,RiskFirst,83.0,15.757747501124753,68.8799646311053,91.8152130277382,46.256638156666256,,1.0
road,3,set_cal,2012-05-17,0.1,TemporalContext2024,83.0,15.366401363454008,68.37837117567086,91.11013913649803,45.80264986143264,,1.0
road,3,set_cal,2012-05-17,0.1,NetworkPropagation2024,83.0,15.351875077277958,68.30206037461156,90.99784650659902,45.7271707124105,,1.0
road,3,set_cal,2012-05-17,0.1,CalibratedUncertainty2025,83.0,18.567089977328074,67.85213439328172,90.35773304792589,45.35662539570701,,1.0
road,3,set_cal,2012-05-17,0.1,MappedPTO2026,83.0,15.226658754036555,68.35748679763445,91.10561065807768,45.84716293462084,,1.0
road,3,set_cal,2012-05-17,0.1,GroupAware2025,83.0,15.981357598136137,68.96742721133741,91.92874542592021,46.305802190676644,,1.0
road,3,set_cal,2012-05-17,0.1,RobustImprovement2025,83.0,16.73816353724745,70.87148979249059,94.29418758597191,47.183600814445285,,1.0
road,3,set_cal,2012-05-17,0.2,StructuralRobust,166.0,194.03998167676062,97.63130939659604,132.39964808345607,70.64394714193932,0.0,1.0
road,3,set_cal,2012-05-17,0.2,ExpectedActionValue,166.0,93.54683850112335,36.16544880754331,46.92485464990194,21.262494584395654,,1.0
road,3,set_cal,2012-05-17,0.2,PointwiseWorstAction,166.0,93.56313661989894,36.01020721439428,46.64058041916748,20.946501105608014,,1.0
road,3,set_cal,2012-05-17,0.2,ScenarioCVaR,166.0,93.54510534474278,36.26732526261701,47.03376212002716,21.270369321253334,,1.0
road,3,set_cal,2012-05-17,0.2,RiskFirst,166.0,29.647135867629576,97.63130939659604,132.39964808345607,70.64394714193932,,1.0
road,3,set_cal,2012-05-17,0.2,TemporalContext2024,166.0,28.185479908353056,97.80514142423479,132.49341854471788,70.40959337667428,,1.0
road,3,set_cal,2012-05-17,0.2,NetworkPropagation2024,166.0,28.687762519343124,98.1468120247692,133.11298541891355,71.07959940329472,,1.0
road,3,set_cal,2012-05-17,0.2,CalibratedUncertainty2025,166.0,29.22963139892254,97.87654504760663,132.5730465993054,70.47083986973603,,1.0
road,3,set_cal,2012-05-17,0.2,MappedPTO2026,166.0,29.432989159780057,97.47055896185061,132.18860309447783,70.55719376729108,,1.0
road,3,set_cal,2012-05-17,0.2,GroupAware2025,166.0,29.383903876732496,97.13203498399591,131.59674386254093,70.02614112757016,,1.0
road,3,set_cal,2012-05-17,0.2,RobustImprovement2025,166.0,29.952376339295405,97.65054356910201,132.35437501689142,70.44189969074208,,1.0
road,3,set_cal,2012-05-18,0.01,StructuralRobust,8.0,20.189727957988172,10.152594476009769,13.15789228201348,5.902291646101768,0.0,1.0
road,3,set_cal,2012-05-18,0.01,ExpectedActionValue,8.0,15.070921932630274,1.364668169821459,1.8970411763928072,1.113234319957582,,1.0
road,3,set_cal,2012-05-18,0.01,PointwiseWorstAction,8.0,15.070921932630274,1.364668169821459,1.8970411763928072,1.113234319957582,,1.0
road,3,set_cal,2012-05-18,0.01,ScenarioCVaR,8.0,15.070921932630274,1.364668169821459,1.8970411763928072,1.113234319957582,,1.0
road,3,set_cal,2012-05-18,0.01,RiskFirst,8.0,1.7521797985015302,10.783071378235297,13.944732315170521,6.19597269745959,,1.0
road,3,set_cal,2012-05-18,0.01,TemporalContext2024,8.0,2.2426499616986284,10.595522251149427,13.699317152673228,6.08164538279131,,1.0
road,3,set_cal,2012-05-18,0.01,NetworkPropagation2024,8.0,2.3396863188588144,11.44204200611485,14.692343681182567,6.342226093541342,,1.0
road,3,set_cal,2012-05-18,0.01,CalibratedUncertainty2025,8.0,1.7521797985015302,10.783071378235297,13.944732315170521,6.19597269745959,,1.0
road,3,set_cal,2012-05-18,0.01,MappedPTO2026,8.0,1.900434880884288,10.094040821475996,13.105041006434206,5.915822846520168,,1.0
road,3,set_cal,2012-05-18,0.01,GroupAware2025,8.0,2.2426499616986284,10.595522251149427,13.699317152673228,6.08164538279131,,1.0
road,3,set_cal,2012-05-18,0.01,RobustImprovement2025,8.0,2.2426499616986284,10.595522251149427,13.699317152673228,6.08164538279131,,1.0
road,3,set_cal,2012-05-18,0.03,StructuralRobust,25.0,8.222798201673125,29.809149507335214,39.04977967129547,18.332855563815414,0.0,1.0
road,3,set_cal,2012-05-18,0.03,ExpectedActionValue,25.0,31.78006184919202,5.022110426333315,6.967030916894252,3.9547455247121786,,1.0
road,3,set_cal,2012-05-18,0.03,PointwiseWorstAction,25.0,31.687171692490285,5.162383165856958,7.213962827679322,4.185151684313078,,1.0
road,3,set_cal,2012-05-18,0.03,ScenarioCVaR,25.0,31.78006184919202,5.022110426333315,6.967030916894252,3.9547455247121768,,1.0
road,3,set_cal,2012-05-18,0.03,RiskFirst,25.0,5.36388940769038,28.22874908495215,37.09961760439865,17.651384230248297,,1.0
road,3,set_cal,2012-05-18,0.03,TemporalContext2024,25.0,6.64166916204794,28.484080528326928,37.46349029283397,17.86784370061278,,1.0
road,3,set_cal,2012-05-18,0.03,NetworkPropagation2024,25.0,5.523698445097023,29.253754301870103,38.40636124153827,18.18990753656886,,1.0
road,3,set_cal,2012-05-18,0.03,CalibratedUncertainty2025,25.0,5.805212200640854,29.809149507335214,39.04977967129547,18.332855563815414,,1.0
road,3,set_cal,2012-05-18,0.03,MappedPTO2026,25.0,5.311917228080434,28.71390204282415,37.81842455234767,18.12156482175202,,1.0
road,3,set_cal,2012-05-18,0.03,GroupAware2025,25.0,4.518743769331223,29.686066288500008,38.890915285061176,18.268760865134638,,1.0
road,3,set_cal,2012-05-18,0.03,RobustImprovement2025,25.0,5.440087187067005,29.535560447311052,38.741781757985976,18.273744946111325,,1.0
road,3,set_cal,2012-05-18,0.05,StructuralRobust,41.0,40.24730084031866,45.48195293006464,59.79642728124054,28.524390989571245,0.0,1.0
road,3,set_cal,2012-05-18,0.05,ExpectedActionValue,41.0,43.65231164694629,6.66502690214807,9.22553900382625,5.226815145739896,,1.0
road,3,set_cal,2012-05-18,0.05,PointwiseWorstAction,41.0,43.68122289332453,6.574451818728834,9.134963920407015,5.226815145739895,,1.0
road,3,set_cal,2012-05-18,0.05,ScenarioCVaR,41.0,43.67653944681087,6.661143808632006,9.22165591031019,5.226815145739896,,1.0
road,3,set_cal,2012-05-18,0.05,RiskFirst,41.0,9.818846769784821,42.29728715124418,55.92020449193238,27.239579675340735,,1.0
road,3,set_cal,2012-05-18,0.05,TemporalContext2024,41.0,9.169846128674523,43.56539535502418,57.52602151624824,27.881481566333946,,1.0
road,3,set_cal,2012-05-18,0.05,NetworkPropagation2024,41.0,9.157230702138424,43.20670275104325,57.06965766332412,27.6948964129719,,1.0
road,3,set_cal,2012-05-18,0.05,CalibratedUncertainty2025,41.0,10.454368537481825,41.53955482604279,55.027376201422406,26.991163845945565,,1.0
road,3,set_cal,2012-05-18,0.05,MappedPTO2026,41.0,10.026899287400452,43.05355336874741,56.8794946912105,27.629076937507016,,1.0
road,3,set_cal,2012-05-18,0.05,GroupAware2025,41.0,10.163886369795271,41.31451899937491,54.753892701555614,26.90561469408155,,1.0
road,3,set_cal,2012-05-18,0.05,RobustImprovement2025,41.0,9.855487721374125,40.86032172687914,54.19712491899766,26.71261967457469,,1.0
road,3,set_cal,2012-05-18,0.1,StructuralRobust,83.0,35.899058615769654,67.31447231601624,89.49490929010535,44.351765265797326,0.0,1.0
road,3,set_cal,2012-05-18,0.1,ExpectedActionValue,83.0,65.97338750791128,16.123041253631502,21.42784052917738,10.534310311863148,,1.0
road,3,set_cal,2012-05-18,0.1,PointwiseWorstAction,83.0,66.08777892457198,16.604467696993595,22.059823003566407,10.851040156233577,,1.0
road,3,set_cal,2012-05-18,0.1,ScenarioCVaR,83.0,66.09076478283517,16.989197137140792,22.631350888589843,11.244678046759674,,1.0
road,3,set_cal,2012-05-18,0.1,RiskFirst,83.0,20.12972486476868,62.5479570240567,83.702392267267,42.42850778386378,,1.0
road,3,set_cal,2012-05-18,0.1,TemporalContext2024,83.0,18.694185400608237,63.75261760853246,85.1879613100468,42.99710117049787,,1.0
road,3,set_cal,2012-05-18,0.1,NetworkPropagation2024,83.0,17.324893083219123,64.16318495684666,85.65581801903615,43.07420915143675,,1.0
road,3,set_cal,2012-05-18,0.1,CalibratedUncertainty2025,83.0,18.943830064152063,63.96097323716886,85.16433190624365,42.38267979779607,,1.0
road,3,set_cal,2012-05-18,0.1,MappedPTO2026,83.0,18.96257717949901,62.48596307954086,83.65698934917643,42.52604401469781,,1.0
road,3,set_cal,2012-05-18,0.1,GroupAware2025,83.0,20.300902803331486,62.00890140063576,82.96089009447783,42.073552444834796,,1.0
road,3,set_cal,2012-05-18,0.1,RobustImprovement2025,83.0,18.827888313798166,63.36989647531561,84.52294881323596,42.383721190192674,,1.0
road,3,set_cal,2012-05-18,0.2,StructuralRobust,166.0,145.83275060869215,88.61744973862032,119.66829775512134,62.473793871462206,0.0,1.0
road,3,set_cal,2012-05-18,0.2,ExpectedActionValue,166.0,91.50596246620302,30.584301865407888,40.076408158638856,18.813389601402477,,1.0
road,3,set_cal,2012-05-18,0.2,PointwiseWorstAction,166.0,91.65577415361828,29.50341649818766,38.6297061703085,18.08137563025774,,1.0
road,3,set_cal,2012-05-18,0.2,ScenarioCVaR,166.0,91.62869215756157,30.648027829037673,40.15299518494327,18.838573444153177,,1.0
road,3,set_cal,2012-05-18,0.2,RiskFirst,166.0,32.86451921847951,88.61744973862032,119.66829775512134,62.473793871462206,,1.0
road,3,set_cal,2012-05-18,0.2,TemporalContext2024,166.0,33.26123260863177,87.73142435852206,118.41554363356533,61.66500126002431,,1.0
road,3,set_cal,2012-05-18,0.2,NetworkPropagation2024,166.0,33.201076321635135,86.5916274276272,116.90330335672029,60.854916528117,,1.0
road,3,set_cal,2012-05-18,0.2,CalibratedUncertainty2025,166.0,34.20141598044961,85.75125545203947,115.6122960672155,59.921891219352275,,1.0
road,3,set_cal,2012-05-18,0.2,MappedPTO2026,166.0,33.0410775976977,90.48102763273286,121.9499683761564,63.185835787138245,,1.0
road,3,set_cal,2012-05-18,0.2,GroupAware2025,166.0,33.835050975525874,90.8978918526101,122.33638898340662,63.03820222560195,,1.0
road,3,set_cal,2012-05-18,0.2,RobustImprovement2025,166.0,33.54848057064992,90.354312722384,121.7145524851811,63.0725326178531,,1.0
road,3,set_cal,2012-05-21,0.01,StructuralRobust,8.0,27.498295889527938,21.4054898089017,26.532993837426524,9.827797092882037,0.0,1.0
road,3,set_cal,2012-05-21,0.01,ExpectedActionValue,8.0,14.993173797395947,2.574843742493051,3.5015355968395645,1.9036370575166086,,1.0
road,3,set_cal,2012-05-21,0.01,PointwiseWorstAction,8.0,14.993173797395947,2.574843742493051,3.5015355968395645,1.9036370575166086,,1.0
road,3,set_cal,2012-05-21,0.01,ScenarioCVaR,8.0,14.993173797395947,2.574843742493051,3.5015355968395645,1.9036370575166086,,1.0
road,3,set_cal,2012-05-21,0.01,RiskFirst,8.0,2.1536360680094115,19.910258416775147,24.815643860532074,9.447095056011474,,1.0
road,3,set_cal,2012-05-21,0.01,TemporalContext2024,8.0,2.0396102037449877,19.11277659635574,23.7663122973258,8.955112447375097,,1.0
road,3,set_cal,2012-05-21,0.01,NetworkPropagation2024,8.0,2.206739702426528,20.37474654218421,25.348986618837348,9.569251070932808,,1.0
road,3,set_cal,2012-05-21,0.01,CalibratedUncertainty2025,8.0,2.039610203744988,19.11277659635574,23.7663122973258,8.955112447375097,,1.0
road,3,set_cal,2012-05-21,0.01,MappedPTO2026,8.0,1.7424226275515038,18.102437515272044,22.58323348889528,8.653114422303648,,1.0
road,3,set_cal,2012-05-21,0.01,GroupAware2025,8.0,2.1536360680094115,19.910258416775147,24.815643860532074,9.447095056011474,,1.0
road,3,set_cal,2012-05-21,0.01,RobustImprovement2025,8.0,2.2067397024265283,20.37474654218421,25.348986618837348,9.569251070932808,,1.0
road,3,set_cal,2012-05-21,0.03,StructuralRobust,25.0,10.843301532629123,45.112951414932084,57.36266889388602,23.90253959086813,0.0,1.0
road,3,set_cal,2012-05-21,0.03,ExpectedActionValue,25.0,31.635929018018377,3.6491083300503564,4.936189594987769,2.614790721397991,,1.0
road,3,set_cal,2012-05-21,0.03,PointwiseWorstAction,25.0,31.614301309353117,3.5429589853160515,4.764388611295994,2.4926523983152062,,1.0
road,3,set_cal,2012-05-21,0.03,ScenarioCVaR,25.0,31.651607870859184,3.6606054167372424,4.913359561352978,2.528827040428034,,1.0
road,3,set_cal,2012-05-21,0.03,RiskFirst,25.0,4.688026589573011,43.69533985682644,55.597968098274734,23.244623230096714,,1.0
road,3,set_cal,2012-05-21,0.03,TemporalContext2024,25.0,4.926053104409985,44.71438089378397,56.86579650441534,23.717553611516337,,1.0
road,3,set_cal,2012-05-21,0.03,NetworkPropagation2024,25.0,4.675438941427268,43.33907989294708,55.14890414857094,23.067972982963397,,1.0
road,3,set_cal,2012-05-21,0.03,CalibratedUncertainty2025,25.0,4.891393387551154,45.112951414932084,57.36266889388602,23.90253959086813,,1.0
road,3,set_cal,2012-05-21,0.03,MappedPTO2026,25.0,4.648234983100445,43.282939275072366,55.0790584570518,23.042574446940094,,1.0
road,3,set_cal,2012-05-21,0.03,GroupAware2025,25.0,4.68802658957301,43.69533985682644,55.597968098274734,23.244623230096728,,1.0
road,3,set_cal,2012-05-21,0.03,RobustImprovement2025,25.0,4.727263098854609,43.68283937206066,55.57231251576134,23.215570465188655,,1.0
road,3,set_cal,2012-05-21,0.05,StructuralRobust,41.0,53.896250055767844,56.29634677468109,72.78134801396835,32.561296345696,0.0,1.0
road,3,set_cal,2012-05-21,0.05,ExpectedActionValue,41.0,41.66440869681461,13.818770724072493,17.49344046098432,7.196959701505911,,1.0
road,3,set_cal,2012-05-21,0.05,PointwiseWorstAction,41.0,41.70025039404254,13.816518498411938,17.491188235323765,7.196959701505904,,1.0
road,3,set_cal,2012-05-21,0.05,ScenarioCVaR,41.0,41.70025039404255,13.816518498411936,17.491188235323765,7.196959701505909,,1.0
road,3,set_cal,2012-05-21,0.05,RiskFirst,41.0,8.492642572779175,55.41420163272876,71.56039419406525,31.78109652885125,,1.0
road,3,set_cal,2012-05-21,0.05,TemporalContext2024,41.0,8.624943031220834,55.93584317281058,72.25532444211434,32.16124356958059,,1.0
road,3,set_cal,2012-05-21,0.05,NetworkPropagation2024,41.0,8.35814039499141,56.254888573778146,72.74980555639861,32.594711163729215,,1.0
road,3,set_cal,2012-05-21,0.05,CalibratedUncertainty2025,41.0,9.174362859702779,55.73636169114076,71.95328914021682,31.939493384676453,,1.0
road,3,set_cal,2012-05-21,0.05,MappedPTO2026,41.0,8.492642572779175,55.41420163272876,71.56039419406525,31.78109652885128,,1.0
road,3,set_cal,2012-05-21,0.05,GroupAware2025,41.0,8.47965380734766,54.98888199519963,71.00496960993239,31.526770966164655,,1.0
road,3,set_cal,2012-05-21,0.05,RobustImprovement2025,41.0,8.609899136864087,55.61024614058436,71.78887720291785,31.8296786555181,,1.0
road,3,set_cal,2012-05-21,0.1,StructuralRobust,83.0,47.43539757709573,76.88991542575475,101.64920909524342,49.58999326427592,0.0,1.0
road,3,set_cal,2012-05-21,0.1,ExpectedActionValue,83.0,60.742270736946544,20.151762448343497,26.083628318674908,11.613879531606017,,1.0
road,3,set_cal,2012-05-21,0.1,PointwiseWorstAction,83.0,60.79696097300705,20.496543533852115,26.52214757452092,11.818955955490448,,1.0
road,3,set_cal,2012-05-21,0.1,ScenarioCVaR,83.0,60.80333215827688,20.023388015740416,25.88366475230838,11.427562716630934,,1.0
road,3,set_cal,2012-05-21,0.1,RiskFirst,83.0,15.932146738292927,76.69164871197873,101.44719545940417,49.577821987840366,,1.0
road,3,set_cal,2012-05-21,0.1,TemporalContext2024,83.0,17.48505082668771,76.44384430577053,101.12626723641425,49.398645181597985,,1.0
road,3,set_cal,2012-05-21,0.1,NetworkPropagation2024,83.0,15.932022078446696,76.68209727013908,101.45302123177099,49.61838350683823,,1.0
road,3,set_cal,2012-05-21,0.1,CalibratedUncertainty2025,83.0,17.15509268218491,76.96888713289056,101.79918884985851,49.74665222515979,,1.0
road,3,set_cal,2012-05-21,0.1,MappedPTO2026,83.0,18.195542845245768,76.00434313016568,100.48277908263694,48.97643154327925,,1.0
road,3,set_cal,2012-05-21,0.1,GroupAware2025,83.0,15.48971738976856,76.68697415350336,101.44014227036567,49.57267100968478,,1.0
road,3,set_cal,2012-05-21,0.1,RobustImprovement2025,83.0,15.070382358856152,76.85013588638014,101.6552578954212,49.67295939981152,,1.0
road,3,set_cal,2012-05-21,0.2,StructuralRobust,166.0,186.4119466806506,100.127104775447,135.0185500326353,70.53519786472161,0.0,1.0
road,3,set_cal,2012-05-21,0.2,ExpectedActionValue,166.0,83.4827472927788,42.26047614290979,54.62493918607629,24.39286353331405,,1.0
road,3,set_cal,2012-05-21,0.2,PointwiseWorstAction,166.0,83.63649798530392,45.06934856542161,58.14652591224855,25.723815538780038,,1.0
road,3,set_cal,2012-05-21,0.2,ScenarioCVaR,166.0,83.56140963353059,44.51441308633323,57.50210458646773,25.59244785746477,,1.0
road,3,set_cal,2012-05-21,0.2,RiskFirst,166.0,29.933872324733226,100.127104775447,135.0185500326353,70.53519786472161,,1.0
road,3,set_cal,2012-05-21,0.2,TemporalContext2024,166.0,29.112436735510343,100.15751999383467,134.9717848912419,70.3161843001897,,1.0
road,3,set_cal,2012-05-21,0.2,NetworkPropagation2024,166.0,28.697809987096647,100.54162220319785,135.55540307019825,70.80312928795291,,1.0
road,3,set_cal,2012-05-21,0.2,CalibratedUncertainty2025,166.0,28.051921828003877,100.10271194291211,134.78461824727967,69.98206352634348,,1.0
road,3,set_cal,2012-05-21,0.2,MappedPTO2026,166.0,29.47525041886446,100.37091155460952,135.3182562077238,70.70128354986697,,1.0
road,3,set_cal,2012-05-21,0.2,GroupAware2025,166.0,29.540980565971367,100.08332863844174,134.89643092429395,70.28453239146299,,1.0
road,3,set_cal,2012-05-21,0.2,RobustImprovement2025,166.0,30.01707261812992,100.34916725719626,135.36442846401025,70.72229122676589,,1.0
road,3,set_cal,2012-05-22,0.01,StructuralRobust,8.0,28.58811753590119,23.430907767251302,28.943799051344353,10.552607534007368,0.0,1.0
road,3,set_cal,2012-05-22,0.01,ExpectedActionValue,8.0,18.818749649698404,2.0028363424372944,2.8108942197349385,1.6949695924618688,,1.0
road,3,set_cal,2012-05-22,0.01,PointwiseWorstAction,8.0,18.850378388474464,2.0488546505317706,2.8569125278294147,1.6949695924618688,,1.0
road,3,set_cal,2012-05-22,0.01,ScenarioCVaR,8.0,18.850378388474464,2.0488546505317706,2.8569125278294147,1.6949695924618688,,1.0
road,3,set_cal,2012-05-22,0.01,RiskFirst,8.0,2.497480335134839,20.652920913765275,25.80142868670699,9.923489234267624,,1.0
road,3,set_cal,2012-05-22,0.01,TemporalContext2024,8.0,2.4982753935809097,20.32608707785741,25.414854544555798,9.823820464889604,,1.0
road,3,set_cal,2012-05-22,0.01,NetworkPropagation2024,8.0,2.4709329499640806,20.98669664591454,26.209042409371943,10.05987305776986,,1.0
road,3,set_cal,2012-05-22,0.01,CalibratedUncertainty2025,8.0,2.4982753935809097,20.326087077857412,25.414854544555798,9.8238204648896,,1.0
road,3,set_cal,2012-05-22,0.01,MappedPTO2026,8.0,2.497480335134839,20.652920913765275,25.801428686706988,9.923489234267624,,1.0
road,3,set_cal,2012-05-22,0.01,GroupAware2025,8.0,2.497480335134839,20.652920913765275,25.80142868670699,9.923489234267624,,1.0
road,3,set_cal,2012-05-22,0.01,RobustImprovement2025,8.0,2.497480335134839,20.652920913765275,25.801428686706988,9.923489234267624,,1.0
road,3,set_cal,2012-05-22,0.03,StructuralRobust,25.0,11.845739437455679,48.78532501758939,61.86805267150229,25.50555699683266,0.0,1.0
road,3,set_cal,2012-05-22,0.03,ExpectedActionValue,25.0,40.233073608738785,3.805829975904782,5.191442622001487,2.8904039040099514,,1.0
road,3,set_cal,2012-05-22,0.03,PointwiseWorstAction,25.0,40.23774028969335,3.795263685919496,5.180876332016204,2.890403904009952,,1.0
road,3,set_cal,2012-05-22,0.03,ScenarioCVaR,25.0,40.23774028969335,3.795263685919496,5.180876332016204,2.890403904009952,,1.0
road,3,set_cal,2012-05-22,0.03,RiskFirst,25.0,6.0175757874765345,46.70001053104489,59.35522119551577,24.73051486175408,,1.0
road,3,set_cal,2012-05-22,0.03,TemporalContext2024,25.0,6.026688550438985,46.40279356900415,59.00529422036923,24.64548349485937,,1.0
road,3,set_cal,2012-05-22,0.03,NetworkPropagation2024,25.0,6.68545427328308,46.220647024155646,58.7987671467767,24.608156976868322,,1.0
road,3,set_cal,2012-05-22,0.03,CalibratedUncertainty2025,25.0,5.276307715709857,48.78532501758939,61.86805267150229,25.50555699683266,,1.0
road,3,set_cal,2012-05-22,0.03,MappedPTO2026,25.0,6.017575787476534,46.70001053104489,59.35522119551577,24.73051486175408,,1.0
road,3,set_cal,2012-05-22,0.03,GroupAware2025,25.0,6.0175757874765345,46.70001053104489,59.35522119551577,24.73051486175408,,1.0
road,3,set_cal,2012-05-22,0.03,RobustImprovement2025,25.0,6.048683832275004,47.1456323395651,59.929121123754676,24.978158404753685,,1.0
road,3,set_cal,2012-05-22,0.05,StructuralRobust,41.0,62.332515277134746,60.61326709648766,77.9481170672378,34.099780427314485,0.0,1.0
road,3,set_cal,2012-05-22,0.05,ExpectedActionValue,41.0,54.17943129640985,9.935994308030867,12.792360720854733,5.7366456047764895,,1.0
road,3,set_cal,2012-05-22,0.05,PointwiseWorstAction,41.0,54.2549519780663,10.04850669473662,12.95898084923979,5.806056114779635,,1.0
road,3,set_cal,2012-05-22,0.05,ScenarioCVaR,41.0,54.23482356013438,10.06531401304082,12.97578816754399,5.806056114779633,,1.0
road,3,set_cal,2012-05-22,0.05,RiskFirst,41.0,9.023072419224304,61.81329939038137,79.69598713137692,35.26751498143776,,1.0
road,3,set_cal,2012-05-22,0.05,TemporalContext2024,41.0,8.891532445712478,60.81156887974259,78.28623491930149,34.3927768643379,,1.0
road,3,set_cal,2012-05-22,0.05,NetworkPropagation2024,41.0,8.584387902599033,59.74071849656225,76.98354751384541,34.01129618541337,,1.0
road,3,set_cal,2012-05-22,0.05,CalibratedUncertainty2025,41.0,9.58103377660508,62.46837723957539,80.47641330096054,35.47818366868185,,1.0
road,3,set_cal,2012-05-22,0.05,MappedPTO2026,41.0,14.175762167422569,61.772832276417276,79.6404146230827,35.24027224194323,,1.0
road,3,set_cal,2012-05-22,0.05,GroupAware2025,41.0,9.071154772202142,62.55334506199935,80.60549560086629,35.581607033987126,,1.0
road,3,set_cal,2012-05-22,0.05,RobustImprovement2025,41.0,8.87975258369207,59.981416425822275,77.18973634885049,33.86637489486323,,1.0
road,3,set_cal,2012-05-22,0.1,StructuralRobust,83.0,56.91584870165308,88.65047992164115,116.57120537867182,55.72427254427792,0.0,1.0
road,3,set_cal,2012-05-22,0.1,ExpectedActionValue,83.0,80.55777126333537,24.108502880756472,31.37727315608254,14.422919450164795,,1.0
road,3,set_cal,2012-05-22,0.1,PointwiseWorstAction,83.0,80.57781377049565,24.540755370711754,32.01320573115811,14.853913645268317,,1.0
road,3,set_cal,2012-05-22,0.1,ScenarioCVaR,83.0,80.57781377049565,24.54075537071175,32.01320573115811,14.853913645268321,,1.0
road,3,set_cal,2012-05-22,0.1,RiskFirst,83.0,20.002165798557087,86.33870850285446,113.77414317794857,54.88295681202369,,1.0
road,3,set_cal,2012-05-22,0.1,TemporalContext2024,83.0,19.734361500626093,86.16654783584812,113.50572013924513,54.645446477102496,,1.0
road,3,set_cal,2012-05-22,0.1,NetworkPropagation2024,83.0,19.307408031430096,86.37221040110938,113.8292628162632,54.93074938316403,,1.0
road,3,set_cal,2012-05-22,0.1,CalibratedUncertainty2025,83.0,18.963584301993166,86.95394604177619,114.54075071132716,55.15596349395952,,1.0
road,3,set_cal,2012-05-22,0.1,MappedPTO2026,83.0,20.002165798557087,86.33870850285447,113.77414317794855,54.88295681202371,,1.0
road,3,set_cal,2012-05-22,0.1,GroupAware2025,83.0,19.846430061047435,88.35349355778027,116.29066064589867,55.84223910621313,,1.0
road,3,set_cal,2012-05-22,0.1,RobustImprovement2025,83.0,19.22668129098783,88.88811311252458,116.93501165192232,56.012331296350894,,1.0
road,3,set_cal,2012-05-22,0.2,StructuralRobust,166.0,245.12632111820798,119.54346385257381,160.72679627560646,83.40605288288236,0.0,1.0
road,3,set_cal,2012-05-22,0.2,ExpectedActionValue,166.0,112.37922604985341,46.72665360400836,60.723809396915385,27.609352311005082,,1.0
road,3,set_cal,2012-05-22,0.2,PointwiseWorstAction,166.0,112.40920016160229,46.579638644960056,60.50075404695135,27.453187272352594,,1.0
road,3,set_cal,2012-05-22,0.2,ScenarioCVaR,166.0,112.38839497879334,46.58889528781187,60.5084202865551,27.452112176332285,,1.0
road,3,set_cal,2012-05-22,0.2,RiskFirst,166.0,36.55844647027813,119.54346385257381,160.72679627560646,83.40605288288236,,1.0
road,3,set_cal,2012-05-22,0.2,TemporalContext2024,166.0,36.138480011567545,119.9987425641347,161.26317599812413,83.48754831582043,,1.0
road,3,set_cal,2012-05-22,0.2,NetworkPropagation2024,166.0,36.73888701551835,119.86831055326518,161.13486106277588,83.55551976419771,,1.0
road,3,set_cal,2012-05-22,0.2,CalibratedUncertainty2025,166.0,38.472070513891126,119.64845725520503,160.69229492531582,82.9697660799337,,1.0
road,3,set_cal,2012-05-22,0.2,MappedPTO2026,166.0,36.55844647027813,119.54346385257384,160.72679627560643,83.40605288288236,,1.0
road,3,set_cal,2012-05-22,0.2,GroupAware2025,166.0,37.40907736693522,120.28226539187601,161.75977289333156,83.95684871892443,,1.0
road,3,set_cal,2012-05-22,0.2,RobustImprovement2025,166.0,36.05200875752146,119.84137322333873,161.0245269590336,83.35282724597255,,1.0
road,3,set_cal,2012-05-23,0.01,StructuralRobust,8.0,25.54278929029526,19.503934145884834,24.602312237705227,9.890351963522257,0.0,1.0
road,3,set_cal,2012-05-23,0.01,ExpectedActionValue,8.0,16.10452012077776,2.5525757973287573,3.520351531956023,2.0230177800525113,,1.0
road,3,set_cal,2012-05-23,0.01,PointwiseWorstAction,8.0,16.214559523519178,2.8872114151742982,4.0141487743740205,2.358949209440648,,1.0
road,3,set_cal,2012-05-23,0.01,ScenarioCVaR,8.0,16.214559523519178,2.8872114151742982,4.0141487743740205,2.358949209440648,,1.0
road,3,set_cal,2012-05-23,0.01,RiskFirst,8.0,2.568784112947939,18.089926421418973,23.05022431955528,9.69215566104559,,1.0
road,3,set_cal,2012-05-23,0.01,TemporalContext2024,8.0,2.5687841129479394,18.089926421418973,23.05022431955528,9.69215566104559,,1.0
road,3,set_cal,2012-05-23,0.01,NetworkPropagation2024,8.0,2.455175830573829,19.643754065309036,24.835629577585966,10.088962440680035,,1.0
road,3,set_cal,2012-05-23,0.01,CalibratedUncertainty2025,8.0,2.568784112947939,18.089926421418973,23.05022431955528,9.69215566104559,,1.0
road,3,set_cal,2012-05-23,0.01,MappedPTO2026,8.0,2.585308060762872,18.04087519257779,22.94215018300474,9.563281294610942,,1.0
road,3,set_cal,2012-05-23,0.01,GroupAware2025,8.0,2.568784112947939,18.089926421418973,23.05022431955528,9.69215566104559,,1.0
road,3,set_cal,2012-05-23,0.01,RobustImprovement2025,8.0,2.6437978204791643,17.696761478479463,22.535017990261444,9.450694068259548,,1.0
road,3,set_cal,2012-05-23,0.03,StructuralRobust,25.0,11.24164494810075,39.242867842140534,50.92106779400904,23.065407288585583,0.0,1.0
road,3,set_cal,2012-05-23,0.03,ExpectedActionValue,25.0,33.82083134198068,13.51752046980324,17.529256468744308,8.019687412074733,,1.0
road,3,set_cal,2012-05-23,0.03,PointwiseWorstAction,25.0,33.87832608524423,13.73701514662693,17.86143630909891,8.260631631324106,,1.0
road,3,set_cal,2012-05-23,0.03,ScenarioCVaR,25.0,33.87832608524423,13.737015146626932,17.86143630909891,8.260631631324104,,1.0
road,3,set_cal,2012-05-23,0.03,RiskFirst,25.0,4.977311776524683,37.837069467386385,49.11018182938358,22.273554947703246,,1.0
road,3,set_cal,2012-05-23,0.03,TemporalContext2024,25.0,5.209164946160126,39.240889752335306,51.0349301430848,23.36416192447502,,1.0
road,3,set_cal,2012-05-23,0.03,NetworkPropagation2024,25.0,5.209164946160126,39.240889752335306,51.0349301430848,23.36416192447502,,1.0
road,3,set_cal,2012-05-23,0.03,CalibratedUncertainty2025,25.0,5.098177112707675,39.242867842140534,50.92106779400904,23.065407288585583,,1.0
road,3,set_cal,2012-05-23,0.03,MappedPTO2026,25.0,4.977311776524683,37.83706946738639,49.11018182938357,22.27355494770324,,1.0
road,3,set_cal,2012-05-23,0.03,GroupAware2025,25.0,4.7862216782980385,36.15794600331011,46.84807234001994,21.11886743595371,,1.0
road,3,set_cal,2012-05-23,0.03,RobustImprovement2025,25.0,5.375379619716754,38.07893541226028,49.45739191015373,22.49083730256757,,1.0
road,3,set_cal,2012-05-23,0.05,StructuralRobust,41.0,50.10471649649636,53.58704726940569,70.01427420363972,32.605371429764304,0.0,1.0
road,3,set_cal,2012-05-23,0.05,ExpectedActionValue,41.0,45.53280367325195,16.77407213853711,22.107533468972747,10.766728914452678,,1.0
road,3,set_cal,2012-05-23,0.05,PointwiseWorstAction,41.0,45.54380262371878,16.74937972021879,22.082841050654427,10.766728914452674,,1.0
road,3,set_cal,2012-05-23,0.05,ScenarioCVaR,41.0,45.53280367325195,16.77407213853711,22.107533468972747,10.76672891445267,,1.0
road,3,set_cal,2012-05-23,0.05,RiskFirst,41.0,10.46538875322036,52.76154546804043,69.05792732480424,32.412408309058854,,1.0
road,3,set_cal,2012-05-23,0.05,TemporalContext2024,41.0,10.436728708791174,52.817202483301244,69.12040654060934,32.42029136602122,,1.0
road,3,set_cal,2012-05-23,0.05,NetworkPropagation2024,41.0,10.42187232379512,50.22623809112708,66.00071025367818,31.44660237236632,,1.0
road,3,set_cal,2012-05-23,0.05,CalibratedUncertainty2025,41.0,10.424607261334769,52.85151347592128,69.04019548282827,32.12966555984991,,1.0
road,3,set_cal,2012-05-23,0.05,MappedPTO2026,41.0,10.46538875322036,52.76154546804044,69.05792732480425,32.41240830905886,,1.0
road,3,set_cal,2012-05-23,0.05,GroupAware2025,41.0,10.918281371012968,53.83244929125635,70.34950306483145,32.81466650779073,,1.0
road,3,set_cal,2012-05-23,0.05,RobustImprovement2025,41.0,10.287723873447225,51.46368672207494,67.30296553020283,31.465629854351917,,1.0
road,3,set_cal,2012-05-23,0.1,StructuralRobust,83.0,47.57030546612447,76.04000933108168,101.27905887364633,50.68235841724133,0.0,1.0
road,3,set_cal,2012-05-23,0.1,ExpectedActionValue,83.0,66.47971876753677,29.437091718917653,38.989564141461294,19.139477299909668,,1.0
road,3,set_cal,2012-05-23,0.1,PointwiseWorstAction,83.0,66.58100153962025,29.099203064677955,38.37946606000753,18.55254005995864,,1.0
road,3,set_cal,2012-05-23,0.1,ScenarioCVaR,83.0,66.5678521945731,29.03796175913823,38.30853540759024,18.547227903407904,,1.0
road,3,set_cal,2012-05-23,0.1,RiskFirst,83.0,18.367511825104543,76.40099853122288,101.9714826451661,51.454812015819584,,1.0
road,3,set_cal,2012-05-23,0.1,TemporalContext2024,83.0,18.735079018469207,74.30995163315421,99.27304964291474,50.257684435390885,,1.0
road,3,set_cal,2012-05-23,0.1,NetworkPropagation2024,83.0,18.038881778616428,75.2007355776784,100.448639604307,50.82922028748487,,1.0
road,3,set_cal,2012-05-23,0.1,CalibratedUncertainty2025,83.0,19.25459141042569,76.03894436085376,101.38889382035329,50.97308718680085,,1.0
road,3,set_cal,2012-05-23,0.1,MappedPTO2026,83.0,18.367511825104543,76.40099853122288,101.9714826451661,51.4548120158196,,1.0
road,3,set_cal,2012-05-23,0.1,GroupAware2025,83.0,17.63476047228927,76.45944156037508,102.07053387494616,51.590460535810095,,1.0
road,3,set_cal,2012-05-23,0.1,RobustImprovement2025,83.0,17.488280071722322,76.41346784351977,101.90952162943965,51.2954103210285,,1.0
road,3,set_cal,2012-05-23,0.2,StructuralRobust,166.0,204.89707051956006,114.6413356541911,155.90728652147823,84.12076584501736,0.0,1.0
road,3,set_cal,2012-05-23,0.2,ExpectedActionValue,166.0,94.16518730899286,49.93774647721246,65.87806609958601,31.958131012956983,,1.0
road,3,set_cal,2012-05-23,0.2,PointwiseWorstAction,166.0,94.23725242224177,50.87354556182411,67.21991344917268,32.74028417608894,,1.0
road,3,set_cal,2012-05-23,0.2,ScenarioCVaR,166.0,94.24523760607883,50.17267992703405,66.21906079019047,32.11773795259337,,1.0
road,3,set_cal,2012-05-23,0.2,RiskFirst,166.0,34.460151923113195,114.6413356541911,155.90728652147823,84.12076584501736,,1.0
road,3,set_cal,2012-05-23,0.2,TemporalContext2024,166.0,32.72977486958377,108.61208081279585,148.0669607157046,80.54886340510205,,1.0
road,3,set_cal,2012-05-23,0.2,NetworkPropagation2024,166.0,34.65129929811232,111.4264922220627,151.5363048604906,81.79114366039383,,1.0
road,3,set_cal,2012-05-23,0.2,CalibratedUncertainty2025,166.0,34.00221019340072,113.42808300205894,154.23514049385813,83.18842519043753,,1.0
road,3,set_cal,2012-05-23,0.2,MappedPTO2026,166.0,33.60421699508569,111.23794358394137,151.64745529068486,82.4757858095068,,1.0
road,3,set_cal,2012-05-23,0.2,GroupAware2025,166.0,34.34477310903829,115.504338928586,157.03175746674773,84.62216228633527,,1.0
road,3,set_cal,2012-05-23,0.2,RobustImprovement2025,166.0,34.161040443393986,115.86147444632884,157.48191528117687,84.83958235255825,,1.0
road,3,test,2012-05-24,0.01,StructuralRobust,8.0,25.95809922537839,19.371810563737156,24.32948505447328,9.583539346860778,0.0,1.0
road,3,test,2012-05-24,0.01,ExpectedActionValue,8.0,17.48951199200323,2.746616052087361,3.847222399994386,2.218085474213287,,1.0
road,3,test,2012-05-24,0.01,PointwiseWorstAction,8.0,17.48951199200323,2.746616052087361,3.847222399994386,2.218085474213287,,1.0
road,3,test,2012-05-24,0.01,ScenarioCVaR,8.0,17.48951199200323,2.746616052087361,3.847222399994386,2.218085474213287,,1.0
road,3,test,2012-05-24,0.01,RiskFirst,8.0,2.447591817920354,17.445367099381848,22.03834379364709,8.928496646358884,,1.0
road,3,test,2012-05-24,0.01,TemporalContext2024,8.0,2.4475918179203546,17.445367099381848,22.03834379364709,8.92849664635888,,1.0
road,3,test,2012-05-24,0.01,NetworkPropagation2024,8.0,2.4045434284943137,17.82821847196393,22.457662234819747,8.98448322090669,,1.0
road,3,test,2012-05-24,0.01,CalibratedUncertainty2025,8.0,2.4475918179203546,17.445367099381848,22.03834379364709,8.92849664635888,,1.0
road,3,test,2012-05-24,0.01,MappedPTO2026,8.0,2.447591817920354,17.445367099381848,22.03834379364709,8.928496646358884,,1.0
road,3,test,2012-05-24,0.01,GroupAware2025,8.0,2.447591817920354,17.445367099381848,22.03834379364709,8.928496646358884,,1.0
road,3,test,2012-05-24,0.01,RobustImprovement2025,8.0,2.4475918179203546,17.445367099381848,22.03834379364709,8.92849664635888,,1.0
road,3,test,2012-05-24,0.03,StructuralRobust,25.0,10.730263441486631,39.82110561855828,51.4285825621274,22.86386191537042,0.0,1.0
road,3,test,2012-05-24,0.03,ExpectedActionValue,25.0,38.0187064910679,5.006405361890127,6.78549181990634,3.4917364189193743,,1.0
road,3,test,2012-05-24,0.03,PointwiseWorstAction,25.0,37.994977258964354,5.053239538982701,6.832325996998912,3.4917364189193707,,1.0
road,3,test,2012-05-24,0.03,ScenarioCVaR,25.0,38.0187064910679,5.006405361890127,6.78549181990634,3.4917364189193743,,1.0
road,3,test,2012-05-24,0.03,RiskFirst,25.0,5.875972744701687,37.22204080921579,48.23198555041834,21.75304773702645,,1.0
road,3,test,2012-05-24,0.03,TemporalContext2024,25.0,5.650538945763529,37.49935393851286,48.622662568135944,21.98666213884035,,1.0
road,3,test,2012-05-24,0.03,NetworkPropagation2024,25.0,5.5925090866816625,37.727723430738145,48.89729307120695,22.06380951103541,,1.0
road,3,test,2012-05-24,0.03,CalibratedUncertainty2025,25.0,5.944546403686466,39.82110561855828,51.4285825621274,22.86386191537042,,1.0
road,3,test,2012-05-24,0.03,MappedPTO2026,25.0,5.705667066512609,37.776028324763246,48.989847630251084,22.16693463947429,,1.0
road,3,test,2012-05-24,0.03,GroupAware2025,25.0,6.1519648756518635,37.49583085204593,48.562853344084,21.856119026076243,,1.0
road,3,test,2012-05-24,0.03,RobustImprovement2025,25.0,5.866126660499977,37.94239154013906,49.152073615487275,22.13294534587508,,1.0
road,3,test,2012-05-24,0.05,StructuralRobust,41.0,49.83916173729744,52.89315659569824,69.10983589525999,32.171265694956766,0.0,1.0
road,3,test,2012-05-24,0.05,ExpectedActionValue,41.0,50.84406903198997,6.56465897812938,8.759466589032275,4.188773585869601,,1.0
road,3,test,2012-05-24,0.05,PointwiseWorstAction,41.0,50.84406903198997,6.564658978129382,8.759466589032275,4.188773585869599,,1.0
road,3,test,2012-05-24,0.05,ScenarioCVaR,41.0,50.84406903198997,6.56465897812938,8.759466589032275,4.188773585869601,,1.0
road,3,test,2012-05-24,0.05,RiskFirst,41.0,7.944099219447237,52.014025894572384,68.05902853333768,31.901322340328647,,1.0
road,3,test,2012-05-24,0.05,TemporalContext2024,41.0,8.08040319160762,53.587073305036775,70.05848708959347,32.72330009201682,,1.0
road,3,test,2012-05-24,0.05,NetworkPropagation2024,41.0,8.085752295371158,52.17747312051096,68.17004869967066,31.756430423584654,,1.0
road,3,test,2012-05-24,0.05,CalibratedUncertainty2025,41.0,11.08410118375287,51.82887149803698,67.81150949028746,31.75714158182739,,1.0
road,3,test,2012-05-24,0.05,MappedPTO2026,41.0,8.228422709297206,52.6803526209423,68.83533652691315,32.081206591510195,,1.0
road,3,test,2012-05-24,0.05,GroupAware2025,41.0,10.702020981515666,50.96761575739565,66.8196714890597,31.558429080534268,,1.0
road,3,test,2012-05-24,0.05,RobustImprovement2025,41.0,7.568063567427738,53.088270407485595,69.39060881694174,32.35681007144787,,1.0
road,3,test,2012-05-24,0.1,StructuralRobust,83.0,47.628111552975014,75.70236088149466,100.89725805220988,50.666713037573714,0.0,1.0
road,3,test,2012-05-24,0.1,ExpectedActionValue,83.0,74.6857141915935,19.98651608501003,25.887233302031458,11.497530137091324,,1.0
road,3,test,2012-05-24,0.1,PointwiseWorstAction,83.0,74.6857141915935,19.986516085010027,25.887233302031458,11.497530137091328,,1.0
road,3,test,2012-05-24,0.1,ScenarioCVaR,83.0,74.6857141915935,19.98651608501003,25.88723330203146,11.497530137091324,,1.0
road,3,test,2012-05-24,0.1,RiskFirst,83.0,17.338015580651533,76.77080592885505,102.44340964132222,51.71149129154068,,1.0
road,3,test,2012-05-24,0.1,TemporalContext2024,83.0,17.51702449065962,76.29599972152589,101.79635240849264,51.32291350737229,,1.0
road,3,test,2012-05-24,0.1,NetworkPropagation2024,83.0,17.22684559011191,76.4478230268115,102.06455579172088,51.626999900612304,,1.0
road,3,test,2012-05-24,0.1,CalibratedUncertainty2025,83.0,17.685703037942655,76.9101237736264,102.62656000202183,51.78974151213404,,1.0
road,3,test,2012-05-24,0.1,MappedPTO2026,83.0,17.67429130373904,76.70330533856686,102.377422122248,51.72528429292278,,1.0
road,3,test,2012-05-24,0.1,GroupAware2025,83.0,17.688089492355463,76.8898948896869,102.59514664202807,51.77310890480197,,1.0
road,3,test,2012-05-24,0.1,RobustImprovement2025,83.0,17.708173616137,75.59039129857321,100.88438876998605,50.96609369252762,,1.0
road,3,test,2012-05-24,0.2,StructuralRobust,166.0,209.94612587615725,106.24630160549064,144.71715731503258,78.38236750181825,0.0,1.0
road,3,test,2012-05-24,0.2,ExpectedActionValue,166.0,100.82423892434834,41.38566331752815,54.631682558059744,26.19764639517431,,1.0
road,3,test,2012-05-24,0.2,PointwiseWorstAction,166.0,100.92551623178836,40.63221699570175,53.72778391959234,25.950216148063312,,1.0
road,3,test,2012-05-24,0.2,ScenarioCVaR,166.0,100.91296743296661,40.35760431930328,53.32944058445101,25.6810509372187,,1.0
road,3,test,2012-05-24,0.2,RiskFirst,166.0,35.930082634429944,106.24630160549064,144.71715731503258,78.38236750181825,,1.0
road,3,test,2012-05-24,0.2,TemporalContext2024,166.0,32.32135941052516,106.29273235981303,144.62922606317608,77.95525033677568,,1.0
road,3,test,2012-05-24,0.2,NetworkPropagation2024,166.0,35.60849242579536,106.11932540185788,144.4657943978857,78.05551739968831,,1.0
road,3,test,2012-05-24,0.2,CalibratedUncertainty2025,166.0,35.86939117601493,106.45057852434664,144.92992800741368,78.36722579013201,,1.0
road,3,test,2012-05-24,0.2,MappedPTO2026,166.0,37.11421839209778,105.96932652119591,144.25953902501925,77.9862661084779,,1.0
road,3,test,2012-05-24,0.2,GroupAware2025,166.0,33.381224817748766,106.20709481551741,144.6125430891019,78.21781290301719,,1.0
road,3,test,2012-05-24,0.2,RobustImprovement2025,166.0,32.72536921174939,106.48618380495395,144.98462681014885,78.35340110183819,,1.0
road,3,test,2012-05-25,0.01,StructuralRobust,8.0,18.88140413386112,6.92917970398816,9.313485977646407,4.812505577963421,0.0,1.0
road,3,test,2012-05-25,0.01,ExpectedActionValue,8.0,10.622021112735998,1.8041249278548699,2.52524101999158,1.4372566745313973,,1.0
road,3,test,2012-05-25,0.01,PointwiseWorstAction,8.0,10.622021112735998,1.8041249278548699,2.52524101999158,1.4372566745313973,,1.0
road,3,test,2012-05-25,0.01,ScenarioCVaR,8.0,10.622021112735998,1.8041249278548699,2.52524101999158,1.4372566745313973,,1.0
road,3,test,2012-05-25,0.01,RiskFirst,8.0,0.9803251200003651,6.601177402470601,8.9154018694905,4.683568875229186,,1.0
road,3,test,2012-05-25,0.01,TemporalContext2024,8.0,0.80208652199228,6.09469858262368,8.209524362453564,4.247816305651531,,1.0
road,3,test,2012-05-25,0.01,NetworkPropagation2024,8.0,0.9803251200003651,6.6011774024706,8.9154018694905,4.683568875229187,,1.0
road,3,test,2012-05-25,0.01,CalibratedUncertainty2025,8.0,1.2309446721371828,5.904005185526964,7.861828802342248,3.8694748879959633,,1.0
road,3,test,2012-05-25,0.01,MappedPTO2026,8.0,0.9803251200003651,6.601177402470601,8.9154018694905,4.683568875229186,,1.0
road,3,test,2012-05-25,0.01,GroupAware2025,8.0,0.9803251200003651,6.601177402470601,8.9154018694905,4.683568875229186,,1.0
road,3,test,2012-05-25,0.01,RobustImprovement2025,8.0,0.9361714804101934,6.8045507167506,9.135502637432637,4.701865550595744,,1.0
road,3,test,2012-05-25,0.03,StructuralRobust,25.0,6.924960525492229,16.69520545207132,22.78128704383928,12.30766009904702,0.0,1.0
road,3,test,2012-05-25,0.03,ExpectedActionValue,25.0,20.595555885113885,3.6369196205627863,5.080960661840932,2.866228846768314,,1.0
road,3,test,2012-05-25,0.03,PointwiseWorstAction,25.0,20.59941511854037,3.6835281784246834,5.1275692197028295,2.866228846768314,,1.0
road,3,test,2012-05-25,0.03,ScenarioCVaR,25.0,20.59941511854037,3.6835281784246834,5.127569219702829,2.866228846768314,,1.0
road,3,test,2012-05-25,0.03,RiskFirst,25.0,2.8476546150362663,17.75407109987084,24.22129830106385,13.109635239379632,,1.0
road,3,test,2012-05-25,0.03,TemporalContext2024,25.0,3.1400962454503314,17.91528391331109,24.389628824958983,13.107177380658783,,1.0
road,3,test,2012-05-25,0.03,NetworkPropagation2024,25.0,2.608196997410524,18.038910703418463,24.59092115852756,13.272661766361505,,1.0
road,3,test,2012-05-25,0.03,CalibratedUncertainty2025,25.0,2.9053493743295737,16.69520545207132,22.78128704383928,12.30766009904702,,1.0
road,3,test,2012-05-25,0.03,MappedPTO2026,25.0,2.8476546150362663,17.754071099870842,24.22129830106385,13.109635239379628,,1.0
road,3,test,2012-05-25,0.03,GroupAware2025,25.0,2.7632359137429443,17.695026624375206,24.12756343216779,13.034173026711809,,1.0
road,3,test,2012-05-25,0.03,RobustImprovement2025,25.0,2.718234915765397,17.8283537247799,24.30066111225244,13.11028728227787,,1.0
road,3,test,2012-05-25,0.05,StructuralRobust,41.0,35.06276120184309,25.504505609541077,34.927660562763066,19.1493435566697,0.0,1.0
road,3,test,2012-05-25,0.05,ExpectedActionValue,41.0,26.537029677963957,7.804349378197545,10.651158248540884,5.742143782898127,,1.0
road,3,test,2012-05-25,0.05,PointwiseWorstAction,41.0,26.577194050461298,7.540296228897752,10.250187022828234,5.4550194891593655,,1.0
road,3,test,2012-05-25,0.05,ScenarioCVaR,41.0,26.579019230929998,7.544016391580304,10.253907185510785,5.455019489159363,,1.0
road,3,test,2012-05-25,0.05,RiskFirst,41.0,4.333555143723243,25.036703328146277,34.51061183081229,19.33657782400248,,1.0
road,3,test,2012-05-25,0.05,TemporalContext2024,41.0,4.637993589897864,26.248953869497115,36.06663864885946,19.99469748038282,,1.0
road,3,test,2012-05-25,0.05,NetworkPropagation2024,41.0,4.378241575304991,25.658679839389542,35.304834506507994,19.660627900591997,,1.0
road,3,test,2012-05-25,0.05,CalibratedUncertainty2025,41.0,4.631931689359517,24.28953721999444,33.340435156001,18.407810172297584,,1.0
road,3,test,2012-05-25,0.05,MappedPTO2026,41.0,4.293293481136752,24.852352760591973,34.24381770970141,19.163119937287814,,1.0
road,3,test,2012-05-25,0.05,GroupAware2025,41.0,4.283855412692032,24.06284669988102,33.24338725864589,18.743695660733763,,1.0
road,3,test,2012-05-25,0.05,RobustImprovement2025,41.0,4.628692479374867,25.237758977775187,34.654510195038505,19.181754407635275,,1.0
road,3,test,2012-05-25,0.1,StructuralRobust,83.0,33.187053293279874,40.319838344495544,55.81935177891883,31.75429968546333,0.0,1.0
road,3,test,2012-05-25,0.1,ExpectedActionValue,83.0,38.44767815732708,13.600802883237423,18.19735927482107,8.983796005287873,,1.0
road,3,test,2012-05-25,0.1,PointwiseWorstAction,83.0,38.572421727514936,13.245286150652865,17.63330733683919,8.619032647453869,,1.0
road,3,test,2012-05-25,0.1,ScenarioCVaR,83.0,38.637411348447124,13.29725865500823,17.685279841194557,8.619032647453869,,1.0
road,3,test,2012-05-25,0.1,RiskFirst,83.0,9.158305840273368,38.568381597134966,53.570660959495335,30.806810237561685,,1.0
road,3,test,2012-05-25,0.1,TemporalContext2024,83.0,9.17186667934322,38.63027806777614,53.48080401705998,30.356466784744732,,1.0
road,3,test,2012-05-25,0.1,NetworkPropagation2024,83.0,9.648053367090364,38.80601017275962,53.80111690876929,30.664765557906854,,1.0
road,3,test,2012-05-25,0.1,CalibratedUncertainty2025,83.0,8.964280061847328,38.64807474226473,53.531396108251194,30.46240236110274,,1.0
road,3,test,2012-05-25,0.1,MappedPTO2026,83.0,9.151435131696106,38.55434166661237,53.55300452669958,30.800233214388058,,1.0
road,3,test,2012-05-25,0.1,GroupAware2025,83.0,8.940398868850028,39.700667063422166,55.035329123603425,31.447337364501642,,1.0
road,3,test,2012-05-25,0.1,RobustImprovement2025,83.0,8.81394926739435,38.694440147850344,53.74535737352341,30.93179844009734,,1.0
road,3,test,2012-05-25,0.2,StructuralRobust,166.0,140.2102947323379,57.12105253977316,79.92226264276213,46.39013039739534,0.0,1.0
road,3,test,2012-05-25,0.2,ExpectedActionValue,166.0,55.08823817831696,24.808471913663585,32.683486092856704,15.435332788332968,,1.0
road,3,test,2012-05-25,0.2,PointwiseWorstAction,166.0,55.209599235866705,24.909159640791554,32.87206365136929,15.67496957806178,,1.0
road,3,test,2012-05-25,0.2,ScenarioCVaR,166.0,55.11932249643414,25.162847766905454,33.25411245965854,15.855287695366943,,1.0
road,3,test,2012-05-25,0.2,RiskFirst,166.0,21.518780868205507,57.12105253977316,79.92226264276213,46.39013039739534,,1.0
road,3,test,2012-05-25,0.2,TemporalContext2024,166.0,23.79289726415292,57.62514805406479,80.46225080471497,46.68134829349737,,1.0
road,3,test,2012-05-25,0.2,NetworkPropagation2024,166.0,22.051226045835172,58.13339556656444,81.32967853760036,47.3968980393938,,1.0
road,3,test,2012-05-25,0.2,CalibratedUncertainty2025,166.0,21.86586130187616,57.31949255522295,80.10032022889672,46.5085254434926,,1.0
road,3,test,2012-05-25,0.2,MappedPTO2026,166.0,21.290014884434136,56.74801565683139,79.38612633859222,46.01778954681277,,1.0
road,3,test,2012-05-25,0.2,GroupAware2025,166.0,21.794263081357837,57.12814001479174,79.87489692560605,46.360017984429874,,1.0
road,3,test,2012-05-25,0.2,RobustImprovement2025,166.0,21.47146700124457,57.260626523360735,80.10460833822324,46.44149066541707,,1.0
road,3,test,2012-05-28,0.01,StructuralRobust,8.0,8.47955871231371,0.32958563704189014,0.32958563704189053,3.3306690738754696e-16,0.0,1.0
road,3,test,2012-05-28,0.01,ExpectedActionValue,8.0,19.455952523941686,0.2195031568839469,0.2195031568839473,4.718447854656915e-16,,1.0
road,3,test,2012-05-28,0.01,PointwiseWorstAction,8.0,19.382741663728766,0.143199166610174,0.14319916661017446,4.718447854656915e-16,,1.0
road,3,test,2012-05-28,0.01,ScenarioCVaR,8.0,19.455952523941686,0.2195031568839469,0.2195031568839473,4.718447854656915e-16,,1.0
road,3,test,2012-05-28,0.01,RiskFirst,8.0,2.485875330771277,0.279495508655783,0.2794955086557831,1.1102230246251565e-16,,1.0
road,3,test,2012-05-28,0.01,TemporalContext2024,8.0,2.28004393368612,0.32958563704189014,0.32958563704189053,3.3306690738754696e-16,,1.0
road,3,test,2012-05-28,0.01,NetworkPropagation2024,8.0,2.578871196494093,0.32958563704189014,0.32958563704189053,3.3306690738754696e-16,,1.0
road,3,test,2012-05-28,0.01,CalibratedUncertainty2025,8.0,1.6787798285502478,0.5941443624179035,0.5951257273447039,0.0010991287180164289,,1.0
road,3,test,2012-05-28,0.01,MappedPTO2026,8.0,1.9103894675025495,0.37203542113721466,0.37203542113721483,2.220446049250313e-16,,1.0
road,3,test,2012-05-28,0.01,GroupAware2025,8.0,1.9513277767555879,0.3275766359666282,0.3275766359666285,2.220446049250313e-16,,1.0
road,3,test,2012-05-28,0.01,RobustImprovement2025,8.0,1.8059801719415363,0.4785773323958875,0.4785773323958878,2.7755575615628914e-16,,1.0
road,3,test,2012-05-28,0.03,StructuralRobust,25.0,1.9232069197010548,0.9435469918954902,0.9445283568222905,0.0010991287180164289,0.0,1.0
road,3,test,2012-05-28,0.03,ExpectedActionValue,25.0,40.741964808642734,0.6193991985383517,0.6193991985383527,8.881784197001252e-16,,1.0
road,3,test,2012-05-28,0.03,PointwiseWorstAction,25.0,40.79241710341116,0.6051888629293567,0.6051888629293575,8.881784197001252e-16,,1.0
road,3,test,2012-05-28,0.03,ScenarioCVaR,25.0,40.79241710341116,0.6051888629293566,0.6051888629293575,8.881784197001252e-16,,1.0
road,3,test,2012-05-28,0.03,RiskFirst,25.0,5.967183122704549,0.7901614712514342,0.8612653455773166,0.10040261809566575,,1.0
road,3,test,2012-05-28,0.03,TemporalContext2024,25.0,5.008826712594974,0.747717379532953,0.7560128971335276,0.009290979712643699,,1.0
road,3,test,2012-05-28,0.03,NetworkPropagation2024,25.0,4.933726205574999,0.5165507646238767,0.5165507646238775,7.771561172376096e-16,,1.0
road,3,test,2012-05-28,0.03,CalibratedUncertainty2025,25.0,6.273530179746269,0.9435469918954902,0.9445283568222905,0.0010991287180164289,,1.0
road,3,test,2012-05-28,0.03,MappedPTO2026,25.0,6.068732935363492,0.6862924826972926,0.7573963570231751,0.10040261809566564,,1.0
road,3,test,2012-05-28,0.03,GroupAware2025,25.0,7.340892085898563,0.731488623808919,0.8025924981348014,0.10040261809566575,,1.0
road,3,test,2012-05-28,0.03,RobustImprovement2025,25.0,5.694965025899169,1.0309329582192075,1.1718698709146282,0.1969918182322643,,1.0
road,3,test,2012-05-28,0.05,StructuralRobust,41.0,8.27517904210654,1.5376327557138516,1.7794960362352619,0.33199292017434257,0.0,1.0
road,3,test,2012-05-28,0.05,ExpectedActionValue,41.0,53.35393075097168,0.7896959693359376,0.7896959693359388,1.3322676295501878e-15,,1.0
road,3,test,2012-05-28,0.05,PointwiseWorstAction,41.0,53.32948212394784,0.8217448495433547,0.821744849543356,1.2212453270876722e-15,,1.0
road,3,test,2012-05-28,0.05,ScenarioCVaR,41.0,53.35393075097168,0.7896959693359376,0.7896959693359388,1.3322676295501878e-15,,1.0
road,3,test,2012-05-28,0.05,RiskFirst,41.0,8.92966312627509,1.1861577020673069,1.3270946147627278,0.1969918182322643,,1.0
road,3,test,2012-05-28,0.05,TemporalContext2024,41.0,8.255817875054865,1.0759668531419324,1.0842623707425072,0.009290979712643699,,1.0
road,3,test,2012-05-28,0.05,NetworkPropagation2024,41.0,8.411306997320356,1.0182216884410678,1.0192030533678678,0.0010991287180162068,,1.0
road,3,test,2012-05-28,0.05,CalibratedUncertainty2025,41.0,9.79238144591917,1.0345536056526483,1.0355349705794485,0.0010991287180164289,,1.0
road,3,test,2012-05-28,0.05,MappedPTO2026,41.0,8.929663126275088,1.1861577020673069,1.3270946147627278,0.1969918182322643,,1.0
road,3,test,2012-05-28,0.05,GroupAware2025,41.0,9.326153792251514,1.206288987175827,1.3472258998712479,0.1969918182322643,,1.0
road,3,test,2012-05-28,0.05,RobustImprovement2025,41.0,10.978983496409553,1.337945729790956,1.5054896915482696,0.2268933115541787,,1.0
road,3,test,2012-05-28,0.1,StructuralRobust,83.0,8.090958477435226,2.9408349802418345,3.2310589598559583,0.3862585015307771,0.0,1.0
road,3,test,2012-05-28,0.1,ExpectedActionValue,83.0,74.47935307103624,1.533219804418382,1.5332198044183845,1.9984014443252818e-15,,1.0
road,3,test,2012-05-28,0.1,PointwiseWorstAction,83.0,74.55765111879894,1.5268150779320904,1.5268150779320924,1.9984014443252818e-15,,1.0
road,3,test,2012-05-28,0.1,ScenarioCVaR,83.0,74.58277697791128,1.5245858970878008,1.5245858970878028,1.7763568394002505e-15,,1.0
road,3,test,2012-05-28,0.1,RiskFirst,83.0,19.890135238889734,2.3278741885659673,2.6084988653546546,0.37550728236628794,,1.0
road,3,test,2012-05-28,0.1,TemporalContext2024,83.0,14.727292614549398,2.0878237441252905,2.287577287695744,0.26309347460094257,,1.0
road,3,test,2012-05-28,0.1,NetworkPropagation2024,83.0,20.09151148749985,1.9700045261296144,2.1393020690090996,0.2289827538270579,,1.0
road,3,test,2012-05-28,0.1,CalibratedUncertainty2025,83.0,17.93653668751965,2.022362302705546,2.191659845585031,0.22898275382705746,,1.0
road,3,test,2012-05-28,0.1,MappedPTO2026,83.0,20.41765846148467,2.568537076212488,2.852939496368202,0.37973835493735786,,1.0
road,3,test,2012-05-28,0.1,GroupAware2025,83.0,15.272376629912989,2.162640556320463,2.404503836841873,0.3319929201743421,,1.0
road,3,test,2012-05-28,0.1,RobustImprovement2025,83.0,20.6139279200052,3.1496430210329875,3.438885635720311,0.38515937281276047,,1.0
road,3,test,2012-05-28,0.2,StructuralRobust,166.0,35.95267212084243,4.719055258117839,5.105489318690529,0.5347197105262227,0.0,1.0
road,3,test,2012-05-28,0.2,ExpectedActionValue,166.0,97.93981382249049,2.6614690872551527,2.7470259828762806,0.13284025041568848,,1.0
road,3,test,2012-05-28,0.2,PointwiseWorstAction,166.0,97.99017929763731,2.6536640279634525,2.7392209235845804,0.13284025041568848,,1.0
road,3,test,2012-05-28,0.2,ScenarioCVaR,166.0,98.01346404476259,2.6438335776306467,2.7293904732517738,0.13284025041568848,,1.0
road,3,test,2012-05-28,0.2,RiskFirst,166.0,39.34453174066666,4.719055258117839,5.105489318690529,0.5347197105262227,,1.0
road,3,test,2012-05-28,0.2,TemporalContext2024,166.0,33.02198881677051,3.7719118332975565,4.091142709668519,0.41866875565791695,,1.0
road,3,test,2012-05-28,0.2,NetworkPropagation2024,166.0,43.62443815995931,3.4724833332660885,3.784400056963276,0.4104769046632888,,1.0
road,3,test,2012-05-28,0.2,CalibratedUncertainty2025,166.0,39.1177034150744,4.489505265021933,4.837564510584291,0.45126102918144007,,1.0
road,3,test,2012-05-28,0.2,MappedPTO2026,166.0,37.9331073841319,4.728428378026511,5.114862438599202,0.5347197105262227,,1.0
road,3,test,2012-05-28,0.2,GroupAware2025,166.0,30.00242214434895,3.9900983721858947,4.27072304897458,0.37550728236628617,,1.0
road,3,test,2012-05-28,0.2,RobustImprovement2025,166.0,34.4305197834783,4.538203593725044,4.878948686613627,0.44306917818681324,,1.0
road,3,test,2012-05-29,0.01,StructuralRobust,8.0,28.22954419488121,16.115709260716695,20.152519549303385,7.818243518330146,0.0,1.0
road,3,test,2012-05-29,0.01,ExpectedActionValue,8.0,21.158826362109643,3.047588563591795,4.290008580733496,2.5957413378379584,,1.0
road,3,test,2012-05-29,0.01,PointwiseWorstAction,8.0,21.160138413751636,3.3685355030619077,4.715722929971625,2.800568578453652,,1.0
road,3,test,2012-05-29,0.01,ScenarioCVaR,8.0,21.160138413751636,3.3685355030619077,4.715722929971625,2.800568578453652,,1.0
road,3,test,2012-05-29,0.01,RiskFirst,8.0,1.7584827908361698,14.67663383690014,18.366918818530696,7.165592572035843,,1.0
road,3,test,2012-05-29,0.01,TemporalContext2024,8.0,2.429631481309191,18.504324167193417,22.972884817494975,8.602597140882967,,1.0
road,3,test,2012-05-29,0.01,NetworkPropagation2024,8.0,2.334125775187027,16.115709260716695,20.152519549303385,7.818243518330146,,1.0
road,3,test,2012-05-29,0.01,CalibratedUncertainty2025,8.0,2.7143436944381096,18.87848246294359,23.48654159387358,8.886695665000794,,1.0
road,3,test,2012-05-29,0.01,MappedPTO2026,8.0,2.3341257751870272,16.115709260716695,20.152519549303385,7.818243518330149,,1.0
road,3,test,2012-05-29,0.01,GroupAware2025,8.0,1.7584827908361698,14.67663383690014,18.366918818530696,7.165592572035843,,1.0
road,3,test,2012-05-29,0.01,RobustImprovement2025,8.0,1.8574917116736405,17.326821864886075,21.534008899511885,8.117267285908571,,1.0
road,3,test,2012-05-29,0.03,StructuralRobust,25.0,11.910687043415203,41.91577973391547,53.52112700589896,22.69966216599302,0.0,1.0
road,3,test,2012-05-29,0.03,ExpectedActionValue,25.0,51.840267273464505,5.164431212398018,7.0854740791875415,3.9210313016717304,,1.0
road,3,test,2012-05-29,0.03,PointwiseWorstAction,25.0,51.82718771029875,5.318451683963372,7.33510790826895,4.128065407719672,,1.0
road,3,test,2012-05-29,0.03,ScenarioCVaR,25.0,51.82718771029875,5.318451683963372,7.33510790826895,4.128065407719672,,1.0
road,3,test,2012-05-29,0.03,RiskFirst,25.0,5.41874946019047,39.33725849091824,50.1322220505333,21.0569903227056,,1.0
road,3,test,2012-05-29,0.03,TemporalContext2024,25.0,5.41874946019047,39.33725849091823,50.1322220505333,21.0569903227056,,1.0
road,3,test,2012-05-29,0.03,NetworkPropagation2024,25.0,5.418749460190469,39.337258490918224,50.1322220505333,21.05699032270561,,1.0
road,3,test,2012-05-29,0.03,CalibratedUncertainty2025,25.0,5.828411227572569,41.91577973391547,53.52112700589896,22.69966216599302,,1.0
road,3,test,2012-05-29,0.03,MappedPTO2026,25.0,5.418749460190468,39.33725849091823,50.1322220505333,21.0569903227056,,1.0
road,3,test,2012-05-29,0.03,GroupAware2025,25.0,5.41874946019047,39.33725849091823,50.1322220505333,21.05699032270561,,1.0
road,3,test,2012-05-29,0.03,RobustImprovement2025,25.0,5.377071582679981,38.36415557713211,48.928857148262956,20.629050882039664,,1.0
road,3,test,2012-05-29,0.05,StructuralRobust,41.0,65.06376081383267,54.46295614422979,70.38999143188094,31.36614345274525,0.0,1.0
road,3,test,2012-05-29,0.05,ExpectedActionValue,41.0,72.19142767514431,7.154651955297482,9.838996975815927,5.347778852321301,,1.0
road,3,test,2012-05-29,0.05,PointwiseWorstAction,41.0,72.30112037217346,7.164498581764051,9.848843602282495,5.347778852321302,,1.0
road,3,test,2012-05-29,0.05,ScenarioCVaR,41.0,72.30112037217346,7.164498581764051,9.848843602282495,5.347778852321302,,1.0
road,3,test,2012-05-29,0.05,RiskFirst,41.0,7.3990096630703315,52.7470866363377,68.33078632056252,30.750300346094576,,1.0
road,3,test,2012-05-29,0.05,TemporalContext2024,41.0,7.366902691825506,53.453178710712194,69.29772315824646,31.3018025371522,,1.0
road,3,test,2012-05-29,0.05,NetworkPropagation2024,41.0,7.5390473754692655,54.35444540697847,70.39746459340213,31.641578206720254,,1.0
road,3,test,2012-05-29,0.05,CalibratedUncertainty2025,41.0,7.772767988180287,54.01350503983553,70.00917090790735,31.5858850897365,,1.0
road,3,test,2012-05-29,0.05,MappedPTO2026,41.0,7.39900966307033,52.74708663633769,68.33078632056252,30.75030034609457,,1.0
road,3,test,2012-05-29,0.05,GroupAware2025,41.0,7.3990096630703315,52.74708663633769,68.33078632056252,30.750300346094583,,1.0
road,3,test,2012-05-29,0.05,RobustImprovement2025,41.0,7.39914260675204,52.19470589957994,67.6344350916805,30.48018683354018,,1.0
road,3,test,2012-05-29,0.1,StructuralRobust,83.0,58.712132928520056,76.92607755180192,101.68277629233448,49.422606693861184,0.0,1.0
road,3,test,2012-05-29,0.1,ExpectedActionValue,83.0,103.13384881969898,20.959945578862747,27.43261600893948,12.575840920284723,,1.0
road,3,test,2012-05-29,0.1,PointwiseWorstAction,83.0,103.12012629270927,22.729326934178662,29.7195586608857,13.591397354511638,,1.0
road,3,test,2012-05-29,0.1,ScenarioCVaR,83.0,103.14726720999042,22.456261006738664,29.302140775606013,13.275318379175424,,1.0
road,3,test,2012-05-29,0.1,RiskFirst,83.0,22.881364309262455,77.41617415005959,102.33273635747766,49.78516654615318,,1.0
road,3,test,2012-05-29,0.1,TemporalContext2024,83.0,22.23148399629959,76.3554374517662,100.93852088201767,49.101460030979524,,1.0
road,3,test,2012-05-29,0.1,NetworkPropagation2024,83.0,23.120533285437585,77.60014940716646,102.59796414002845,49.98334736807887,,1.0
road,3,test,2012-05-29,0.1,CalibratedUncertainty2025,83.0,23.01481080367669,77.20814893372817,102.04030050844324,49.61009383321344,,1.0
road,3,test,2012-05-29,0.1,MappedPTO2026,83.0,23.025942363244685,76.76813569663155,101.45690579267232,49.28888993606152,,1.0
road,3,test,2012-05-29,0.1,GroupAware2025,83.0,22.951615649977636,76.99214423478946,101.76525745651134,49.46014636669301,,1.0
road,3,test,2012-05-29,0.1,RobustImprovement2025,83.0,23.016687894759375,77.23232889690351,102.08945275855403,49.65609819106051,,1.0
road,3,test,2012-05-29,0.2,StructuralRobust,166.0,241.88049329537535,103.23424050332281,139.0557358315792,72.31743206560984,0.0,1.0
road,3,test,2012-05-29,0.2,ExpectedActionValue,166.0,135.71065494555137,40.76099499354161,53.56022172175933,25.21991269823679,,1.0
road,3,test,2012-05-29,0.2,PointwiseWorstAction,166.0,135.77589383113784,40.71891119968466,53.46648321226818,25.150192901073957,,1.0
road,3,test,2012-05-29,0.2,ScenarioCVaR,166.0,135.77770934279843,40.70886986549468,53.456441878078195,25.15019290107398,,1.0
road,3,test,2012-05-29,0.2,RiskFirst,166.0,45.826229563985805,103.23424050332281,139.0557358315792,72.31743206560984,,1.0
road,3,test,2012-05-29,0.2,TemporalContext2024,166.0,43.373083646263595,101.89563038061063,137.18242185386865,71.18534738031819,,1.0
road,3,test,2012-05-29,0.2,NetworkPropagation2024,166.0,45.06683856685448,101.85922613218597,137.17179360888994,71.27839644557562,,1.0
road,3,test,2012-05-29,0.2,CalibratedUncertainty2025,166.0,48.14275702260747,101.71868148905723,136.8534055740861,70.8289906414059,,1.0
road,3,test,2012-05-29,0.2,MappedPTO2026,166.0,45.792743408066514,101.95796662641177,137.28357517609328,71.3316135524471,,1.0
road,3,test,2012-05-29,0.2,GroupAware2025,166.0,44.716845414097726,103.37391426968586,139.1895596882976,72.28861302645774,,1.0
road,3,test,2012-05-29,0.2,RobustImprovement2025,166.0,43.51836622896095,102.9518167999641,138.56336980640094,71.85789598192135,,1.0
road,3,test,2012-05-30,0.01,StructuralRobust,8.0,25.978864973190728,23.95838869218836,29.58435973812817,10.78224263704396,0.0,1.0
road,3,test,2012-05-30,0.01,ExpectedActionValue,8.0,19.001580409173915,2.9969251855508356,4.2422145041521615,2.5371849961900774,,1.0
road,3,test,2012-05-30,0.01,PointwiseWorstAction,8.0,19.001580409173915,2.9969251855508356,4.2422145041521615,2.5371849961900774,,1.0
road,3,test,2012-05-30,0.01,ScenarioCVaR,8.0,19.00158040917392,2.9969251855508356,4.2422145041521615,2.5371849961900774,,1.0
road,3,test,2012-05-30,0.01,RiskFirst,8.0,2.352858719252293,23.1414756654631,28.67631986058407,10.63064988461625,,1.0
road,3,test,2012-05-30,0.01,TemporalContext2024,8.0,2.352858719252293,23.1414756654631,28.67631986058407,10.63064988461625,,1.0
road,3,test,2012-05-30,0.01,NetworkPropagation2024,8.0,2.3021617284640317,23.95838869218836,29.58435973812817,10.78224263704396,,1.0
road,3,test,2012-05-30,0.01,CalibratedUncertainty2025,8.0,2.293507003764101,19.705487366623203,24.686023711357688,9.643837618105763,,1.0
road,3,test,2012-05-30,0.01,MappedPTO2026,8.0,2.0695862099872637,22.91648197940372,28.321755821688534,10.3770784899664,,1.0
road,3,test,2012-05-30,0.01,GroupAware2025,8.0,2.352858719252293,23.1414756654631,28.67631986058407,10.63064988461625,,1.0
road,3,test,2012-05-30,0.01,RobustImprovement2025,8.0,2.0533779867172584,19.629152848003955,24.57741656035029,9.576789322181462,,1.0
road,3,test,2012-05-30,0.03,StructuralRobust,25.0,11.318028221312748,46.42887852135924,59.1594884483025,24.860621277012072,0.0,1.0
road,3,test,2012-05-30,0.03,ExpectedActionValue,25.0,38.79225463989764,5.839858507502446,8.0944532754696,4.457164248723594,,1.0
road,3,test,2012-05-30,0.03,PointwiseWorstAction,25.0,38.799128203155696,5.587596204705354,7.759437071609043,4.242447184769746,,1.0
road,3,test,2012-05-30,0.03,ScenarioCVaR,25.0,38.751179672656846,5.638864337344121,7.801670658491514,4.225285575478204,,1.0
road,3,test,2012-05-30,0.03,RiskFirst,25.0,5.421129589776314,46.667296749135005,59.53253662189058,25.192402895549705,,1.0
road,3,test,2012-05-30,0.03,TemporalContext2024,25.0,5.306909712631358,47.357615007317676,60.41660059353368,25.563696153225152,,1.0
road,3,test,2012-05-30,0.03,NetworkPropagation2024,25.0,5.306909712631358,47.357615007317676,60.41660059353368,25.563696153225166,,1.0
road,3,test,2012-05-30,0.03,CalibratedUncertainty2025,25.0,5.379279253120919,46.42887852135924,59.1594884483025,24.860621277012072,,1.0
road,3,test,2012-05-30,0.03,MappedPTO2026,25.0,5.421129589776314,46.667296749135005,59.532536621890586,25.192402895549705,,1.0
road,3,test,2012-05-30,0.03,GroupAware2025,25.0,5.421129589776314,46.667296749135005,59.53253662189058,25.192402895549705,,1.0
road,3,test,2012-05-30,0.03,RobustImprovement2025,25.0,5.2503873097619165,46.32243977265676,59.03687552796011,24.8359334976518,,1.0
road,3,test,2012-05-30,0.05,StructuralRobust,41.0,53.1611122458696,60.201255970486585,77.83131562350805,34.82407803175079,0.0,1.0
road,3,test,2012-05-30,0.05,ExpectedActionValue,41.0,52.43967759767655,7.089203855549769,9.71787208080747,5.070657934321799,,1.0
road,3,test,2012-05-30,0.05,PointwiseWorstAction,41.0,52.594930023030315,7.094183336832601,9.722851562090304,5.0706579343218,,1.0
road,3,test,2012-05-30,0.05,ScenarioCVaR,41.0,52.59493002303031,7.094183336832601,9.722851562090304,5.070657934321798,,1.0
road,3,test,2012-05-30,0.05,RiskFirst,41.0,11.460769154873102,59.851174716128305,77.4733505582857,34.79989777503446,,1.0
road,3,test,2012-05-30,0.05,TemporalContext2024,41.0,7.493830807014564,59.91687132494467,77.57035116725969,34.863926622513425,,1.0
road,3,test,2012-05-30,0.05,NetworkPropagation2024,41.0,7.601801157450801,59.508192038742315,77.06766726332289,34.69656708598203,,1.0
road,3,test,2012-05-30,0.05,CalibratedUncertainty2025,41.0,11.578523384046129,59.155736198087546,76.53012683740212,34.281310837398074,,1.0
road,3,test,2012-05-30,0.05,MappedPTO2026,41.0,7.633201074072064,59.10859426200821,76.52158413789697,34.39853928356786,,1.0
road,3,test,2012-05-30,0.05,GroupAware2025,41.0,11.364320478990352,59.7198727301159,77.29506606571609,34.70504915241036,,1.0
road,3,test,2012-05-30,0.05,RobustImprovement2025,41.0,11.099751688226409,60.29949989457886,78.01332310222506,34.96225240305694,,1.0
road,3,test,2012-05-30,0.1,StructuralRobust,83.0,49.053466401751436,82.01280134203022,108.41742443898441,52.852059140080414,0.0,1.0
road,3,test,2012-05-30,0.1,ExpectedActionValue,83.0,76.78624839941392,18.82476752063427,24.71354274922611,11.363355841411177,,1.0
road,3,test,2012-05-30,0.1,PointwiseWorstAction,83.0,77.05522926795543,18.773593899566006,24.662369128157845,11.363355841411177,,1.0
road,3,test,2012-05-30,0.1,ScenarioCVaR,83.0,77.01552630062739,18.78899825439482,24.677773482986662,11.363355841411181,,1.0
road,3,test,2012-05-30,0.1,RiskFirst,83.0,21.96205785086966,82.0919221861817,108.58227016022582,53.08281738262025,,1.0
road,3,test,2012-05-30,0.1,TemporalContext2024,83.0,21.559011074644797,81.84663020673878,108.22362487060433,52.81106845675279,,1.0
road,3,test,2012-05-30,0.1,NetworkPropagation2024,83.0,21.670569613115667,81.75305052610278,108.1245471767724,52.84678991090698,,1.0
road,3,test,2012-05-30,0.1,CalibratedUncertainty2025,83.0,15.890127766276587,82.77483282713108,109.46958537899718,53.420114498697515,,1.0
road,3,test,2012-05-30,0.1,MappedPTO2026,83.0,21.698063253687092,82.3504759036936,108.94660653912577,53.302155041736384,,1.0
road,3,test,2012-05-30,0.1,GroupAware2025,83.0,21.776408811459085,82.02751863039911,108.48083332973317,53.002840541366126,,1.0
road,3,test,2012-05-30,0.1,RobustImprovement2025,83.0,21.74863636555525,82.03370495525121,108.47173742453023,52.961133960603064,,1.0
road,3,test,2012-05-30,0.2,StructuralRobust,166.0,207.11965377347008,110.15862081567064,148.84405777528627,78.58935159183642,0.0,1.0
road,3,test,2012-05-30,0.2,ExpectedActionValue,166.0,105.75138317945121,41.78745508034751,55.0476843132119,26.044188474137343,,1.0
road,3,test,2012-05-30,0.2,PointwiseWorstAction,166.0,105.75305248875871,40.27627674851659,52.944962308316704,24.884975452722678,,1.0
road,3,test,2012-05-30,0.2,ScenarioCVaR,166.0,105.78673210846569,40.38682789490121,53.1266652811452,25.002052622868923,,1.0
road,3,test,2012-05-30,0.2,RiskFirst,166.0,37.350403731863885,110.15862081567064,148.84405777528627,78.58935159183642,,1.0
road,3,test,2012-05-30,0.2,TemporalContext2024,166.0,36.46123357741246,110.8940211878516,149.87892525959606,79.20726351981234,,1.0
road,3,test,2012-05-30,0.2,NetworkPropagation2024,166.0,36.27261389443398,110.38950140536772,149.1855820748686,78.7815949658335,,1.0
road,3,test,2012-05-30,0.2,CalibratedUncertainty2025,166.0,39.068037099126926,110.84146956339998,149.6511596835821,78.73323547164324,,1.0
road,3,test,2012-05-30,0.2,MappedPTO2026,166.0,40.76808585340845,109.94510981447141,148.62049358975443,78.57027016238081,,1.0
road,3,test,2012-05-30,0.2,GroupAware2025,166.0,37.99459253297039,109.95951033008683,148.5244010213802,78.28022723782522,,1.0
road,3,test,2012-05-30,0.2,RobustImprovement2025,166.0,38.76884382379743,109.78316687192323,148.29249823090214,78.16992245565332,,1.0
road,3,test,2012-05-31,0.01,StructuralRobust,8.0,27.62339066859542,23.767149335957715,29.288190630344406,10.557570672906774,0.0,1.0
road,3,test,2012-05-31,0.01,ExpectedActionValue,8.0,16.330936019489354,3.363611129973825,4.565216246015981,2.4399181793800686,,1.0
road,3,test,2012-05-31,0.01,PointwiseWorstAction,8.0,16.330936019489354,3.363611129973825,4.565216246015981,2.4399181793800686,,1.0
road,3,test,2012-05-31,0.01,ScenarioCVaR,8.0,16.330936019489354,3.363611129973826,4.565216246015982,2.4399181793800677,,1.0
road,3,test,2012-05-31,0.01,RiskFirst,8.0,2.288023937258223,23.767149335957715,29.288190630344406,10.557570672906774,,1.0
road,3,test,2012-05-31,0.01,TemporalContext2024,8.0,2.288023937258223,23.767149335957715,29.2881906303444,10.557570672906774,,1.0
road,3,test,2012-05-31,0.01,NetworkPropagation2024,8.0,2.288023937258223,23.767149335957715,29.288190630344406,10.557570672906774,,1.0
road,3,test,2012-05-31,0.01,CalibratedUncertainty2025,8.0,2.4784745557923538,21.75954596451633,27.006145993803162,10.076588746649495,,1.0
road,3,test,2012-05-31,0.01,MappedPTO2026,8.0,2.188904788393908,23.01273781781888,28.43003281976928,10.38463105671137,,1.0
road,3,test,2012-05-31,0.01,GroupAware2025,8.0,2.288023937258223,23.767149335957715,29.288190630344406,10.557570672906774,,1.0
road,3,test,2012-05-31,0.01,RobustImprovement2025,8.0,2.2052791377226955,20.20988345253872,25.15199084201404,9.52190407379975,,1.0
road,3,test,2012-05-31,0.03,StructuralRobust,25.0,11.515143255666175,49.195186716591806,62.29777125416185,25.509913685031236,0.0,1.0
road,3,test,2012-05-31,0.03,ExpectedActionValue,25.0,35.9525921057792,6.606908803905525,9.078433430637078,4.928642732430881,,1.0
road,3,test,2012-05-31,0.03,PointwiseWorstAction,25.0,35.9525921057792,6.606908803905525,9.078433430637078,4.928642732430881,,1.0
road,3,test,2012-05-31,0.03,ScenarioCVaR,25.0,35.9525921057792,6.606908803905526,9.078433430637078,4.92864273243088,,1.0
road,3,test,2012-05-31,0.03,RiskFirst,25.0,4.81798301666771,49.40560167778424,62.71976884015771,25.995488257614006,,1.0
road,3,test,2012-05-31,0.03,TemporalContext2024,25.0,4.87578704511143,49.75951958429153,63.099872719011955,26.014803848184364,,1.0
road,3,test,2012-05-31,0.03,NetworkPropagation2024,25.0,4.747242861347303,49.39166564856957,62.694219616545176,25.969766079079207,,1.0
road,3,test,2012-05-31,0.03,CalibratedUncertainty2025,25.0,4.856110598567185,49.195186716591806,62.29777125416185,25.509913685031236,,1.0
road,3,test,2012-05-31,0.03,MappedPTO2026,25.0,4.878231034202994,49.63350861288761,62.99643387484048,26.081083276075375,,1.0
road,3,test,2012-05-31,0.03,GroupAware2025,25.0,4.81798301666771,49.40560167778424,62.71976884015773,25.995488257614006,,1.0
road,3,test,2012-05-31,0.03,RobustImprovement2025,25.0,4.838087452631416,49.45253687558789,62.686165299634474,25.800034321713277,,1.0
road,3,test,2012-05-31,0.05,StructuralRobust,41.0,57.010707651632025,62.4789608190324,80.47976455762857,35.47860582427439,0.0,1.0
road,3,test,2012-05-31,0.05,ExpectedActionValue,41.0,48.549661760086565,13.07948224528805,17.162037249003248,8.028030362663019,,1.0
road,3,test,2012-05-31,0.05,PointwiseWorstAction,41.0,48.61876113706393,13.198412937390918,17.32390787091914,8.114265037038448,,1.0
road,3,test,2012-05-31,0.05,ScenarioCVaR,41.0,48.61876113706393,13.198412937390918,17.32390787091914,8.114265037038452,,1.0
road,3,test,2012-05-31,0.05,RiskFirst,41.0,8.169158221586793,61.87970125255741,79.76435901088556,35.276380256422584,,1.0
road,3,test,2012-05-31,0.05,TemporalContext2024,41.0,7.966118924772825,63.02399530739259,81.2055717256172,35.84193165295988,,1.0
road,3,test,2012-05-31,0.05,NetworkPropagation2024,41.0,8.066857795916379,62.20191939196372,80.21251816905728,35.54716700798992,,1.0
road,3,test,2012-05-31,0.05,CalibratedUncertainty2025,41.0,8.605455729240727,63.568776889323956,81.81992490761674,35.940237797652074,,1.0
road,3,test,2012-05-31,0.05,MappedPTO2026,41.0,10.706346724080825,63.34190561351067,81.63217829293974,36.074188667302955,,1.0
road,3,test,2012-05-31,0.05,GroupAware2025,41.0,8.224720250707424,61.88715840146574,79.77353570845806,35.2794700982258,,1.0
road,3,test,2012-05-31,0.05,RobustImprovement2025,41.0,8.172748160681131,62.138443133698026,80.0051560351261,35.202910698038515,,1.0
road,3,test,2012-05-31,0.1,StructuralRobust,83.0,52.16168441893773,86.43803752298693,113.81147245978768,54.71778187445575,0.0,1.0
road,3,test,2012-05-31,0.1,ExpectedActionValue,83.0,71.39954970456465,21.767165467474545,28.7266502652809,13.665864194085518,,1.0
road,3,test,2012-05-31,0.1,PointwiseWorstAction,83.0,71.39954970456465,21.76716546747455,28.72665026528089,13.665864194085508,,1.0
road,3,test,2012-05-31,0.1,ScenarioCVaR,83.0,71.3981404928029,21.719978891462137,28.650404099983707,13.600923566580317,,1.0
road,3,test,2012-05-31,0.1,RiskFirst,83.0,20.83598751243173,87.05525828752373,114.71583341684432,55.35231873988225,,1.0
road,3,test,2012-05-31,0.1,TemporalContext2024,83.0,20.852808410607754,86.90914349824547,114.48681422716068,55.15820454781661,,1.0
road,3,test,2012-05-31,0.1,NetworkPropagation2024,83.0,19.705968259139688,86.52070688660167,113.9264251536158,54.84310385235433,,1.0
road,3,test,2012-05-31,0.1,CalibratedUncertainty2025,83.0,21.29766696185114,88.42591954727021,116.49630190665609,56.15195750235577,,1.0
road,3,test,2012-05-31,0.1,MappedPTO2026,83.0,20.835987512431725,87.05525828752373,114.71583341684433,55.35231873988228,,1.0
road,3,test,2012-05-31,0.1,GroupAware2025,83.0,20.136185262980675,86.90017142230973,114.50705313003263,55.245062164066596,,1.0
road,3,test,2012-05-31,0.1,RobustImprovement2025,83.0,19.63115010168769,87.00654911162705,114.63156829722911,55.2723540660255,,1.0
road,3,test,2012-05-31,0.2,StructuralRobust,166.0,218.7329505453259,114.4466583182775,153.67448493895748,79.24545882516553,0.0,1.0
road,3,test,2012-05-31,0.2,ExpectedActionValue,166.0,95.50406884033038,46.184689911866066,60.29101880282814,27.835001282309726,,1.0
road,3,test,2012-05-31,0.2,PointwiseWorstAction,166.0,95.5855770873052,45.38070159251002,59.18770336815542,27.167292802230293,,1.0
road,3,test,2012-05-31,0.2,ScenarioCVaR,166.0,95.5524688337845,46.14241189128623,60.248740782248305,27.83500128230972,,1.0
road,3,test,2012-05-31,0.2,RiskFirst,166.0,37.524071270069044,114.4466583182775,153.67448493895748,79.24545882516553,,1.0
road,3,test,2012-05-31,0.2,TemporalContext2024,166.0,37.075412960993006,114.13282365884368,153.24809762575617,78.95102057739314,,1.0
road,3,test,2012-05-31,0.2,NetworkPropagation2024,166.0,37.153505445799254,114.55932561028972,153.8892276762606,79.48706029681468,,1.0
road,3,test,2012-05-31,0.2,CalibratedUncertainty2025,166.0,36.89645868558535,113.5352772998923,152.34425154391104,78.23857022131492,,1.0
road,3,test,2012-05-31,0.2,MappedPTO2026,166.0,37.06912941948455,113.8118317835613,152.8059460903037,78.70459136004516,,1.0
road,3,test,2012-05-31,0.2,GroupAware2025,166.0,36.83823442408545,114.24788907928169,153.35126698198,78.9479241929449,,1.0
road,3,test,2012-05-31,0.2,RobustImprovement2025,166.0,37.50072634245282,114.69220256350475,154.03486973056732,79.52670926923723,,1.0
road,3,test,2012-06-01,0.01,StructuralRobust,8.0,13.333696673291653,1.4853143078106754,2.135978674838918,1.3345426608018784,0.0,1.0
road,3,test,2012-06-01,0.01,ExpectedActionValue,8.0,14.156568447249299,0.8368929422532736,1.119868719477001,0.5208990721008782,,1.0
road,3,test,2012-06-01,0.01,PointwiseWorstAction,8.0,14.156568447249299,0.8368929422532736,1.119868719477001,0.5208990721008782,,1.0
road,3,test,2012-06-01,0.01,ScenarioCVaR,8.0,14.154032862715109,0.858927585049294,1.1822256577728234,0.5889963459891233,,1.0
road,3,test,2012-06-01,0.01,RiskFirst,8.0,0.9145054466823731,1.5603622157516783,2.2443484654453476,1.2910445589536481,,1.0
road,3,test,2012-06-01,0.01,TemporalContext2024,8.0,0.9916947810529413,1.4263465581360997,2.038271522088719,1.1887681575792923,,1.0
road,3,test,2012-06-01,0.01,NetworkPropagation2024,8.0,0.9703083315888928,1.4234566632161567,2.020350784063642,1.1412032215663739,,1.0
road,3,test,2012-06-01,0.01,CalibratedUncertainty2025,8.0,1.0385704876678599,1.4010570748511526,1.99643834331134,1.133425465960726,,1.0
road,3,test,2012-06-01,0.01,MappedPTO2026,8.0,0.9145054466823731,1.5603622157516783,2.2443484654453476,1.2910445589536481,,1.0
road,3,test,2012-06-01,0.01,GroupAware2025,8.0,0.9916947810529413,1.4263465581360997,2.038271522088719,1.1887681575792928,,1.0
road,3,test,2012-06-01,0.01,RobustImprovement2025,8.0,0.9951980470093301,1.7468099743298413,2.510174228170651,1.4922759481204004,,1.0
road,3,test,2012-06-01,0.03,StructuralRobust,25.0,4.214723862529675,4.760262869593553,6.807214116116005,3.892989671229526,0.0,1.0
road,3,test,2012-06-01,0.03,ExpectedActionValue,25.0,28.540415902169403,1.9746748294596983,2.514658860991021,0.8586753906529034,,1.0
road,3,test,2012-06-01,0.03,PointwiseWorstAction,25.0,28.492705071541277,1.9842578436340441,2.5344699440255853,0.8849390168261262,,1.0
road,3,test,2012-06-01,0.03,ScenarioCVaR,25.0,28.540415902169403,1.9746748294596985,2.514658860991021,0.8586753906529037,,1.0
road,3,test,2012-06-01,0.03,RiskFirst,25.0,2.306523599937894,5.2184778221113906,7.51171483663171,4.624455819915889,,1.0
road,3,test,2012-06-01,0.03,TemporalContext2024,25.0,1.9279181290793157,4.476189089402829,6.356004494626542,3.752317108867639,,1.0
road,3,test,2012-06-01,0.03,NetworkPropagation2024,25.0,2.3764863090395396,4.52968507974732,6.448664594570134,3.8565395927149355,,1.0
road,3,test,2012-06-01,0.03,CalibratedUncertainty2025,25.0,6.062587114643,4.760262869593553,6.807214116116005,3.892989671229526,,1.0
road,3,test,2012-06-01,0.03,MappedPTO2026,25.0,2.414332238035245,4.922698170369417,7.084902315986406,4.318886208611655,,1.0
road,3,test,2012-06-01,0.03,GroupAware2025,25.0,2.6061855560058977,5.72751630395004,8.202794972391462,4.973173440737476,,1.0
road,3,test,2012-06-01,0.03,RobustImprovement2025,25.0,2.1871788397895764,5.900246784105129,8.514449397438742,5.248136946833493,,1.0
road,3,test,2012-06-01,0.05,StructuralRobust,41.0,19.448146487973737,8.298647228214339,11.770722294089008,6.855984067725103,0.0,1.0
road,3,test,2012-06-01,0.05,ExpectedActionValue,41.0,38.014494534086836,3.4872543745651616,4.524160147002982,1.7689282535877084,,1.0
road,3,test,2012-06-01,0.05,PointwiseWorstAction,41.0,38.04469285366341,3.6553429114735883,4.81093906833104,2.023673578407477,,1.0
road,3,test,2012-06-01,0.05,ScenarioCVaR,41.0,38.03274575976559,3.5131188369356154,4.550024609373437,1.7689282535877098,,1.0
road,3,test,2012-06-01,0.05,RiskFirst,41.0,5.58001848042712,8.431970559358783,12.059918169301353,7.203401805380052,,1.0
road,3,test,2012-06-01,0.05,TemporalContext2024,41.0,4.966481142096381,7.1208494002414655,10.025153428904853,5.811383200806715,,1.0
road,3,test,2012-06-01,0.05,NetworkPropagation2024,41.0,5.308635085146824,6.915842492761852,9.75967610840468,5.5420765902816935,,1.0
road,3,test,2012-06-01,0.05,CalibratedUncertainty2025,41.0,7.675867469703101,8.164438810285876,11.611701266195492,6.6847149516449225,,1.0
road,3,test,2012-06-01,0.05,MappedPTO2026,41.0,5.329004891093959,8.771759571496462,12.675855940598607,7.78021712405288,,1.0
road,3,test,2012-06-01,0.05,GroupAware2025,41.0,4.498373393139911,8.749985970185865,12.437789686672188,7.328597775213343,,1.0
road,3,test,2012-06-01,0.05,RobustImprovement2025,41.0,3.894349833815058,9.026173293854313,13.013780288553248,7.92285016852124,,1.0
road,3,test,2012-06-01,0.1,StructuralRobust,83.0,18.622120395319048,16.2071451798292,22.856104134004976,13.061081151929134,0.0,1.0
road,3,test,2012-06-01,0.1,ExpectedActionValue,83.0,55.2832119935708,7.5960178008614765,9.722135596554475,3.821544204034449,,1.0
road,3,test,2012-06-01,0.1,PointwiseWorstAction,83.0,55.29766816852391,7.735663621630379,9.880365347349272,3.8423582056634524,,1.0
road,3,test,2012-06-01,0.1,ScenarioCVaR,83.0,55.2832119935708,7.5960178008614765,9.722135596554475,3.8215442040344474,,1.0
road,3,test,2012-06-01,0.1,RiskFirst,83.0,11.50205652623672,16.201630943352022,23.027563195291005,13.320147909924543,,1.0
road,3,test,2012-06-01,0.1,TemporalContext2024,83.0,11.95748957923138,14.944257229632754,20.993995583812524,11.940350940131228,,1.0
road,3,test,2012-06-01,0.1,NetworkPropagation2024,83.0,11.957391856627174,14.736040921034983,20.815035404007496,12.012904720063355,,1.0
road,3,test,2012-06-01,0.1,CalibratedUncertainty2025,83.0,12.419011313801672,15.772136263412014,22.164298090614405,12.580513663555754,,1.0
road,3,test,2012-06-01,0.1,MappedPTO2026,83.0,12.279076077049371,15.80002802961327,22.35828572123606,12.83693847624394,,1.0
road,3,test,2012-06-01,0.1,GroupAware2025,83.0,10.737227518570636,16.60091635867972,23.550390992185722,13.740116892789235,,1.0
road,3,test,2012-06-01,0.1,RobustImprovement2025,83.0,12.005343275821794,17.262920188393988,24.6042889899525,14.4989803166625,,1.0
road,3,test,2012-06-01,0.2,StructuralRobust,166.0,84.55304611708087,30.196927995878966,42.229849940430256,22.91679963120844,0.0,1.0
road,3,test,2012-06-01,0.2,ExpectedActionValue,166.0,74.1368345460082,14.974103992359575,18.836837534322083,6.929544847607781,,1.0
road,3,test,2012-06-01,0.2,PointwiseWorstAction,166.0,74.15120440198358,15.20096294594811,19.212092214550662,7.20717328488972,,1.0
road,3,test,2012-06-01,0.2,ScenarioCVaR,166.0,74.14007176463899,14.969739120824313,18.83247266278682,6.929544847607781,,1.0
road,3,test,2012-06-01,0.2,RiskFirst,166.0,24.502806278109613,30.196927995878966,42.229849940430256,22.91679963120844,,1.0
road,3,test,2012-06-01,0.2,TemporalContext2024,166.0,24.79289390681328,27.497960814235363,38.04730189438819,20.32536521598591,,1.0
road,3,test,2012-06-01,0.2,NetworkPropagation2024,166.0,25.437360168326798,27.662125271007497,38.21289481423905,20.40043681153258,,1.0
road,3,test,2012-06-01,0.2,CalibratedUncertainty2025,166.0,25.008328207060426,29.479653179095493,41.07295605880704,22.173487012125207,,1.0
road,3,test,2012-06-01,0.2,MappedPTO2026,166.0,22.954374745261767,29.816266881029406,41.54710351922459,22.31663616708766,,1.0
road,3,test,2012-06-01,0.2,GroupAware2025,166.0,20.713133558833725,29.24670851240341,40.56755733174348,21.510119177950003,,1.0
road,3,test,2012-06-01,0.2,RobustImprovement2025,166.0,25.16474829277155,30.18376039826926,42.18570789355054,22.76729171477886,,1.0
road,3,test,2012-06-04,0.01,StructuralRobust,8.0,24.894088406170304,19.9609564344061,24.806689561629746,9.308763034136174,0.0,1.0
road,3,test,2012-06-04,0.01,ExpectedActionValue,8.0,17.387208735951724,1.592722591073157,2.1660687960699683,1.055295480070822,,1.0
road,3,test,2012-06-04,0.01,PointwiseWorstAction,8.0,17.420857431510505,1.4397585937655215,1.9081541828473316,0.8287150094594735,,1.0
road,3,test,2012-06-04,0.01,ScenarioCVaR,8.0,17.387208735951724,1.592722591073157,2.1660687960699683,1.055295480070822,,1.0
road,3,test,2012-06-04,0.01,RiskFirst,8.0,0.8344107962731686,19.582336105837914,24.36931112254798,9.209540515641915,,1.0
road,3,test,2012-06-04,0.01,TemporalContext2024,8.0,0.8143406611547918,18.935863135145485,23.569025048961628,8.928995583741028,,1.0
road,3,test,2012-06-04,0.01,NetworkPropagation2024,8.0,0.8344107962731686,19.582336105837914,24.36931112254798,9.209540515641915,,1.0
road,3,test,2012-06-04,0.01,CalibratedUncertainty2025,8.0,0.6006165587397018,18.456400983768837,23.018121790387394,8.800602901549432,,1.0
road,3,test,2012-06-04,0.01,MappedPTO2026,8.0,0.7404454776074275,18.10688230697407,22.679744038184754,8.832584372926718,,1.0
road,3,test,2012-06-04,0.01,GroupAware2025,8.0,0.8344107962731686,19.582336105837914,24.36931112254798,9.209540515641915,,1.0
road,3,test,2012-06-04,0.01,RobustImprovement2025,8.0,0.8344107962731686,19.582336105837914,24.36931112254798,9.209540515641912,,1.0
road,3,test,2012-06-04,0.03,StructuralRobust,25.0,10.432649317737683,39.41239988801568,50.36831017065754,21.49728717908414,0.0,1.0
road,3,test,2012-06-04,0.03,ExpectedActionValue,25.0,32.32420142727696,6.675399553469493,9.04755979672277,4.658730496505905,,1.0
road,3,test,2012-06-04,0.03,PointwiseWorstAction,25.0,32.40072055209696,7.59948279546715,10.304544390425926,5.330938467811523,,1.0
road,3,test,2012-06-04,0.03,ScenarioCVaR,25.0,32.400720552096956,7.599482795467152,10.304544390425926,5.330938467811521,,1.0
road,3,test,2012-06-04,0.03,RiskFirst,25.0,1.8340446145862408,40.5184391625468,51.76480512675106,22.043426962386214,,1.0
road,3,test,2012-06-04,0.03,TemporalContext2024,25.0,1.8536444055405468,39.940494984097555,51.03037804895528,21.74511898164021,,1.0
road,3,test,2012-06-04,0.03,NetworkPropagation2024,25.0,1.9437960583753964,40.73823643993234,52.09711752662357,22.27688566851839,,1.0
road,3,test,2012-06-04,0.03,CalibratedUncertainty2025,25.0,1.8738520109000754,39.41239988801568,50.36831017065754,21.49728717908414,,1.0
road,3,test,2012-06-04,0.03,MappedPTO2026,25.0,1.8340446145862408,40.518439162546805,51.76480512675106,22.04342696238622,,1.0
road,3,test,2012-06-04,0.03,GroupAware2025,25.0,1.8340446145862408,40.5184391625468,51.76480512675106,22.04342696238622,,1.0
road,3,test,2012-06-04,0.03,RobustImprovement2025,25.0,1.8340446145862408,40.5184391625468,51.76480512675106,22.043426962386214,,1.0
road,3,test,2012-06-04,0.05,StructuralRobust,41.0,51.66681856721583,53.614356182374486,69.54645083185483,31.555380365128848,0.0,1.0
road,3,test,2012-06-04,0.05,ExpectedActionValue,41.0,38.23187698316166,9.546190128269574,12.882133682501689,6.595638488945868,,1.0
road,3,test,2012-06-04,0.05,PointwiseWorstAction,41.0,38.24626513061013,9.880631969401088,13.448502536234823,7.085851005754259,,1.0
road,3,test,2012-06-04,0.05,ScenarioCVaR,41.0,38.27410960085569,9.700355335607789,13.167763436147597,6.877350959802989,,1.0
road,3,test,2012-06-04,0.05,RiskFirst,41.0,3.1756221675593332,52.62544986701428,68.39672973438651,31.28891693542778,,1.0
road,3,test,2012-06-04,0.05,TemporalContext2024,41.0,3.1842557363684447,52.62503019254482,68.35897934849925,31.19519589160668,,1.0
road,3,test,2012-06-04,0.05,NetworkPropagation2024,41.0,3.0638817813284445,52.38718886342183,68.08256001934551,31.135724610835524,,1.0
road,3,test,2012-06-04,0.05,CalibratedUncertainty2025,41.0,3.336104394319575,51.95847285566749,67.4366670705983,30.63612832947795,,1.0
road,3,test,2012-06-04,0.05,MappedPTO2026,41.0,3.082965073214851,52.62587689358294,68.31374644979466,31.044528024340238,,1.0
road,3,test,2012-06-04,0.05,GroupAware2025,41.0,3.669695718155503,53.379344810351455,69.29473743947072,31.546276926644808,,1.0
road,3,test,2012-06-04,0.05,RobustImprovement2025,41.0,3.1491469477841374,52.39434016552222,68.02524488268328,30.941952362705777,,1.0
road,3,test,2012-06-04,0.1,StructuralRobust,83.0,46.560594120770205,75.88775546922726,100.32799844756498,48.90372006430117,0.0,1.0
road,3,test,2012-06-04,0.1,ExpectedActionValue,83.0,48.292421441179386,19.909175330532094,26.245512520984303,12.559716481091847,,1.0
road,3,test,2012-06-04,0.1,PointwiseWorstAction,83.0,48.30265931885027,19.894412818485485,26.248680825481326,12.495319533393584,,1.0
road,3,test,2012-06-04,0.1,ScenarioCVaR,83.0,48.31706031909473,20.00651160165092,26.410968782334937,12.657218851572068,,1.0
road,3,test,2012-06-04,0.1,RiskFirst,83.0,10.706126087389128,75.73294100827663,100.02151754456686,48.606344272709094,,1.0
road,3,test,2012-06-04,0.1,TemporalContext2024,83.0,7.109236205318965,74.6260232311415,98.6566647522848,48.13416537462365,,1.0
road,3,test,2012-06-04,0.1,NetworkPropagation2024,83.0,10.745609446357966,76.23095487539837,100.7487262994466,49.07709947385088,,1.0
road,3,test,2012-06-04,0.1,CalibratedUncertainty2025,83.0,10.758327808897509,75.61967396712868,99.94165146826946,48.69421320124657,,1.0
road,3,test,2012-06-04,0.1,MappedPTO2026,83.0,10.407362742651484,74.9286090830568,98.91795408008322,48.044341962054816,,1.0
road,3,test,2012-06-04,0.1,GroupAware2025,83.0,10.699753982218823,75.44133408450185,99.61815862893775,48.37988789140394,,1.0
road,3,test,2012-06-04,0.1,RobustImprovement2025,83.0,10.896364612930741,76.06532623593574,100.58343789110714,49.09186276468765,,1.0
road,3,test,2012-06-04,0.2,StructuralRobust,166.0,183.34499250856754,99.54445926617278,134.44269453788462,70.84116305913092,0.0,1.0
road,3,test,2012-06-04,0.2,ExpectedActionValue,166.0,60.00779923963922,35.853086539353995,46.92072309953573,21.856821720673757,,1.0
road,3,test,2012-06-04,0.2,PointwiseWorstAction,166.0,59.98161533163116,32.514722121840876,42.53764374232628,19.77096559133141,,1.0
road,3,test,2012-06-04,0.2,ScenarioCVaR,166.0,59.980006493165426,35.9593656656955,47.02700222587721,21.85682172067375,,1.0
road,3,test,2012-06-04,0.2,RiskFirst,166.0,20.017879541100168,99.54445926617278,134.44269453788462,70.84116305913092,,1.0
road,3,test,2012-06-04,0.2,TemporalContext2024,166.0,20.078734913196033,100.15068281909353,135.28606803390184,71.34141996820205,,1.0
road,3,test,2012-06-04,0.2,NetworkPropagation2024,166.0,20.11589385173306,100.5899487595386,135.889512526113,71.68063063568351,,1.0
road,3,test,2012-06-04,0.2,CalibratedUncertainty2025,166.0,19.8383914008523,100.55357818957701,135.8302842982486,71.68184382581678,,1.0
road,3,test,2012-06-04,0.2,MappedPTO2026,166.0,20.01787954110018,99.54445926617277,134.44269453788465,70.84116305913093,,1.0
road,3,test,2012-06-04,0.2,GroupAware2025,166.0,19.953453721964767,99.63419193461321,134.5523796950168,70.84172221061654,,1.0
road,3,test,2012-06-04,0.2,RobustImprovement2025,166.0,20.867960709985045,100.17783478973293,135.33141764964287,71.43361567648593,,1.0
road,3,test,2012-06-05,0.01,StructuralRobust,8.0,29.3871198967449,19.82808627556313,24.666354945460455,9.339326581391742,0.0,1.0
road,3,test,2012-06-05,0.01,ExpectedActionValue,8.0,20.95118329645616,2.1499227071422697,2.8995357633609857,1.4707580689872173,,1.0
road,3,test,2012-06-05,0.01,PointwiseWorstAction,8.0,20.951183296456158,2.1499227071422697,2.8995357633609857,1.4707580689872173,,1.0
road,3,test,2012-06-05,0.01,ScenarioCVaR,8.0,20.951183296456158,2.1499227071422697,2.8995357633609857,1.4707580689872173,,1.0
road,3,test,2012-06-05,0.01,RiskFirst,8.0,2.406507433661732,19.82808627556313,24.666354945460455,9.339326581391738,,1.0
road,3,test,2012-06-05,0.01,TemporalContext2024,8.0,2.348458104248909,20.444627084973636,25.349751440994964,9.443854331308057,,1.0
road,3,test,2012-06-05,0.01,NetworkPropagation2024,8.0,2.406507433661732,19.82808627556313,24.666354945460455,9.339326581391742,,1.0
road,3,test,2012-06-05,0.01,CalibratedUncertainty2025,8.0,2.9026313327038067,24.65999367245648,30.441942973651084,11.078434075371227,,1.0
road,3,test,2012-06-05,0.01,MappedPTO2026,8.0,2.6083395975471615,19.60596550265927,24.339902505748544,9.126636578069725,,1.0
road,3,test,2012-06-05,0.01,GroupAware2025,8.0,2.406507433661732,19.82808627556313,24.666354945460455,9.339326581391738,,1.0
road,3,test,2012-06-05,0.01,RobustImprovement2025,8.0,2.406507433661732,19.82808627556313,24.666354945460455,9.339326581391738,,1.0
road,3,test,2012-06-05,0.03,StructuralRobust,25.0,12.533076994962192,51.554826072007785,65.0139101292039,26.18937340148962,0.0,1.0
road,3,test,2012-06-05,0.03,ExpectedActionValue,25.0,51.07247046726169,5.987383956614016,8.183523787368165,4.392165950989082,,1.0
road,3,test,2012-06-05,0.03,PointwiseWorstAction,25.0,51.07247046726169,5.987383956614016,8.183523787368165,4.392165950989083,,1.0
road,3,test,2012-06-05,0.03,ScenarioCVaR,25.0,51.07247046726168,5.987383956614016,8.183523787368165,4.392165950989082,,1.0
road,3,test,2012-06-05,0.03,RiskFirst,25.0,4.761807864005966,49.154295421623885,62.057178797953256,25.156140687660056,,1.0
road,3,test,2012-06-05,0.03,TemporalContext2024,25.0,4.71820477811274,50.9036853307567,64.23371838121561,25.963914134123414,,1.0
road,3,test,2012-06-05,0.03,NetworkPropagation2024,25.0,4.71820477811274,50.9036853307567,64.23371838121561,25.963914134123442,,1.0
road,3,test,2012-06-05,0.03,CalibratedUncertainty2025,25.0,5.347392402184897,51.554826072007785,65.0139101292039,26.18937340148962,,1.0
road,3,test,2012-06-05,0.03,MappedPTO2026,25.0,4.761807864005965,49.15429542162387,62.05717879795326,25.156140687660084,,1.0
road,3,test,2012-06-05,0.03,GroupAware2025,25.0,4.761807864005966,49.154295421623885,62.057178797953256,25.156140687660056,,1.0
road,3,test,2012-06-05,0.03,RobustImprovement2025,25.0,4.886727054547675,49.34739592927309,62.238249640243204,25.105517861413617,,1.0
road,3,test,2012-06-05,0.05,StructuralRobust,41.0,72.5444115336645,68.03944692925769,86.9840696809672,37.20706686042605,0.0,1.0
road,3,test,2012-06-05,0.05,ExpectedActionValue,41.0,69.00033048466202,8.608980366602221,11.792097163968851,6.3871923872968654,,1.0
road,3,test,2012-06-05,0.05,PointwiseWorstAction,41.0,69.02649017328811,8.392631079332418,11.458039790974862,6.1346188881028905,,1.0
road,3,test,2012-06-05,0.05,ScenarioCVaR,41.0,69.00033048466202,8.608980366602221,11.79209716396885,6.3871923872968654,,1.0
road,3,test,2012-06-05,0.05,RiskFirst,41.0,6.469054895218036,68.7546189210165,87.89444421593403,37.58268204260774,,1.0
road,3,test,2012-06-05,0.05,TemporalContext2024,41.0,6.528826714536948,69.40384432456078,88.74544166068021,37.97556100543409,,1.0
road,3,test,2012-06-05,0.05,NetworkPropagation2024,41.0,6.783571919595485,69.30908711556191,88.59994319191746,37.87178871120949,,1.0
road,3,test,2012-06-05,0.05,CalibratedUncertainty2025,41.0,6.364160668074702,69.48856950750445,88.83005735823346,37.974154204006325,,1.0
road,3,test,2012-06-05,0.05,MappedPTO2026,41.0,6.441789379497508,69.41689757223624,88.65084436984522,37.74001727553373,,1.0
road,3,test,2012-06-05,0.05,GroupAware2025,41.0,6.283692377170383,70.1864837356142,89.63504425873222,38.153769848989924,,1.0
road,3,test,2012-06-05,0.05,RobustImprovement2025,41.0,6.469054895218035,68.7546189210165,87.89444421593403,37.58268204260776,,1.0
road,3,test,2012-06-05,0.1,StructuralRobust,83.0,64.9181483704193,103.02565107883362,134.307819670308,62.201174738346225,0.0,1.0
road,3,test,2012-06-05,0.1,ExpectedActionValue,83.0,96.8642854185044,28.033495804141257,36.344574510697655,16.436608941738708,,1.0
road,3,test,2012-06-05,0.1,PointwiseWorstAction,83.0,96.88071197606672,27.72156429248287,35.87523091634225,16.081772051368194,,1.0
road,3,test,2012-06-05,0.1,ScenarioCVaR,83.0,96.8695718348884,27.66569198790958,35.819358611768955,16.081772051368194,,1.0
road,3,test,2012-06-05,0.1,RiskFirst,83.0,17.75384990044692,100.38698739602374,131.0767108426161,61.121482643888484,,1.0
road,3,test,2012-06-05,0.1,TemporalContext2024,83.0,16.855406075374702,101.12482115071421,132.02750348449942,61.530010279854906,,1.0
road,3,test,2012-06-05,0.1,NetworkPropagation2024,83.0,16.916431234474825,101.49741134072413,132.54311975798768,61.81815714429213,,1.0
road,3,test,2012-06-05,0.1,CalibratedUncertainty2025,83.0,21.770219564086677,101.31118191290574,132.20160889500772,61.48348614531989,,1.0
road,3,test,2012-06-05,0.1,MappedPTO2026,83.0,17.619840260053085,100.64557982525244,131.41612928019296,61.27968151924924,,1.0
road,3,test,2012-06-05,0.1,GroupAware2025,83.0,22.76183358315963,100.60383702136647,131.34679462885973,61.217731332987,,1.0
road,3,test,2012-06-05,0.1,RobustImprovement2025,83.0,22.053519323998973,102.12100294396343,133.26761197735672,61.9728147816419,,1.0
road,3,test,2012-06-05,0.2,StructuralRobust,166.0,269.3933353246726,141.59061168862019,188.4961117133002,94.46934821783617,0.0,1.0
road,3,test,2012-06-05,0.2,ExpectedActionValue,166.0,125.84088710606488,55.323892163197456,71.48511953662857,31.933201111113533,,1.0
road,3,test,2012-06-05,0.2,PointwiseWorstAction,166.0,125.85888045394583,53.6882152746586,69.37344170794728,31.01233465893,,1.0
road,3,test,2012-06-05,0.2,ScenarioCVaR,166.0,125.85002513093679,53.5720369032558,69.18649704310494,30.856342463089895,,1.0
road,3,test,2012-06-05,0.2,RiskFirst,166.0,42.49747067065721,141.59061168862019,188.4961117133002,94.46934821783617,,1.0
road,3,test,2012-06-05,0.2,TemporalContext2024,166.0,39.94653018666567,142.23140580920608,189.3625811663524,94.86552075050142,,1.0
road,3,test,2012-06-05,0.2,NetworkPropagation2024,166.0,42.219469277246084,141.99590447999702,189.07311136983066,94.8541342567674,,1.0
road,3,test,2012-06-05,0.2,CalibratedUncertainty2025,166.0,41.312768297446446,143.14777399370024,190.63133005704182,95.65518677903617,,1.0
road,3,test,2012-06-05,0.2,MappedPTO2026,166.0,41.203462532653724,142.00046312289953,189.07707568217364,94.8518458613282,,1.0
road,3,test,2012-06-05,0.2,GroupAware2025,166.0,43.32100613953733,142.17189926175345,189.28184996806803,94.85122875104176,,1.0
road,3,test,2012-06-05,0.2,RobustImprovement2025,166.0,41.43362023978397,142.4376523817668,189.69534813604898,95.20570738751454,,1.0
road,3,test,2012-06-06,0.01,StructuralRobust,8.0,26.71471726405351,20.615912655617755,25.682890118650366,9.76325946167313,0.0,1.0
road,3,test,2012-06-06,0.01,ExpectedActionValue,8.0,18.023654297012097,2.3192993065390164,3.147585483191853,1.6544933003804605,,1.0
road,3,test,2012-06-06,0.01,PointwiseWorstAction,8.0,18.023654297012097,2.3192993065390164,3.147585483191853,1.6544933003804605,,1.0
road,3,test,2012-06-06,0.01,ScenarioCVaR,8.0,18.023654297012097,2.3192993065390164,3.147585483191853,1.6544933003804605,,1.0
road,3,test,2012-06-06,0.01,RiskFirst,8.0,2.512852523585164,22.415045209095492,27.848927695646772,10.45095589021351,,1.0
road,3,test,2012-06-06,0.01,TemporalContext2024,8.0,2.512852523585164,22.415045209095492,27.848927695646772,10.45095589021351,,1.0
road,3,test,2012-06-06,0.01,NetworkPropagation2024,8.0,2.512852523585164,22.415045209095492,27.848927695646772,10.45095589021351,,1.0
road,3,test,2012-06-06,0.01,CalibratedUncertainty2025,8.0,2.5227366899397694,19.05814990941068,23.903929229921935,9.394177372345148,,1.0
road,3,test,2012-06-06,0.01,MappedPTO2026,8.0,2.7271480491831355,22.134907213595504,27.57680281119295,10.483659358448122,,1.0
road,3,test,2012-06-06,0.01,GroupAware2025,8.0,2.512852523585164,22.415045209095492,27.848927695646772,10.45095589021351,,1.0
road,3,test,2012-06-06,0.01,RobustImprovement2025,8.0,2.5128525235851646,22.41504520909549,27.848927695646772,10.450955890213514,,1.0
road,3,test,2012-06-06,0.03,StructuralRobust,25.0,11.759675240314355,45.68502638581924,58.26938490384488,24.626372627017787,0.0,1.0
road,3,test,2012-06-06,0.03,ExpectedActionValue,25.0,38.35557917375874,6.082225664284974,8.340008847052475,4.440921496416959,,1.0
road,3,test,2012-06-06,0.03,PointwiseWorstAction,25.0,38.48677391714273,7.1775255575621095,9.666460612809121,4.861822278336428,,1.0
road,3,test,2012-06-06,0.03,ScenarioCVaR,25.0,38.48677391714273,7.1775255575621095,9.666460612809121,4.861822278336428,,1.0
road,3,test,2012-06-06,0.03,RiskFirst,25.0,4.75618334100594,46.59088890425406,59.42875847100112,25.11429152518373,,1.0
road,3,test,2012-06-06,0.03,TemporalContext2024,25.0,4.912936045344424,45.17681433755956,57.61722288650789,24.344606527145004,,1.0
road,3,test,2012-06-06,0.03,NetworkPropagation2024,25.0,4.745767434350698,46.71851582081653,59.56068991710826,25.111137054448996,,1.0
road,3,test,2012-06-06,0.03,CalibratedUncertainty2025,25.0,5.003420486367659,45.68502638581924,58.26938490384488,24.626372627017787,,1.0
road,3,test,2012-06-06,0.03,MappedPTO2026,25.0,4.756183341005941,46.59088890425406,59.42875847100112,25.11429152518373,,1.0
road,3,test,2012-06-06,0.03,GroupAware2025,25.0,4.739131159579596,46.87772076337361,59.76665331762904,25.200886118559104,,1.0
road,3,test,2012-06-06,0.03,RobustImprovement2025,25.0,4.791357570512798,45.85407124947268,58.50997245114669,24.767460479725003,,1.0
road,3,test,2012-06-06,0.05,StructuralRobust,41.0,54.573026329893864,62.148368875265355,80.27425510219769,35.75082792635447,0.0,1.0
road,3,test,2012-06-06,0.05,ExpectedActionValue,41.0,52.13683650247377,15.296499428504685,20.182178891235168,9.682892595866669,,1.0
road,3,test,2012-06-06,0.05,PointwiseWorstAction,41.0,52.10003963152666,15.073984885686926,19.840983713279027,9.428241756365257,,1.0
road,3,test,2012-06-06,0.05,ScenarioCVaR,41.0,52.13683650247377,15.296499428504685,20.18217889123517,9.682892595866669,,1.0
road,3,test,2012-06-06,0.05,RiskFirst,41.0,7.919818697085601,61.747958154760525,79.88116385821597,35.80695407560182,,1.0
road,3,test,2012-06-06,0.05,TemporalContext2024,41.0,6.147707469399277,61.16077334729438,79.09292565009244,35.4027260708676,,1.0
road,3,test,2012-06-06,0.05,NetworkPropagation2024,41.0,5.934372556754273,63.00360815019722,81.48247813231285,36.46364107194697,,1.0
road,3,test,2012-06-06,0.05,CalibratedUncertainty2025,41.0,8.067064948177048,63.27486311517326,81.70325963597081,36.33520126166644,,1.0
road,3,test,2012-06-06,0.05,MappedPTO2026,41.0,7.875196835097502,62.277161635115185,80.53881443932015,36.05038394623893,,1.0
road,3,test,2012-06-06,0.05,GroupAware2025,41.0,8.374242954123806,61.46709865317884,79.54389236620018,35.706205434971196,,1.0
road,3,test,2012-06-06,0.05,RobustImprovement2025,41.0,7.786611577377364,62.612224888149726,80.86830796952533,35.9982102109191,,1.0
road,3,test,2012-06-06,0.1,StructuralRobust,83.0,50.965371177828686,95.94951625353563,126.07369731021797,60.08102812090458,0.0,1.0
road,3,test,2012-06-06,0.1,ExpectedActionValue,83.0,76.04152306415743,26.940594822367267,35.14005879099484,16.173786663614543,,1.0
road,3,test,2012-06-06,0.1,PointwiseWorstAction,83.0,76.11604285727822,25.78977629133326,33.84965907210785,15.966450192851383,,1.0
road,3,test,2012-06-06,0.1,ScenarioCVaR,83.0,76.08743000110088,27.52343836253388,35.90168590651518,16.53045425794633,,1.0
road,3,test,2012-06-06,0.1,RiskFirst,83.0,15.066211205165416,93.04124262240482,122.5726864108096,59.001481688086145,,1.0
road,3,test,2012-06-06,0.1,TemporalContext2024,83.0,15.140386935016007,91.97110579996779,121.08285813647346,58.132590603376556,,1.0
road,3,test,2012-06-06,0.1,NetworkPropagation2024,83.0,15.2974897016043,93.068780821399,122.61457984202899,59.05281401595576,,1.0
road,3,test,2012-06-06,0.1,CalibratedUncertainty2025,83.0,18.731859861475037,95.18694309750092,125.1538713436026,59.80547114276919,,1.0
road,3,test,2012-06-06,0.1,MappedPTO2026,83.0,15.206158388109627,92.15991675379664,121.34334791519969,58.2934045528454,,1.0
road,3,test,2012-06-06,0.1,GroupAware2025,83.0,18.740071967367577,93.69618744427373,123.43613439851175,59.432899898772064,,1.0
road,3,test,2012-06-06,0.1,RobustImprovement2025,83.0,18.415609351179178,95.0556698357039,124.98575545881008,59.7283256820582,,1.0
road,3,test,2012-06-06,0.2,StructuralRobust,166.0,209.38113575028237,131.50696778712864,176.49066786070375,90.92611251924907,0.0,1.0
road,3,test,2012-06-06,0.2,ExpectedActionValue,166.0,104.34717281594034,43.40604790167629,56.92764261661,26.826524328345087,,1.0
road,3,test,2012-06-06,0.2,PointwiseWorstAction,166.0,104.4101286153229,43.14291130003977,56.521964708648476,26.52764788853318,,1.0
road,3,test,2012-06-06,0.2,ScenarioCVaR,166.0,104.32467254212206,43.24238650527212,56.62566049140963,26.554260892127985,,1.0
road,3,test,2012-06-06,0.2,RiskFirst,166.0,36.86620658572842,131.50696778712864,176.49066786070375,90.92611251924907,,1.0
road,3,test,2012-06-06,0.2,TemporalContext2024,166.0,37.102983928788746,130.77252166260575,175.40830522137426,90.20569038092873,,1.0
road,3,test,2012-06-06,0.2,NetworkPropagation2024,166.0,38.186675789271376,130.97112869812477,175.70183022769115,90.44370802928523,,1.0
road,3,test,2012-06-06,0.2,CalibratedUncertainty2025,166.0,37.23413732410121,132.23289640713259,177.35362254469965,91.19949919396782,,1.0
road,3,test,2012-06-06,0.2,MappedPTO2026,166.0,36.904942325545534,132.05079322852794,177.18627154366658,91.25121124723921,,1.0
road,3,test,2012-06-06,0.2,GroupAware2025,166.0,36.15714771965896,132.34673936220133,177.5956452034302,91.47759179258065,,1.0
road,3,test,2012-06-06,0.2,RobustImprovement2025,166.0,37.24881197793972,131.5664231099626,176.56771134018345,90.98742127687495,,1.0
road,4,set_cal,2012-05-24,0.01,StructuralRobust,8.0,22.74820480468791,19.437681530416615,24.428201344913692,9.651541607601942,0.0,1.0
road,4,set_cal,2012-05-24,0.01,ExpectedActionValue,8.0,17.806434556928462,0.6933638691767418,0.9342731599398276,0.47661089099209153,,1.0
road,4,set_cal,2012-05-24,0.01,PointwiseWorstAction,8.0,17.806434556928462,0.6933638691767418,0.9342731599398276,0.47661089099209153,,1.0
road,4,set_cal,2012-05-24,0.01,ScenarioCVaR,8.0,17.806434556928462,0.6933638691767418,0.9342731599398276,0.47661089099209153,,1.0
road,4,set_cal,2012-05-24,0.01,RiskFirst,8.0,1.8985449161228822,17.757297613681867,22.337017989469754,8.879926063249613,,1.0
road,4,set_cal,2012-05-24,0.01,TemporalContext2024,8.0,1.8985449161228822,17.757297613681867,22.337017989469754,8.879926063249613,,1.0
road,4,set_cal,2012-05-24,0.01,NetworkPropagation2024,8.0,1.8985449161228822,17.757297613681867,22.337017989469754,8.879926063249613,,1.0
road,4,set_cal,2012-05-24,0.01,CalibratedUncertainty2025,8.0,2.2887510671958844,18.103270442431068,22.781203401745415,9.07185951186889,,1.0
road,4,set_cal,2012-05-24,0.01,MappedPTO2026,8.0,1.8985449161228827,17.757297613681867,22.337017989469754,8.879926063249613,,1.0
road,4,set_cal,2012-05-24,0.01,GroupAware2025,8.0,1.8985449161228822,17.757297613681867,22.337017989469754,8.879926063249613,,1.0
road,4,set_cal,2012-05-24,0.01,RobustImprovement2025,8.0,1.8387668438120912,18.808650866334357,23.633231633948068,9.330976060398214,,1.0
road,4,set_cal,2012-05-24,0.03,StructuralRobust,25.0,57.51478644310727,40.366745914027,52.019388616203784,22.911792787524384,0.0,1.0
road,4,set_cal,2012-05-24,0.03,ExpectedActionValue,25.0,38.710228394708885,2.8418541959690917,3.8610738089713474,2.1119739973994114,,1.0
road,4,set_cal,2012-05-24,0.03,PointwiseWorstAction,25.0,38.7162973421129,3.461859483441846,4.713503217832668,2.5855278574281355,,1.0
road,4,set_cal,2012-05-24,0.03,ScenarioCVaR,25.0,38.651520384896116,2.8712946211169315,3.890514234119187,2.1119739973994114,,1.0
road,4,set_cal,2012-05-24,0.03,RiskFirst,25.0,5.498524768194493,40.159844158363526,51.774843857599,22.846522577181844,,1.0
road,4,set_cal,2012-05-24,0.03,TemporalContext2024,25.0,5.92447586114166,40.107948992737825,51.69668510061681,22.79077416291537,,1.0
road,4,set_cal,2012-05-24,0.03,NetworkPropagation2024,25.0,5.924475861141661,40.10794899273782,51.69668510061681,22.790774162915376,,1.0
road,4,set_cal,2012-05-24,0.03,CalibratedUncertainty2025,25.0,5.437011094056075,40.54281613586986,52.23545203784159,22.985580455341704,,1.0
road,4,set_cal,2012-05-24,0.03,MappedPTO2026,25.0,5.380534172732573,40.203167829956065,51.837670929795614,22.887259870630608,,1.0
road,4,set_cal,2012-05-24,0.03,GroupAware2025,25.0,5.755420410098307,41.12184707336387,53.067083291708066,23.519976026343357,,1.0
road,4,set_cal,2012-05-24,0.03,RobustImprovement2025,25.0,6.181371503045475,41.06995190773816,52.98892453472588,23.46422761207691,,1.0
road,4,set_cal,2012-05-24,0.05,StructuralRobust,41.0,36.67283271469638,52.96018521664836,69.21524110482062,32.26970739699046,0.0,1.0
road,4,set_cal,2012-05-24,0.05,ExpectedActionValue,41.0,51.982400006816334,5.851637096451204,8.031720602407235,4.473449392435385,,1.0
road,4,set_cal,2012-05-24,0.05,PointwiseWorstAction,41.0,52.02051527025597,7.686772747458082,10.347868821999507,5.388871667240639,,1.0
road,4,set_cal,2012-05-24,0.05,ScenarioCVaR,41.0,52.0092681981268,7.922800253924547,10.708245425780927,5.657546697070843,,1.0
road,4,set_cal,2012-05-24,0.05,RiskFirst,41.0,9.212797051149673,52.14021417099886,68.18548104807033,31.882974370503362,,1.0
road,4,set_cal,2012-05-24,0.05,TemporalContext2024,41.0,9.460881451684697,53.90589159488368,70.37927069846307,32.673526579350344,,1.0
road,4,set_cal,2012-05-24,0.05,NetworkPropagation2024,41.0,9.275844661710243,53.062474997559455,69.33962693438096,32.3166423049047,,1.0
road,4,set_cal,2012-05-24,0.05,CalibratedUncertainty2025,41.0,8.659639922272683,53.86366754618284,70.33020061934812,32.667298064564406,,1.0
road,4,set_cal,2012-05-24,0.05,MappedPTO2026,41.0,9.212797051149675,52.14021417099885,68.18548104807033,31.88297437050337,,1.0
road,4,set_cal,2012-05-24,0.05,GroupAware2025,41.0,9.218193520196326,52.08444318978367,68.1054642612914,31.8321559178312,,1.0
road,4,set_cal,2012-05-24,0.05,RobustImprovement2025,41.0,9.44003183687957,53.70478075448374,70.18081471188916,32.69676147203118,,1.0
road,4,set_cal,2012-05-24,0.1,StructuralRobust,83.0,103.96997346111851,79.30462356092237,105.62555105136987,52.877459173815666,0.0,1.0
road,4,set_cal,2012-05-24,0.1,ExpectedActionValue,83.0,77.45992417420217,19.798183073372307,26.00056046075117,12.451514568569344,,1.0
road,4,set_cal,2012-05-24,0.1,PointwiseWorstAction,83.0,77.45992417420217,19.798183073372304,26.00056046075117,12.451514568569348,,1.0
road,4,set_cal,2012-05-24,0.1,ScenarioCVaR,83.0,77.45992417420217,19.798183073372304,26.000560460751167,12.45151456856934,,1.0
road,4,set_cal,2012-05-24,0.1,RiskFirst,83.0,15.919940058641405,78.1696047589456,104.26164118762088,52.491282338862945,,1.0
road,4,set_cal,2012-05-24,0.1,TemporalContext2024,83.0,16.137693867607826,77.82359719281354,103.80858783190048,52.246748653853274,,1.0
road,4,set_cal,2012-05-24,0.1,NetworkPropagation2024,83.0,17.62009496854851,78.61682169139253,104.8634412402645,52.83114813912134,,1.0
road,4,set_cal,2012-05-24,0.1,CalibratedUncertainty2025,83.0,16.216432793201623,76.46209710050739,101.96894209957193,51.35567268984863,,1.0
road,4,set_cal,2012-05-24,0.1,MappedPTO2026,83.0,16.76607081307096,77.9249893116267,103.92226728653839,52.29894350363735,,1.0
road,4,set_cal,2012-05-24,0.1,GroupAware2025,83.0,17.040931676217053,78.09449468399139,104.17561033523886,52.48828065599791,,1.0
road,4,set_cal,2012-05-24,0.1,RobustImprovement2025,83.0,17.710196744968,78.52124559433639,104.58364993421563,52.36571044707472,,1.0
road,4,set_cal,2012-05-24,0.2,StructuralRobust,166.0,73.22550771173462,106.91514675852372,145.18502508091913,77.81549528606203,0.0,1.0
road,4,set_cal,2012-05-24,0.2,ExpectedActionValue,166.0,108.77181880247268,37.46748570176474,49.409143029956525,23.853881729475894,,1.0
road,4,set_cal,2012-05-24,0.2,PointwiseWorstAction,166.0,108.89609680350615,37.88038197076737,50.03926033877281,24.3194068851365,,1.0
road,4,set_cal,2012-05-24,0.2,ScenarioCVaR,166.0,108.8824092343962,38.25905548210781,50.48479625343821,24.42527964550353,,1.0
road,4,set_cal,2012-05-24,0.2,RiskFirst,166.0,34.341829484336905,106.88930432591314,145.1709675526538,78.00088624316967,,1.0
road,4,set_cal,2012-05-24,0.2,TemporalContext2024,166.0,33.01833247832634,107.91933976388083,146.6523089443776,78.83556768995476,,1.0
road,4,set_cal,2012-05-24,0.2,NetworkPropagation2024,166.0,34.215627940628046,108.07984465711012,146.93401725879858,79.21821026332474,,1.0
road,4,set_cal,2012-05-24,0.2,CalibratedUncertainty2025,166.0,34.24617513460372,105.39208799908356,143.00406887070812,76.54132983444389,,1.0
road,4,set_cal,2012-05-24,0.2,MappedPTO2026,166.0,34.3418294843369,106.88930432591312,145.1709675526538,78.0008862431697,,1.0
road,4,set_cal,2012-05-24,0.2,GroupAware2025,166.0,34.7513548342366,106.75034384563179,144.9906471536515,77.86310859915605,,1.0
road,4,set_cal,2012-05-24,0.2,RobustImprovement2025,166.0,35.21048432296046,107.72377390789208,146.42943848928653,78.81105659133232,,1.0
road,4,set_cal,2012-05-25,0.01,StructuralRobust,8.0,17.2795333608665,5.799742849316121,7.754771277892223,3.875636493984808,0.0,1.0
road,4,set_cal,2012-05-25,0.01,ExpectedActionValue,8.0,13.126569300318225,0.6910363731175406,0.8842332077407431,0.4131105548330323,,1.0
road,4,set_cal,2012-05-25,0.01,PointwiseWorstAction,8.0,13.126569300318225,0.6910363731175406,0.8842332077407431,0.41311055483303205,,1.0
road,4,set_cal,2012-05-25,0.01,ScenarioCVaR,8.0,13.126569300318225,0.6910363731175406,0.8842332077407431,0.4131105548330323,,1.0
road,4,set_cal,2012-05-25,0.01,RiskFirst,8.0,1.9307962556063234,5.79974284931612,7.754771277892223,3.8756364939848087,,1.0
road,4,set_cal,2012-05-25,0.01,TemporalContext2024,8.0,1.9307962556063232,5.79974284931612,7.754771277892223,3.8756364939848087,,1.0
road,4,set_cal,2012-05-25,0.01,NetworkPropagation2024,8.0,1.9307962556063232,5.79974284931612,7.754771277892223,3.8756364939848087,,1.0
road,4,set_cal,2012-05-25,0.01,CalibratedUncertainty2025,8.0,1.4555686912837604,4.768961607948696,6.46429197729693,3.379895705412772,,1.0
road,4,set_cal,2012-05-25,0.01,MappedPTO2026,8.0,1.9307962556063234,5.799742849316121,7.754771277892223,3.875636493984808,,1.0
road,4,set_cal,2012-05-25,0.01,GroupAware2025,8.0,1.744457573280691,6.3699794387752515,8.52968415196977,4.326502225995835,,1.0
road,4,set_cal,2012-05-25,0.01,RobustImprovement2025,8.0,1.8374066643732492,6.498948359405586,8.668528908501207,4.333956359291634,,1.0
road,4,set_cal,2012-05-25,0.03,StructuralRobust,25.0,41.94358408778301,15.716720029230254,21.310886718341006,11.28425547318031,0.0,1.0
road,4,set_cal,2012-05-25,0.03,ExpectedActionValue,25.0,26.460782822285736,3.0254782624035594,4.063570495163203,2.1493681761036965,,1.0
road,4,set_cal,2012-05-25,0.03,PointwiseWorstAction,25.0,26.59719263655119,3.039593624101821,4.077685856861465,2.149368176103696,,1.0
road,4,set_cal,2012-05-25,0.03,ScenarioCVaR,25.0,26.597192636551185,3.039593624101821,4.077685856861465,2.149368176103696,,1.0
road,4,set_cal,2012-05-25,0.03,RiskFirst,25.0,5.6203475806531245,15.64040509180539,21.21035187621592,11.236983495095162,,1.0
road,4,set_cal,2012-05-25,0.03,TemporalContext2024,25.0,5.959732868891737,16.311777239826124,22.092185931508542,11.650468635857468,,1.0
road,4,set_cal,2012-05-25,0.03,NetworkPropagation2024,25.0,5.791829342214331,16.152518699057055,21.873619009103304,11.529671539130643,,1.0
road,4,set_cal,2012-05-25,0.03,CalibratedUncertainty2025,25.0,4.959195793586868,16.36576609419029,22.201003067963928,11.76039397002608,,1.0
road,4,set_cal,2012-05-25,0.03,MappedPTO2026,25.0,5.620347580653125,15.640405091805391,21.21035187621592,11.236983495095156,,1.0
road,4,set_cal,2012-05-25,0.03,GroupAware2025,25.0,5.722637183280102,15.618992796967833,21.199769771107206,11.26530231816603,,1.0
road,4,set_cal,2012-05-25,0.03,RobustImprovement2025,25.0,5.7918293422143305,16.152518699057058,21.873619009103304,11.529671539130643,,1.0
road,4,set_cal,2012-05-25,0.05,StructuralRobust,41.0,25.41129884298434,22.59752349915823,30.800418766357804,16.615233640995555,0.0,1.0
road,4,set_cal,2012-05-25,0.05,ExpectedActionValue,41.0,34.7948544733096,7.790456258517765,10.295729240560552,5.12803966551192,,1.0
road,4,set_cal,2012-05-25,0.05,PointwiseWorstAction,41.0,34.79485447330959,7.790456258517765,10.295729240560556,5.12803966551192,,1.0
road,4,set_cal,2012-05-25,0.05,ScenarioCVaR,41.0,34.694092935854414,7.022249544711048,9.153918587933811,4.335303097114458,,1.0
road,4,set_cal,2012-05-25,0.05,RiskFirst,41.0,7.983844465685008,22.955680807234224,31.418949922613894,17.18644611006053,,1.0
road,4,set_cal,2012-05-25,0.05,TemporalContext2024,41.0,7.633703362334932,23.189509507037272,31.54238214447716,16.880389180052916,,1.0
road,4,set_cal,2012-05-25,0.05,NetworkPropagation2024,41.0,8.165993830787176,23.62336425741424,32.30074712110654,17.649271579078277,,1.0
road,4,set_cal,2012-05-25,0.05,CalibratedUncertainty2025,41.0,7.439431107166583,23.66540698687204,32.26467636984707,17.37792060047627,,1.0
road,4,set_cal,2012-05-25,0.05,MappedPTO2026,41.0,7.983844465685009,22.955680807234224,31.418949922613898,17.18644611006053,,1.0
road,4,set_cal,2012-05-25,0.05,GroupAware2025,41.0,8.013393368413356,22.62861218123485,30.938995102772633,16.867739385492058,,1.0
road,4,set_cal,2012-05-25,0.05,RobustImprovement2025,41.0,7.782894445389804,23.63097375202118,32.27278161100567,17.540535750151147,,1.0
road,4,set_cal,2012-05-25,0.1,StructuralRobust,83.0,75.98768118758069,37.92007874204166,52.23626296361531,29.270722217343682,0.0,1.0
road,4,set_cal,2012-05-25,0.1,ExpectedActionValue,83.0,49.87717292311464,13.09223931965646,17.37081947080041,8.600654322574297,,1.0
road,4,set_cal,2012-05-25,0.1,PointwiseWorstAction,83.0,49.89192859365,13.748770335088608,18.139242790324385,8.74984526165531,,1.0
road,4,set_cal,2012-05-25,0.1,ScenarioCVaR,83.0,49.89485620662562,12.854426626448767,16.996088701179858,8.313530028835537,,1.0
road,4,set_cal,2012-05-25,0.1,RiskFirst,83.0,13.817261522927204,38.33087090314427,52.94751192178837,29.900711620642383,,1.0
road,4,set_cal,2012-05-25,0.1,TemporalContext2024,83.0,13.385007117478843,37.5133172652863,51.66271807280858,28.910443973939657,,1.0
road,4,set_cal,2012-05-25,0.1,NetworkPropagation2024,83.0,14.023846070618418,39.15570230313413,54.0443100467341,30.419245329466385,,1.0
road,4,set_cal,2012-05-25,0.1,CalibratedUncertainty2025,83.0,13.745245679535547,36.679700979441265,50.52249505376519,28.259500273455217,,1.0
road,4,set_cal,2012-05-25,0.1,MappedPTO2026,83.0,13.988860216382117,38.62161314165822,53.345739953310776,30.116203147748813,,1.0
road,4,set_cal,2012-05-25,0.1,GroupAware2025,83.0,14.106548072446516,38.744457425593886,53.51836992535254,30.171860386023276,,1.0
road,4,set_cal,2012-05-25,0.1,RobustImprovement2025,83.0,14.03021707271549,38.838405335493995,53.57005245430365,30.121339450925937,,1.0
road,4,set_cal,2012-05-25,0.2,StructuralRobust,166.0,48.8492242099014,57.54797436211075,80.2658771011395,46.312940468309264,0.0,1.0
road,4,set_cal,2012-05-25,0.2,ExpectedActionValue,166.0,69.91452708738842,28.803678108871992,38.36315826255274,19.198269515815475,,1.0
road,4,set_cal,2012-05-25,0.2,PointwiseWorstAction,166.0,70.0333962704062,28.823848899855633,38.299114089665366,19.037684944318954,,1.0
road,4,set_cal,2012-05-25,0.2,ScenarioCVaR,166.0,70.067223107371,29.12135268349186,38.72356122021415,19.28183629808908,,1.0
road,4,set_cal,2012-05-25,0.2,RiskFirst,166.0,27.155714857542733,58.11984783078108,81.15293084009689,47.07238494531927,,1.0
road,4,set_cal,2012-05-25,0.2,TemporalContext2024,166.0,26.251875753285407,57.59550494907729,80.37494597684,46.576529627053795,,1.0
road,4,set_cal,2012-05-25,0.2,NetworkPropagation2024,166.0,26.5869825397612,58.32303114270279,81.43433600174562,47.21148314359607,,1.0
road,4,set_cal,2012-05-25,0.2,CalibratedUncertainty2025,166.0,27.11603106735146,57.1387055944395,79.65971581597094,45.968570072074726,,1.0
road,4,set_cal,2012-05-25,0.2,MappedPTO2026,166.0,26.870483492585215,58.11938471120177,81.208472109069,47.21179268472034,,1.0
road,4,set_cal,2012-05-25,0.2,GroupAware2025,166.0,27.25113827997746,57.99709447656392,80.984441185115,46.90354352874386,,1.0
road,4,set_cal,2012-05-25,0.2,RobustImprovement2025,166.0,27.884269472302627,57.809586737134815,80.71698462176013,46.78633012013008,,1.0
road,4,set_cal,2012-05-28,0.01,StructuralRobust,8.0,7.207624022280253,0.674890279374061,0.6758716443008613,0.0010991287180163178,0.0,1.0
road,4,set_cal,2012-05-28,0.01,ExpectedActionValue,8.0,20.447587732899123,0.24264606833878488,0.24264606833878505,2.220446049250313e-16,,1.0
road,4,set_cal,2012-05-28,0.01,PointwiseWorstAction,8.0,20.447587732899123,0.24264606833878488,0.24264606833878505,2.220446049250313e-16,,1.0
road,4,set_cal,2012-05-28,0.01,ScenarioCVaR,8.0,20.447587732899123,0.24264606833878488,0.24264606833878505,2.220446049250313e-16,,1.0
road,4,set_cal,2012-05-28,0.01,RiskFirst,8.0,1.9507290146817478,0.7558708444062054,0.8279560836588881,0.10150174681368196,,1.0
road,4,set_cal,2012-05-28,0.01,TemporalContext2024,8.0,2.1567372653177337,0.6764438899009094,0.6774252548277098,0.0010991287180163178,,1.0
road,4,set_cal,2012-05-28,0.01,NetworkPropagation2024,8.0,2.294504688333952,0.5787114909452545,0.5796928558720549,0.0010991287180164289,,1.0
road,4,set_cal,2012-05-28,0.01,CalibratedUncertainty2025,8.0,2.815693156956813,0.6280537326875543,0.6290350976143546,0.0010991287180163178,,1.0
road,4,set_cal,2012-05-28,0.01,MappedPTO2026,8.0,1.9507290146817478,0.7558708444062054,0.8279560836588881,0.10150174681368196,,1.0
road,4,set_cal,2012-05-28,0.01,GroupAware2025,8.0,1.9507290146817478,0.7558708444062054,0.8279560836588881,0.10150174681368196,,1.0
road,4,set_cal,2012-05-28,0.01,RobustImprovement2025,8.0,1.87561540489117,0.842144184281973,0.9142294235346556,0.10150174681368207,,1.0
road,4,set_cal,2012-05-28,0.03,StructuralRobust,25.0,11.807861328004456,1.505388054100933,1.746783595615014,0.3313915822456135,0.0,1.0
road,4,set_cal,2012-05-28,0.03,ExpectedActionValue,25.0,41.64143686620221,0.6853736281642272,0.6853736281642284,1.2212453270876722e-15,,1.0
road,4,set_cal,2012-05-28,0.03,PointwiseWorstAction,25.0,41.64143686620221,0.6853736281642272,0.6853736281642282,1.1102230246251565e-15,,1.0
road,4,set_cal,2012-05-28,0.03,ScenarioCVaR,25.0,41.64143686620221,0.6853736281642272,0.6853736281642282,1.1102230246251565e-15,,1.0
road,4,set_cal,2012-05-28,0.03,RiskFirst,25.0,6.693264740992449,1.4049811615818617,1.6463767030959422,0.3313915822456137,,1.0
road,4,set_cal,2012-05-28,0.03,TemporalContext2024,25.0,6.1521878908152265,1.215172206464613,1.2508469893224519,0.04018278658942065,,1.0
road,4,set_cal,2012-05-28,0.03,NetworkPropagation2024,25.0,6.0364421606262155,1.0372500907965314,1.0656107209805956,0.03199093559479338,,1.0
road,4,set_cal,2012-05-28,0.03,CalibratedUncertainty2025,25.0,7.315922200475413,1.7143976373157201,1.978935026846995,0.35731045202487133,,1.0
road,4,set_cal,2012-05-28,0.03,MappedPTO2026,25.0,6.568471303579269,1.416456283566179,1.6578518250802599,0.33139158224561416,,1.0
road,4,set_cal,2012-05-28,0.03,GroupAware2025,25.0,5.913446161664255,1.2973792056394347,1.5113954818962523,0.30049977536883743,,1.0
road,4,set_cal,2012-05-28,0.03,RobustImprovement2025,25.0,5.949932521000132,1.53974289933461,1.7811384408486912,0.33139158224561394,,1.0
road,4,set_cal,2012-05-28,0.05,StructuralRobust,41.0,6.797831595448935,2.162543741977905,2.4593747017452725,0.3938853490910508,0.0,1.0
road,4,set_cal,2012-05-28,0.05,ExpectedActionValue,41.0,54.12727573673371,1.111109177546934,1.111109177546936,1.9984014443252818e-15,,1.0
road,4,set_cal,2012-05-28,0.05,PointwiseWorstAction,41.0,54.14898423622115,1.0311626630096284,1.0311626630096302,1.7763568394002505e-15,,1.0
road,4,set_cal,2012-05-28,0.05,ScenarioCVaR,41.0,54.15914353463474,1.0765814336154196,1.0765814336154214,1.9984014443252818e-15,,1.0
road,4,set_cal,2012-05-28,0.05,RiskFirst,41.0,9.11974030550839,1.5676179355166326,1.8090134770307134,0.3313915822456137,,1.0
road,4,set_cal,2012-05-28,0.05,TemporalContext2024,41.0,9.432452250014897,1.4810427327599966,1.5878213899437175,0.1405854046850865,,1.0
road,4,set_cal,2012-05-28,0.05,NetworkPropagation2024,41.0,8.87215743584425,1.323593781226042,1.4230582857359886,0.13239355369045924,,1.0
road,4,set_cal,2012-05-28,0.05,CalibratedUncertainty2025,41.0,10.805668378488008,1.9304652158621094,2.195002605393385,0.3573104520248722,,1.0
road,4,set_cal,2012-05-28,0.05,MappedPTO2026,41.0,9.4084852174537,1.5580913560564176,1.7994868975704985,0.33139158224561416,,1.0
road,4,set_cal,2012-05-28,0.05,GroupAware2025,41.0,9.880817298193586,1.5579916760090333,1.7993872175231143,0.3313915822456144,,1.0
road,4,set_cal,2012-05-28,0.05,RobustImprovement2025,41.0,8.435622963069305,1.8199783443866053,2.0613738859006863,0.3313915822456144,,1.0
road,4,set_cal,2012-05-28,0.1,StructuralRobust,83.0,26.71550185661119,2.3604177729930074,2.6322693151980565,0.3655023030194986,0.0,1.0
road,4,set_cal,2012-05-28,0.1,ExpectedActionValue,83.0,79.11884818014107,1.787660072067463,1.8150393373247267,0.03089180687677695,,1.0
road,4,set_cal,2012-05-28,0.1,PointwiseWorstAction,83.0,79.16598021087928,1.787660072067463,1.8150393373247267,0.03089180687677695,,1.0
road,4,set_cal,2012-05-28,0.1,ScenarioCVaR,83.0,79.11884818014106,1.787660072067463,1.8150393373247267,0.03089180687677695,,1.0
road,4,set_cal,2012-05-28,0.1,RiskFirst,83.0,15.767206479986235,2.3143773232906306,2.584601233996106,0.3639838557691375,,1.0
road,4,set_cal,2012-05-28,0.1,TemporalContext2024,83.0,16.39206840096814,2.304311411023235,2.5761629532282844,0.3655023030194986,,1.0
road,4,set_cal,2012-05-28,0.1,NetworkPropagation2024,83.0,16.576103095523035,2.025011682722157,2.266407224236239,0.3313915822456148,,1.0
road,4,set_cal,2012-05-28,0.1,CalibratedUncertainty2025,83.0,16.439339958609256,2.2620050208677966,2.5265424103990726,0.35731045202487266,,1.0
road,4,set_cal,2012-05-28,0.1,MappedPTO2026,83.0,15.927276078870298,2.313374743083553,2.5835986537890276,0.36398385576913705,,1.0
road,4,set_cal,2012-05-28,0.1,GroupAware2025,83.0,18.926846299365746,2.495605144061618,2.7658290547670923,0.3639838557691357,,1.0
road,4,set_cal,2012-05-28,0.1,RobustImprovement2025,83.0,18.59729604481111,3.3819091058807755,3.706826503425939,0.4253421594021818,,1.0
road,4,set_cal,2012-05-28,0.2,StructuralRobust,166.0,12.396507303063153,6.451834799472504,7.189637872775775,1.0197732681123917,0.0,1.0
road,4,set_cal,2012-05-28,0.2,ExpectedActionValue,166.0,107.75637940296885,3.006022810074958,3.142100818970543,0.18965092707172237,,1.0
road,4,set_cal,2012-05-28,0.2,PointwiseWorstAction,166.0,107.82374407277746,2.9968791467714877,3.1329571556670723,0.18965092707172237,,1.0
road,4,set_cal,2012-05-28,0.2,ScenarioCVaR,166.0,107.79828022200157,3.011176738295955,3.1472547471915395,0.18965092707172237,,1.0
road,4,set_cal,2012-05-28,0.2,RiskFirst,166.0,32.441926556699805,4.937818323265675,5.4586046395920444,0.7147856077185599,,1.0
road,4,set_cal,2012-05-28,0.2,TemporalContext2024,166.0,25.683023685930472,3.0357662725186323,3.3076178147236814,0.3655023030194986,,1.0
road,4,set_cal,2012-05-28,0.2,NetworkPropagation2024,166.0,30.541260473585186,2.915783606784292,3.180320996315568,0.35731045202487266,,1.0
road,4,set_cal,2012-05-28,0.2,CalibratedUncertainty2025,166.0,34.59293509328159,5.094200299196107,5.698636545216636,0.8479018516364185,,1.0
road,4,set_cal,2012-05-28,0.2,MappedPTO2026,166.0,31.766586407377687,5.137657482383776,5.68158564672734,0.7407044774978155,,1.0
road,4,set_cal,2012-05-28,0.2,GroupAware2025,166.0,31.210268384368256,4.265640631100369,4.703345613979224,0.620355320223295,,1.0
road,4,set_cal,2012-05-28,0.2,RobustImprovement2025,166.0,29.781928277504786,4.274603826736516,4.62266307229887,0.4512610291814356,,1.0
road,4,set_cal,2012-05-29,0.01,StructuralRobust,8.0,24.10813995917399,20.976897164012012,26.00752137515025,9.649338275910438,0.0,1.0
road,4,set_cal,2012-05-29,0.01,ExpectedActionValue,8.0,21.21767644919869,0.5021313535153092,0.6494172416400789,0.29219630711743283,,1.0
road,4,set_cal,2012-05-29,0.01,PointwiseWorstAction,8.0,21.21767644919869,0.5021313535153092,0.6494172416400789,0.29219630711743283,,1.0
road,4,set_cal,2012-05-29,0.01,ScenarioCVaR,8.0,21.21767644919869,0.5021313535153092,0.6494172416400789,0.29219630711743283,,1.0
road,4,set_cal,2012-05-29,0.01,RiskFirst,8.0,1.4823762657592015,20.888857289678786,25.936110757860412,9.69526230158213,,1.0
road,4,set_cal,2012-05-29,0.01,TemporalContext2024,8.0,1.6491717534288606,20.567986768420077,25.561740500551526,9.607539857059237,,1.0
road,4,set_cal,2012-05-29,0.01,NetworkPropagation2024,8.0,1.9924878900149021,21.137697262193708,26.24674524414482,9.82214806844355,,1.0
road,4,set_cal,2012-05-29,0.01,CalibratedUncertainty2025,8.0,1.9924878900149021,21.137697262193708,26.24674524414482,9.82214806844355,,1.0
road,4,set_cal,2012-05-29,0.01,MappedPTO2026,8.0,1.7863261708366764,22.37284216309636,27.67758898899782,10.155658920611618,,1.0
road,4,set_cal,2012-05-29,0.01,GroupAware2025,8.0,1.4823762657592015,20.888857289678786,25.936110757860412,9.69526230158213,,1.0
road,4,set_cal,2012-05-29,0.01,RobustImprovement2025,8.0,1.8176297284856198,21.458567783452416,26.62111550145371,9.909870512966439,,1.0
road,4,set_cal,2012-05-29,0.03,StructuralRobust,25.0,65.16539532628059,40.382354300592404,51.554542859021566,21.849108507709815,0.0,1.0
road,4,set_cal,2012-05-29,0.03,ExpectedActionValue,25.0,49.973347937040934,1.5733350684726082,1.983030966972772,0.7913689574874336,,1.0
road,4,set_cal,2012-05-29,0.03,PointwiseWorstAction,25.0,50.02437548626837,1.5597173562430786,1.9694132547432421,0.7913689574874332,,1.0
road,4,set_cal,2012-05-29,0.03,ScenarioCVaR,25.0,49.97334793704093,1.5733350684726082,1.983030966972772,0.7913689574874336,,1.0
road,4,set_cal,2012-05-29,0.03,RiskFirst,25.0,4.9026803181283505,40.382354300592404,51.554542859021566,21.849108507709815,,1.0
road,4,set_cal,2012-05-29,0.03,TemporalContext2024,25.0,4.9026803181283505,40.382354300592404,51.554542859021566,21.849108507709808,,1.0
road,4,set_cal,2012-05-29,0.03,NetworkPropagation2024,25.0,4.9026803181283505,40.382354300592404,51.554542859021566,21.849108507709808,,1.0
road,4,set_cal,2012-05-29,0.03,CalibratedUncertainty2025,25.0,5.645177971276248,44.641720161795895,57.02119297693758,24.227895604861764,,1.0
road,4,set_cal,2012-05-29,0.03,MappedPTO2026,25.0,4.90268031812835,40.38235430059242,51.554542859021566,21.8491085077098,,1.0
road,4,set_cal,2012-05-29,0.03,GroupAware2025,25.0,4.90268031812835,40.38235430059241,51.554542859021566,21.849108507709808,,1.0
road,4,set_cal,2012-05-29,0.03,RobustImprovement2025,25.0,4.9026803181283505,40.382354300592404,51.554542859021566,21.849108507709808,,1.0
road,4,set_cal,2012-05-29,0.05,StructuralRobust,41.0,41.844686253781155,54.90278865822266,71.13939373423838,32.04117492283898,0.0,1.0
road,4,set_cal,2012-05-29,0.05,ExpectedActionValue,41.0,67.57378734920242,4.132983113282508,5.44925450138354,2.5833971574727475,,1.0
road,4,set_cal,2012-05-29,0.05,PointwiseWorstAction,41.0,67.60257207461038,3.668254060309006,4.778650954942266,2.155278586220815,,1.0
road,4,set_cal,2012-05-29,0.05,ScenarioCVaR,41.0,67.60257207461038,3.668254060309006,4.778650954942266,2.155278586220815,,1.0
road,4,set_cal,2012-05-29,0.05,RiskFirst,41.0,9.4313643675064,54.50308879675695,70.6293322394842,31.792795952590517,,1.0
road,4,set_cal,2012-05-29,0.05,TemporalContext2024,41.0,10.485163489144371,53.69028442632335,69.59303392141558,31.406674647191174,,1.0
road,4,set_cal,2012-05-29,0.05,NetworkPropagation2024,41.0,10.250726554632863,55.73366718605345,72.23387635842856,32.564318838358915,,1.0
road,4,set_cal,2012-05-29,0.05,CalibratedUncertainty2025,41.0,9.381523812858354,54.259110635109465,70.32811134848427,31.730535657737747,,1.0
road,4,set_cal,2012-05-29,0.05,MappedPTO2026,41.0,9.732822743053564,54.473651845664506,70.64550355624486,31.94734092752242,,1.0
road,4,set_cal,2012-05-29,0.05,GroupAware2025,41.0,9.780485301184411,54.305095640558534,70.36659164293236,31.662731631081726,,1.0
road,4,set_cal,2012-05-29,0.05,RobustImprovement2025,41.0,9.037850028783483,54.90278865822263,71.13939373423838,32.04117492283898,,1.0
road,4,set_cal,2012-05-29,0.1,StructuralRobust,83.0,112.64161123364204,79.168757675228,104.73800474320755,51.10621397426462,0.0,1.0
road,4,set_cal,2012-05-29,0.1,ExpectedActionValue,83.0,98.38102793828487,13.655162392699772,18.145963078511606,8.920777422152,,1.0
road,4,set_cal,2012-05-29,0.1,PointwiseWorstAction,83.0,98.42301071153568,13.585281073042964,18.04218873125252,8.88119890641683,,1.0
road,4,set_cal,2012-05-29,0.1,ScenarioCVaR,83.0,98.38102793828487,13.655162392699772,18.145963078511606,8.920777422152003,,1.0
road,4,set_cal,2012-05-29,0.1,RiskFirst,83.0,20.713711147335353,78.55470309634761,103.84391591050772,50.52260139993102,,1.0
road,4,set_cal,2012-05-29,0.1,TemporalContext2024,83.0,20.311373425031388,77.71854231800306,102.7850318141157,50.03534358251112,,1.0
road,4,set_cal,2012-05-29,0.1,NetworkPropagation2024,83.0,21.044321424369844,77.6509593781169,102.73805327600212,50.112458804336384,,1.0
road,4,set_cal,2012-05-29,0.1,CalibratedUncertainty2025,83.0,20.99237107182377,77.65012023567985,102.58656838983556,49.76867172721285,,1.0
road,4,set_cal,2012-05-29,0.1,MappedPTO2026,83.0,20.919048041159343,77.88903808527796,102.97334144271767,50.167965168035565,,1.0
road,4,set_cal,2012-05-29,0.1,GroupAware2025,83.0,21.37744659601981,78.39790198365995,103.63074933257046,50.40858757879511,,1.0
road,4,set_cal,2012-05-29,0.1,RobustImprovement2025,83.0,21.0745477956347,78.19100846613543,103.38843399834408,50.33296646565512,,1.0
road,4,set_cal,2012-05-29,0.2,StructuralRobust,166.0,77.37045949147334,102.71243790689034,138.14379630877707,71.40072353431403,0.0,1.0
road,4,set_cal,2012-05-29,0.2,ExpectedActionValue,166.0,134.20274108669773,39.27228209760343,51.594221053881014,24.442996379078586,,1.0
road,4,set_cal,2012-05-29,0.2,PointwiseWorstAction,166.0,134.2138448165776,39.58064250856956,52.00526457097127,24.644174304749875,,1.0
road,4,set_cal,2012-05-29,0.2,ScenarioCVaR,166.0,134.2312659743258,39.75968242272605,52.2822061290267,24.856224257744977,,1.0
road,4,set_cal,2012-05-29,0.2,RiskFirst,166.0,37.60975293180514,103.08733141225748,138.7305431967399,71.85996757866538,,1.0
road,4,set_cal,2012-05-29,0.2,TemporalContext2024,166.0,36.31485823982198,103.34035256507495,138.9833442871718,71.85150202431613,,1.0
road,4,set_cal,2012-05-29,0.2,NetworkPropagation2024,166.0,36.71052162356058,104.14236243561655,140.13830789175128,72.56469328387212,,1.0
road,4,set_cal,2012-05-29,0.2,CalibratedUncertainty2025,166.0,38.31459225509002,102.93684804039563,138.21286037909914,70.97235359274163,,1.0
road,4,set_cal,2012-05-29,0.2,MappedPTO2026,166.0,37.609752931805126,103.0873314122575,138.7305431967399,71.85996757866536,,1.0
road,4,set_cal,2012-05-29,0.2,GroupAware2025,166.0,37.52125005310168,103.04881089052205,138.61739670985125,71.6752737829961,,1.0
road,4,set_cal,2012-05-29,0.2,RobustImprovement2025,166.0,39.51790484790817,102.54178478184845,137.84681867298895,71.0532810474677,,1.0
road,4,set_cal,2012-05-30,0.01,StructuralRobust,8.0,22.750604383881825,24.856463823844663,30.63784064166871,11.057482590508101,0.0,1.0
road,4,set_cal,2012-05-30,0.01,ExpectedActionValue,8.0,18.45000664357263,0.6727267395024418,0.9155789280362526,0.46693067222393025,,1.0
road,4,set_cal,2012-05-30,0.01,PointwiseWorstAction,8.0,18.45000664357263,0.6727267395024418,0.9155789280362526,0.46693067222393025,,1.0
road,4,set_cal,2012-05-30,0.01,ScenarioCVaR,8.0,18.45000664357263,0.6727267395024418,0.9155789280362526,0.46693067222393025,,1.0
road,4,set_cal,2012-05-30,0.01,RiskFirst,8.0,2.3429837129487154,24.095715978131953,29.708789431117193,10.742644461823478,,1.0
road,4,set_cal,2012-05-30,0.01,TemporalContext2024,8.0,2.428326264710092,23.956480506252646,29.582484955785215,10.788262895520589,,1.0
road,4,set_cal,2012-05-30,0.01,NetworkPropagation2024,8.0,2.3429837129487154,24.095715978131953,29.708789431117193,10.742644461823478,,1.0
road,4,set_cal,2012-05-30,0.01,CalibratedUncertainty2025,8.0,1.8268220576770142,23.214896086833154,28.724821400958593,10.589011787353765,,1.0
road,4,set_cal,2012-05-30,0.01,MappedPTO2026,8.0,2.3429837129487154,24.095715978131953,29.708789431117193,10.742644461823478,,1.0
road,4,set_cal,2012-05-30,0.01,GroupAware2025,8.0,2.3429837129487154,24.095715978131953,29.708789431117193,10.742644461823478,,1.0
road,4,set_cal,2012-05-30,0.01,RobustImprovement2025,8.0,2.3334722438521287,24.07460988126976,29.69066316272702,10.75103145914731,,1.0
road,4,set_cal,2012-05-30,0.03,StructuralRobust,25.0,57.22816251629898,46.505066665433525,59.37212141549138,25.207769517543547,0.0,1.0
road,4,set_cal,2012-05-30,0.03,ExpectedActionValue,25.0,39.44000311629871,2.743228266363099,3.6187605555060327,1.708963559425695,,1.0
road,4,set_cal,2012-05-30,0.03,PointwiseWorstAction,25.0,39.43171344561314,2.740910328701645,3.616442617844579,1.708963559425695,,1.0
road,4,set_cal,2012-05-30,0.03,ScenarioCVaR,25.0,39.44000311629871,2.743228266363099,3.6187605555060323,1.708963559425695,,1.0
road,4,set_cal,2012-05-30,0.03,RiskFirst,25.0,5.304686061102949,46.505066665433525,59.37212141549138,25.207769517543547,,1.0
road,4,set_cal,2012-05-30,0.03,TemporalContext2024,25.0,5.395374998706783,46.98502953225564,59.93677376727395,25.35291426301997,,1.0
road,4,set_cal,2012-05-30,0.03,NetworkPropagation2024,25.0,5.304686061102949,46.505066665433525,59.37212141549138,25.207769517543547,,1.0
road,4,set_cal,2012-05-30,0.03,CalibratedUncertainty2025,25.0,5.545617731321166,46.798804318875696,59.62575435799186,25.044611297717722,,1.0
road,4,set_cal,2012-05-30,0.03,MappedPTO2026,25.0,5.2000126924185555,46.447431787371855,59.30026068113655,25.181349796576555,,1.0
road,4,set_cal,2012-05-30,0.03,GroupAware2025,25.0,5.304686061102949,46.505066665433525,59.37212141549138,25.207769517543532,,1.0
road,4,set_cal,2012-05-30,0.03,RobustImprovement2025,25.0,5.304686061102949,46.505066665433525,59.37212141549138,25.207769517543547,,1.0
road,4,set_cal,2012-05-30,0.05,StructuralRobust,41.0,36.31596552953682,59.26244594827015,76.75847825310507,34.61720356117572,0.0,1.0
road,4,set_cal,2012-05-30,0.05,ExpectedActionValue,41.0,52.75863853476719,4.909257660093521,6.57329303831461,3.330619871273271,,1.0
road,4,set_cal,2012-05-30,0.05,PointwiseWorstAction,41.0,52.74250188007726,4.905585720113596,6.547227705299646,3.3010228964038397,,1.0
road,4,set_cal,2012-05-30,0.05,ScenarioCVaR,41.0,52.7390864282607,4.536231949301772,6.014660353042669,2.929489474551519,,1.0
road,4,set_cal,2012-05-30,0.05,RiskFirst,41.0,9.045492470054723,59.823119631002335,77.44559711873796,34.85022736227321,,1.0
road,4,set_cal,2012-05-30,0.05,TemporalContext2024,41.0,9.112422371542833,60.18036374876805,77.9950946273674,35.25723930980501,,1.0
road,4,set_cal,2012-05-30,0.05,NetworkPropagation2024,41.0,9.920528781755026,60.40854403326906,78.23014513549343,35.24796568962717,,1.0
road,4,set_cal,2012-05-30,0.05,CalibratedUncertainty2025,41.0,8.979920359166904,58.65912138594245,75.84441686889294,33.90175261160655,,1.0
road,4,set_cal,2012-05-30,0.05,MappedPTO2026,41.0,9.920528781755024,60.40854403326906,78.23014513549343,35.247965689627186,,1.0
road,4,set_cal,2012-05-30,0.05,GroupAware2025,41.0,9.30055058882816,59.790545862967186,77.39778419619702,34.818212319957134,,1.0
road,4,set_cal,2012-05-30,0.05,RobustImprovement2025,41.0,9.626506912819352,60.68235698017408,78.5203218546949,35.250895980113725,,1.0
road,4,set_cal,2012-05-30,0.1,StructuralRobust,83.0,102.56036554807837,82.45202378988319,109.06345638736457,53.30819036066126,0.0,1.0
road,4,set_cal,2012-05-30,0.1,ExpectedActionValue,83.0,79.55930455619603,17.62702088410706,23.09739810944988,10.82894958079649,,1.0
road,4,set_cal,2012-05-30,0.1,PointwiseWorstAction,83.0,79.57035955060566,17.604702797012294,23.07508002235511,10.828949580796483,,1.0
road,4,set_cal,2012-05-30,0.1,ScenarioCVaR,83.0,79.55930455619601,17.62702088410707,23.097398109449877,10.828949580796476,,1.0
road,4,set_cal,2012-05-30,0.1,RiskFirst,83.0,20.093792058282165,82.12139169837566,108.66597864473002,53.239568889957624,,1.0
road,4,set_cal,2012-05-30,0.1,TemporalContext2024,83.0,19.423072321808647,83.42879170619182,110.3855433890028,54.042442098975926,,1.0
road,4,set_cal,2012-05-30,0.1,NetworkPropagation2024,83.0,20.117375573883965,83.7191055204957,110.76610498323998,54.251532030180044,,1.0
road,4,set_cal,2012-05-30,0.1,CalibratedUncertainty2025,83.0,17.930470719267465,82.75888433681664,109.39978077890409,53.3557341679259,,1.0
road,4,set_cal,2012-05-30,0.1,MappedPTO2026,83.0,19.640148954782795,82.37369893756592,109.02462133987191,53.49173970997667,,1.0
road,4,set_cal,2012-05-30,0.1,GroupAware2025,83.0,20.23854130123133,82.27776480788167,108.87280603277593,53.33756750349964,,1.0
road,4,set_cal,2012-05-30,0.1,RobustImprovement2025,83.0,20.05749241609944,82.45914913303345,109.01882513026068,53.18274385179846,,1.0
road,4,set_cal,2012-05-30,0.2,StructuralRobust,166.0,71.82012434040051,110.81789120121861,149.75672984967167,79.12293358230089,0.0,1.0
road,4,set_cal,2012-05-30,0.2,ExpectedActionValue,166.0,112.72403896978331,40.98465953372363,53.944424750238845,25.67473363763378,,1.0
road,4,set_cal,2012-05-30,0.2,PointwiseWorstAction,166.0,112.86816740805784,40.475959361548405,53.214686041608495,25.201233032318967,,1.0
road,4,set_cal,2012-05-30,0.2,ScenarioCVaR,166.0,112.86582755312196,40.66252420974325,53.485333573313554,25.38668691201292,,1.0
road,4,set_cal,2012-05-30,0.2,RiskFirst,166.0,35.052981040214924,111.95154600969052,151.37376940849032,80.13571155008434,,1.0
road,4,set_cal,2012-05-30,0.2,TemporalContext2024,166.0,34.188912642023695,111.45820054329953,150.58331313142224,79.39497829647566,,1.0
road,4,set_cal,2012-05-30,0.2,NetworkPropagation2024,166.0,34.26154088291057,111.87825230917275,151.25465363543256,80.0327673953864,,1.0
road,4,set_cal,2012-05-30,0.2,CalibratedUncertainty2025,166.0,34.0783839822886,111.48731346683851,150.5311569979008,79.19129089597286,,1.0
road,4,set_cal,2012-05-30,0.2,MappedPTO2026,166.0,35.052981040214945,111.95154600969052,151.37376940849035,80.13571155008437,,1.0
road,4,set_cal,2012-05-30,0.2,GroupAware2025,166.0,34.63214382110001,111.57889281616372,150.76195632268426,79.65978987784214,,1.0
road,4,set_cal,2012-05-30,0.2,RobustImprovement2025,166.0,35.11138142696275,111.69114557887033,151.01917019711817,79.94562629677324,,1.0
road,4,set_cal,2012-05-31,0.01,StructuralRobust,8.0,23.742695763549122,23.18558629802729,28.566768013450716,10.297499216081334,0.0,1.0
road,4,set_cal,2012-05-31,0.01,ExpectedActionValue,8.0,16.729021890917362,2.6099522413742307,3.4906987549265622,1.7939095031604007,,1.0
road,4,set_cal,2012-05-31,0.01,PointwiseWorstAction,8.0,16.7492023563277,2.665408832683763,3.601545085994626,1.8733405903496987,,1.0
road,4,set_cal,2012-05-31,0.01,ScenarioCVaR,8.0,16.729021890917362,2.6099522413742307,3.4906987549265622,1.7939095031604007,,1.0
road,4,set_cal,2012-05-31,0.01,RiskFirst,8.0,2.7336360896333574,23.18558629802729,28.566768013450716,10.297499216081334,,1.0
road,4,set_cal,2012-05-31,0.01,TemporalContext2024,8.0,2.8430838168162005,23.9628504558696,29.50565242597903,10.595021682997064,,1.0
road,4,set_cal,2012-05-31,0.01,NetworkPropagation2024,8.0,2.7336360896333574,23.18558629802729,28.566768013450716,10.297499216081334,,1.0
road,4,set_cal,2012-05-31,0.01,CalibratedUncertainty2025,8.0,3.095205307900275,25.029830822120072,30.81392990793656,11.048157790873976,,1.0
road,4,set_cal,2012-05-31,0.01,MappedPTO2026,8.0,2.7336360896333574,23.18558629802729,28.566768013450716,10.297499216081334,,1.0
road,4,set_cal,2012-05-31,0.01,GroupAware2025,8.0,2.7336360896333574,23.18558629802729,28.566768013450716,10.297499216081334,,1.0
road,4,set_cal,2012-05-31,0.01,RobustImprovement2025,8.0,2.9393048689411554,23.29532576983575,28.693706792822866,10.326365777414466,,1.0
road,4,set_cal,2012-05-31,0.03,StructuralRobust,25.0,60.636513942956974,49.06946534338303,62.22338314262226,25.657743962397774,0.0,1.0
road,4,set_cal,2012-05-31,0.03,ExpectedActionValue,25.0,34.78046554052178,9.562060825573168,12.284091101608341,5.354058792661867,,1.0
road,4,set_cal,2012-05-31,0.03,PointwiseWorstAction,25.0,34.78046554052179,9.56206082557317,12.284091101608341,5.354058792661865,,1.0
road,4,set_cal,2012-05-31,0.03,ScenarioCVaR,25.0,34.78046554052178,9.56206082557317,12.284091101608341,5.354058792661867,,1.0
road,4,set_cal,2012-05-31,0.03,RiskFirst,25.0,8.143804687581127,49.35959153712846,62.605340381214205,25.838688619131823,,1.0
road,4,set_cal,2012-05-31,0.03,TemporalContext2024,25.0,5.584195673453029,49.59695035651522,62.885128546543605,25.914612512967437,,1.0
road,4,set_cal,2012-05-31,0.03,NetworkPropagation2024,25.0,6.199927956888341,49.23980199916107,62.478470304656426,25.839347061611868,,1.0
road,4,set_cal,2012-05-31,0.03,CalibratedUncertainty2025,25.0,5.221490237451903,48.51939696677723,61.47554736203781,25.247318182319567,,1.0
road,4,set_cal,2012-05-31,0.03,MappedPTO2026,25.0,8.143804687581127,49.359591537128466,62.605340381214205,25.838688619131815,,1.0
road,4,set_cal,2012-05-31,0.03,GroupAware2025,25.0,6.5542322828096395,49.06946534338302,62.223383142622275,25.657743962397753,,1.0
road,4,set_cal,2012-05-31,0.03,RobustImprovement2025,25.0,6.060858644409551,48.99130097191798,62.08964573281224,25.535242345210392,,1.0
road,4,set_cal,2012-05-31,0.05,StructuralRobust,41.0,38.4100106260733,61.418162479067796,79.02864848476746,34.68485514728872,0.0,1.0
road,4,set_cal,2012-05-31,0.05,ExpectedActionValue,41.0,47.21348843213988,12.139578057337797,15.886231309924652,7.385774357724738,,1.0
road,4,set_cal,2012-05-31,0.05,PointwiseWorstAction,41.0,47.328101492849036,12.017452387795434,15.676713871898764,7.165764708667318,,1.0
road,4,set_cal,2012-05-31,0.05,ScenarioCVaR,41.0,47.29302988754599,12.15732999185297,15.917583249913488,7.412002319244669,,1.0
road,4,set_cal,2012-05-31,0.05,RiskFirst,41.0,11.507443581355268,60.89419749225843,78.44483343119497,34.60947437656377,,1.0
road,4,set_cal,2012-05-31,0.05,TemporalContext2024,41.0,10.961392684255816,63.07540750407056,81.19160686073882,35.685018916492204,,1.0
road,4,set_cal,2012-05-31,0.05,NetworkPropagation2024,41.0,11.086223677269187,61.438064387094535,79.16241109852595,34.951361564847865,,1.0
road,4,set_cal,2012-05-31,0.05,CalibratedUncertainty2025,41.0,10.226137714187214,61.84946033326327,79.5758801959124,34.87822619704479,,1.0
road,4,set_cal,2012-05-31,0.05,MappedPTO2026,41.0,10.794809617129026,61.09392100481359,78.73065068505402,34.79084827309497,,1.0
road,4,set_cal,2012-05-31,0.05,GroupAware2025,41.0,11.50744358135527,60.89419749225843,78.44483343119497,34.60947437656375,,1.0
road,4,set_cal,2012-05-31,0.05,RobustImprovement2025,41.0,10.643999532310298,61.76516353694439,79.52266349696004,34.99132842764508,,1.0
road,4,set_cal,2012-05-31,0.1,StructuralRobust,83.0,106.98453800468683,88.12700965213084,116.07078515905025,55.89341993852513,0.0,1.0
road,4,set_cal,2012-05-31,0.1,ExpectedActionValue,83.0,72.87119552646963,23.069354260428184,30.584300584736972,14.84432108019324,,1.0
road,4,set_cal,2012-05-31,0.1,PointwiseWorstAction,83.0,72.88175403175393,24.18415147913678,31.731930373878775,14.939348272812552,,1.0
road,4,set_cal,2012-05-31,0.1,ScenarioCVaR,83.0,72.9301458555007,24.290598664316214,31.914679035991913,15.059084636680154,,1.0
road,4,set_cal,2012-05-31,0.1,RiskFirst,83.0,22.41257737713466,87.83464353703846,115.69053398610124,55.7196403729335,,1.0
road,4,set_cal,2012-05-31,0.1,TemporalContext2024,83.0,21.46527122935649,87.42816682190097,115.0886310059309,55.28185872688964,,1.0
road,4,set_cal,2012-05-31,0.1,NetworkPropagation2024,83.0,21.357935386011317,86.37232902240636,113.63698277133813,54.49468352906767,,1.0
road,4,set_cal,2012-05-31,0.1,CalibratedUncertainty2025,83.0,21.653874283699636,87.37042424337672,114.93944262895924,55.071369487739204,,1.0
road,4,set_cal,2012-05-31,0.1,MappedPTO2026,83.0,22.41257737713466,87.83464353703849,115.69053398610124,55.71964037293347,,1.0
road,4,set_cal,2012-05-31,0.1,GroupAware2025,83.0,21.199980293601364,86.61931911323458,114.1472281009993,55.08883111346529,,1.0
road,4,set_cal,2012-05-31,0.1,RobustImprovement2025,83.0,21.83730920337731,87.23082100880963,114.85998405464008,55.2558462992731,,1.0
road,4,set_cal,2012-05-31,0.2,StructuralRobust,166.0,74.09814184341106,115.04851580921897,154.36950167960592,79.39868606655699,0.0,1.0
road,4,set_cal,2012-05-31,0.2,ExpectedActionValue,166.0,105.44377946509101,46.267361810370055,60.2751921164632,27.53850514776922,,1.0
road,4,set_cal,2012-05-31,0.2,PointwiseWorstAction,166.0,105.57178619573864,46.42718394595963,60.5245680539198,27.708656625498975,,1.0
road,4,set_cal,2012-05-31,0.2,ScenarioCVaR,166.0,105.56782689227255,45.95211035549772,59.83122054232062,27.250803153885627,,1.0
road,4,set_cal,2012-05-31,0.2,RiskFirst,166.0,39.29747965022548,115.3476203292656,154.8715430084494,79.82580551090913,,1.0
road,4,set_cal,2012-05-31,0.2,TemporalContext2024,166.0,38.07689606484697,115.80252058346814,155.53292394231462,80.20285590325638,,1.0
road,4,set_cal,2012-05-31,0.2,NetworkPropagation2024,166.0,37.816191105991884,114.92567275315476,154.33074633352774,79.62873485780396,,1.0
road,4,set_cal,2012-05-31,0.2,CalibratedUncertainty2025,166.0,39.41845793124676,114.82793858976358,154.04106544638157,79.05249163254551,,1.0
road,4,set_cal,2012-05-31,0.2,MappedPTO2026,166.0,39.23417287293385,114.88028598973031,154.1987879473051,79.39731363125665,,1.0
road,4,set_cal,2012-05-31,0.2,GroupAware2025,166.0,37.93951140038771,115.13317444985353,154.5952284668926,79.74645523383981,,1.0
road,4,set_cal,2012-05-31,0.2,RobustImprovement2025,166.0,37.83930971967108,115.4107268838293,155.07124536467705,80.17241699223938,,1.0
road,4,set_cal,2012-06-01,0.01,StructuralRobust,8.0,10.90166987890025,1.6122417331927847,2.293324627563153,1.3569999212238018,0.0,1.0
road,4,set_cal,2012-06-01,0.01,ExpectedActionValue,8.0,12.562542226766647,0.694634631585577,0.9567325110673226,0.5020540352124071,,1.0
road,4,set_cal,2012-06-01,0.01,PointwiseWorstAction,8.0,12.788340229682445,0.8189681284942201,1.1498535473849198,0.6073190526237702,,1.0
road,4,set_cal,2012-06-01,0.01,ScenarioCVaR,8.0,12.788340229682445,0.8189681284942201,1.1498535473849198,0.6073190526237702,,1.0
road,4,set_cal,2012-06-01,0.01,RiskFirst,8.0,1.8360930765763648,1.6881085512164253,2.4421135597899224,1.5151884502981587,,1.0
road,4,set_cal,2012-06-01,0.01,TemporalContext2024,8.0,1.8586107324331569,1.4763758574563466,2.055442249336123,1.1812391229521706,,1.0
road,4,set_cal,2012-06-01,0.01,NetworkPropagation2024,8.0,2.2398438922291066,1.656145370845385,2.3623057566788286,1.4483540979974348,,1.0
road,4,set_cal,2012-06-01,0.01,CalibratedUncertainty2025,8.0,1.610684411353785,1.329284973489445,1.85411780859588,1.0389268201920183,,1.0
road,4,set_cal,2012-06-01,0.01,MappedPTO2026,8.0,2.0533771484283947,1.7081546660076257,2.4143150518410685,1.448354097997434,,1.0
road,4,set_cal,2012-06-01,0.01,GroupAware2025,8.0,1.8360930765763648,1.6881085512164253,2.4421135597899224,1.5151884502981587,,1.0
road,4,set_cal,2012-06-01,0.01,RobustImprovement2025,8.0,1.8766412152230636,1.5344021297029267,2.1960868881464815,1.3597280100784697,,1.0
road,4,set_cal,2012-06-01,0.03,StructuralRobust,25.0,24.827007683271212,5.004508060219019,7.064965103857448,4.162993342097977,0.0,1.0
road,4,set_cal,2012-06-01,0.03,ExpectedActionValue,25.0,26.377017303672243,2.306809980777805,2.968143828560867,1.1516707769035563,,1.0
road,4,set_cal,2012-06-01,0.03,PointwiseWorstAction,25.0,26.52605056355569,2.3563887702840116,3.08454937753566,1.251866274353262,,1.0
road,4,set_cal,2012-06-01,0.03,ScenarioCVaR,25.0,26.526050563555692,2.3563887702840125,3.08454937753566,1.2518662743532611,,1.0
road,4,set_cal,2012-06-01,0.03,RiskFirst,25.0,4.808000215767469,4.841196484979393,6.8744136351672935,4.080668327301654,,1.0
road,4,set_cal,2012-06-01,0.03,TemporalContext2024,25.0,5.475659099949763,4.915154773768891,7.003976592808354,4.1879100837600935,,1.0
road,4,set_cal,2012-06-01,0.03,NetworkPropagation2024,25.0,5.3960031201650756,4.622981219644216,6.576012929085395,3.8123451661532526,,1.0
road,4,set_cal,2012-06-01,0.03,CalibratedUncertainty2025,25.0,5.424071804454535,4.765538162316295,6.797380091901536,4.052446928057117,,1.0
road,4,set_cal,2012-06-01,0.03,MappedPTO2026,25.0,5.310813803914201,4.929446857074235,7.014116633952637,4.184069914574711,,1.0
road,4,set_cal,2012-06-01,0.03,GroupAware2025,25.0,4.974353359528378,4.637816274176808,6.550470406383414,3.73775447570962,,1.0
road,4,set_cal,2012-06-01,0.03,RobustImprovement2025,25.0,5.36245565886625,5.123786574005746,7.292398721061145,4.399382542675942,,1.0
road,4,set_cal,2012-06-01,0.05,StructuralRobust,41.0,15.227241060138857,7.85370364043877,11.062615273035233,6.2413547719899025,0.0,1.0
road,4,set_cal,2012-06-01,0.05,ExpectedActionValue,41.0,36.17293012801141,3.3513868897760646,4.23430115595606,1.5501560892593074,,1.0
road,4,set_cal,2012-06-01,0.05,PointwiseWorstAction,41.0,36.243509112216344,3.3201375851917603,4.203051851371756,1.5501560892593083,,1.0
road,4,set_cal,2012-06-01,0.05,ScenarioCVaR,41.0,36.206606301074956,3.391313482164122,4.274227748344117,1.5501560892593078,,1.0
road,4,set_cal,2012-06-01,0.05,RiskFirst,41.0,8.05510218752132,7.976958945758821,11.333119946362215,6.6143499538016135,,1.0
road,4,set_cal,2012-06-01,0.05,TemporalContext2024,41.0,8.403078420144343,7.532114518435698,10.663626205787265,6.178850924262097,,1.0
road,4,set_cal,2012-06-01,0.05,NetworkPropagation2024,41.0,8.27524957346376,7.298634142662676,10.316048316324196,5.8849835836974975,,1.0
road,4,set_cal,2012-06-01,0.05,CalibratedUncertainty2025,41.0,8.542714924881535,7.172035266946274,10.021135206993177,5.612512285785037,,1.0
road,4,set_cal,2012-06-01,0.05,MappedPTO2026,41.0,8.092032608132744,7.891212165175039,11.16629664684608,6.474934715143146,,1.0
road,4,set_cal,2012-06-01,0.05,GroupAware2025,41.0,7.902045682592002,7.795359372522178,10.993692630796888,6.353911033015516,,1.0
road,4,set_cal,2012-06-01,0.05,RobustImprovement2025,41.0,7.773358373900392,8.407128902299483,11.948937626044685,7.078197761294293,,1.0
road,4,set_cal,2012-06-01,0.1,StructuralRobust,83.0,51.79837491984791,14.751755290754266,20.613005403246678,11.4408375234977,0.0,1.0
road,4,set_cal,2012-06-01,0.1,ExpectedActionValue,83.0,55.5145327478056,8.162634048836921,10.56086948813371,4.5052146949548195,,1.0
road,4,set_cal,2012-06-01,0.1,PointwiseWorstAction,83.0,55.58496513215868,8.090386785793882,10.421175416212725,4.3166872176899425,,1.0
road,4,set_cal,2012-06-01,0.1,ScenarioCVaR,83.0,55.57934628680466,7.976132268386434,10.254794887160475,4.2498485488295215,,1.0
road,4,set_cal,2012-06-01,0.1,RiskFirst,83.0,15.569504470277309,15.08990869687146,21.082734293390498,11.712374795146653,,1.0
road,4,set_cal,2012-06-01,0.1,TemporalContext2024,83.0,14.899223601790338,14.3974150855363,19.98065603792306,10.924824078493126,,1.0
road,4,set_cal,2012-06-01,0.1,NetworkPropagation2024,83.0,15.153787321803373,13.882902189397466,19.252789569470373,10.55810234064548,,1.0
road,4,set_cal,2012-06-01,0.1,CalibratedUncertainty2025,83.0,15.095267449101513,14.110119632568553,19.59534643612681,10.713523868597276,,1.0
road,4,set_cal,2012-06-01,0.1,MappedPTO2026,83.0,15.569504470277307,15.089908696871456,21.0827342933905,11.71237479514666,,1.0
road,4,set_cal,2012-06-01,0.1,GroupAware2025,83.0,14.194178632488262,14.614263121472327,20.385906413837578,11.277317859922974,,1.0
road,4,set_cal,2012-06-01,0.1,RobustImprovement2025,83.0,15.963657692228216,15.97153032127226,22.557191801704587,13.060849364359862,,1.0
road,4,set_cal,2012-06-01,0.2,StructuralRobust,166.0,31.980945483785572,28.87467486964862,39.830654632480595,21.045575276807273,0.0,1.0
road,4,set_cal,2012-06-01,0.2,ExpectedActionValue,166.0,79.68884131264117,15.906378001653486,19.706194977972697,6.871241347244769,,1.0
road,4,set_cal,2012-06-01,0.2,PointwiseWorstAction,166.0,79.87676669892487,15.848230548424464,19.564281948771043,6.721706837729609,,1.0
road,4,set_cal,2012-06-01,0.2,ScenarioCVaR,166.0,79.82526595460989,15.91710762458137,19.719501560987236,6.874127542541821,,1.0
road,4,set_cal,2012-06-01,0.2,RiskFirst,166.0,28.209693927587836,28.781131975559145,39.69000384159098,21.182788330414223,,1.0
road,4,set_cal,2012-06-01,0.2,TemporalContext2024,166.0,27.2165882861235,26.189006827014552,35.709420768291615,18.502734093950636,,1.0
road,4,set_cal,2012-06-01,0.2,NetworkPropagation2024,166.0,28.747046363810078,24.839514334552366,33.721804097802696,17.255791158040676,,1.0
road,4,set_cal,2012-06-01,0.2,CalibratedUncertainty2025,166.0,28.273675196374292,27.617435412531027,37.940979844472515,20.00441623078712,,1.0
road,4,set_cal,2012-06-01,0.2,MappedPTO2026,166.0,27.812254888847406,28.45688857319852,39.21512521319478,20.835860661918566,,1.0
road,4,set_cal,2012-06-01,0.2,GroupAware2025,166.0,25.9720749748948,28.977270351289427,40.15914397290408,21.731995820398247,,1.0
road,4,set_cal,2012-06-01,0.2,RobustImprovement2025,166.0,29.530443851835315,29.328954325900344,40.57688119309564,21.55180333274834,,1.0
road,4,set_cal,2012-06-04,0.01,StructuralRobust,8.0,23.592894654768525,19.499655206795488,24.20823828088442,9.05829271332486,0.0,1.0
road,4,set_cal,2012-06-04,0.01,ExpectedActionValue,8.0,15.674323013623404,0.6413947412128397,0.809641910127054,0.30789263405111167,,1.0
road,4,set_cal,2012-06-04,0.01,PointwiseWorstAction,8.0,15.673073693478141,0.7224816548827622,0.9236243341612134,0.3754710629769398,,1.0
road,4,set_cal,2012-06-04,0.01,ScenarioCVaR,8.0,15.674323013623404,0.6413947412128397,0.809641910127054,0.30789263405111167,,1.0
road,4,set_cal,2012-06-04,0.01,RiskFirst,8.0,0.6494754203193848,19.499655206795484,24.20823828088442,9.058292713324864,,1.0
road,4,set_cal,2012-06-04,0.01,TemporalContext2024,8.0,0.6494754203193848,19.499655206795484,24.20823828088442,9.058292713324864,,1.0
road,4,set_cal,2012-06-04,0.01,NetworkPropagation2024,8.0,0.6431851036438123,19.707715992595233,24.468849331870157,9.159465092976994,,1.0
road,4,set_cal,2012-06-04,0.01,CalibratedUncertainty2025,8.0,0.6936049909837161,18.647000309810274,23.198398559350814,8.788687220195634,,1.0
road,4,set_cal,2012-06-04,0.01,MappedPTO2026,8.0,0.6431851036438123,19.707715992595233,24.468849331870157,9.159465092976994,,1.0
road,4,set_cal,2012-06-04,0.01,GroupAware2025,8.0,0.6494754203193848,19.499655206795484,24.20823828088442,9.058292713324864,,1.0
road,4,set_cal,2012-06-04,0.01,RobustImprovement2025,8.0,0.5798648779785063,21.11819034661199,26.15956206229233,9.66244962995323,,1.0
road,4,set_cal,2012-06-04,0.03,StructuralRobust,25.0,59.285303787113875,42.04447927849379,53.70072332155699,22.82992135602546,0.0,1.0
road,4,set_cal,2012-06-04,0.03,ExpectedActionValue,25.0,28.207662395780428,3.8301012516261723,5.069592969569357,2.3876794128139727,,1.0
road,4,set_cal,2012-06-04,0.03,PointwiseWorstAction,25.0,28.238323563270782,2.938142935532869,3.841666219055674,1.7113143638896284,,1.0
road,4,set_cal,2012-06-04,0.03,ScenarioCVaR,25.0,28.196497719923556,3.819779969519955,5.0255365971545505,2.3460054621253916,,1.0
road,4,set_cal,2012-06-04,0.03,RiskFirst,25.0,2.0622669306730455,42.04447927849379,53.70072332155699,22.829921356025473,,1.0
road,4,set_cal,2012-06-04,0.03,TemporalContext2024,25.0,1.9969353804098393,41.27948138957663,52.72561005931247,22.427926887327068,,1.0
road,4,set_cal,2012-06-04,0.03,NetworkPropagation2024,25.0,2.0622669306730455,42.044479278493796,53.70072332155699,22.829921356025466,,1.0
road,4,set_cal,2012-06-04,0.03,CalibratedUncertainty2025,25.0,2.042766538403701,41.83889645863413,53.459276027785585,22.768861980718533,,1.0
road,4,set_cal,2012-06-04,0.03,MappedPTO2026,25.0,2.0622669306730455,42.044479278493796,53.70072332155699,22.829921356025466,,1.0
road,4,set_cal,2012-06-04,0.03,GroupAware2025,25.0,2.0622669306730455,42.04447927849379,53.70072332155699,22.829921356025473,,1.0
road,4,set_cal,2012-06-04,0.03,RobustImprovement2025,25.0,2.337745353645813,42.001053925747115,53.66346574940137,22.84869196114137,,1.0
road,4,set_cal,2012-06-04,0.05,StructuralRobust,41.0,36.54114885903602,55.81909492259288,72.3599891305025,32.712592287638515,0.0,1.0
road,4,set_cal,2012-06-04,0.05,ExpectedActionValue,41.0,35.82142693512597,6.178707998900049,8.184055696682023,3.893136321963456,,1.0
road,4,set_cal,2012-06-04,0.05,PointwiseWorstAction,41.0,35.82142693512596,6.17870799890005,8.184055696682025,3.893136321963455,,1.0
road,4,set_cal,2012-06-04,0.05,ScenarioCVaR,41.0,35.82142693512597,6.178707998900049,8.184055696682025,3.893136321963456,,1.0
road,4,set_cal,2012-06-04,0.05,RiskFirst,41.0,3.4924159775964485,54.40267620448842,70.65028416233729,32.18829854012065,,1.0
road,4,set_cal,2012-06-04,0.05,TemporalContext2024,41.0,3.5043085884819285,53.49960546456272,69.42802364655971,31.505524159422293,,1.0
road,4,set_cal,2012-06-04,0.05,NetworkPropagation2024,41.0,4.173733588167204,54.83256067095353,71.17239344426416,32.34791454831597,,1.0
road,4,set_cal,2012-06-04,0.05,CalibratedUncertainty2025,41.0,3.3361112397849917,52.64882462814429,68.24174712902763,30.827066982779463,,1.0
road,4,set_cal,2012-06-04,0.05,MappedPTO2026,41.0,3.5285482034278908,54.48234893983421,70.74132364978487,32.202677463280494,,1.0
road,4,set_cal,2012-06-04,0.05,GroupAware2025,41.0,3.616281854073522,54.089019805279136,70.22376910358894,31.96104782968615,,1.0
road,4,set_cal,2012-06-04,0.05,RobustImprovement2025,41.0,3.550743370844387,54.05382833813242,70.14144211993197,31.80840479563402,,1.0
road,4,set_cal,2012-06-04,0.1,StructuralRobust,83.0,100.5000674397502,76.73246059326418,101.6474028747796,49.9476579486422,0.0,1.0
road,4,set_cal,2012-06-04,0.1,ExpectedActionValue,83.0,47.99158253303082,12.280401830536308,16.176892323356462,7.67939516714374,,1.0
road,4,set_cal,2012-06-04,0.1,PointwiseWorstAction,83.0,48.17532677829852,12.347254921500019,16.34004451106876,7.867727277224619,,1.0
road,4,set_cal,2012-06-04,0.1,ScenarioCVaR,83.0,48.18561649123173,12.321703231357086,16.285693201211213,7.83368910882753,,1.0
road,4,set_cal,2012-06-04,0.1,RiskFirst,83.0,7.196524152348325,77.21131217443882,102.33321877579137,50.405595836371404,,1.0
road,4,set_cal,2012-06-04,0.1,TemporalContext2024,83.0,7.060715193607202,76.79311818163677,101.6781685222585,49.881363103508775,,1.0
road,4,set_cal,2012-06-04,0.1,NetworkPropagation2024,83.0,6.98211703013017,77.50084983218626,102.72638638627957,50.61269233416671,,1.0
road,4,set_cal,2012-06-04,0.1,CalibratedUncertainty2025,83.0,7.002752431613399,75.63769554359186,100.00564434088356,48.81965955025231,,1.0
road,4,set_cal,2012-06-04,0.1,MappedPTO2026,83.0,7.201289925708192,77.24269027017876,102.37908980539193,50.43625926312093,,1.0
road,4,set_cal,2012-06-04,0.1,GroupAware2025,83.0,6.979281234534166,78.28515248705017,103.7316440740479,51.03751574066305,,1.0
road,4,set_cal,2012-06-04,0.1,RobustImprovement2025,83.0,7.073080726159869,77.08533491954107,102.15048450297205,50.28586218691294,,1.0
road,4,set_cal,2012-06-04,0.2,StructuralRobust,166.0,66.0460881362346,99.9104331269376,134.9368330873625,71.03231786018755,0.0,1.0
road,4,set_cal,2012-06-04,0.2,ExpectedActionValue,166.0,61.453916192025346,32.75838507013305,42.84988973165474,19.97984282168359,,1.0
road,4,set_cal,2012-06-04,0.2,PointwiseWorstAction,166.0,61.448399173184754,29.635244974401193,38.82866409554485,18.112652927978633,,1.0
road,4,set_cal,2012-06-04,0.2,ScenarioCVaR,166.0,61.57059300071612,29.573599214625563,38.74120707910037,18.08374432050952,,1.0
road,4,set_cal,2012-06-04,0.2,RiskFirst,166.0,15.6401974150467,99.41122726273952,134.156717219171,70.54589105716977,,1.0
road,4,set_cal,2012-06-04,0.2,TemporalContext2024,166.0,15.126056318152925,99.09414298129995,133.55673557160623,69.8835291120675,,1.0
road,4,set_cal,2012-06-04,0.2,NetworkPropagation2024,166.0,15.581771061187359,99.84171667841386,134.76701768825006,70.92589786988648,,1.0
road,4,set_cal,2012-06-04,0.2,CalibratedUncertainty2025,166.0,15.524608637504453,99.28550443575628,133.90078451304552,70.24332643857491,,1.0
road,4,set_cal,2012-06-04,0.2,MappedPTO2026,166.0,16.395967310455628,99.04722239683852,133.52848615398685,69.86466419082731,,1.0
road,4,set_cal,2012-06-04,0.2,GroupAware2025,166.0,15.782184471964705,99.42986372142794,134.0827409687201,70.19009504793813,,1.0
road,4,set_cal,2012-06-04,0.2,RobustImprovement2025,166.0,16.019305533818272,99.82311955980236,134.7063315032133,70.78548628058851,,1.0
road,4,set_cal,2012-06-05,0.01,StructuralRobust,8.0,24.698163179788438,26.207955719949677,32.077037329342964,11.192728352263874,0.0,1.0
road,4,set_cal,2012-06-05,0.01,ExpectedActionValue,8.0,20.237846042945193,2.756829937035759,3.7311907890507263,1.9892118923918165,,1.0
road,4,set_cal,2012-06-05,0.01,PointwiseWorstAction,8.0,20.253843770904115,2.131776154960495,2.850412681071759,1.4640771894389304,,1.0
road,4,set_cal,2012-06-05,0.01,ScenarioCVaR,8.0,20.237846042945197,2.756829937035759,3.7311907890507263,1.9892118923918165,,1.0
road,4,set_cal,2012-06-05,0.01,RiskFirst,8.0,3.405841298302583,26.20593295797256,32.07756576818706,11.198619051835987,,1.0
road,4,set_cal,2012-06-05,0.01,TemporalContext2024,8.0,3.405841298302583,26.205932957972564,32.07756576818706,11.198619051835983,,1.0
road,4,set_cal,2012-06-05,0.01,NetworkPropagation2024,8.0,2.8823000495254365,26.097878083809363,31.94370913259862,11.149267712231605,,1.0
road,4,set_cal,2012-06-05,0.01,CalibratedUncertainty2025,8.0,3.406735527105833,28.615201361828095,34.86917686471334,11.879997880475795,,1.0
road,4,set_cal,2012-06-05,0.01,MappedPTO2026,8.0,3.215856696875555,25.996901765181413,31.815203094745247,11.096248663402214,,1.0
road,4,set_cal,2012-06-05,0.01,GroupAware2025,8.0,3.405841298302583,26.20593295797256,32.07756576818706,11.198619051835994,,1.0
road,4,set_cal,2012-06-05,0.01,RobustImprovement2025,8.0,3.408757105316448,27.136754311233403,33.159918273787405,11.466669879184899,,1.0
road,4,set_cal,2012-06-05,0.03,StructuralRobust,25.0,68.16141280152478,50.99066078767121,64.29465398596724,25.893585857920208,0.0,1.0
road,4,set_cal,2012-06-05,0.03,ExpectedActionValue,25.0,43.18319465718134,4.811843275946548,6.405384743413476,3.2723123981305333,,1.0
road,4,set_cal,2012-06-05,0.03,PointwiseWorstAction,25.0,43.25547503829196,4.839056899752358,6.432598367219285,3.272312398130535,,1.0
road,4,set_cal,2012-06-05,0.03,ScenarioCVaR,25.0,43.25547503829196,4.839056899752358,6.432598367219285,3.272312398130535,,1.0
road,4,set_cal,2012-06-05,0.03,RiskFirst,25.0,5.485850611455408,51.258229928527676,64.67307363449466,26.123575065581782,,1.0
road,4,set_cal,2012-06-05,0.03,TemporalContext2024,25.0,5.519286661539249,52.377369042405775,66.12315516268895,26.76688185395406,,1.0
road,4,set_cal,2012-06-05,0.03,NetworkPropagation2024,25.0,5.624947228076119,53.645490065721404,67.57497325472605,27.071392251563125,,1.0
road,4,set_cal,2012-06-05,0.03,CalibratedUncertainty2025,25.0,5.783635979741348,55.70168672049685,70.15953060431283,28.08730358952583,,1.0
road,4,set_cal,2012-06-05,0.03,MappedPTO2026,25.0,5.519286661539249,52.37736904240577,66.12315516268892,26.766881853954068,,1.0
road,4,set_cal,2012-06-05,0.03,GroupAware2025,25.0,5.485850611455408,51.258229928527676,64.67307363449466,26.123575065581782,,1.0
road,4,set_cal,2012-06-05,0.03,RobustImprovement2025,25.0,5.4788368897554625,53.00446140577211,66.74505512772865,26.706532976597593,,1.0
road,4,set_cal,2012-06-05,0.05,StructuralRobust,41.0,46.40146371244926,69.01808664231324,88.12483823719026,37.48677833119892,0.0,1.0
road,4,set_cal,2012-06-05,0.05,ExpectedActionValue,41.0,58.05376334350741,6.762060212324822,9.072856300748674,4.753392798822062,,1.0
road,4,set_cal,2012-06-05,0.05,PointwiseWorstAction,41.0,58.05376334350741,6.762060212324822,9.072856300748674,4.7533927988220634,,1.0
road,4,set_cal,2012-06-05,0.05,ScenarioCVaR,41.0,58.05011446998722,6.737936694399627,9.029187755404095,4.685382076626837,,1.0
road,4,set_cal,2012-06-05,0.05,RiskFirst,41.0,8.175560408656036,68.63736263611239,87.6875013373194,37.40017664944496,,1.0
road,4,set_cal,2012-06-05,0.05,TemporalContext2024,41.0,8.014920951904424,68.78500071969042,87.8345870492817,37.37797649015694,,1.0
road,4,set_cal,2012-06-05,0.05,NetworkPropagation2024,41.0,8.171943793423242,71.41808098943675,91.22159764480416,38.83677945061163,,1.0
road,4,set_cal,2012-06-05,0.05,CalibratedUncertainty2025,41.0,8.646304190141189,70.59061521391826,90.160953095457,38.39782076244242,,1.0
road,4,set_cal,2012-06-05,0.05,MappedPTO2026,41.0,8.175560408656034,68.63736263611239,87.6875013373194,37.40017664944496,,1.0
road,4,set_cal,2012-06-05,0.05,GroupAware2025,41.0,8.170947919337568,68.881973241246,87.9687738950785,37.45465467196037,,1.0
road,4,set_cal,2012-06-05,0.05,RobustImprovement2025,41.0,8.757064377650718,68.69824496158698,87.75798539375184,37.41554491292973,,1.0
road,4,set_cal,2012-06-05,0.1,StructuralRobust,83.0,122.77817962973685,102.51806723739496,133.7659867597941,62.18139553643731,0.0,1.0
road,4,set_cal,2012-06-05,0.1,ExpectedActionValue,83.0,86.11000124780035,26.994252795140792,34.9509938437193,15.828363169395391,,1.0
road,4,set_cal,2012-06-05,0.1,PointwiseWorstAction,83.0,86.14047957396963,26.756147137005794,34.575779291544045,15.577718363897926,,1.0
road,4,set_cal,2012-06-05,0.1,ScenarioCVaR,83.0,86.17018461489747,26.91955208109751,34.80552683623651,15.672370973555307,,1.0
road,4,set_cal,2012-06-05,0.1,RiskFirst,83.0,20.44571715511627,102.45537250391257,133.68138883485258,62.13836540543605,,1.0
road,4,set_cal,2012-06-05,0.1,TemporalContext2024,83.0,20.31831566170751,101.97577452213457,133.08377539797485,61.919717323713996,,1.0
road,4,set_cal,2012-06-05,0.1,NetworkPropagation2024,83.0,20.314599250436768,101.23348810818878,132.18065301881896,61.620089688309506,,1.0
road,4,set_cal,2012-06-05,0.1,CalibratedUncertainty2025,83.0,19.242581108560824,103.16373172450776,134.53188334478097,62.38815977098426,,1.0
road,4,set_cal,2012-06-05,0.1,MappedPTO2026,83.0,20.302081167423747,102.24421140052237,133.408652870076,62.01595459542892,,1.0
road,4,set_cal,2012-06-05,0.1,GroupAware2025,83.0,18.178350543413753,102.53763259879987,133.74926958014126,62.09102401957993,,1.0
road,4,set_cal,2012-06-05,0.1,RobustImprovement2025,83.0,19.355942397477182,103.06403072720092,134.48359486102282,62.51660585930402,,1.0
road,4,set_cal,2012-06-05,0.2,StructuralRobust,166.0,88.19142780409616,142.00938705545053,189.17531122696056,94.99957856405499,0.0,1.0
road,4,set_cal,2012-06-05,0.2,ExpectedActionValue,166.0,119.62490383077142,54.82392312852736,70.86402410922783,31.702201863334444,,1.0
road,4,set_cal,2012-06-05,0.2,PointwiseWorstAction,166.0,119.73493450640251,52.782733291908464,68.06472650894368,30.125775152798916,,1.0
road,4,set_cal,2012-06-05,0.2,ScenarioCVaR,166.0,119.72722140809512,53.23230260553133,68.740012995337,30.591177277311246,,1.0
road,4,set_cal,2012-06-05,0.2,RiskFirst,166.0,40.79604662414495,141.10479088261167,188.01838067278564,94.52577174599764,,1.0
road,4,set_cal,2012-06-05,0.2,TemporalContext2024,166.0,38.883470458594566,141.58924610538182,188.59840428923252,94.65041427816541,,1.0
road,4,set_cal,2012-06-05,0.2,NetworkPropagation2024,166.0,40.45713980226822,141.5847218654004,188.64384687629598,94.80252824721751,,1.0
road,4,set_cal,2012-06-05,0.2,CalibratedUncertainty2025,166.0,39.86667756124235,141.06492171854427,187.84019797928775,94.1149950753695,,1.0
road,4,set_cal,2012-06-05,0.2,MappedPTO2026,166.0,41.62897243926142,140.92454951852594,187.7570594604404,94.2710098170277,,1.0
road,4,set_cal,2012-06-05,0.2,GroupAware2025,166.0,40.67080128164725,140.72676926288244,187.48242608093304,94.2136521981414,,1.0
road,4,set_cal,2012-06-05,0.2,RobustImprovement2025,166.0,41.48835010814923,140.86542815453052,187.67696580223551,94.26605088024618,,1.0
road,4,set_cal,2012-06-06,0.01,StructuralRobust,8.0,23.42365633192857,22.78266539951629,28.23927094165172,10.46927913656181,0.0,1.0
road,4,set_cal,2012-06-06,0.01,ExpectedActionValue,8.0,16.11689251019635,2.134097898975023,2.9513273574779837,1.7103800671771814,,1.0
road,4,set_cal,2012-06-06,0.01,PointwiseWorstAction,8.0,16.140498479697534,2.2465987558972427,3.1502959862613706,1.8996419324373917,,1.0
road,4,set_cal,2012-06-06,0.01,ScenarioCVaR,8.0,16.140498479697534,2.2465987558972422,3.1502959862613706,1.899641932437392,,1.0
road,4,set_cal,2012-06-06,0.01,RiskFirst,8.0,3.240027292265938,22.78266539951629,28.23927094165172,10.469279136561816,,1.0
road,4,set_cal,2012-06-06,0.01,TemporalContext2024,8.0,3.240027292265938,22.78266539951629,28.23927094165172,10.469279136561816,,1.0
road,4,set_cal,2012-06-06,0.01,NetworkPropagation2024,8.0,3.240027292265938,22.78266539951629,28.23927094165172,10.469279136561816,,1.0
road,4,set_cal,2012-06-06,0.01,CalibratedUncertainty2025,8.0,3.0580814187625367,20.274865092055098,25.28276442665597,9.668113419398399,,1.0
road,4,set_cal,2012-06-06,0.01,MappedPTO2026,8.0,3.240027292265938,22.78266539951629,28.23927094165172,10.469279136561816,,1.0
road,4,set_cal,2012-06-06,0.01,GroupAware2025,8.0,3.240027292265938,22.78266539951629,28.23927094165172,10.469279136561816,,1.0
road,4,set_cal,2012-06-06,0.01,RobustImprovement2025,8.0,3.2577146698742236,23.163933912662397,28.70611795270972,10.63118552431757,,1.0
road,4,set_cal,2012-06-06,0.03,StructuralRobust,25.0,57.850816217489054,45.937328602604026,58.667085217194035,24.931070463873624,0.0,1.0
road,4,set_cal,2012-06-06,0.03,ExpectedActionValue,25.0,34.845285618084986,5.2083605891438465,7.088155440034216,3.8327195928567432,,1.0
road,4,set_cal,2012-06-06,0.03,PointwiseWorstAction,25.0,35.016934841348096,5.065955140701478,6.848582843077068,3.595570681523011,,1.0
road,4,set_cal,2012-06-06,0.03,ScenarioCVaR,25.0,35.03599210264497,5.061830884332121,6.844458586707714,3.5955706815230126,,1.0
road,4,set_cal,2012-06-06,0.03,RiskFirst,25.0,5.878066015228488,46.492597774315996,59.364077563877245,25.200789270226693,,1.0
road,4,set_cal,2012-06-06,0.03,TemporalContext2024,25.0,7.094987120980681,44.934587090901594,57.37484520589872,24.368975232694304,,1.0
road,4,set_cal,2012-06-06,0.03,NetworkPropagation2024,25.0,6.851189898584255,46.397260733857486,59.229536015802864,25.119966904479902,,1.0
road,4,set_cal,2012-06-06,0.03,CalibratedUncertainty2025,25.0,5.434972831851637,46.79881253501273,59.64882862851029,25.130992657681333,,1.0
road,4,set_cal,2012-06-06,0.03,MappedPTO2026,25.0,5.878066015228488,46.492597774315996,59.36407756387724,25.200789270226693,,1.0
road,4,set_cal,2012-06-06,0.03,GroupAware2025,25.0,5.951953248640728,46.32005407645604,59.13201891569186,25.08111499802839,,1.0
road,4,set_cal,2012-06-06,0.03,RobustImprovement2025,25.0,6.791951801637389,46.40116735591074,59.23015868551236,25.11185665653364,,1.0
road,4,set_cal,2012-06-06,0.05,StructuralRobust,41.0,36.90470921751107,62.31715716776607,80.56592031617232,36.004736705607726,0.0,1.0
road,4,set_cal,2012-06-06,0.05,ExpectedActionValue,41.0,48.808020690941326,11.8164680849822,15.417163506275132,7.163479738594033,,1.0
road,4,set_cal,2012-06-06,0.05,PointwiseWorstAction,41.0,48.875274321691364,11.748349612828465,15.352483248116778,7.181803420624407,,1.0
road,4,set_cal,2012-06-06,0.05,ScenarioCVaR,41.0,48.859118537990696,11.821586013295631,15.43291760677589,7.189865133799385,,1.0
road,4,set_cal,2012-06-06,0.05,RiskFirst,41.0,8.625170489787688,62.64131013821817,81.00492638103381,36.2416138657532,,1.0
road,4,set_cal,2012-06-06,0.05,TemporalContext2024,41.0,9.228780762357522,60.45506822839027,78.07711348904323,34.76960371233461,,1.0
road,4,set_cal,2012-06-06,0.05,NetworkPropagation2024,41.0,8.708226362831347,61.88699345432305,80.11952161713732,36.01017240043733,,1.0
road,4,set_cal,2012-06-06,0.05,CalibratedUncertainty2025,41.0,8.76845695171707,63.21799345612819,81.65432305342797,36.348703159569574,,1.0
road,4,set_cal,2012-06-06,0.05,MappedPTO2026,41.0,8.9975909969205,61.586785258216075,79.75438290374849,35.897118881829606,,1.0
road,4,set_cal,2012-06-06,0.05,GroupAware2025,41.0,8.660014571899364,62.56598274806613,80.96185640246632,36.31410445550338,,1.0
road,4,set_cal,2012-06-06,0.05,RobustImprovement2025,41.0,9.198357694219256,61.79956987470639,79.86563442194971,35.631844640018514,,1.0
road,4,set_cal,2012-06-06,0.1,StructuralRobust,83.0,103.38099293840558,91.8674220619638,120.986990555649,58.21184419347793,0.0,1.0
road,4,set_cal,2012-06-06,0.1,ExpectedActionValue,83.0,76.08141642452813,26.02527412984193,34.09800490964533,16.09044726162728,,1.0
road,4,set_cal,2012-06-06,0.1,PointwiseWorstAction,83.0,76.15124075228285,25.919064791837247,33.89675919456085,15.884403409235485,,1.0
road,4,set_cal,2012-06-06,0.1,ScenarioCVaR,83.0,76.15124075228286,25.919064791837243,33.89675919456085,15.884403409235496,,1.0
road,4,set_cal,2012-06-06,0.1,RiskFirst,83.0,20.420711752905493,92.46010526958882,121.78317705127206,58.626078656215824,,1.0
road,4,set_cal,2012-06-06,0.1,TemporalContext2024,83.0,19.82524166849349,90.26176377751561,118.90423500718877,57.24955044983379,,1.0
road,4,set_cal,2012-06-06,0.1,NetworkPropagation2024,83.0,19.834134758652723,92.47355901187831,121.82231557425759,58.677876852145005,,1.0
road,4,set_cal,2012-06-06,0.1,CalibratedUncertainty2025,83.0,19.078871340905195,94.60961210695498,124.38984540891894,59.4447073678821,,1.0
road,4,set_cal,2012-06-06,0.1,MappedPTO2026,83.0,21.090977371532745,92.17964978916581,121.41694591039116,58.45196190578716,,1.0
road,4,set_cal,2012-06-06,0.1,GroupAware2025,83.0,19.594220928828545,92.38345594185675,121.69400107127858,58.607061946995785,,1.0
road,4,set_cal,2012-06-06,0.1,RobustImprovement2025,83.0,19.831891979674413,92.55568447223813,122.02430048300714,58.934495944564375,,1.0
road,4,set_cal,2012-06-06,0.2,StructuralRobust,166.0,72.10760775248293,131.33094023944676,176.18406265349512,90.67024418721874,0.0,1.0
road,4,set_cal,2012-06-06,0.2,ExpectedActionValue,166.0,110.46150652098147,50.901242089549136,66.82705888070676,31.690636912901603,,1.0
road,4,set_cal,2012-06-06,0.2,PointwiseWorstAction,166.0,110.53619280899785,49.938818067030624,65.52905863001793,31.01986982605156,,1.0
road,4,set_cal,2012-06-06,0.2,ScenarioCVaR,166.0,110.63023381761882,49.803584867334244,65.354742640036,30.94563301450855,,1.0
road,4,set_cal,2012-06-06,0.2,RiskFirst,166.0,40.05145579056777,131.3451805292295,176.40481788676948,91.25040016639454,,1.0
road,4,set_cal,2012-06-06,0.2,TemporalContext2024,166.0,39.01209525201246,130.805486421808,175.52614236255482,90.47872346114428,,1.0
road,4,set_cal,2012-06-06,0.2,NetworkPropagation2024,166.0,39.78123933541518,131.03180782829378,175.87437655469756,90.7817198430034,,1.0
road,4,set_cal,2012-06-06,0.2,CalibratedUncertainty2025,166.0,39.76406838847846,131.87854899145708,176.8436380781173,90.88268173589344,,1.0
road,4,set_cal,2012-06-06,0.2,MappedPTO2026,166.0,40.38872100760899,130.44810387287527,175.29603867792432,90.84908288173736,,1.0
road,4,set_cal,2012-06-06,0.2,GroupAware2025,166.0,40.9090243725712,131.6403930580832,176.7967984127469,91.45525885297835,,1.0
road,4,set_cal,2012-06-06,0.2,RobustImprovement2025,166.0,39.79641200026067,129.76702753178685,174.32779982183533,90.2492833437949,,1.0
road,4,test,2012-06-07,0.01,StructuralRobust,8.0,23.621000053046348,21.207336832189256,26.39770161476103,9.982726827137572,0.0,1.0
road,4,test,2012-06-07,0.01,ExpectedActionValue,8.0,21.161727516463174,4.818355861236467,6.444935185487644,3.2922953516289546,,1.0
road,4,test,2012-06-07,0.01,PointwiseWorstAction,8.0,21.161727516463174,4.818355861236467,6.444935185487644,3.2922953516289546,,1.0
road,4,test,2012-06-07,0.01,ScenarioCVaR,8.0,21.161727516463174,4.818355861236467,6.444935185487644,3.2922953516289546,,1.0
road,4,test,2012-06-07,0.01,RiskFirst,8.0,1.9082353916629626,21.774505943988128,26.992684940958934,10.012346011159835,,1.0
road,4,test,2012-06-07,0.01,TemporalContext2024,8.0,2.047017106535617,23.68082576927009,29.28927963719082,10.742083838342875,,1.0
road,4,test,2012-06-07,0.01,NetworkPropagation2024,8.0,1.9082353916629626,21.774505943988128,26.992684940958934,10.012346011159835,,1.0
road,4,test,2012-06-07,0.01,CalibratedUncertainty2025,8.0,1.9199149756349774,23.374387436366316,28.948445310757045,10.68707009735385,,1.0
road,4,test,2012-06-07,0.01,MappedPTO2026,8.0,2.135906129645935,21.35304817790818,26.54560461986208,9.977747679373355,,1.0
road,4,test,2012-06-07,0.01,GroupAware2025,8.0,1.9082353916629626,21.774505943988128,26.992684940958934,10.012346011159835,,1.0
road,4,test,2012-06-07,0.01,RobustImprovement2025,8.0,2.135906129645935,21.35304817790818,26.54560461986208,9.977747679373355,,1.0
road,4,test,2012-06-07,0.03,StructuralRobust,25.0,61.11200856715986,53.06891411433777,67.12357519023111,27.30181763790212,0.0,1.0
road,4,test,2012-06-07,0.03,ExpectedActionValue,25.0,44.964900155343315,8.790916110232807,11.780581417887117,5.823718624679332,,1.0
road,4,test,2012-06-07,0.03,PointwiseWorstAction,25.0,44.964900155343315,8.790916110232807,11.780581417887118,5.8237186246793335,,1.0
road,4,test,2012-06-07,0.03,ScenarioCVaR,25.0,44.964900155343315,8.790916110232807,11.780581417887117,5.823718624679335,,1.0
road,4,test,2012-06-07,0.03,RiskFirst,25.0,6.351243060272163,53.06891411433778,67.12357519023111,27.30181763790211,,1.0
road,4,test,2012-06-07,0.03,TemporalContext2024,25.0,6.366411511395045,53.84679089358172,68.13518465274696,27.761201753092585,,1.0
road,4,test,2012-06-07,0.03,NetworkPropagation2024,25.0,6.546862359894506,54.23112558010741,68.61068001136702,27.93447339744167,,1.0
road,4,test,2012-06-07,0.03,CalibratedUncertainty2025,25.0,8.330338099233353,52.06756497974386,65.90822286288812,26.90679772994357,,1.0
road,4,test,2012-06-07,0.03,MappedPTO2026,25.0,6.123816450106144,52.93947447592682,66.96996422780332,27.253455306082152,,1.0
road,4,test,2012-06-07,0.03,GroupAware2025,25.0,6.556299662022157,51.88570225944123,65.76968315878813,27.01159747061199,,1.0
road,4,test,2012-06-07,0.03,RobustImprovement2025,25.0,5.662649513093659,53.27057455728985,67.37101537934733,27.386809347395086,,1.0
road,4,test,2012-06-07,0.05,StructuralRobust,41.0,40.63267688908239,73.00344093776422,93.36013497406647,39.83100988286823,0.0,1.0
road,4,test,2012-06-07,0.05,ExpectedActionValue,41.0,59.353440098136005,13.062028061089825,17.26608282930866,8.17599614670416,,1.0
road,4,test,2012-06-07,0.05,PointwiseWorstAction,41.0,59.389096644149696,13.005147214777475,17.209201982996312,8.175996146704163,,1.0
road,4,test,2012-06-07,0.05,ScenarioCVaR,41.0,59.389096644149696,13.005147214777477,17.209201982996312,8.175996146704161,,1.0
road,4,test,2012-06-07,0.05,RiskFirst,41.0,8.016166002979428,75.33222330145004,96.270282387594,40.936560030090405,,1.0
road,4,test,2012-06-07,0.05,TemporalContext2024,41.0,8.502073543785453,75.19552097246496,96.19048674897093,41.07346775140367,,1.0
road,4,test,2012-06-07,0.05,NetworkPropagation2024,41.0,8.001187815072317,74.65498146921021,95.4774539553746,40.73362665218069,,1.0
road,4,test,2012-06-07,0.05,CalibratedUncertainty2025,41.0,10.924212339102407,74.46248099745073,95.26787316022576,40.72423570944076,,1.0
road,4,test,2012-06-07,0.05,MappedPTO2026,41.0,8.003738417506113,74.9696310181785,95.81588533475089,40.76272744332023,,1.0
road,4,test,2012-06-07,0.05,GroupAware2025,41.0,8.016166002979428,75.33222330145004,96.270282387594,40.93656003009042,,1.0
road,4,test,2012-06-07,0.05,RobustImprovement2025,41.0,8.190026019485774,74.10225423196081,94.68687858904546,40.24412248159631,,1.0
road,4,test,2012-06-07,0.1,StructuralRobust,83.0,116.84669342663895,114.91785383173601,149.4895132708472,68.39496701873858,0.0,1.0
road,4,test,2012-06-07,0.1,ExpectedActionValue,83.0,86.25523217501072,25.84659510254455,33.916380812440906,15.85576275638724,,1.0
road,4,test,2012-06-07,0.1,PointwiseWorstAction,83.0,86.36408781216912,27.294546397964734,35.77258505782234,16.67491374924135,,1.0
road,4,test,2012-06-07,0.1,ScenarioCVaR,83.0,86.31533682518642,25.782533651378483,33.843185079891974,15.840363322236595,,1.0
road,4,test,2012-06-07,0.1,RiskFirst,83.0,21.038122817775864,115.2051884796791,149.86606613133094,68.57351801221509,,1.0
road,4,test,2012-06-07,0.1,TemporalContext2024,83.0,18.834480918773153,114.20802394898332,148.7512117673037,68.41105820919388,,1.0
road,4,test,2012-06-07,0.1,NetworkPropagation2024,83.0,23.946796853249626,112.50775349944395,146.43964257113922,67.14873952480274,,1.0
road,4,test,2012-06-07,0.1,CalibratedUncertainty2025,83.0,20.58275093169869,116.64303438616085,151.72119034043712,69.38698445078765,,1.0
road,4,test,2012-06-07,0.1,MappedPTO2026,83.0,21.368879960076804,113.98414343616777,148.37564827602003,68.07090869658167,,1.0
road,4,test,2012-06-07,0.1,GroupAware2025,83.0,21.038122817775864,115.2051884796791,149.86606613133094,68.57351801221509,,1.0
road,4,test,2012-06-07,0.1,RobustImprovement2025,83.0,25.364707792677933,116.47622795023683,151.3789559841646,68.99269326408985,,1.0
road,4,test,2012-06-07,0.2,StructuralRobust,166.0,86.48213753569418,164.3119037911303,217.28636878061613,106.01083974425387,0.0,1.0
road,4,test,2012-06-07,0.2,ExpectedActionValue,166.0,117.09285114357799,56.445375677309414,74.36864961674449,35.5977509510701,,1.0
road,4,test,2012-06-07,0.2,PointwiseWorstAction,166.0,117.17949080645681,57.38375365822612,75.5759431116566,36.11259202167758,,1.0
road,4,test,2012-06-07,0.2,ScenarioCVaR,166.0,117.15324285042254,56.954836520853426,74.95303568786815,35.707646090051306,,1.0
road,4,test,2012-06-07,0.2,RiskFirst,166.0,41.073287132904895,163.92594922553573,217.19431777370824,106.7572067783681,,1.0
road,4,test,2012-06-07,0.2,TemporalContext2024,166.0,41.11944028403749,163.74121786064208,217.11204008056242,107.00152914309811,,1.0
road,4,test,2012-06-07,0.2,NetworkPropagation2024,166.0,40.932706937888426,162.5518996529213,215.47464985908294,106.05910796727915,,1.0
road,4,test,2012-06-07,0.2,CalibratedUncertainty2025,166.0,40.594093952475305,163.8463337157498,217.11164121552957,106.75185026422477,,1.0
road,4,test,2012-06-07,0.2,MappedPTO2026,166.0,40.84469796533224,163.8528041958398,217.10466719223328,106.72678495017814,,1.0
road,4,test,2012-06-07,0.2,GroupAware2025,166.0,41.18602120423769,163.4308245420877,216.54313255542576,106.45278500087375,,1.0
road,4,test,2012-06-07,0.2,RobustImprovement2025,166.0,41.3138457102476,165.12665684532655,218.71677768370438,107.36440909723083,,1.0
road,4,test,2012-06-08,0.01,StructuralRobust,8.0,19.02578762333631,12.466626751603204,15.886063496288154,6.637349351455651,0.0,1.0
road,4,test,2012-06-08,0.01,ExpectedActionValue,8.0,11.754964408528394,1.646820221820648,2.3927967544757616,1.4904415468453163,,1.0
road,4,test,2012-06-08,0.01,PointwiseWorstAction,8.0,11.97444340156214,1.8445627799201092,2.671879527189024,1.6882474781359114,,1.0
road,4,test,2012-06-08,0.01,ScenarioCVaR,8.0,11.754964408528394,1.646820221820648,2.3927967544757616,1.4904415468453163,,1.0
road,4,test,2012-06-08,0.01,RiskFirst,8.0,1.7966963465815697,12.466626751603203,15.886063496288156,6.637349351455649,,1.0
road,4,test,2012-06-08,0.01,TemporalContext2024,8.0,1.7966963465815697,12.466626751603204,15.886063496288156,6.637349351455651,,1.0
road,4,test,2012-06-08,0.01,NetworkPropagation2024,8.0,1.7966963465815697,12.466626751603203,15.886063496288154,6.637349351455649,,1.0
road,4,test,2012-06-08,0.01,CalibratedUncertainty2025,8.0,1.63852633759203,11.307089565292031,14.451427954531345,6.123273448941855,,1.0
road,4,test,2012-06-08,0.01,MappedPTO2026,8.0,1.909534353511594,12.167141553733801,15.546119924276507,6.577193744914515,,1.0
road,4,test,2012-06-08,0.01,GroupAware2025,8.0,1.7966963465815697,12.466626751603203,15.886063496288156,6.637349351455649,,1.0
road,4,test,2012-06-08,0.01,RobustImprovement2025,8.0,1.7625011605836087,12.977503034919934,16.62338590246039,7.148466706053856,,1.0
road,4,test,2012-06-08,0.03,StructuralRobust,25.0,45.87058522792449,26.43745620649745,34.56451045092262,16.086913140858208,0.0,1.0
road,4,test,2012-06-08,0.03,ExpectedActionValue,25.0,23.783571988165495,3.607035478755046,4.89202313181019,2.511591107992553,,1.0
road,4,test,2012-06-08,0.03,PointwiseWorstAction,25.0,23.92721841337493,3.468672359436422,4.742882675097033,2.4995204901106765,,1.0
road,4,test,2012-06-08,0.03,ScenarioCVaR,25.0,23.831349751193176,3.7145318524038506,5.046174240173413,2.571168862492768,,1.0
road,4,test,2012-06-08,0.03,RiskFirst,25.0,4.066358463055051,25.965914791550713,33.97094080193766,15.858669124147813,,1.0
road,4,test,2012-06-08,0.03,TemporalContext2024,25.0,4.2688338443369975,26.157642980032026,34.220937110372645,15.971005407705793,,1.0
road,4,test,2012-06-08,0.03,NetworkPropagation2024,25.0,4.0472573376249406,27.01059001306694,35.30516931272751,16.410334748770495,,1.0
road,4,test,2012-06-08,0.03,CalibratedUncertainty2025,25.0,4.197795966777146,27.807941378722152,36.31986712238409,16.82712077762611,,1.0
road,4,test,2012-06-08,0.03,MappedPTO2026,25.0,4.048842251809398,25.79593194151215,33.7410529612925,15.737807832693058,,1.0
road,4,test,2012-06-08,0.03,GroupAware2025,25.0,4.06635846305505,25.965914791550713,33.97094080193766,15.858669124147813,,1.0
road,4,test,2012-06-08,0.03,RobustImprovement2025,25.0,4.0663584630550496,25.96591479155071,33.97094080193766,15.858669124147816,,1.0
road,4,test,2012-06-08,0.05,StructuralRobust,41.0,27.847012181950646,35.667028841444306,47.25425494567896,23.108965505434284,0.0,1.0
road,4,test,2012-06-08,0.05,ExpectedActionValue,41.0,32.37393944465657,8.631542657254581,11.12893356680614,4.847038104900447,,1.0
road,4,test,2012-06-08,0.05,PointwiseWorstAction,41.0,32.39650844357936,9.081250172713993,11.769034480451321,5.238232078925012,,1.0
road,4,test,2012-06-08,0.05,ScenarioCVaR,41.0,32.39650844357936,9.081250172713993,11.769034480451321,5.238232078925012,,1.0
road,4,test,2012-06-08,0.05,RiskFirst,41.0,5.758718500400709,35.83860157306308,47.58977327018322,23.534124104339746,,1.0
road,4,test,2012-06-08,0.05,TemporalContext2024,41.0,5.90158489542217,35.66416797533766,47.34508117909955,23.38928810779347,,1.0
road,4,test,2012-06-08,0.05,NetworkPropagation2024,41.0,5.813383745748738,35.623140489276054,47.2740331475509,23.276184145579123,,1.0
road,4,test,2012-06-08,0.05,CalibratedUncertainty2025,41.0,7.810768025803222,36.80826499569355,48.73745205781088,23.8390751592896,,1.0
road,4,test,2012-06-08,0.05,MappedPTO2026,41.0,6.539544510864194,35.729996731063494,47.452690646891206,23.48151293966741,,1.0
road,4,test,2012-06-08,0.05,GroupAware2025,41.0,6.381539459802605,35.702222857764255,47.39586822392145,23.367771119947477,,1.0
road,4,test,2012-06-08,0.05,RobustImprovement2025,41.0,8.901684150466338,36.01938677630673,47.824816969509314,23.637201890221462,,1.0
road,4,test,2012-06-08,0.1,StructuralRobust,83.0,81.50764762298859,50.86573071078711,68.69136288452925,35.99109320337295,0.0,1.0
road,4,test,2012-06-08,0.1,ExpectedActionValue,83.0,48.03374183503275,17.581167195301223,22.609385238185325,9.796066444110032,,1.0
road,4,test,2012-06-08,0.1,PointwiseWorstAction,83.0,48.030898836081036,17.51875375390467,22.546971796788764,9.796066444110025,,1.0
road,4,test,2012-06-08,0.1,ScenarioCVaR,83.0,48.030898836081036,17.518753753904665,22.546971796788764,9.796066444110032,,1.0
road,4,test,2012-06-08,0.1,RiskFirst,83.0,15.78773951275981,50.140639330242344,67.91523614427474,35.946864960601424,,1.0
road,4,test,2012-06-08,0.1,TemporalContext2024,83.0,15.140009288360513,51.186750358373594,69.19102289489771,36.378109809858834,,1.0
road,4,test,2012-06-08,0.1,NetworkPropagation2024,83.0,15.330934074125368,51.12422127800909,69.10447131604992,36.27409869919843,,1.0
road,4,test,2012-06-08,0.1,CalibratedUncertainty2025,83.0,15.131789447180298,51.30988137698136,69.3289313436182,36.38689742276126,,1.0
road,4,test,2012-06-08,0.1,MappedPTO2026,83.0,15.787739512759808,50.14063933024235,67.91523614427473,35.94686496060143,,1.0
road,4,test,2012-06-08,0.1,GroupAware2025,83.0,15.751732125410916,50.22709125557177,68.00168806960417,35.94686496060144,,1.0
road,4,test,2012-06-08,0.1,RobustImprovement2025,83.0,15.643289314063828,49.92810780546986,67.5866945203376,35.661374047811414,,1.0
road,4,test,2012-06-08,0.2,StructuralRobust,166.0,52.13148145818067,73.22303128225509,101.0284709642506,56.7851287346639,0.0,1.0
road,4,test,2012-06-08,0.2,ExpectedActionValue,166.0,66.8346867302488,32.16540227998168,41.88553226258393,19.215392291811774,,1.0
road,4,test,2012-06-08,0.2,PointwiseWorstAction,166.0,66.9629096988418,31.869679639378763,41.46807852617432,18.9560119161775,,1.0
road,4,test,2012-06-08,0.2,ScenarioCVaR,166.0,66.85635915733633,31.587049662488358,41.06645751964229,18.71969010761318,,1.0
road,4,test,2012-06-08,0.2,RiskFirst,166.0,25.47890177945723,72.98035855167284,100.66813940552302,56.599893481528355,,1.0
road,4,test,2012-06-08,0.2,TemporalContext2024,166.0,23.599157932206488,72.28402162640477,99.58472287183169,55.57211731026099,,1.0
road,4,test,2012-06-08,0.2,NetworkPropagation2024,166.0,25.58721211236683,72.61125464230054,100.17895997746395,56.38506504257447,,1.0
road,4,test,2012-06-08,0.2,CalibratedUncertainty2025,166.0,27.342598256285573,72.78711112005833,100.45125507172877,56.5477502391651,,1.0
road,4,test,2012-06-08,0.2,MappedPTO2026,166.0,25.451945592030928,72.94252979486326,100.58493493608212,56.56391636932382,,1.0
road,4,test,2012-06-08,0.2,GroupAware2025,166.0,23.60146127637253,72.61180575834355,100.05881639102631,56.067367612408745,,1.0
road,4,test,2012-06-08,0.2,RobustImprovement2025,166.0,25.750863403061715,72.86365403805762,100.55354987530437,56.61983279711994,,1.0
road,4,test,2012-06-11,0.01,StructuralRobust,8.0,22.625725850988033,14.006823178239038,17.968097118252818,7.741046877463987,0.0,1.0
road,4,test,2012-06-11,0.01,ExpectedActionValue,8.0,21.15345097417146,1.4061428741725726,1.9332506643607033,0.9975049915828915,,1.0
road,4,test,2012-06-11,0.01,PointwiseWorstAction,8.0,21.15345097417146,1.4061428741725726,1.9332506643607033,0.9975049915828915,,1.0
road,4,test,2012-06-11,0.01,ScenarioCVaR,8.0,21.15345097417146,1.4061428741725726,1.9332506643607033,0.9975049915828915,,1.0
road,4,test,2012-06-11,0.01,RiskFirst,8.0,1.6866001891636309,14.006823178239037,17.968097118252818,7.7410468774639885,,1.0
road,4,test,2012-06-11,0.01,TemporalContext2024,8.0,1.6866001891636306,14.006823178239035,17.968097118252818,7.74104687746399,,1.0
road,4,test,2012-06-11,0.01,NetworkPropagation2024,8.0,1.6866001891636309,14.006823178239037,17.968097118252818,7.7410468774639885,,1.0
road,4,test,2012-06-11,0.01,CalibratedUncertainty2025,8.0,1.0976824912503391,11.296298795615263,14.59403981187258,6.45486889330906,,1.0
road,4,test,2012-06-11,0.01,MappedPTO2026,8.0,1.6866001891636309,14.006823178239037,17.968097118252818,7.7410468774639885,,1.0
road,4,test,2012-06-11,0.01,GroupAware2025,8.0,1.6866001891636306,14.006823178239035,17.968097118252818,7.74104687746399,,1.0
road,4,test,2012-06-11,0.01,RobustImprovement2025,8.0,1.6206281858016294,12.784335004639832,16.432769796884955,7.142717344236608,,1.0
road,4,test,2012-06-11,0.03,StructuralRobust,25.0,54.566984583217554,25.243668515134882,33.138373789651816,15.652669150388743,0.0,1.0
road,4,test,2012-06-11,0.03,ExpectedActionValue,25.0,41.19151652693439,2.7604435596606853,3.547216953432755,1.407410856564101,,1.0
road,4,test,2012-06-11,0.03,PointwiseWorstAction,25.0,41.168833105863776,2.8705117322918956,3.6734667268845564,1.4255342494831633,,1.0
road,4,test,2012-06-11,0.03,ScenarioCVaR,25.0,41.19151652693439,2.7604435596606853,3.547216953432755,1.407410856564101,,1.0
road,4,test,2012-06-11,0.03,RiskFirst,25.0,3.9648351910127837,25.92354336915547,34.085095243510374,16.219022977527832,,1.0
road,4,test,2012-06-11,0.03,TemporalContext2024,25.0,4.017304828765845,25.850353639432637,33.93072054809885,16.013255785446777,,1.0
road,4,test,2012-06-11,0.03,NetworkPropagation2024,25.0,4.017304828765846,25.85035363943264,33.93072054809885,16.01325578544678,,1.0
road,4,test,2012-06-11,0.03,CalibratedUncertainty2025,25.0,3.748382576320171,24.50518258535376,32.211229390163965,15.301329749665147,,1.0
road,4,test,2012-06-11,0.03,MappedPTO2026,25.0,3.917113544137964,24.85184286292773,32.725443317424926,15.674079582975562,,1.0
road,4,test,2012-06-11,0.03,GroupAware2025,25.0,3.9598296547043064,26.22508646622522,34.48018031165051,16.399541276120914,,1.0
road,4,test,2012-06-11,0.03,RobustImprovement2025,25.0,3.884079795211988,25.344815766980997,33.29932627637378,15.776311317389425,,1.0
road,4,test,2012-06-11,0.05,StructuralRobust,41.0,32.95542860698241,33.11120621633995,44.06802084378395,21.93997379344043,0.0,1.0
road,4,test,2012-06-11,0.05,ExpectedActionValue,41.0,53.176584049906474,6.257174416449816,8.026433952193331,3.3189392220860157,,1.0
road,4,test,2012-06-11,0.05,PointwiseWorstAction,41.0,53.176584049906474,6.257174416449816,8.026433952193333,3.3189392220860174,,1.0
road,4,test,2012-06-11,0.05,ScenarioCVaR,41.0,53.176584049906474,6.257174416449816,8.026433952193331,3.3189392220860157,,1.0
road,4,test,2012-06-11,0.05,RiskFirst,41.0,6.630834956405581,32.99470935191017,43.95925079237252,21.963765920628717,,1.0
road,4,test,2012-06-11,0.05,TemporalContext2024,41.0,6.752734821791916,33.51610107766741,44.61601526718509,22.22887492659069,,1.0
road,4,test,2012-06-11,0.05,NetworkPropagation2024,41.0,6.494227395499155,32.26642778022661,42.848118282924425,21.160231350360576,,1.0
road,4,test,2012-06-11,0.05,CalibratedUncertainty2025,41.0,10.569404581225857,32.975673768363286,43.826181650987685,21.70801064671211,,1.0
road,4,test,2012-06-11,0.05,MappedPTO2026,41.0,6.630834956405579,32.994709351910174,43.95925079237252,21.96376592062871,,1.0
road,4,test,2012-06-11,0.05,GroupAware2025,41.0,10.49095762565793,32.49219941325708,43.24149456791633,21.469290770878835,,1.0
road,4,test,2012-06-11,0.05,RobustImprovement2025,41.0,10.25185358126215,33.28624099601541,44.28095362783843,22.00323694702189,,1.0
road,4,test,2012-06-11,0.1,StructuralRobust,83.0,89.25640438528607,46.72935478892055,63.1424748590666,33.21860203301913,0.0,1.0
road,4,test,2012-06-11,0.1,ExpectedActionValue,83.0,71.2225299293924,14.517932613758244,19.02001989030673,8.7633684303802,,1.0
road,4,test,2012-06-11,0.1,PointwiseWorstAction,83.0,71.40321924996067,14.140319967871473,18.427517961860932,8.300407176602373,,1.0
road,4,test,2012-06-11,0.1,ScenarioCVaR,83.0,71.40171857791599,14.158966651546939,18.446164645536403,8.300407176602368,,1.0
road,4,test,2012-06-11,0.1,RiskFirst,83.0,19.671784723260508,47.90571343183863,64.94612049169388,34.533553968489606,,1.0
road,4,test,2012-06-11,0.1,TemporalContext2024,83.0,18.954364075743044,46.573991672105485,62.893033864486384,32.979781308154635,,1.0
road,4,test,2012-06-11,0.1,NetworkPropagation2024,83.0,18.901910738688105,47.0945892258602,63.716023563761404,33.655202589141474,,1.0
road,4,test,2012-06-11,0.1,CalibratedUncertainty2025,83.0,19.501944014004646,46.56156426761866,62.927621069335814,33.063417439797256,,1.0
road,4,test,2012-06-11,0.1,MappedPTO2026,83.0,19.539074140006456,47.973396196741156,65.03722203179801,34.57988882336391,,1.0
road,4,test,2012-06-11,0.1,GroupAware2025,83.0,19.38459712356759,48.40081771228501,65.67530277136203,35.03550001897428,,1.0
road,4,test,2012-06-11,0.1,RobustImprovement2025,83.0,19.57713705048595,48.24788034761769,65.47519279777228,34.9469346995247,,1.0
road,4,test,2012-06-11,0.2,StructuralRobust,166.0,55.64232100288997,62.980822113518315,86.36658817047307,47.28040694772267,0.0,1.0
road,4,test,2012-06-11,0.2,ExpectedActionValue,166.0,90.05086928418987,26.467569129747073,34.91932397102831,16.598336552305913,,1.0
road,4,test,2012-06-11,0.2,PointwiseWorstAction,166.0,90.21272033192581,26.389851523453256,34.77517506807644,16.43732462439875,,1.0
road,4,test,2012-06-11,0.2,ScenarioCVaR,166.0,90.1961362623596,26.473449893956488,34.898869335202775,16.486090751242816,,1.0
road,4,test,2012-06-11,0.2,RiskFirst,166.0,39.3450123337561,63.45258374209124,87.12629633731764,47.92448462902208,,1.0
road,4,test,2012-06-11,0.2,TemporalContext2024,166.0,38.93379894282839,62.63104158409776,85.72864681606481,46.74819415275297,,1.0
road,4,test,2012-06-11,0.2,NetworkPropagation2024,166.0,39.19968925877288,63.14243021866137,86.61997610106869,47.593249167380584,,1.0
road,4,test,2012-06-11,0.2,CalibratedUncertainty2025,166.0,38.90743103018429,62.828843311831754,86.03814863302625,46.98049731069698,,1.0
road,4,test,2012-06-11,0.2,MappedPTO2026,166.0,39.41549410601786,62.88760288049234,86.1625420183329,47.15891721450497,,1.0
road,4,test,2012-06-11,0.2,GroupAware2025,166.0,38.97060913318087,63.28224739486884,86.6989426096923,47.41104820453271,,1.0
road,4,test,2012-06-11,0.2,RobustImprovement2025,166.0,39.3642242995681,64.0507553866299,88.04454975848992,48.55903286649658,,1.0
road,4,test,2012-06-12,0.01,StructuralRobust,8.0,24.701701077484138,15.045199551634898,18.83998356050053,7.378537170549105,0.0,1.0
road,4,test,2012-06-12,0.01,ExpectedActionValue,8.0,23.321561355236334,2.091125159737275,2.9730483940433423,1.8099286809890418,,1.0
road,4,test,2012-06-12,0.01,PointwiseWorstAction,8.0,23.321561355236334,2.091125159737275,2.9730483940433423,1.8099286809890418,,1.0
road,4,test,2012-06-12,0.01,ScenarioCVaR,8.0,23.321561355236334,2.091125159737275,2.9730483940433423,1.8099286809890418,,1.0
road,4,test,2012-06-12,0.01,RiskFirst,8.0,1.7911266951577234,15.045199551634898,18.839983560500524,7.378537170549105,,1.0
road,4,test,2012-06-12,0.01,TemporalContext2024,8.0,1.7911266951577234,15.045199551634898,18.839983560500524,7.378537170549102,,1.0
road,4,test,2012-06-12,0.01,NetworkPropagation2024,8.0,1.7911266951577234,15.045199551634898,18.839983560500524,7.378537170549105,,1.0
road,4,test,2012-06-12,0.01,CalibratedUncertainty2025,8.0,1.7764734558768995,14.357665953925618,17.931042794091336,6.944443455232811,,1.0
road,4,test,2012-06-12,0.01,MappedPTO2026,8.0,1.7911266951577234,15.045199551634898,18.839983560500524,7.378537170549105,,1.0
road,4,test,2012-06-12,0.01,GroupAware2025,8.0,1.7911266951577234,15.045199551634898,18.839983560500524,7.378537170549105,,1.0
road,4,test,2012-06-12,0.01,RobustImprovement2025,8.0,1.7911266951577234,15.045199551634898,18.839983560500524,7.378537170549105,,1.0
road,4,test,2012-06-12,0.03,StructuralRobust,25.0,62.44317616219288,28.909664236901843,37.25442465204213,16.46308970766837,0.0,1.0
road,4,test,2012-06-12,0.03,ExpectedActionValue,25.0,49.10776843509247,4.378637491714711,6.026792570721979,3.1635278082870633,,1.0
road,4,test,2012-06-12,0.03,PointwiseWorstAction,25.0,49.1145519464685,4.290467716900439,5.933879798923861,3.158215651665154,,1.0
road,4,test,2012-06-12,0.03,ScenarioCVaR,25.0,49.1145519464685,4.290467716900439,5.933879798923861,3.158215651665154,,1.0
road,4,test,2012-06-12,0.03,RiskFirst,25.0,5.3373878149256955,28.71794937130107,36.979585288524355,16.28940592174816,,1.0
road,4,test,2012-06-12,0.03,TemporalContext2024,25.0,5.209596835568386,28.56811537568065,36.7394824282684,16.09350783858547,,1.0
road,4,test,2012-06-12,0.03,NetworkPropagation2024,25.0,5.084327285645199,29.299948794747635,37.74588239709555,16.649917652141475,,1.0
road,4,test,2012-06-12,0.03,CalibratedUncertainty2025,25.0,5.267756069357851,29.77068474854311,38.26578799134693,16.717913601837672,,1.0
road,4,test,2012-06-12,0.03,MappedPTO2026,25.0,5.34307182638187,28.75756308446041,37.0362708151366,16.32502033628158,,1.0
road,4,test,2012-06-12,0.03,GroupAware2025,25.0,5.34307182638187,28.75756308446041,37.0362708151366,16.325020336281572,,1.0
road,4,test,2012-06-12,0.03,RobustImprovement2025,25.0,5.200104596665552,28.98963944670469,37.28800190951472,16.340120435554237,,1.0
road,4,test,2012-06-12,0.05,StructuralRobust,41.0,39.131848027308976,38.99445346939706,50.94065778054532,23.782118402649438,0.0,1.0
road,4,test,2012-06-12,0.05,ExpectedActionValue,41.0,62.89343305237325,7.268047971526366,9.721003001103103,4.733378435820958,,1.0
road,4,test,2012-06-12,0.05,PointwiseWorstAction,41.0,62.92250420332488,7.294790478322457,9.747745507899193,4.733378435820957,,1.0
road,4,test,2012-06-12,0.05,ScenarioCVaR,41.0,62.92250420332488,7.294790478322457,9.747745507899195,4.733378435820955,,1.0
road,4,test,2012-06-12,0.05,RiskFirst,41.0,7.052770179293831,39.139084917032655,51.1579282428037,23.938108881627272,,1.0
road,4,test,2012-06-12,0.05,TemporalContext2024,41.0,7.367306917801118,39.5811339123513,51.63899163467919,23.98400372039208,,1.0
road,4,test,2012-06-12,0.05,NetworkPropagation2024,41.0,7.237052478026603,40.61252193459686,52.998207712552336,24.632110893169546,,1.0
road,4,test,2012-06-12,0.05,CalibratedUncertainty2025,41.0,7.345541438097344,39.5199218480468,51.41910796871732,23.56664926003012,,1.0
road,4,test,2012-06-12,0.05,MappedPTO2026,41.0,7.052770179293831,39.139084917032655,51.1579282428037,23.93810888162728,,1.0
road,4,test,2012-06-12,0.05,GroupAware2025,41.0,10.759333565744312,38.007994655198914,49.755828761000146,23.429229401045355,,1.0
road,4,test,2012-06-12,0.05,RobustImprovement2025,41.0,10.900388753538184,39.34699829152503,51.475394153317666,24.161177217548904,,1.0
road,4,test,2012-06-12,0.1,StructuralRobust,83.0,103.42967028141425,58.03154407798049,77.6285551668049,39.3686073167431,0.0,1.0
road,4,test,2012-06-12,0.1,ExpectedActionValue,83.0,87.10673775187566,20.125860522833584,26.103718174805888,11.598230658627582,,1.0
road,4,test,2012-06-12,0.1,PointwiseWorstAction,83.0,87.15383762071384,20.041241094928854,25.99800505138969,11.560340362090031,,1.0
road,4,test,2012-06-12,0.1,ScenarioCVaR,83.0,87.15383762071384,20.041241094928854,25.998005051389686,11.560340362090031,,1.0
road,4,test,2012-06-12,0.1,RiskFirst,83.0,26.205061624845875,57.96525309525718,77.59793159600777,39.52943019985234,,1.0
road,4,test,2012-06-12,0.1,TemporalContext2024,83.0,25.41763491551964,57.212875846796415,76.4461325924569,38.5140024702014,,1.0
road,4,test,2012-06-12,0.1,NetworkPropagation2024,83.0,29.350709713472984,57.92853094358941,77.53761783317216,39.47772706264804,,1.0
road,4,test,2012-06-12,0.1,CalibratedUncertainty2025,83.0,22.22785160761815,58.48893626153886,78.22682904424042,39.78097026699826,,1.0
road,4,test,2012-06-12,0.1,MappedPTO2026,83.0,28.042446923560824,58.102643283275384,77.6780941267349,39.35349335358906,,1.0
road,4,test,2012-06-12,0.1,GroupAware2025,83.0,29.030554740267934,58.06525481451303,77.72484101441111,39.60889244368396,,1.0
road,4,test,2012-06-12,0.1,RobustImprovement2025,83.0,28.973871070008446,58.51243307808671,78.32435493387001,39.94439762764794,,1.0
road,4,test,2012-06-12,0.2,StructuralRobust,166.0,69.73568455667737,81.88005899140974,111.40543571737854,59.89440420338978,0.0,1.0
road,4,test,2012-06-12,0.2,ExpectedActionValue,166.0,114.50195263047326,33.06359986108899,43.64778551615558,20.983804459065446,,1.0
road,4,test,2012-06-12,0.2,PointwiseWorstAction,166.0,114.5893661859973,32.98868240703008,43.49829735759402,20.854971703464955,,1.0
road,4,test,2012-06-12,0.2,ScenarioCVaR,166.0,114.58700729584984,33.081558248668436,43.665743903735006,20.983804459065446,,1.0
road,4,test,2012-06-12,0.2,RiskFirst,166.0,45.456341166032125,81.80526101970581,111.43730516815732,60.05870727890074,,1.0
road,4,test,2012-06-12,0.2,TemporalContext2024,166.0,43.07771202583535,81.32266837776345,110.52257356856857,59.16478431750397,,1.0
road,4,test,2012-06-12,0.2,NetworkPropagation2024,166.0,44.89538746953403,81.64455401743805,111.20850025129597,59.96164700126667,,1.0
road,4,test,2012-06-12,0.2,CalibratedUncertainty2025,166.0,42.72013152809901,81.14177928347185,110.1847986697801,58.84113746859681,,1.0
road,4,test,2012-06-12,0.2,MappedPTO2026,166.0,43.92257724435895,81.72373687478729,111.32681909307964,60.060081568567554,,1.0
road,4,test,2012-06-12,0.2,GroupAware2025,166.0,44.87984913605318,81.49982760822999,110.92466025393146,59.67218615796065,,1.0
road,4,test,2012-06-12,0.2,RobustImprovement2025,166.0,47.26311100268989,82.2287024170876,111.98815727930698,60.41907589109134,,1.0
road,4,test,2012-06-13,0.01,StructuralRobust,8.0,21.100233260101135,17.131773077577513,21.540699819971724,8.545998932978247,0.0,1.0
road,4,test,2012-06-13,0.01,ExpectedActionValue,8.0,20.76990641120062,1.9759970553723867,2.8413397227022203,1.7860926208182604,,1.0
road,4,test,2012-06-13,0.01,PointwiseWorstAction,8.0,20.76990641120062,1.9759970553723867,2.8413397227022203,1.7860926208182604,,1.0
road,4,test,2012-06-13,0.01,ScenarioCVaR,8.0,20.76990641120062,1.9759970553723867,2.8413397227022203,1.7860926208182604,,1.0
road,4,test,2012-06-13,0.01,RiskFirst,8.0,1.814301239525459,17.131773077577513,21.540699819971724,8.54599893297825,,1.0
road,4,test,2012-06-13,0.01,TemporalContext2024,8.0,1.814301239525459,17.131773077577513,21.540699819971724,8.54599893297825,,1.0
road,4,test,2012-06-13,0.01,NetworkPropagation2024,8.0,1.814301239525459,17.131773077577513,21.540699819971724,8.54599893297825,,1.0
road,4,test,2012-06-13,0.01,CalibratedUncertainty2025,8.0,1.7864241929897395,16.212720669078628,20.336970129580713,7.993595348808007,,1.0
road,4,test,2012-06-13,0.01,MappedPTO2026,8.0,1.8143012395254592,17.131773077577513,21.540699819971724,8.54599893297825,,1.0
road,4,test,2012-06-13,0.01,GroupAware2025,8.0,1.814301239525459,17.131773077577513,21.540699819971724,8.54599893297825,,1.0
road,4,test,2012-06-13,0.01,RobustImprovement2025,8.0,1.814301239525459,17.131773077577513,21.540699819971724,8.54599893297825,,1.0
road,4,test,2012-06-13,0.03,StructuralRobust,25.0,52.88350535456264,35.17601787679013,45.41313368274252,20.189483931918815,0.0,1.0
road,4,test,2012-06-13,0.03,ExpectedActionValue,25.0,41.52128748309562,3.8231973760457842,5.169839417345576,2.675233927511223,,1.0
road,4,test,2012-06-13,0.03,PointwiseWorstAction,25.0,41.52128748309562,3.8231973760457842,5.169839417345576,2.675233927511223,,1.0
road,4,test,2012-06-13,0.03,ScenarioCVaR,25.0,41.52128748309562,3.8231973760457842,5.169839417345576,2.675233927511223,,1.0
road,4,test,2012-06-13,0.03,RiskFirst,25.0,5.1201007592979355,35.393142397735375,45.71877601618416,20.37202835569405,,1.0
road,4,test,2012-06-13,0.03,TemporalContext2024,25.0,5.253808889254068,34.843638075387936,44.95488847050969,19.93444789865245,,1.0
road,4,test,2012-06-13,0.03,NetworkPropagation2024,25.0,5.16098775097159,34.80713205623228,44.92414176870092,19.952328250824202,,1.0
road,4,test,2012-06-13,0.03,CalibratedUncertainty2025,25.0,5.30495013771464,34.83707262692347,44.98794843268443,20.0295701207721,,1.0
road,4,test,2012-06-13,0.03,MappedPTO2026,25.0,5.1201007592979355,35.39314239773538,45.71877601618416,20.37202835569404,,1.0
road,4,test,2012-06-13,0.03,GroupAware2025,25.0,4.959379144529708,35.38697185406124,45.691062402395744,20.32233636835747,,1.0
road,4,test,2012-06-13,0.03,RobustImprovement2025,25.0,5.181113976934126,35.416325489731754,45.700638673615614,20.271148466938477,,1.0
road,4,test,2012-06-13,0.05,StructuralRobust,41.0,32.808360112020914,44.388568039120216,58.051919185214224,27.183876079978063,0.0,1.0
road,4,test,2012-06-13,0.05,ExpectedActionValue,41.0,53.62559272498164,9.05381465400622,12.091274822515434,6.067434615933326,,1.0
road,4,test,2012-06-13,0.05,PointwiseWorstAction,41.0,53.634406967423786,7.26719734299762,9.806349177098863,5.097123912858433,,1.0
road,4,test,2012-06-13,0.05,ScenarioCVaR,41.0,53.62559272498164,9.05381465400622,12.091274822515434,6.067434615933326,,1.0
road,4,test,2012-06-13,0.05,RiskFirst,41.0,7.7379389994773575,46.118076285860816,60.44473611460199,28.54160670041869,,1.0
road,4,test,2012-06-13,0.05,TemporalContext2024,41.0,7.639664445794794,45.277132454757414,59.37930137767426,28.11375238662213,,1.0
road,4,test,2012-06-13,0.05,NetworkPropagation2024,41.0,7.6371552962091105,44.964499980749906,58.95060659718373,27.87103851728679,,1.0
road,4,test,2012-06-13,0.05,CalibratedUncertainty2025,41.0,7.663426966554085,44.15986698920189,57.75551002891258,27.047112292112345,,1.0
road,4,test,2012-06-13,0.05,MappedPTO2026,41.0,8.008152465043718,45.199716569697706,59.272499929702505,28.053826484846205,,1.0
road,4,test,2012-06-13,0.05,GroupAware2025,41.0,7.637155296209111,44.9644999807499,58.95060659718373,27.8710385172868,,1.0
road,4,test,2012-06-13,0.05,RobustImprovement2025,41.0,11.765764276622878,44.25021392824797,57.92918242380067,27.23598749985115,,1.0
road,4,test,2012-06-13,0.1,StructuralRobust,83.0,92.2973907376167,63.17792746963792,84.43351152524033,42.78734914401275,0.0,1.0
road,4,test,2012-06-13,0.1,ExpectedActionValue,83.0,74.40633673992465,19.64724174780556,25.615162423463158,11.872091174097957,,1.0
road,4,test,2012-06-13,0.1,PointwiseWorstAction,83.0,74.25698520670448,19.396117622214742,25.246580190538403,11.634800538573952,,1.0
road,4,test,2012-06-13,0.1,ScenarioCVaR,83.0,74.37733967986439,19.579349427498443,25.53172752874468,11.854683490757221,,1.0
road,4,test,2012-06-13,0.1,RiskFirst,83.0,24.6860239293837,63.66118135615175,85.22717944667981,43.491235421869554,,1.0
road,4,test,2012-06-13,0.1,TemporalContext2024,83.0,24.24759852074608,63.00166831470036,84.18852504014606,42.64177888446694,,1.0
road,4,test,2012-06-13,0.1,NetworkPropagation2024,83.0,25.227351631188725,63.04411319124525,84.41435524540684,43.10791238122311,,1.0
road,4,test,2012-06-13,0.1,CalibratedUncertainty2025,83.0,23.491421170032154,62.63981846257342,83.6710716840988,42.335288394008806,,1.0
road,4,test,2012-06-13,0.1,MappedPTO2026,83.0,24.043655908931505,63.564681765584204,85.11642698050898,43.47155853849585,,1.0
road,4,test,2012-06-13,0.1,GroupAware2025,83.0,24.7166957591324,63.05164714887205,84.3710407801892,42.981053421757224,,1.0
road,4,test,2012-06-13,0.1,RobustImprovement2025,83.0,24.424814609482898,63.432392376050274,84.8749794562599,43.223266293437845,,1.0
road,4,test,2012-06-13,0.2,StructuralRobust,166.0,61.62446067253928,84.8238437152083,115.40867281538856,62.17380305319985,0.0,1.0
road,4,test,2012-06-13,0.2,ExpectedActionValue,166.0,99.47455536725002,33.43501188173405,43.62195166562974,20.09943424874598,,1.0
road,4,test,2012-06-13,0.2,PointwiseWorstAction,166.0,99.56130317620025,31.96869700705854,41.56249490201799,18.924420299831798,,1.0
road,4,test,2012-06-13,0.2,ScenarioCVaR,166.0,99.55409577331646,32.29387581825781,42.06088292935973,19.254833452334992,,1.0
road,4,test,2012-06-13,0.2,RiskFirst,166.0,39.02668842755605,84.29669436732772,114.62693980835122,61.56731560238114,,1.0
road,4,test,2012-06-13,0.2,TemporalContext2024,166.0,41.598970583870724,84.58519021774664,115.02872544470505,61.823773925283305,,1.0
road,4,test,2012-06-13,0.2,NetworkPropagation2024,166.0,41.683299490686466,84.47577404256472,114.93983847160106,61.93221471734449,,1.0
road,4,test,2012-06-13,0.2,CalibratedUncertainty2025,166.0,39.62558082033601,84.2178102511755,114.56391571154609,61.6073881763795,,1.0
road,4,test,2012-06-13,0.2,MappedPTO2026,166.0,41.57583506469693,84.56229009353888,115.1272531393807,62.180348667981946,,1.0
road,4,test,2012-06-13,0.2,GroupAware2025,166.0,41.72856244877961,84.4188958877224,114.85945466889856,61.77839633886249,,1.0
road,4,test,2012-06-13,0.2,RobustImprovement2025,166.0,41.63113172247557,84.60008214263372,115.17032222689167,62.15664975704759,,1.0
road,4,test,2012-06-14,0.01,StructuralRobust,8.0,21.730928765105116,16.247251630463925,20.474184646582938,8.143111030310955,0.0,1.0
road,4,test,2012-06-14,0.01,ExpectedActionValue,8.0,20.220683121911133,1.9795599078874495,2.715711130913952,1.4480986964410751,,1.0
road,4,test,2012-06-14,0.01,PointwiseWorstAction,8.0,20.246673481157288,2.136350496976709,2.94887278982562,1.6472461682419293,,1.0
road,4,test,2012-06-14,0.01,ScenarioCVaR,8.0,20.293961982760734,2.064063184665727,2.8584274393215914,1.6272193099485146,,1.0
road,4,test,2012-06-14,0.01,RiskFirst,8.0,3.4829252894073512,16.391496691525436,20.69479077297527,8.350837849238395,,1.0
road,4,test,2012-06-14,0.01,TemporalContext2024,8.0,4.175428449420662,16.247251630463925,20.474184646582938,8.143111030310955,,1.0
road,4,test,2012-06-14,0.01,NetworkPropagation2024,8.0,4.175428449420662,16.247251630463925,20.474184646582938,8.143111030310955,,1.0
road,4,test,2012-06-14,0.01,CalibratedUncertainty2025,8.0,4.175428449420662,16.24725163046392,20.474184646582938,8.143111030310955,,1.0
road,4,test,2012-06-14,0.01,MappedPTO2026,8.0,3.4829252894073517,16.391496691525436,20.69479077297527,8.350837849238395,,1.0
road,4,test,2012-06-14,0.01,GroupAware2025,8.0,3.4829252894073512,16.391496691525436,20.69479077297527,8.350837849238395,,1.0
road,4,test,2012-06-14,0.01,RobustImprovement2025,8.0,3.5682306694441435,17.692876244166648,22.32046273664248,8.96228289268387,,1.0
road,4,test,2012-06-14,0.03,StructuralRobust,25.0,56.304651793116726,35.94530768825766,46.58466201976284,20.94193257898069,0.0,1.0
road,4,test,2012-06-14,0.03,ExpectedActionValue,25.0,43.65124923612172,4.207993374858147,5.835990154338206,3.22891288963731,,1.0
road,4,test,2012-06-14,0.03,PointwiseWorstAction,25.0,43.63495514348384,4.474810287022231,6.236111167706404,3.5089914921763263,,1.0
road,4,test,2012-06-14,0.03,ScenarioCVaR,25.0,43.65124923612173,4.207993374858147,5.835990154338206,3.22891288963731,,1.0
road,4,test,2012-06-14,0.03,RiskFirst,25.0,6.385438959270687,35.94530768825765,46.584662019762845,20.941932578980705,,1.0
road,4,test,2012-06-14,0.03,TemporalContext2024,25.0,6.3390772974648035,36.15958887837005,46.85860890788716,21.05661300980826,,1.0
road,4,test,2012-06-14,0.03,NetworkPropagation2024,25.0,6.364955614325732,36.396775581181075,47.1501872987925,21.15731756614383,,1.0
road,4,test,2012-06-14,0.03,CalibratedUncertainty2025,25.0,6.3741873129832785,34.62596101441147,44.85144304084758,20.0917671711808,,1.0
road,4,test,2012-06-14,0.03,MappedPTO2026,25.0,6.299253593674445,35.87951505118551,46.51159277912227,20.932167151451004,,1.0
road,4,test,2012-06-14,0.03,GroupAware2025,25.0,6.385438959270687,35.94530768825765,46.584662019762845,20.941932578980705,,1.0
road,4,test,2012-06-14,0.03,RobustImprovement2025,25.0,6.3765263402520675,35.78426305526616,46.37858879073692,20.856152245710398,,1.0
road,4,test,2012-06-14,0.05,StructuralRobust,41.0,35.631802998703165,46.48681572592772,61.005651280801104,28.818905237213237,0.0,1.0
road,4,test,2012-06-14,0.05,ExpectedActionValue,41.0,60.82841960712809,7.818794125237409,10.583064475230005,5.49471686113026,,1.0
road,4,test,2012-06-14,0.05,PointwiseWorstAction,41.0,60.97471579932478,7.82334666845434,10.590946743483103,5.516864069005207,,1.0
road,4,test,2012-06-14,0.05,ScenarioCVaR,41.0,60.97471579932478,7.82334666845434,10.590946743483103,5.516864069005207,,1.0
road,4,test,2012-06-14,0.05,RiskFirst,41.0,8.139191601222567,46.18385619440202,60.68379378559586,28.858007906613118,,1.0
road,4,test,2012-06-14,0.05,TemporalContext2024,41.0,8.460947122258688,46.45242229409651,60.98688563481621,28.89830828543778,,1.0
road,4,test,2012-06-14,0.05,NetworkPropagation2024,41.0,8.081235325994822,46.953946859520016,61.654786839097596,29.232291784892453,,1.0
road,4,test,2012-06-14,0.05,CalibratedUncertainty2025,41.0,7.700040914019684,45.58099839711813,59.872816419964806,28.402853630869664,,1.0
road,4,test,2012-06-14,0.05,MappedPTO2026,41.0,8.139191601222567,46.183856194402026,60.68379378559586,28.858007906613096,,1.0
road,4,test,2012-06-14,0.05,GroupAware2025,41.0,8.139191601222567,46.18385619440202,60.68379378559587,28.858007906613118,,1.0
road,4,test,2012-06-14,0.05,RobustImprovement2025,41.0,8.21027544333906,46.328883615799256,60.82753354328874,28.791705698096237,,1.0
road,4,test,2012-06-14,0.1,StructuralRobust,83.0,100.96164048743105,67.28792172014366,90.15536890471216,46.08976372521572,0.0,1.0
road,4,test,2012-06-14,0.1,ExpectedActionValue,83.0,92.56047438376036,17.90317655753348,23.517023502757265,11.050911762051498,,1.0
road,4,test,2012-06-14,0.1,PointwiseWorstAction,83.0,92.60692648682547,18.36101871028823,24.110145876800726,11.310928086401152,,1.0
road,4,test,2012-06-14,0.1,ScenarioCVaR,83.0,92.65243105477312,18.378823078720057,24.12795024523255,11.310928086401162,,1.0
road,4,test,2012-06-14,0.1,RiskFirst,83.0,17.989351592490472,66.776643053243,89.48587176236572,45.77919156854716,,1.0
road,4,test,2012-06-14,0.1,TemporalContext2024,83.0,17.370217826181367,65.90500283719612,88.4549643010972,45.50325871051041,,1.0
road,4,test,2012-06-14,0.1,NetworkPropagation2024,83.0,19.142026905164997,65.94289122807538,88.5096294898734,45.535515384245045,,1.0
road,4,test,2012-06-14,0.1,CalibratedUncertainty2025,83.0,17.73123326019475,67.37563954859746,90.36569142696437,46.3316560785496,,1.0
road,4,test,2012-06-14,0.1,MappedPTO2026,83.0,17.79729643989306,67.25696366378477,90.1568803828561,46.17192451600232,,1.0
road,4,test,2012-06-14,0.1,GroupAware2025,83.0,21.596330558671944,65.38632867075913,87.71000286536983,45.03653969166233,,1.0
road,4,test,2012-06-14,0.1,RobustImprovement2025,83.0,23.00972320018826,66.07900759575034,88.56310416852338,45.28547403376409,,1.0
road,4,test,2012-06-14,0.2,StructuralRobust,166.0,69.66171463158183,92.23815433990208,125.90842849374697,68.55693662030279,0.0,1.0
road,4,test,2012-06-14,0.2,ExpectedActionValue,166.0,129.82102940253742,29.070581448273224,38.11005592170108,17.828840373313945,,1.0
road,4,test,2012-06-14,0.2,PointwiseWorstAction,166.0,129.89112974609213,29.358042909541517,38.5191800186735,18.09001037683491,,1.0
road,4,test,2012-06-14,0.2,ScenarioCVaR,166.0,129.8911297460921,29.358042909541513,38.5191800186735,18.090010376834922,,1.0
road,4,test,2012-06-14,0.2,RiskFirst,166.0,42.915583173233905,93.05059968001437,127.19128588212274,69.61228584600217,,1.0
road,4,test,2012-06-14,0.2,TemporalContext2024,166.0,42.742925230815764,92.89574761057622,126.92228575700013,69.29877439618659,,1.0
road,4,test,2012-06-14,0.2,NetworkPropagation2024,166.0,43.59493503271257,93.44024222310892,127.7510384199078,69.98804242675811,,1.0
road,4,test,2012-06-14,0.2,CalibratedUncertainty2025,166.0,42.61153851798032,92.0146793410287,125.63962369594115,68.44703660949803,,1.0
road,4,test,2012-06-14,0.2,MappedPTO2026,166.0,43.939941460722444,92.64721726713225,126.56483731575925,69.09398908880851,,1.0
road,4,test,2012-06-14,0.2,GroupAware2025,166.0,43.713889044191774,92.74709551657831,126.68049396223604,69.06786604752763,,1.0
road,4,test,2012-06-14,0.2,RobustImprovement2025,166.0,42.30686923735743,92.44789704181035,126.32717030652323,69.08565383531855,,1.0
road,4,test,2012-06-15,0.01,StructuralRobust,8.0,17.79334316166618,5.1254746561991,6.801957103245806,3.3318242814233665,0.0,1.0
road,4,test,2012-06-15,0.01,ExpectedActionValue,8.0,13.995913374585259,1.1316721395940135,1.5052083838518342,0.7268765196971672,,1.0
road,4,test,2012-06-15,0.01,PointwiseWorstAction,8.0,13.979829470734746,1.054739250792166,1.3763336975020706,0.5672949240451823,,1.0
road,4,test,2012-06-15,0.01,ScenarioCVaR,8.0,13.995913374585259,1.1316721395940135,1.5052083838518342,0.7268765196971672,,1.0
road,4,test,2012-06-15,0.01,RiskFirst,8.0,1.9649023402422483,5.673018367265101,7.5077506363801785,3.6412651699603167,,1.0
road,4,test,2012-06-15,0.01,TemporalContext2024,8.0,1.910743573054939,4.971028766871005,6.592233128311338,3.1943930091357506,,1.0
road,4,test,2012-06-15,0.01,NetworkPropagation2024,8.0,1.910743573054939,4.971028766871005,6.592233128311338,3.1943930091357506,,1.0
road,4,test,2012-06-15,0.01,CalibratedUncertainty2025,8.0,2.2693174099214746,5.172405774292603,6.904324997139938,3.3747156955796846,,1.0
road,4,test,2012-06-15,0.01,MappedPTO2026,8.0,1.9649023402422483,5.673018367265101,7.5077506363801785,3.6412651699603167,,1.0
road,4,test,2012-06-15,0.01,GroupAware2025,8.0,1.9649023402422483,5.673018367265101,7.5077506363801785,3.6412651699603167,,1.0
road,4,test,2012-06-15,0.01,RobustImprovement2025,8.0,1.9691630181642645,5.125474656199099,6.801957103245806,3.3318242814233674,,1.0
road,4,test,2012-06-15,0.03,StructuralRobust,25.0,42.32697143851401,15.560485372678055,21.032110509238994,10.959951407299446,0.0,1.0
road,4,test,2012-06-15,0.03,ExpectedActionValue,25.0,29.29375336366503,2.6893952785691853,3.6016733395094573,1.690350540982894,,1.0
road,4,test,2012-06-15,0.03,PointwiseWorstAction,25.0,29.29375336366503,2.6893952785691853,3.6016733395094573,1.690350540982894,,1.0
road,4,test,2012-06-15,0.03,ScenarioCVaR,25.0,29.29375336366503,2.6893952785691853,3.6016733395094573,1.690350540982894,,1.0
road,4,test,2012-06-15,0.03,RiskFirst,25.0,4.032540635470395,14.986988701688727,20.31040129390244,10.688242765540998,,1.0
road,4,test,2012-06-15,0.03,TemporalContext2024,25.0,3.848322018515722,15.175009788869405,20.514948031199943,10.699979871052106,,1.0
road,4,test,2012-06-15,0.03,NetworkPropagation2024,25.0,3.913496520803079,15.035646503678024,20.36394757751924,10.693769928348896,,1.0
road,4,test,2012-06-15,0.03,CalibratedUncertainty2025,25.0,4.1397781483057,14.466784176489465,19.551337171283745,10.199044902781385,,1.0
road,4,test,2012-06-15,0.03,MappedPTO2026,25.0,4.483397571495557,15.538634028796228,21.110577106928616,11.193345846745682,,1.0
road,4,test,2012-06-15,0.03,GroupAware2025,25.0,4.3581400240158095,15.414877356426024,20.94426630338561,11.110580315755856,,1.0
road,4,test,2012-06-15,0.03,RobustImprovement2025,25.0,4.425005926478159,15.23664927833456,20.58750816307978,10.716940160806868,,1.0
road,4,test,2012-06-15,0.05,StructuralRobust,41.0,25.74478734255038,23.360700578121303,31.932163242904632,17.38128723600733,0.0,1.0
road,4,test,2012-06-15,0.05,ExpectedActionValue,41.0,38.721096371358875,4.340483155467947,5.7805749149445,2.672937389354076,,1.0
road,4,test,2012-06-15,0.05,PointwiseWorstAction,41.0,38.79034906210028,4.304891279024465,5.750056664587345,2.6860961466776203,,1.0
road,4,test,2012-06-15,0.05,ScenarioCVaR,41.0,38.77978619888431,4.3302585270703275,5.775423912633206,2.686096146677621,,1.0
road,4,test,2012-06-15,0.05,RiskFirst,41.0,7.72364269748564,21.998050263809088,30.077651519831353,16.37337684035896,,1.0
road,4,test,2012-06-15,0.05,TemporalContext2024,41.0,7.911840852512036,21.205891751509014,29.010254082559847,15.850782851849786,,1.0
road,4,test,2012-06-15,0.05,NetworkPropagation2024,41.0,7.677275320920709,22.27492898164422,30.502800623951828,16.706331711054926,,1.0
road,4,test,2012-06-15,0.05,CalibratedUncertainty2025,41.0,5.746619322641509,22.251224324901514,30.53641282231582,16.827488493001972,,1.0
road,4,test,2012-06-15,0.05,MappedPTO2026,41.0,7.670873969567275,22.696826915927133,30.999329160540242,16.832008165782895,,1.0
road,4,test,2012-06-15,0.05,GroupAware2025,41.0,5.6973014410147815,22.350027575763313,30.59361085406743,16.713360610827763,,1.0
road,4,test,2012-06-15,0.05,RobustImprovement2025,41.0,5.695294784635847,22.82097049234451,31.132671711990756,16.844500172144425,,1.0
road,4,test,2012-06-15,0.1,StructuralRobust,83.0,73.86260905689497,35.09135004162356,48.277404454167744,26.717357679170973,0.0,1.0
road,4,test,2012-06-15,0.1,ExpectedActionValue,83.0,55.71114732409169,8.381504640811437,10.847975917841035,4.548171191596332,,1.0
road,4,test,2012-06-15,0.1,PointwiseWorstAction,83.0,55.7055116710816,8.316933644642234,10.78340492167183,4.548171191596328,,1.0
road,4,test,2012-06-15,0.1,ScenarioCVaR,83.0,55.73066560370093,8.348573239376517,10.815044516406113,4.54817119159633,,1.0
road,4,test,2012-06-15,0.1,RiskFirst,83.0,15.584784481649782,34.892481306210335,48.13679520646089,26.813838112021898,,1.0
road,4,test,2012-06-15,0.1,TemporalContext2024,83.0,15.346075182585082,34.090186213283076,46.93530405006224,26.03828231089968,,1.0
road,4,test,2012-06-15,0.1,NetworkPropagation2024,83.0,15.935370911902078,34.34140070802645,47.396093728616215,26.458383799777316,,1.0
road,4,test,2012-06-15,0.1,CalibratedUncertainty2025,83.0,15.71402190077043,34.00606194044499,46.89617252735724,26.132799795324907,,1.0
road,4,test,2012-06-15,0.1,MappedPTO2026,83.0,14.629739486698504,34.53505468832686,47.436220108458976,26.084054983425197,,1.0
road,4,test,2012-06-15,0.1,GroupAware2025,83.0,14.571833770852137,34.970910606162455,48.170762474969415,26.73743881638478,,1.0
road,4,test,2012-06-15,0.1,RobustImprovement2025,83.0,15.14693054089806,34.66688100521743,47.72058043733115,26.461541461453706,,1.0
road,4,test,2012-06-15,0.2,StructuralRobust,166.0,45.64205423181024,48.357120661863505,66.83511450767796,37.149149127663804,0.0,1.0
road,4,test,2012-06-15,0.2,ExpectedActionValue,166.0,76.35585964584416,16.764085003988274,21.703218538734948,9.619458207229393,,1.0
road,4,test,2012-06-15,0.2,PointwiseWorstAction,166.0,76.39972975038044,16.633660391896544,21.628754101546242,9.732658357991646,,1.0
road,4,test,2012-06-15,0.2,ScenarioCVaR,166.0,76.41807123109758,16.590112995955067,21.495887525210254,9.563453304287243,,1.0
road,4,test,2012-06-15,0.2,RiskFirst,166.0,29.58204270643825,48.37050190027791,66.89781287506965,37.151347575854054,,1.0
road,4,test,2012-06-15,0.2,TemporalContext2024,166.0,30.522147833271106,47.33394633877171,65.26151034730982,35.96746584502725,,1.0
road,4,test,2012-06-15,0.2,NetworkPropagation2024,166.0,31.04145667091171,47.36402108387082,65.37393064227997,36.17172370692199,,1.0
road,4,test,2012-06-15,0.2,CalibratedUncertainty2025,166.0,30.54895444744569,47.27210769871653,65.36640044392551,36.369603427753425,,1.0
road,4,test,2012-06-15,0.2,MappedPTO2026,166.0,29.582042706438248,48.37050190027791,66.89781287506965,37.15134757585407,,1.0
road,4,test,2012-06-15,0.2,GroupAware2025,166.0,29.6900042637255,48.94902464653938,67.58795771293174,37.34385148496987,,1.0
road,4,test,2012-06-15,0.2,RobustImprovement2025,166.0,29.394514080630596,49.55731066352112,68.50578997757245,38.116505646399645,,1.0
road,4,test,2012-06-18,0.01,StructuralRobust,8.0,12.949246735008028,3.721135078964775,5.07258605100669,2.6023272546677823,0.0,1.0
road,4,test,2012-06-18,0.01,ExpectedActionValue,8.0,12.605255504383406,0.37910399319596233,0.439563800294993,0.08512729919197431,,1.0
road,4,test,2012-06-18,0.01,PointwiseWorstAction,8.0,12.605255504383406,0.37910399319596233,0.439563800294993,0.08512729919197431,,1.0
road,4,test,2012-06-18,0.01,ScenarioCVaR,8.0,12.605255504383406,0.37910399319596233,0.439563800294993,0.08512729919197431,,1.0
road,4,test,2012-06-18,0.01,RiskFirst,8.0,1.2296421733066905,3.7808997218315414,5.180666010529963,2.77767622050725,,1.0
road,4,test,2012-06-18,0.01,TemporalContext2024,8.0,1.2851956607172739,3.7720150446058467,5.162911580833478,2.7653108651172777,,1.0
road,4,test,2012-06-18,0.01,NetworkPropagation2024,8.0,1.7430053796217266,3.279891048829831,4.500491509996452,2.3802380537610803,,1.0
road,4,test,2012-06-18,0.01,CalibratedUncertainty2025,8.0,1.79925166517894,3.1904986396417456,4.317778652020836,2.118259838048102,,1.0
road,4,test,2012-06-18,0.01,MappedPTO2026,8.0,1.1434298831308043,4.331459996480005,5.91220746080689,3.1469254274601832,,1.0
road,4,test,2012-06-18,0.01,GroupAware2025,8.0,1.2296421733066905,3.780899721831541,5.180666010529963,2.7776762205072494,,1.0
road,4,test,2012-06-18,0.01,RobustImprovement2025,8.0,1.123520112287933,4.829489502443016,6.618931460383314,3.6060256534578077,,1.0
road,4,test,2012-06-18,0.03,StructuralRobust,25.0,34.62674157933933,12.675251178498474,17.327052726830846,9.194386078995805,0.0,1.0
road,4,test,2012-06-18,0.03,ExpectedActionValue,25.0,25.469167050366423,2.4628516746622338,3.0202035918042003,1.0814144135860393,,1.0
road,4,test,2012-06-18,0.03,PointwiseWorstAction,25.0,24.30584641050535,2.382288922444041,3.0031114363967393,1.1742162177959057,,1.0
road,4,test,2012-06-18,0.03,ScenarioCVaR,25.0,24.28536098193315,2.378729296464346,2.9995518104170436,1.1742162177959048,,1.0
road,4,test,2012-06-18,0.03,RiskFirst,25.0,2.1428090819850896,12.720752453273983,17.40488213633385,9.304676642780441,,1.0
road,4,test,2012-06-18,0.03,TemporalContext2024,25.0,2.5374191861701427,11.193679830585536,15.334366623079644,8.13862267404834,,1.0
road,4,test,2012-06-18,0.03,NetworkPropagation2024,25.0,2.6138210236518615,10.60746012439571,14.614118560275028,7.924756661192559,,1.0
road,4,test,2012-06-18,0.03,CalibratedUncertainty2025,25.0,2.562034764487702,12.767649694933572,17.450004013184166,9.30162830918688,,1.0
road,4,test,2012-06-18,0.03,MappedPTO2026,25.0,1.95941629138221,12.743223187512715,17.448586206018366,9.360829315239762,,1.0
road,4,test,2012-06-18,0.03,GroupAware2025,25.0,2.0231480028684006,13.328023362504444,18.230621224658982,9.784591574734987,,1.0
road,4,test,2012-06-18,0.03,RobustImprovement2025,25.0,2.3733513091662126,13.871846242505136,18.980070536326018,10.180916767568306,,1.0
road,4,test,2012-06-18,0.05,StructuralRobust,41.0,21.448006282581478,18.56304929646191,25.486706851286225,13.766958569273218,0.0,1.0
road,4,test,2012-06-18,0.05,ExpectedActionValue,41.0,33.385252407616875,3.78366164883462,4.712079773910887,1.743364495491253,,1.0
road,4,test,2012-06-18,0.05,PointwiseWorstAction,41.0,31.94112662528327,3.8970662355613914,4.983765729013936,2.0754346269331156,,1.0
road,4,test,2012-06-18,0.05,ScenarioCVaR,41.0,33.420355539361516,4.042605062003784,5.129304555456328,2.075434626933113,,1.0
road,4,test,2012-06-18,0.05,RiskFirst,41.0,3.652867327347848,19.4470898894864,26.820873573293007,14.76985736050299,,1.0
road,4,test,2012-06-18,0.05,TemporalContext2024,41.0,3.8816610285564015,18.79947622053273,25.891155247400857,14.118608645987269,,1.0
road,4,test,2012-06-18,0.05,NetworkPropagation2024,41.0,3.569962072444042,16.584664388117275,22.649582090532373,12.053435702474399,,1.0
road,4,test,2012-06-18,0.05,CalibratedUncertainty2025,41.0,3.749763051391265,20.07024732400663,27.57775213199412,15.03673908032588,,1.0
road,4,test,2012-06-18,0.05,MappedPTO2026,41.0,3.579215482345764,18.566235243438307,25.48531568791035,13.723282660304037,,1.0
road,4,test,2012-06-18,0.05,GroupAware2025,41.0,3.680821673461577,19.174946019762203,26.414428258836075,14.440104514949653,,1.0
road,4,test,2012-06-18,0.05,RobustImprovement2025,41.0,3.7078800683574222,19.647441759575834,27.100878711989875,14.886686814100088,,1.0
road,4,test,2012-06-18,0.1,StructuralRobust,83.0,63.401875671175475,31.612776065455733,43.6039894222928,24.177117379072918,0.0,1.0
road,4,test,2012-06-18,0.1,ExpectedActionValue,83.0,46.82702568948536,6.303740191441503,7.706654490348176,2.6931348750870976,,1.0
road,4,test,2012-06-18,0.1,PointwiseWorstAction,83.0,46.836241107729876,6.426908068021025,7.895820928732115,2.7936372191836023,,1.0
road,4,test,2012-06-18,0.1,ScenarioCVaR,83.0,46.833072942512,6.294029453669327,7.696943752576,2.693134875087101,,1.0
road,4,test,2012-06-18,0.1,RiskFirst,83.0,10.140381617982095,32.60316898964693,45.157749439195605,25.44159268346749,,1.0
road,4,test,2012-06-18,0.1,TemporalContext2024,83.0,10.303961578063651,29.592672339963617,40.677323367107796,22.303049124139942,,1.0
road,4,test,2012-06-18,0.1,NetworkPropagation2024,83.0,10.524136174199635,27.55873598745348,37.89315553280358,20.798559250608434,,1.0
road,4,test,2012-06-18,0.1,CalibratedUncertainty2025,83.0,9.804890063431715,32.096001749144925,44.26337821886823,24.545189534334277,,1.0
road,4,test,2012-06-18,0.1,MappedPTO2026,83.0,10.154672730129754,32.65038442226403,45.23802021907817,25.480460048926076,,1.0
road,4,test,2012-06-18,0.1,GroupAware2025,83.0,8.41929237520205,31.42780698354187,43.51230311544223,24.505304940372554,,1.0
road,4,test,2012-06-18,0.1,RobustImprovement2025,83.0,11.541899144868658,33.074018685137375,45.840644202706876,25.861667760591914,,1.0
road,4,test,2012-06-18,0.2,StructuralRobust,166.0,37.74440540712507,46.14203587146692,63.958400424655814,36.09417669228136,0.0,1.0
road,4,test,2012-06-18,0.2,ExpectedActionValue,166.0,59.576419258880485,15.893602574177315,20.030112711832665,8.133047757001929,,1.0
road,4,test,2012-06-18,0.2,PointwiseWorstAction,166.0,59.704571636039404,15.785983790782089,19.873097532192503,8.028258216119722,,1.0
road,4,test,2012-06-18,0.2,ScenarioCVaR,166.0,59.69131963560527,14.855291544432102,18.576422962239167,7.236827182520404,,1.0
road,4,test,2012-06-18,0.2,RiskFirst,166.0,21.19822297970992,46.470464512946926,64.3242360296973,36.392059333881214,,1.0
road,4,test,2012-06-18,0.2,TemporalContext2024,166.0,20.959357760880042,42.25985290231306,58.10832693744485,32.165819304974235,,1.0
road,4,test,2012-06-18,0.2,NetworkPropagation2024,166.0,23.09512897771698,41.49862516840334,57.06354806671574,31.619720400408518,,1.0
road,4,test,2012-06-18,0.2,CalibratedUncertainty2025,166.0,18.832423902771342,45.189351385413815,62.4448299155489,35.09323125930564,,1.0
road,4,test,2012-06-18,0.2,MappedPTO2026,166.0,20.24985483894921,45.89983181305876,63.581439470306755,35.96933048219592,,1.0
road,4,test,2012-06-18,0.2,GroupAware2025,166.0,20.35862989887355,44.125497507587745,60.95529676003702,34.1462910634643,,1.0
road,4,test,2012-06-18,0.2,RobustImprovement2025,166.0,18.277034101807324,48.50369169367031,67.31224647524043,38.197858334757804,,1.0
road,4,test,2012-06-19,0.01,StructuralRobust,8.0,23.26509525333444,10.16377364645521,13.222276611200986,5.997953433205383,0.0,1.0
road,4,test,2012-06-19,0.01,ExpectedActionValue,8.0,22.434605455242796,1.634425295325598,2.2214331966246808,1.041749464305504,,1.0
road,4,test,2012-06-19,0.01,PointwiseWorstAction,8.0,22.434605455242796,1.634425295325598,2.2214331966246808,1.041749464305504,,1.0
road,4,test,2012-06-19,0.01,ScenarioCVaR,8.0,22.434605455242796,1.634425295325598,2.2214331966246808,1.041749464305504,,1.0
road,4,test,2012-06-19,0.01,RiskFirst,8.0,2.7076891838233466,10.163773646455212,13.222276611200988,5.997953433205382,,1.0
road,4,test,2012-06-19,0.01,TemporalContext2024,8.0,2.7076891838233466,10.163773646455212,13.222276611200988,5.997953433205382,,1.0
road,4,test,2012-06-19,0.01,NetworkPropagation2024,8.0,2.7076891838233466,10.163773646455212,13.222276611200988,5.997953433205382,,1.0
road,4,test,2012-06-19,0.01,CalibratedUncertainty2025,8.0,2.8534548492461727,11.920562851960147,15.387494242392824,6.770894863082065,,1.0
road,4,test,2012-06-19,0.01,MappedPTO2026,8.0,2.7076891838233466,10.16377364645521,13.222276611200986,5.997953433205387,,1.0
road,4,test,2012-06-19,0.01,GroupAware2025,8.0,2.7076891838233466,10.163773646455212,13.222276611200988,5.997953433205382,,1.0
road,4,test,2012-06-19,0.01,RobustImprovement2025,8.0,2.7018440927689795,10.122619698216571,13.134890491088056,5.939458881598156,,1.0
road,4,test,2012-06-19,0.03,StructuralRobust,25.0,58.89525957321711,26.619811067281915,34.68473185064572,15.885950209420365,0.0,1.0
road,4,test,2012-06-19,0.03,ExpectedActionValue,25.0,47.01631072126193,4.136350138396594,5.674033833069372,2.9451043660786516,,1.0
road,4,test,2012-06-19,0.03,PointwiseWorstAction,25.0,47.01631072126193,4.136350138396594,5.674033833069372,2.9451043660786516,,1.0
road,4,test,2012-06-19,0.03,ScenarioCVaR,25.0,47.01571129851516,4.234515065532348,5.792177987275601,2.9675696959637134,,1.0
road,4,test,2012-06-19,0.03,RiskFirst,25.0,5.2711895012650745,26.61981106728192,34.684731850645726,15.885950209420354,,1.0
road,4,test,2012-06-19,0.03,TemporalContext2024,25.0,5.271189501265076,26.61981106728192,34.684731850645726,15.885950209420354,,1.0
road,4,test,2012-06-19,0.03,NetworkPropagation2024,25.0,5.2711895012650745,26.61981106728192,34.684731850645726,15.885950209420354,,1.0
road,4,test,2012-06-19,0.03,CalibratedUncertainty2025,25.0,5.254784626031784,27.858922074652067,36.36641961009871,16.815373181447686,,1.0
road,4,test,2012-06-19,0.03,MappedPTO2026,25.0,5.2711895012650745,26.61981106728192,34.684731850645726,15.885950209420361,,1.0
road,4,test,2012-06-19,0.03,GroupAware2025,25.0,5.2711895012650745,26.61981106728192,34.684731850645726,15.885950209420354,,1.0
road,4,test,2012-06-19,0.03,RobustImprovement2025,25.0,5.271189501265075,26.619811067281923,34.684731850645726,15.88595020942035,,1.0
road,4,test,2012-06-19,0.05,StructuralRobust,41.0,36.02392853383363,35.90565593887488,47.45674131433642,22.9396317342054,0.0,1.0
road,4,test,2012-06-19,0.05,ExpectedActionValue,41.0,61.16114443653251,5.626272212354282,7.4858166719416355,3.548761897227525,,1.0
road,4,test,2012-06-19,0.05,PointwiseWorstAction,41.0,61.17740998938411,5.5725991627140745,7.43214362230143,3.548761897227526,,1.0
road,4,test,2012-06-19,0.05,ScenarioCVaR,41.0,61.16114443653251,5.626272212354283,7.485816671941639,3.548761897227524,,1.0
road,4,test,2012-06-19,0.05,RiskFirst,41.0,9.299690141267726,36.50824298601897,48.38727593054911,23.725703773986638,,1.0
road,4,test,2012-06-19,0.05,TemporalContext2024,41.0,9.41852514000436,35.68466042406262,47.17693672158657,22.889055005089254,,1.0
road,4,test,2012-06-19,0.05,NetworkPropagation2024,41.0,9.353822455345094,35.985852009748044,47.643825673730284,23.26469844640912,,1.0
road,4,test,2012-06-19,0.05,CalibratedUncertainty2025,41.0,9.359988107808366,35.267101049945886,46.579694445064256,22.490135372391535,,1.0
road,4,test,2012-06-19,0.05,MappedPTO2026,41.0,10.027524465208199,36.093301272545276,47.74911548674042,23.245960567642562,,1.0
road,4,test,2012-06-19,0.05,GroupAware2025,41.0,10.017555730421444,35.969692620281094,47.52798210745481,22.99440023224708,,1.0
road,4,test,2012-06-19,0.05,RobustImprovement2025,41.0,9.298018611449773,36.06959828942836,47.69088871630708,23.08604581469951,,1.0
road,4,test,2012-06-19,0.1,StructuralRobust,83.0,95.64196968328531,49.05553856485921,66.03226254502349,33.99701692291678,0.0,1.0
road,4,test,2012-06-19,0.1,ExpectedActionValue,83.0,87.06398255471815,15.00950602275114,19.66332069115753,9.071259187469789,,1.0
road,4,test,2012-06-19,0.1,PointwiseWorstAction,83.0,87.07717222438566,15.07460446889375,19.7514791086799,9.117206522082235,,1.0
road,4,test,2012-06-19,0.1,ScenarioCVaR,83.0,87.06398255471815,15.00950602275114,19.66332069115753,9.071259187469785,,1.0
road,4,test,2012-06-19,0.1,RiskFirst,83.0,25.098599740596278,48.936934622675,66.00093435712496,34.30505363923497,,1.0
road,4,test,2012-06-19,0.1,TemporalContext2024,83.0,23.35081807189616,49.017032113386925,65.8976692811236,33.778980758012814,,1.0
road,4,test,2012-06-19,0.1,NetworkPropagation2024,83.0,23.734842585335663,49.397298186682036,66.61942245610085,34.55630700153411,,1.0
road,4,test,2012-06-19,0.1,CalibratedUncertainty2025,83.0,23.398990150343028,48.15184939997769,64.82692480088467,33.4580883214464,,1.0
road,4,test,2012-06-19,0.1,MappedPTO2026,83.0,25.098599740596278,48.93693462267499,66.00093435712496,34.30505363923499,,1.0
road,4,test,2012-06-19,0.1,GroupAware2025,83.0,25.059226551933445,49.28956437573604,66.45195731086314,34.51080542220871,,1.0
road,4,test,2012-06-19,0.1,RobustImprovement2025,83.0,24.545961077895623,48.637360126030906,65.50348941570637,33.85468039222142,,1.0
road,4,test,2012-06-19,0.2,StructuralRobust,166.0,63.0521214750862,66.78547110951418,91.28701403263604,49.524993021352444,0.0,1.0
road,4,test,2012-06-19,0.2,ExpectedActionValue,166.0,114.44275608691554,28.960410099207838,37.7064145958808,17.046773983644687,,1.0
road,4,test,2012-06-19,0.2,PointwiseWorstAction,166.0,114.55673843762693,26.53101530485936,34.56298513729216,15.705349622997154,,1.0
road,4,test,2012-06-19,0.2,ScenarioCVaR,166.0,114.50364280135766,28.834922879110437,37.54512619483773,17.005651236166486,,1.0
road,4,test,2012-06-19,0.2,RiskFirst,166.0,44.68142700728092,67.00813393000836,91.71728073123056,50.01232611366997,,1.0
road,4,test,2012-06-19,0.2,TemporalContext2024,166.0,40.393504169680035,66.60563911666974,90.97256464693018,49.2301219980055,,1.0
road,4,test,2012-06-19,0.2,NetworkPropagation2024,166.0,43.593716579246134,66.63163527358627,91.09146626363227,49.465404230606495,,1.0
road,4,test,2012-06-19,0.2,CalibratedUncertainty2025,166.0,40.63809775440262,66.50177583753938,90.91204161050656,49.44117315100482,,1.0
road,4,test,2012-06-19,0.2,MappedPTO2026,166.0,45.59048191119822,67.00450713011213,91.7578845324839,50.087476194875094,,1.0
road,4,test,2012-06-19,0.2,GroupAware2025,166.0,44.55519597517403,67.26682075563782,92.13073793096018,50.17844284673869,,1.0
road,4,test,2012-06-19,0.2,RobustImprovement2025,166.0,45.586651762700455,67.21801083737913,91.96017347312704,49.96301498709184,,1.0
road,4,test,2012-06-20,0.01,StructuralRobust,8.0,19.688327210710376,9.448286037297173,12.234202062540929,5.44803028570014,0.0,1.0
road,4,test,2012-06-20,0.01,ExpectedActionValue,8.0,19.91668943465487,1.3479829093888187,1.7821407171137031,0.8206026046494108,,1.0
road,4,test,2012-06-20,0.01,PointwiseWorstAction,8.0,20.04739071879317,1.339565049759398,1.772307527694273,0.818917336824829,,1.0
road,4,test,2012-06-20,0.01,ScenarioCVaR,8.0,20.04739071879317,1.339565049759398,1.772307527694273,0.8189173368248295,,1.0
road,4,test,2012-06-20,0.01,RiskFirst,8.0,2.430786987216429,9.356385058029753,12.159616578831205,5.497032639489513,,1.0
road,4,test,2012-06-20,0.01,TemporalContext2024,8.0,2.4327430597116537,9.448286037297173,12.234202062540929,5.44803028570014,,1.0
road,4,test,2012-06-20,0.01,NetworkPropagation2024,8.0,2.4327430597116533,9.448286037297173,12.234202062540929,5.44803028570014,,1.0
road,4,test,2012-06-20,0.01,CalibratedUncertainty2025,8.0,2.6098265977664217,6.961404324191718,9.103643845513632,4.17473443248188,,1.0
road,4,test,2012-06-20,0.01,MappedPTO2026,8.0,2.430786987216429,9.356385058029753,12.159616578831205,5.497032639489513,,1.0
road,4,test,2012-06-20,0.01,GroupAware2025,8.0,2.430786987216429,9.356385058029753,12.159616578831205,5.497032639489513,,1.0
road,4,test,2012-06-20,0.01,RobustImprovement2025,8.0,2.441471031417248,9.287376226864046,12.045858837242077,5.400555943615734,,1.0
road,4,test,2012-06-20,0.03,StructuralRobust,25.0,48.47368248165481,20.51085521671775,27.14352174775456,13.113433257289536,0.0,1.0
road,4,test,2012-06-20,0.03,ExpectedActionValue,25.0,42.03967275872966,3.5256585853686597,4.780047797175195,2.450708943450113,,1.0
road,4,test,2012-06-20,0.03,PointwiseWorstAction,25.0,42.03967275872966,3.5256585853686593,4.780047797175196,2.450708943450114,,1.0
road,4,test,2012-06-20,0.03,ScenarioCVaR,25.0,42.03409049667392,3.6030085818892204,4.857397793695758,2.4507089434501133,,1.0
road,4,test,2012-06-20,0.03,RiskFirst,25.0,4.4094170289841434,20.51085521671775,27.14352174775456,13.113433257289529,,1.0
road,4,test,2012-06-20,0.03,TemporalContext2024,25.0,4.518662680424929,19.91117274408384,26.293455891015007,12.603715243404007,,1.0
road,4,test,2012-06-20,0.03,NetworkPropagation2024,25.0,4.487705980112309,19.973122559372673,26.388175352258404,12.641925763168974,,1.0
road,4,test,2012-06-20,0.03,CalibratedUncertainty2025,25.0,4.503833367663753,20.156564853794357,26.649603262937912,12.789887191926958,,1.0
road,4,test,2012-06-20,0.03,MappedPTO2026,25.0,4.409417028984143,20.51085521671775,27.143521747754562,13.113433257289529,,1.0
road,4,test,2012-06-20,0.03,GroupAware2025,25.0,4.4094170289841434,20.51085521671775,27.14352174775456,13.113433257289536,,1.0
road,4,test,2012-06-20,0.03,RobustImprovement2025,25.0,4.409417028984143,20.51085521671775,27.14352174775456,13.113433257289536,,1.0
road,4,test,2012-06-20,0.05,StructuralRobust,41.0,29.64961790093909,26.67182843362718,35.52277060605222,17.5939796707093,0.0,1.0
road,4,test,2012-06-20,0.05,ExpectedActionValue,41.0,54.99843848341681,5.502241977408255,7.318675206825373,3.545313066819606,,1.0
road,4,test,2012-06-20,0.05,PointwiseWorstAction,41.0,55.00159528837695,5.783326340251442,7.740886455833371,3.8450081363842,,1.0
road,4,test,2012-06-20,0.05,ScenarioCVaR,41.0,55.00159528837693,5.783326340251442,7.74088645583337,3.8450081363841964,,1.0
road,4,test,2012-06-20,0.05,RiskFirst,41.0,7.569029380013237,26.520750214853678,35.358199389738786,17.635698842858808,,1.0
road,4,test,2012-06-20,0.05,TemporalContext2024,41.0,7.761429618870026,27.009409886463697,35.92064895954573,17.726832137090692,,1.0
road,4,test,2012-06-20,0.05,NetworkPropagation2024,41.0,7.7234420714528556,26.626612354514023,35.51059283122634,17.733022187441236,,1.0
road,4,test,2012-06-20,0.05,CalibratedUncertainty2025,41.0,7.642324822561842,27.47416077309255,36.59425506745992,18.141442313935556,,1.0
road,4,test,2012-06-20,0.05,MappedPTO2026,41.0,7.524800078407827,26.1362206206,34.90032190500678,17.509212024188827,,1.0
road,4,test,2012-06-20,0.05,GroupAware2025,41.0,7.6273439670150225,26.145830330938765,34.88056662710199,17.439029134362947,,1.0
road,4,test,2012-06-20,0.05,RobustImprovement2025,41.0,12.10943980040923,27.11878509602337,36.095645630801236,17.863910033244405,,1.0
road,4,test,2012-06-20,0.1,StructuralRobust,83.0,83.61319202305454,42.512688510784386,57.88298320889938,31.000753505193018,0.0,1.0
road,4,test,2012-06-20,0.1,ExpectedActionValue,83.0,78.25240783088582,11.903497191804979,15.687865831691706,7.407232397328505,,1.0
road,4,test,2012-06-20,0.1,PointwiseWorstAction,83.0,78.31593063528854,11.9096723510058,15.634283950215735,7.282880886629741,,1.0
road,4,test,2012-06-20,0.1,ScenarioCVaR,83.0,78.27461492789551,11.347498963341014,14.89378002995615,6.914575348232194,,1.0
road,4,test,2012-06-20,0.1,RiskFirst,83.0,19.90485271924667,41.156360806301855,56.10783344357996,30.160016739865775,,1.0
road,4,test,2012-06-20,0.1,TemporalContext2024,83.0,21.119392394759995,42.314709752729684,57.59017528564395,30.807707733630195,,1.0
road,4,test,2012-06-20,0.1,NetworkPropagation2024,83.0,20.989592394470776,42.0862449148345,57.23256584330755,30.51133462679514,,1.0
road,4,test,2012-06-20,0.1,CalibratedUncertainty2025,83.0,21.35997791230638,41.728783300399684,56.723730547688824,30.132635868078566,,1.0
road,4,test,2012-06-20,0.1,MappedPTO2026,83.0,21.24362249972176,41.47547711132955,56.579436699550094,30.48363028070473,,1.0
road,4,test,2012-06-20,0.1,GroupAware2025,83.0,20.848234984646542,41.620854698326134,56.766983166796344,30.54296779974201,,1.0
road,4,test,2012-06-20,0.1,RobustImprovement2025,83.0,20.5089642916001,42.75312982346759,58.24927758884861,31.23991766837142,,1.0
road,4,test,2012-06-20,0.2,StructuralRobust,166.0,54.0801526661176,59.87967091694642,82.49774419601007,45.39399835323241,0.0,1.0
road,4,test,2012-06-20,0.2,ExpectedActionValue,166.0,105.02836910829244,21.22896328385565,27.52264565527844,12.206375159501931,,1.0
road,4,test,2012-06-20,0.2,PointwiseWorstAction,166.0,105.10123523372062,23.446154340027036,30.36744294194064,13.403064746957874,,1.0
road,4,test,2012-06-20,0.2,ScenarioCVaR,166.0,105.07637260750953,21.253796256916647,27.62960037114772,12.355991470723549,,1.0
road,4,test,2012-06-20,0.2,RiskFirst,166.0,40.249068333531994,60.552775346519546,83.57999044709739,46.364077300877575,,1.0
road,4,test,2012-06-20,0.2,TemporalContext2024,166.0,38.68819891775985,59.97574951974229,82.66412511812025,45.7410113264955,,1.0
road,4,test,2012-06-20,0.2,NetworkPropagation2024,166.0,39.2785329747679,59.0523366489902,81.34584144715701,44.9767995284491,,1.0
road,4,test,2012-06-20,0.2,CalibratedUncertainty2025,166.0,40.50133539631967,59.561399769064785,81.97965741369752,45.14316791823419,,1.0
road,4,test,2012-06-20,0.2,MappedPTO2026,166.0,40.24906833353199,60.55277534651954,83.57999044709739,46.36407730087757,,1.0
road,4,test,2012-06-20,0.2,GroupAware2025,166.0,41.94811095256901,59.848795747323145,82.47671231531623,45.4531846999243,,1.0
road,4,test,2012-06-20,0.2,RobustImprovement2025,166.0,42.476668488174695,60.54060985153757,83.58211071275045,46.236104717729745,,1.0
road,5,set_cal,2012-06-07,0.01,StructuralRobust,8.0,31.811974010863736,22.245021912401256,27.5628931715807,10.198863821012786,0.0,1.0
road,5,set_cal,2012-06-07,0.01,ExpectedActionValue,8.0,17.6146518880424,0.44437800409572636,0.5622148754207533,0.23038163657897026,,1.0
road,5,set_cal,2012-06-07,0.01,PointwiseWorstAction,8.0,17.668498351238853,0.49804578254802195,0.6370437569700673,0.2543042657321474,,1.0
road,5,set_cal,2012-06-07,0.01,ScenarioCVaR,8.0,17.6146518880424,0.44437800409572636,0.5622148754207533,0.23038163657897026,,1.0
road,5,set_cal,2012-06-07,0.01,RiskFirst,8.0,1.9038206876718589,21.92021728970705,27.140587946059984,10.007366863395621,,1.0
road,5,set_cal,2012-06-07,0.01,TemporalContext2024,8.0,1.8219911949462495,21.302970473184057,26.435962356090958,9.858616329113676,,1.0
road,5,set_cal,2012-06-07,0.01,NetworkPropagation2024,8.0,2.4424701381281664,22.40148028405525,27.734474544195614,10.221908124058626,,1.0
road,5,set_cal,2012-06-07,0.01,CalibratedUncertainty2025,8.0,1.8120876859178914,21.613778956803277,26.79975361962621,9.952353122406592,,1.0
road,5,set_cal,2012-06-07,0.01,MappedPTO2026,8.0,1.7253751154785495,20.677114957914295,25.744918557708814,9.762846623470388,,1.0
road,5,set_cal,2012-06-07,0.01,GroupAware2025,8.0,1.9038206876718589,21.92021728970705,27.140587946059984,10.007366863395621,,1.0
road,5,set_cal,2012-06-07,0.01,RobustImprovement2025,8.0,2.442470138128167,22.401480284055246,27.734474544195614,10.22190812405863,,1.0
road,5,set_cal,2012-06-07,0.03,StructuralRobust,25.0,58.35605272252812,51.04342968570598,64.76434972427325,26.72469266497901,0.0,1.0
road,5,set_cal,2012-06-07,0.03,ExpectedActionValue,25.0,38.61664704864877,2.0955612473110294,2.6625296648720784,1.014480922246614,,1.0
road,5,set_cal,2012-06-07,0.03,PointwiseWorstAction,25.0,38.716524315029886,3.706493468280462,4.669020548127719,1.8036825747239775,,1.0
road,5,set_cal,2012-06-07,0.03,ScenarioCVaR,25.0,38.64926437630933,3.7390686694464876,4.7494087791154485,1.8722289261411507,,1.0
road,5,set_cal,2012-06-07,0.03,RiskFirst,25.0,5.4233752107867685,47.754932173157194,60.8028489106208,25.470646208316644,,1.0
road,5,set_cal,2012-06-07,0.03,TemporalContext2024,25.0,5.62767624417333,50.95448931918102,64.63303953440119,26.635464837544674,,1.0
road,5,set_cal,2012-06-07,0.03,NetworkPropagation2024,25.0,5.446612297656708,49.41674133559544,62.78385811401477,26.0522638548697,,1.0
road,5,set_cal,2012-06-07,0.03,CalibratedUncertainty2025,25.0,5.095962129194937,50.15681564745484,63.705068474058805,26.4098724892365,,1.0
road,5,set_cal,2012-06-07,0.03,MappedPTO2026,25.0,5.209079587737488,47.344066218613854,60.20856286450015,25.10178863342461,,1.0
road,5,set_cal,2012-06-07,0.03,GroupAware2025,25.0,5.2588501067832825,48.470669953721426,61.65979922459845,25.730247906638965,,1.0
road,5,set_cal,2012-06-07,0.03,RobustImprovement2025,25.0,5.55689289154134,49.64587439858454,63.021125926307946,26.05116535782585,,1.0
road,5,set_cal,2012-06-07,0.05,StructuralRobust,41.0,90.76757447745469,70.90727910567222,90.92785644515119,39.27088554152138,0.0,1.0
road,5,set_cal,2012-06-07,0.05,ExpectedActionValue,41.0,51.65791004151412,6.936627643025731,8.956969254895148,3.932390952781474,,1.0
road,5,set_cal,2012-06-07,0.05,PointwiseWorstAction,41.0,51.668744262025754,7.633907533609241,9.924482656557615,4.491357439155404,,1.0
road,5,set_cal,2012-06-07,0.05,ScenarioCVaR,41.0,51.67999346266476,6.972353068222854,8.992694680092269,3.932390952781472,,1.0
road,5,set_cal,2012-06-07,0.05,RiskFirst,41.0,7.833431206210724,68.2200731736182,87.6900265294863,38.246952540329985,,1.0
road,5,set_cal,2012-06-07,0.05,TemporalContext2024,41.0,7.642736553317938,72.02801615721297,92.38579070369107,39.92211732173628,,1.0
road,5,set_cal,2012-06-07,0.05,NetworkPropagation2024,41.0,7.663739933697511,72.28977875110586,92.65592942149989,39.9233497421896,,1.0
road,5,set_cal,2012-06-07,0.05,CalibratedUncertainty2025,41.0,7.992800046201894,71.98145777837637,92.31363516896836,39.872573866285336,,1.0
road,5,set_cal,2012-06-07,0.05,MappedPTO2026,41.0,7.604610471921698,70.90727910567222,90.92785644515119,39.27088554152138,,1.0
road,5,set_cal,2012-06-07,0.05,GroupAware2025,41.0,7.7470239336739946,68.01977609605423,87.43525083286875,38.14327969997899,,1.0
road,5,set_cal,2012-06-07,0.05,RobustImprovement2025,41.0,7.9481012418419015,70.12758756608949,90.03563270353688,39.052814131990814,,1.0
road,5,set_cal,2012-06-07,0.1,StructuralRobust,83.0,71.3927722233275,115.38688376866965,150.27543055661664,69.10072328251921,0.0,1.0
road,5,set_cal,2012-06-07,0.1,ExpectedActionValue,83.0,76.58301085277085,22.17428070242102,28.827223587806404,13.110273848488173,,1.0
road,5,set_cal,2012-06-07,0.1,PointwiseWorstAction,83.0,76.60853257139553,21.66802636310759,28.127559246938652,12.731068758863099,,1.0
road,5,set_cal,2012-06-07,0.1,ScenarioCVaR,83.0,76.66973491498916,21.767716767348933,28.255516561169717,12.764336827557056,,1.0
road,5,set_cal,2012-06-07,0.1,RiskFirst,83.0,15.82412480062065,113.04537141150169,147.2659727215877,67.75514258154163,,1.0
road,5,set_cal,2012-06-07,0.1,TemporalContext2024,83.0,15.359334687685662,112.74931695515279,147.01021257589932,67.89946242579133,,1.0
road,5,set_cal,2012-06-07,0.1,NetworkPropagation2024,83.0,15.735767857520472,109.37471504254832,142.6496646267439,65.95681393769026,,1.0
road,5,set_cal,2012-06-07,0.1,CalibratedUncertainty2025,83.0,15.473323861675993,113.30260138419716,147.68706330337736,68.13097035872228,,1.0
road,5,set_cal,2012-06-07,0.1,MappedPTO2026,83.0,15.940729768691725,113.18039399110198,147.42155713965036,67.7855029278539,,1.0
road,5,set_cal,2012-06-07,0.1,GroupAware2025,83.0,15.82412480062065,113.0453714115017,147.2659727215877,67.75514258154165,,1.0
road,5,set_cal,2012-06-07,0.1,RobustImprovement2025,83.0,16.711059715389226,113.88026278630929,148.27562883171905,68.09697096786326,,1.0
road,5,set_cal,2012-06-07,0.2,StructuralRobust,166.0,90.06401298196053,162.5047295428883,214.9948314671726,105.10099700226101,0.0,1.0
road,5,set_cal,2012-06-07,0.2,ExpectedActionValue,166.0,108.31685216586109,56.89684894587336,74.09669329660623,34.026648765657015,,1.0
road,5,set_cal,2012-06-07,0.2,PointwiseWorstAction,166.0,108.45990277099891,57.04288043877279,74.27129703113278,34.08573945716537,,1.0
road,5,set_cal,2012-06-07,0.2,ScenarioCVaR,166.0,108.40115959471329,56.96642082099885,74.19483741335884,34.08573945716539,,1.0
road,5,set_cal,2012-06-07,0.2,RiskFirst,166.0,31.488133466030543,160.93066132138597,213.1566322373907,104.63094453281388,,1.0
road,5,set_cal,2012-06-07,0.2,TemporalContext2024,166.0,31.18128893374153,161.83916400319592,214.57349303260676,105.71172010428538,,1.0
road,5,set_cal,2012-06-07,0.2,NetworkPropagation2024,166.0,30.917293100864867,157.83399559246382,209.5225093711693,103.69321219880325,,1.0
road,5,set_cal,2012-06-07,0.2,CalibratedUncertainty2025,166.0,29.916122030167983,159.27040565518118,211.16995051432008,104.05948527725079,,1.0
road,5,set_cal,2012-06-07,0.2,MappedPTO2026,166.0,30.952314924933514,162.16461505842165,214.56773443234627,104.92511261055415,,1.0
road,5,set_cal,2012-06-07,0.2,GroupAware2025,166.0,31.529334811206482,162.66742455386074,215.36641098892184,105.56059210180794,,1.0
road,5,set_cal,2012-06-07,0.2,RobustImprovement2025,166.0,31.85404722882452,161.16839810613644,213.88279501532787,105.72032194637458,,1.0
road,5,set_cal,2012-06-08,0.01,StructuralRobust,8.0,27.262420059810736,13.224009702606782,16.94720247413114,7.3043937964303325,0.0,1.0
road,5,set_cal,2012-06-08,0.01,ExpectedActionValue,8.0,11.429594779428516,0.48653377633177874,0.675207585988745,0.34794135565411255,,1.0
road,5,set_cal,2012-06-08,0.01,PointwiseWorstAction,8.0,11.717931087406972,0.5300385966828579,0.7187124063398239,0.34794135565411255,,1.0
road,5,set_cal,2012-06-08,0.01,ScenarioCVaR,8.0,11.717931087406972,0.5300385966828579,0.7187124063398239,0.34794135565411255,,1.0
road,5,set_cal,2012-06-08,0.01,RiskFirst,8.0,1.235122494679798,12.985042838046024,16.619295931195968,7.123350582747996,,1.0
road,5,set_cal,2012-06-08,0.01,TemporalContext2024,8.0,1.3927903858644275,12.537995753569605,16.002050953652724,6.735827348174103,,1.0
road,5,set_cal,2012-06-08,0.01,NetworkPropagation2024,8.0,1.235122494679798,12.985042838046024,16.619295931195968,7.123350582747996,,1.0
road,5,set_cal,2012-06-08,0.01,CalibratedUncertainty2025,8.0,1.3288469762877457,11.482314050772652,14.72964481482884,6.34064181171736,,1.0
road,5,set_cal,2012-06-08,0.01,MappedPTO2026,8.0,1.235122494679798,12.985042838046022,16.619295931195968,7.123350582747998,,1.0
road,5,set_cal,2012-06-08,0.01,GroupAware2025,8.0,1.235122494679798,12.985042838046024,16.619295931195968,7.123350582747996,,1.0
road,5,set_cal,2012-06-08,0.01,RobustImprovement2025,8.0,1.235122494679798,12.985042838046024,16.619295931195968,7.123350582747996,,1.0
road,5,set_cal,2012-06-08,0.03,StructuralRobust,25.0,48.03561136458007,25.987840066595172,34.02179588731185,15.914841105941452,0.0,1.0
road,5,set_cal,2012-06-08,0.03,ExpectedActionValue,25.0,23.45664144414417,2.235733676330566,2.939319879274774,1.368131139704825,,1.0
road,5,set_cal,2012-06-08,0.03,PointwiseWorstAction,25.0,23.51445672396911,2.232673030240842,2.93625923318505,1.368131139704826,,1.0
road,5,set_cal,2012-06-08,0.03,ScenarioCVaR,25.0,23.51445672396911,2.232673030240842,2.93625923318505,1.368131139704826,,1.0
road,5,set_cal,2012-06-08,0.03,RiskFirst,25.0,3.6052873666846974,26.627481274942845,34.93908836649173,16.480190512823846,,1.0
road,5,set_cal,2012-06-08,0.03,TemporalContext2024,25.0,3.607208908025358,25.987840066595172,34.02179588731185,15.914841105941452,,1.0
road,5,set_cal,2012-06-08,0.03,NetworkPropagation2024,25.0,3.5248709497971626,27.48953774004357,35.84358455501789,16.502899880812475,,1.0
road,5,set_cal,2012-06-08,0.03,CalibratedUncertainty2025,25.0,3.655652709107126,28.07219733032974,36.67479778754234,17.007144361430537,,1.0
road,5,set_cal,2012-06-08,0.03,MappedPTO2026,25.0,3.9649490519886283,26.375925794619675,34.61598796995121,16.343265171643118,,1.0
road,5,set_cal,2012-06-08,0.03,GroupAware2025,25.0,3.5608824523629354,26.238916805904577,34.44904307376411,16.289110517428032,,1.0
road,5,set_cal,2012-06-08,0.03,RobustImprovement2025,25.0,3.468068757925189,26.96054322962992,35.35018287701975,16.629402857053428,,1.0
road,5,set_cal,2012-06-08,0.05,StructuralRobust,41.0,62.78451806674283,36.17933126236698,48.038599301022074,23.742733458807955,0.0,1.0
road,5,set_cal,2012-06-08,0.05,ExpectedActionValue,41.0,31.782704152753134,3.7802576658431146,5.01433867137176,2.445564277818292,,1.0
road,5,set_cal,2012-06-08,0.05,PointwiseWorstAction,41.0,31.83002749716085,7.319834956675651,9.270825604633789,3.7732551906546394,,1.0
road,5,set_cal,2012-06-08,0.05,ScenarioCVaR,41.0,31.82029647183038,7.333743790951352,9.28473443890949,3.7732551906546385,,1.0
road,5,set_cal,2012-06-08,0.05,RiskFirst,41.0,5.877487108735924,37.33256987139569,49.4566502907036,24.233162219528324,,1.0
road,5,set_cal,2012-06-08,0.05,TemporalContext2024,41.0,5.814670341750279,37.08575474786144,49.1132909115335,24.03844768192092,,1.0
road,5,set_cal,2012-06-08,0.05,NetworkPropagation2024,41.0,5.709000560180968,37.09669581955459,49.109915973740456,23.95366429626135,,1.0
road,5,set_cal,2012-06-08,0.05,CalibratedUncertainty2025,41.0,5.786822407437991,36.90919174102085,48.89802845971223,23.97088810248877,,1.0
road,5,set_cal,2012-06-08,0.05,MappedPTO2026,41.0,6.022324992871979,36.17933126236698,48.038599301022074,23.742733458807955,,1.0
road,5,set_cal,2012-06-08,0.05,GroupAware2025,41.0,5.882892860357,36.74566807822044,48.78240913129792,24.08774107384032,,1.0
road,5,set_cal,2012-06-08,0.05,RobustImprovement2025,41.0,6.874455715000268,36.75169820776077,48.76670405095977,24.038460559197894,,1.0
road,5,set_cal,2012-06-08,0.1,StructuralRobust,83.0,48.474267089870146,52.45208261684194,70.94927501544458,37.40750432926682,0.0,1.0
road,5,set_cal,2012-06-08,0.1,ExpectedActionValue,83.0,47.51572753114991,12.637748808674743,16.466262750553437,7.611976228713935,,1.0
road,5,set_cal,2012-06-08,0.1,PointwiseWorstAction,83.0,47.57403719708381,12.731082342413135,16.597614693961646,7.722060951102264,,1.0
road,5,set_cal,2012-06-08,0.1,ScenarioCVaR,83.0,47.54729216245606,12.205624100161762,15.81696883484789,7.196062237620206,,1.0
road,5,set_cal,2012-06-08,0.1,RiskFirst,83.0,12.522748248969364,51.890736246605265,70.16416884355037,36.88746467645081,,1.0
road,5,set_cal,2012-06-08,0.1,TemporalContext2024,83.0,12.059594214986452,51.85366340080594,70.10104061033157,36.83943078404141,,1.0
road,5,set_cal,2012-06-08,0.1,NetworkPropagation2024,83.0,13.31750588295732,52.10144722897904,70.41225065268183,36.97935583801049,,1.0
road,5,set_cal,2012-06-08,0.1,CalibratedUncertainty2025,83.0,12.517033640022923,52.88028791660116,71.538774872111,37.71376355915956,,1.0
road,5,set_cal,2012-06-08,0.1,MappedPTO2026,83.0,12.586124694925408,52.05362737579365,70.38356633979156,37.00002284202199,,1.0
road,5,set_cal,2012-06-08,0.1,GroupAware2025,83.0,12.443899401999358,52.28497111923044,70.72781447875481,37.27792694231159,,1.0
road,5,set_cal,2012-06-08,0.1,RobustImprovement2025,83.0,12.749385576635488,52.559512575420186,71.07895338999957,37.40716485407941,,1.0
road,5,set_cal,2012-06-08,0.2,StructuralRobust,166.0,55.97401788842353,72.73584336087612,100.07978908816298,55.76693857576856,0.0,1.0
road,5,set_cal,2012-06-08,0.2,ExpectedActionValue,166.0,68.38215464751508,24.17127208826253,32.013509909528885,15.723101064807725,,1.0
road,5,set_cal,2012-06-08,0.2,PointwiseWorstAction,166.0,68.45970928706733,23.69234912683418,31.287989867788145,15.129656118120309,,1.0
road,5,set_cal,2012-06-08,0.2,ScenarioCVaR,166.0,68.42547975789222,25.154797149045216,33.287587491660986,16.295008538524826,,1.0
road,5,set_cal,2012-06-08,0.2,RiskFirst,166.0,25.63001349006121,73.05683602990688,100.72171722952666,56.493362915182544,,1.0
road,5,set_cal,2012-06-08,0.2,TemporalContext2024,166.0,25.15751636557183,71.69244363331725,98.56821516271256,54.75970638934301,,1.0
road,5,set_cal,2012-06-08,0.2,NetworkPropagation2024,166.0,25.41913363873314,72.51403637459318,99.80072880033943,55.64725105063944,,1.0
road,5,set_cal,2012-06-08,0.2,CalibratedUncertainty2025,166.0,25.73289663998578,72.45878287164788,99.7175821827078,55.67229490951439,,1.0
road,5,set_cal,2012-06-08,0.2,MappedPTO2026,166.0,25.56868612010516,72.94876230502553,100.51306159156938,56.28200708391344,,1.0
road,5,set_cal,2012-06-08,0.2,GroupAware2025,166.0,25.888219013780535,72.42349375670528,99.73673162784694,55.71281237738114,,1.0
road,5,set_cal,2012-06-08,0.2,RobustImprovement2025,166.0,24.86421974696059,73.88254093423274,102.16738548693804,57.87138115325797,,1.0
road,5,set_cal,2012-06-11,0.01,StructuralRobust,8.0,30.776618326746544,13.709578080173587,17.628505733677205,7.6733998363931395,0.0,1.0
road,5,set_cal,2012-06-11,0.01,ExpectedActionValue,8.0,18.434844048934867,0.22488069447440667,0.2248806944744072,4.440892098500626e-16,,1.0
road,5,set_cal,2012-06-11,0.01,PointwiseWorstAction,8.0,18.434844048934867,0.22488069447440667,0.2248806944744072,4.440892098500626e-16,,1.0
road,5,set_cal,2012-06-11,0.01,ScenarioCVaR,8.0,18.434844048934867,0.22488069447440667,0.2248806944744072,4.440892098500626e-16,,1.0
road,5,set_cal,2012-06-11,0.01,RiskFirst,8.0,1.537035205531902,13.709578080173587,17.628505733677205,7.6733998363931395,,1.0
road,5,set_cal,2012-06-11,0.01,TemporalContext2024,8.0,1.537035205531902,13.709578080173587,17.628505733677205,7.6733998363931395,,1.0
road,5,set_cal,2012-06-11,0.01,NetworkPropagation2024,8.0,1.537035205531902,13.709578080173587,17.628505733677205,7.6733998363931395,,1.0
road,5,set_cal,2012-06-11,0.01,CalibratedUncertainty2025,8.0,1.4713941001945032,12.234001089779342,15.755430016338194,6.8728402690052,,1.0
road,5,set_cal,2012-06-11,0.01,MappedPTO2026,8.0,1.357965033258743,12.28154079026668,15.87511869243528,7.066612600537335,,1.0
road,5,set_cal,2012-06-11,0.01,GroupAware2025,8.0,1.537035205531902,13.709578080173587,17.628505733677205,7.6733998363931395,,1.0
road,5,set_cal,2012-06-11,0.01,RobustImprovement2025,8.0,1.5925170951187801,14.006823178239037,17.968097118252818,7.7410468774639885,,1.0
road,5,set_cal,2012-06-11,0.03,StructuralRobust,25.0,52.618928378527436,25.602622935606504,33.61217573613514,15.880479677836853,0.0,1.0
road,5,set_cal,2012-06-11,0.03,ExpectedActionValue,25.0,35.05774976557104,2.4380762609568523,3.3111417616045564,1.7769953041882962,,1.0
road,5,set_cal,2012-06-11,0.03,PointwiseWorstAction,25.0,35.03092686782854,2.373063469533484,3.240185619371438,1.7723031497052335,,1.0
road,5,set_cal,2012-06-11,0.03,ScenarioCVaR,25.0,35.05774976557103,2.4380762609568527,3.3111417616045564,1.7769953041882949,,1.0
road,5,set_cal,2012-06-11,0.03,RiskFirst,25.0,3.9273628653154415,25.32235370029977,33.25755821165739,15.740403491426129,,1.0
road,5,set_cal,2012-06-11,0.03,TemporalContext2024,25.0,4.22177160446559,25.602622935606504,33.61217573613514,15.880479677836853,,1.0
road,5,set_cal,2012-06-11,0.03,NetworkPropagation2024,25.0,4.334876904005923,25.04979371074458,32.81094602621469,15.37168344996919,,1.0
road,5,set_cal,2012-06-11,0.03,CalibratedUncertainty2025,25.0,4.039522878739962,25.625059352110195,33.66695158207689,15.95563970476508,,1.0
road,5,set_cal,2012-06-11,0.03,MappedPTO2026,25.0,4.006207715383982,24.82712140224556,32.52854444371739,15.258992845028644,,1.0
road,5,set_cal,2012-06-11,0.03,GroupAware2025,25.0,3.927362865315442,25.32235370029977,33.25755821165739,15.740403491426129,,1.0
road,5,set_cal,2012-06-11,0.03,RobustImprovement2025,25.0,4.047468717972728,25.454747359736736,33.38369059141568,15.748196199437686,,1.0
road,5,set_cal,2012-06-11,0.05,StructuralRobust,41.0,70.83780976968386,32.62045357835339,43.52370424681079,21.876486196070964,0.0,1.0
road,5,set_cal,2012-06-11,0.05,ExpectedActionValue,41.0,45.505593995070505,3.8329881500382577,5.110524938587956,2.5624915452481503,,1.0
road,5,set_cal,2012-06-11,0.05,PointwiseWorstAction,41.0,45.597699155143474,3.8505684013001704,5.128105189849868,2.562491545248149,,1.0
road,5,set_cal,2012-06-11,0.05,ScenarioCVaR,41.0,45.58965662700932,3.8061714259565314,5.083708214506229,2.5624915452481494,,1.0
road,5,set_cal,2012-06-11,0.05,RiskFirst,41.0,6.904702303223127,33.12377540282084,44.18238480853843,22.201354324525056,,1.0
road,5,set_cal,2012-06-11,0.05,TemporalContext2024,41.0,6.9747261397803575,33.15884631879085,44.13765266961649,21.97677837505571,,1.0
road,5,set_cal,2012-06-11,0.05,NetworkPropagation2024,41.0,6.842351628538166,32.56304979472188,43.25705046883428,21.3963766511514,,1.0
road,5,set_cal,2012-06-11,0.05,CalibratedUncertainty2025,41.0,6.292311741156457,33.15768266136421,44.09421673417171,21.891674829101028,,1.0
road,5,set_cal,2012-06-11,0.05,MappedPTO2026,41.0,7.269222067936929,32.62045357835339,43.52370424681079,21.876486196070964,,1.0
road,5,set_cal,2012-06-11,0.05,GroupAware2025,41.0,6.904702303223127,33.12377540282084,44.18238480853844,22.201354324525056,,1.0
road,5,set_cal,2012-06-11,0.05,RobustImprovement2025,41.0,7.042079987592186,34.21202348153255,45.625472490769425,22.90850706269873,,1.0
road,5,set_cal,2012-06-11,0.1,StructuralRobust,83.0,51.93413370909402,47.48023778834328,64.36169823339371,34.0979795226913,0.0,1.0
road,5,set_cal,2012-06-11,0.1,ExpectedActionValue,83.0,64.89405908466172,9.953697451048159,13.161340807684484,6.296821008653323,,1.0
road,5,set_cal,2012-06-11,0.1,PointwiseWorstAction,83.0,64.89436875677104,10.56210519767015,13.859029062161289,6.452208991064683,,1.0
road,5,set_cal,2012-06-11,0.1,ScenarioCVaR,83.0,64.96054886707417,9.173076690435119,11.971353663934604,5.489403089092127,,1.0
road,5,set_cal,2012-06-11,0.1,RiskFirst,83.0,13.122284854361933,47.408680434011,64.26615187297269,34.02322719809719,,1.0
road,5,set_cal,2012-06-11,0.1,TemporalContext2024,83.0,12.416593340415213,46.8067903811813,63.27994587277122,33.176562084654506,,1.0
road,5,set_cal,2012-06-11,0.1,NetworkPropagation2024,83.0,13.808716294153863,47.625604817323484,64.57934547542133,34.314641668940915,,1.0
road,5,set_cal,2012-06-11,0.1,CalibratedUncertainty2025,83.0,12.816933164615127,47.17228089185499,63.867696940376895,33.669661496293934,,1.0
road,5,set_cal,2012-06-11,0.1,MappedPTO2026,83.0,13.122284854361935,47.40868043401101,64.26615187297269,34.02322719809717,,1.0
road,5,set_cal,2012-06-11,0.1,GroupAware2025,83.0,13.366403965935662,47.63870319203909,64.62425094729021,34.33470360050249,,1.0
road,5,set_cal,2012-06-11,0.1,RobustImprovement2025,83.0,13.328374241010524,48.24145954117313,65.52819891760122,35.02958601952568,,1.0
road,5,set_cal,2012-06-11,0.2,StructuralRobust,166.0,57.268274565511156,63.63512797205677,87.19956513547915,47.44312226133156,0.0,1.0
road,5,set_cal,2012-06-11,0.2,ExpectedActionValue,166.0,88.11690656513011,26.416978012734,34.54264832007159,15.990837916793033,,1.0
road,5,set_cal,2012-06-11,0.2,PointwiseWorstAction,166.0,88.17301113417922,26.272405970896,34.3607465795051,15.943658474954905,,1.0
road,5,set_cal,2012-06-11,0.2,ScenarioCVaR,166.0,88.15895011752993,26.43465649706887,34.550371625778645,15.974908940224346,,1.0
road,5,set_cal,2012-06-11,0.2,RiskFirst,166.0,29.547247614528857,63.642944280327896,87.42932603213092,47.977801936442916,,1.0
road,5,set_cal,2012-06-11,0.2,TemporalContext2024,166.0,27.754419787491866,63.14600790173059,86.40070325179224,46.91272605473963,,1.0
road,5,set_cal,2012-06-11,0.2,NetworkPropagation2024,166.0,28.587270021592865,62.594885467454205,85.6797452755953,46.7354884032721,,1.0
road,5,set_cal,2012-06-11,0.2,CalibratedUncertainty2025,166.0,28.779915077766326,62.544466837430924,85.6477808328505,46.6573641998995,,1.0
road,5,set_cal,2012-06-11,0.2,MappedPTO2026,166.0,29.54724761452886,63.6429442803279,87.4293260321309,47.977801936442894,,1.0
road,5,set_cal,2012-06-11,0.2,GroupAware2025,166.0,28.841320585571548,63.77937446582015,87.4983052060369,47.791267466763905,,1.0
road,5,set_cal,2012-06-11,0.2,RobustImprovement2025,166.0,29.171557527198626,64.3041386822881,88.42341465216673,48.60416001321201,,1.0
road,5,set_cal,2012-06-12,0.01,StructuralRobust,8.0,32.41026899390995,17.904543151547024,22.376040587362933,8.654898290747745,0.0,1.0
road,5,set_cal,2012-06-12,0.01,ExpectedActionValue,8.0,18.99545071535992,0.45285623412930986,0.5272073775660562,0.16686032427068564,,1.0
road,5,set_cal,2012-06-12,0.01,PointwiseWorstAction,8.0,19.040286619036202,0.527319922052932,0.6550842128667298,0.24398368167868778,,1.0
road,5,set_cal,2012-06-12,0.01,ScenarioCVaR,8.0,19.040286619036202,0.527319922052932,0.6550842128667298,0.24398368167868778,,1.0
road,5,set_cal,2012-06-12,0.01,RiskFirst,8.0,1.759617963560381,17.904543151547024,22.376040587362933,8.654898290747745,,1.0
road,5,set_cal,2012-06-12,0.01,TemporalContext2024,8.0,1.8580638738850956,15.83875575301225,19.800277604769565,7.687169878395721,,1.0
road,5,set_cal,2012-06-12,0.01,NetworkPropagation2024,8.0,1.7841157939929018,16.717028644572036,20.881736575598136,8.06594173173118,,1.0
road,5,set_cal,2012-06-12,0.01,CalibratedUncertainty2025,8.0,1.8480936261428964,15.045199551634898,18.83998356050053,7.378537170549109,,1.0
road,5,set_cal,2012-06-12,0.01,MappedPTO2026,8.0,2.095367809695391,17.34975022663506,21.69584182211861,8.41845362462072,,1.0
road,5,set_cal,2012-06-12,0.01,GroupAware2025,8.0,1.759617963560381,17.904543151547024,22.376040587362933,8.654898290747745,,1.0
road,5,set_cal,2012-06-12,0.01,RobustImprovement2025,8.0,1.8480936261428962,15.045199551634898,18.839983560500524,7.378537170549105,,1.0
road,5,set_cal,2012-06-12,0.03,StructuralRobust,25.0,57.30945682495403,32.29607391476503,41.47900117564548,18.08438784248441,0.0,1.0
road,5,set_cal,2012-06-12,0.03,ExpectedActionValue,25.0,39.69924600139498,2.6062758441485285,3.3813921896233694,1.420716369900353,,1.0
road,5,set_cal,2012-06-12,0.03,PointwiseWorstAction,25.0,39.680760189581534,2.6416769391688946,3.416793284643735,1.420716369900353,,1.0
road,5,set_cal,2012-06-12,0.03,ScenarioCVaR,25.0,39.69924600139498,2.6062758441485285,3.3813921896233694,1.420716369900353,,1.0
road,5,set_cal,2012-06-12,0.03,RiskFirst,25.0,4.433728165385376,32.421467335533535,41.66953077057089,18.180686561060647,,1.0
road,5,set_cal,2012-06-12,0.03,TemporalContext2024,25.0,4.511929179094947,32.29607391476503,41.47900117564548,18.08438784248441,,1.0
road,5,set_cal,2012-06-12,0.03,NetworkPropagation2024,25.0,4.511929179094946,32.29607391476503,41.47900117564548,18.08438784248441,,1.0
road,5,set_cal,2012-06-12,0.03,CalibratedUncertainty2025,25.0,4.5778321203261205,31.15228011187812,40.0803889191919,17.57361238209446,,1.0
road,5,set_cal,2012-06-12,0.03,MappedPTO2026,25.0,4.794671498961474,32.01265681065315,41.160776693635064,17.99350431771108,,1.0
road,5,set_cal,2012-06-12,0.03,GroupAware2025,25.0,4.433728165385376,32.421467335533535,41.66953077057089,18.180686561060647,,1.0
road,5,set_cal,2012-06-12,0.03,RobustImprovement2025,25.0,4.739107397084695,32.00574736807117,41.17229236952022,18.065216309173422,,1.0
road,5,set_cal,2012-06-12,0.05,StructuralRobust,41.0,76.81227442136729,41.36667938954185,54.077658167582385,25.29889061593469,0.0,1.0
road,5,set_cal,2012-06-12,0.05,ExpectedActionValue,41.0,51.27716497196896,4.066181117600637,5.204776860288248,2.17031221589019,,1.0
road,5,set_cal,2012-06-12,0.05,PointwiseWorstAction,41.0,51.30736597852678,4.094540202474722,5.233135945162332,2.17031221589019,,1.0
road,5,set_cal,2012-06-12,0.05,ScenarioCVaR,41.0,51.31308859088424,4.083917338314547,5.222513081002156,2.1703122158901893,,1.0
road,5,set_cal,2012-06-12,0.05,RiskFirst,41.0,7.532605893577186,40.985890206070174,53.49334134333757,24.862796231299022,,1.0
road,5,set_cal,2012-06-12,0.05,TemporalContext2024,41.0,7.5235193282420765,41.04128376937525,53.59866137696058,24.97435149303606,,1.0
road,5,set_cal,2012-06-12,0.05,NetworkPropagation2024,41.0,7.729339533341667,41.24550456340912,53.904982012365664,25.191635041644282,,1.0
road,5,set_cal,2012-06-12,0.05,CalibratedUncertainty2025,41.0,6.361242577434045,40.3341753384394,52.66218934724534,24.478915015703585,,1.0
road,5,set_cal,2012-06-12,0.05,MappedPTO2026,41.0,7.470331252504866,41.36667938954185,54.077658167582385,25.29889061593469,,1.0
road,5,set_cal,2012-06-12,0.05,GroupAware2025,41.0,8.090595267020756,40.70087130001499,53.08673500320021,24.610942305769292,,1.0
road,5,set_cal,2012-06-12,0.05,RobustImprovement2025,41.0,8.318925702164385,41.30651983364565,53.9684140599148,25.188130241311512,,1.0
road,5,set_cal,2012-06-12,0.1,StructuralRobust,83.0,59.28269587137374,59.262733684329284,79.39824709841074,40.637460981258805,0.0,1.0
road,5,set_cal,2012-06-12,0.1,ExpectedActionValue,83.0,73.4538698066927,14.51307893620771,18.497079463294614,7.839333314633487,,1.0
road,5,set_cal,2012-06-12,0.1,PointwiseWorstAction,83.0,73.54231543284354,15.891014423772456,20.347365854884973,8.747465915163856,,1.0
road,5,set_cal,2012-06-12,0.1,ScenarioCVaR,83.0,73.5730118426292,16.61548636337771,21.29244531115894,9.175890372256504,,1.0
road,5,set_cal,2012-06-12,0.1,RiskFirst,83.0,14.588525249146336,58.80993702151564,78.82082110447539,40.38819727546969,,1.0
road,5,set_cal,2012-06-12,0.1,TemporalContext2024,83.0,14.50165144882341,58.60022781921814,78.42789121981488,39.9312422981074,,1.0
road,5,set_cal,2012-06-12,0.1,NetworkPropagation2024,83.0,15.049985363478191,59.51705550309486,79.72526641894554,40.80506592717649,,1.0
road,5,set_cal,2012-06-12,0.1,CalibratedUncertainty2025,83.0,14.010297090509379,58.5435487530013,78.31358181526295,39.90231265826809,,1.0
road,5,set_cal,2012-06-12,0.1,MappedPTO2026,83.0,14.588525249146336,58.80993702151563,78.82082110447539,40.388197275469686,,1.0
road,5,set_cal,2012-06-12,0.1,GroupAware2025,83.0,14.50538857137985,58.85381592598385,78.86464940614796,40.379697092754725,,1.0
road,5,set_cal,2012-06-12,0.1,RobustImprovement2025,83.0,15.498532142955067,59.39635268988987,79.60821787133997,40.82196923189374,,1.0
road,5,set_cal,2012-06-12,0.2,StructuralRobust,166.0,67.44378398109585,83.23516308541939,113.52155484090665,61.47178414939769,0.0,1.0
road,5,set_cal,2012-06-12,0.2,ExpectedActionValue,166.0,102.40024856151317,31.09628132671688,40.667754063208854,19.044326294786526,,1.0
road,5,set_cal,2012-06-12,0.2,PointwiseWorstAction,166.0,102.41624228619081,31.148402736285043,40.71987547277701,19.044326294786508,,1.0
road,5,set_cal,2012-06-12,0.2,ScenarioCVaR,166.0,102.42643777839287,31.110869055084432,40.6823417915764,19.044326294786533,,1.0
road,5,set_cal,2012-06-12,0.2,RiskFirst,166.0,28.888941460698824,83.06302717843847,113.45083378470312,61.7577073290462,,1.0
road,5,set_cal,2012-06-12,0.2,TemporalContext2024,166.0,28.32359098834005,80.97713453585855,110.42179379398418,59.640368550331104,,1.0
road,5,set_cal,2012-06-12,0.2,NetworkPropagation2024,166.0,30.08180878092299,82.58867018023847,112.62053595744526,60.98609937960097,,1.0
road,5,set_cal,2012-06-12,0.2,CalibratedUncertainty2025,166.0,30.188895424994524,81.85511818745496,111.4620280014702,59.93280584434214,,1.0
road,5,set_cal,2012-06-12,0.2,MappedPTO2026,166.0,29.50985267004747,82.24913599375314,112.2739286821552,60.98427946242096,,1.0
road,5,set_cal,2012-06-12,0.2,GroupAware2025,166.0,29.02419862521093,82.59995000537855,112.75076698434442,61.19652017398546,,1.0
road,5,set_cal,2012-06-12,0.2,RobustImprovement2025,166.0,29.161827234923567,83.31052111870609,113.86546257207989,62.18660876264882,,1.0
road,5,set_cal,2012-06-13,0.01,StructuralRobust,8.0,31.319139616726456,17.291870655178073,21.733306959682427,8.604632055814655,0.0,1.0
road,5,set_cal,2012-06-13,0.01,ExpectedActionValue,8.0,17.610312986718984,0.4083569211936268,0.5076297781356446,0.1437836833177069,,1.0
road,5,set_cal,2012-06-13,0.01,PointwiseWorstAction,8.0,17.655407765779252,0.365474844745698,0.4214998091611921,0.08870240537197782,,1.0
road,5,set_cal,2012-06-13,0.01,ScenarioCVaR,8.0,17.623475687850938,0.44449436155337924,0.543767218495397,0.1437836833177069,,1.0
road,5,set_cal,2012-06-13,0.01,RiskFirst,8.0,2.2513506966165977,17.748326383485114,22.279147213190672,8.766741986021003,,1.0
road,5,set_cal,2012-06-13,0.01,TemporalContext2024,8.0,2.2513506966165977,17.748326383485114,22.279147213190672,8.766741986021003,,1.0
road,5,set_cal,2012-06-13,0.01,NetworkPropagation2024,8.0,2.2513506966165977,17.74832638348511,22.279147213190672,8.76674198602101,,1.0
road,5,set_cal,2012-06-13,0.01,CalibratedUncertainty2025,8.0,1.6149327579984454,16.191879267457946,20.351319134998555,8.072171478035362,,1.0
road,5,set_cal,2012-06-13,0.01,MappedPTO2026,8.0,2.6176392081699262,17.106698452525887,21.510808192422452,8.536285066628338,,1.0
road,5,set_cal,2012-06-13,0.01,GroupAware2025,8.0,2.2513506966165977,17.748326383485114,22.279147213190672,8.766741986021003,,1.0
road,5,set_cal,2012-06-13,0.01,RobustImprovement2025,8.0,2.5206707176114214,17.364060932678655,21.816152939015865,8.622725316025441,,1.0
road,5,set_cal,2012-06-13,0.03,StructuralRobust,25.0,56.81080991712365,34.185898645909816,44.099590378645395,19.542878220403075,0.0,1.0
road,5,set_cal,2012-06-13,0.03,ExpectedActionValue,25.0,37.64823064462973,2.677439869318653,3.5253683844861956,1.691302987317882,,1.0
road,5,set_cal,2012-06-13,0.03,PointwiseWorstAction,25.0,37.72540019173673,2.5198390826806034,3.230717767956328,1.3941895665363697,,1.0
road,5,set_cal,2012-06-13,0.03,ScenarioCVaR,25.0,37.72540019173673,2.5198390826806034,3.2307177679563273,1.3941895665363697,,1.0
road,5,set_cal,2012-06-13,0.03,RiskFirst,25.0,5.546169774078859,34.185898645909816,44.0995903786454,19.542878220403075,,1.0
road,5,set_cal,2012-06-13,0.03,TemporalContext2024,25.0,5.546169774078859,34.185898645909816,44.099590378645395,19.542878220403075,,1.0
road,5,set_cal,2012-06-13,0.03,NetworkPropagation2024,25.0,5.653371421142244,35.092069430100686,45.34535112762688,20.22664235023396,,1.0
road,5,set_cal,2012-06-13,0.03,CalibratedUncertainty2025,25.0,5.608830798533237,34.86012088671473,45.01659533822971,20.040094904334815,,1.0
road,5,set_cal,2012-06-13,0.03,MappedPTO2026,25.0,5.546169774078859,34.18589864590981,44.099590378645395,19.542878220403082,,1.0
road,5,set_cal,2012-06-13,0.03,GroupAware2025,25.0,5.546169774078859,34.18589864590981,44.0995903786454,19.542878220403082,,1.0
road,5,set_cal,2012-06-13,0.03,RobustImprovement2025,25.0,5.537912517928647,34.944910317020295,45.074064534907585,19.954038034861348,,1.0
road,5,set_cal,2012-06-13,0.05,StructuralRobust,41.0,79.11489095670125,43.22692929154392,56.47842827862059,26.367137449269116,0.0,1.0
road,5,set_cal,2012-06-13,0.05,ExpectedActionValue,41.0,50.34891068711364,7.178915403297845,9.44248769549508,4.554009259464728,,1.0
road,5,set_cal,2012-06-13,0.05,PointwiseWorstAction,41.0,50.28775997586833,7.131033989055347,9.394606281252582,4.554009259464727,,1.0
road,5,set_cal,2012-06-13,0.05,ScenarioCVaR,41.0,50.34891068711364,7.178915403297844,9.44248769549508,4.554009259464729,,1.0
road,5,set_cal,2012-06-13,0.05,RiskFirst,41.0,7.177414415322595,43.11925748378081,56.34986804252743,26.330692211674197,,1.0
road,5,set_cal,2012-06-13,0.05,TemporalContext2024,41.0,7.424184162854123,43.49009234152747,56.81035567367821,26.49354064295116,,1.0
road,5,set_cal,2012-06-13,0.05,NetworkPropagation2024,41.0,8.393176257829579,43.70893265246708,57.14764148344345,26.7461032740191,,1.0
road,5,set_cal,2012-06-13,0.05,CalibratedUncertainty2025,41.0,7.401910877166283,43.59792493221329,57.00626605266325,26.669023923591084,,1.0
road,5,set_cal,2012-06-13,0.05,MappedPTO2026,41.0,7.0084950050863775,43.22692929154392,56.47842827862059,26.367137449269116,,1.0
road,5,set_cal,2012-06-13,0.05,GroupAware2025,41.0,7.177414415322595,43.1192574837808,56.34986804252743,26.330692211674204,,1.0
road,5,set_cal,2012-06-13,0.05,RobustImprovement2025,41.0,8.115188225477363,44.17177158773073,57.77213028574038,27.06724889555157,,1.0
road,5,set_cal,2012-06-13,0.1,StructuralRobust,83.0,58.70522195014164,61.41163856762412,81.87442292225664,41.2203365655379,0.0,1.0
road,5,set_cal,2012-06-13,0.1,ExpectedActionValue,83.0,73.0952195093805,17.59017310875827,22.778018460181016,10.367500885190022,,1.0
road,5,set_cal,2012-06-13,0.1,PointwiseWorstAction,83.0,73.15469976182769,17.506427671477894,22.590139911982146,10.14337236221034,,1.0
road,5,set_cal,2012-06-13,0.1,ScenarioCVaR,83.0,73.13837497833465,17.449580793238464,22.53329303374272,10.14337236221034,,1.0
road,5,set_cal,2012-06-13,0.1,RiskFirst,83.0,16.027526765953695,62.681812735662405,83.77491339355977,42.53679011426445,,1.0
road,5,set_cal,2012-06-13,0.1,TemporalContext2024,83.0,16.27886410977038,61.37442907167325,81.97624665224741,41.50534646027026,,1.0
road,5,set_cal,2012-06-13,0.1,NetworkPropagation2024,83.0,17.92798909787519,62.592561528591645,83.73610456890701,42.69926383791264,,1.0
road,5,set_cal,2012-06-13,0.1,CalibratedUncertainty2025,83.0,16.011737909643518,62.61192224679485,83.62585279239282,42.294136860076904,,1.0
road,5,set_cal,2012-06-13,0.1,MappedPTO2026,83.0,16.20822022012165,62.35775760133956,83.34101378187393,42.318018268154376,,1.0
road,5,set_cal,2012-06-13,0.1,GroupAware2025,83.0,16.0942220422871,61.61251938677368,82.395853385339,41.93591352124664,,1.0
road,5,set_cal,2012-06-13,0.1,RobustImprovement2025,83.0,16.8505305233711,61.526515594170576,82.15644483749136,41.597946727986155,,1.0
road,5,set_cal,2012-06-13,0.2,StructuralRobust,166.0,68.27304951930978,84.94854292412232,115.47641884954577,61.878490683792435,0.0,1.0
road,5,set_cal,2012-06-13,0.2,ExpectedActionValue,166.0,102.12652673871862,33.47224685862611,43.671786261305726,20.162060251217596,,1.0
road,5,set_cal,2012-06-13,0.2,PointwiseWorstAction,166.0,102.16629720214826,30.97212813341577,40.466468492406,18.751865995836905,,1.0
road,5,set_cal,2012-06-13,0.2,ScenarioCVaR,166.0,102.17818595408245,33.53718960100516,43.75292187315025,20.190803708494336,,1.0
road,5,set_cal,2012-06-13,0.2,RiskFirst,166.0,33.240676438365014,84.17244926832295,114.45515934615844,61.53110933150087,,1.0
road,5,set_cal,2012-06-13,0.2,TemporalContext2024,166.0,32.81968041200786,84.65206648134978,115.08579519178006,61.70714506461894,,1.0
road,5,set_cal,2012-06-13,0.2,NetworkPropagation2024,166.0,33.122744447019684,85.1133157171681,115.71469821933985,62.27004458673157,,1.0
road,5,set_cal,2012-06-13,0.2,CalibratedUncertainty2025,166.0,34.28877115114283,84.5146649015951,114.85769569478556,61.61728323125533,,1.0
road,5,set_cal,2012-06-13,0.2,MappedPTO2026,166.0,32.02373430727542,84.43782010762479,114.93456818145637,61.890892877621326,,1.0
road,5,set_cal,2012-06-13,0.2,GroupAware2025,166.0,33.41700907449993,84.73937254461126,115.2821056675181,61.93298973935819,,1.0
road,5,set_cal,2012-06-13,0.2,RobustImprovement2025,166.0,32.75071668507332,83.58474552720192,113.74846760362676,61.30150784867239,,1.0
road,5,set_cal,2012-06-14,0.01,StructuralRobust,8.0,30.856359488659454,16.541125113068553,20.98369749196785,8.642649631152523,0.0,1.0
road,5,set_cal,2012-06-14,0.01,ExpectedActionValue,8.0,18.33152315518937,1.3481197362998747,1.8035955574993536,0.9265650669856915,,1.0
road,5,set_cal,2012-06-14,0.01,PointwiseWorstAction,8.0,18.365081641367848,1.5786108311325866,2.164942818659078,1.20596033310196,,1.0
road,5,set_cal,2012-06-14,0.01,ScenarioCVaR,8.0,18.33152315518937,1.3481197362998747,1.8035955574993536,0.9265650669856915,,1.0
road,5,set_cal,2012-06-14,0.01,RiskFirst,8.0,3.2281852616544664,17.371562171738404,21.984129339858494,8.958315337430086,,1.0
road,5,set_cal,2012-06-14,0.01,TemporalContext2024,8.0,3.2281852616544664,17.371562171738404,21.984129339858494,8.958315337430086,,1.0
road,5,set_cal,2012-06-14,0.01,NetworkPropagation2024,8.0,3.228185261654466,17.371562171738404,21.984129339858498,8.958315337430086,,1.0
road,5,set_cal,2012-06-14,0.01,CalibratedUncertainty2025,8.0,3.877983471069292,15.747915095797957,19.900183069568307,8.02008418049244,,1.0
road,5,set_cal,2012-06-14,0.01,MappedPTO2026,8.0,3.125700024276419,16.128320289909748,20.360461120332523,8.21282980695759,,1.0
road,5,set_cal,2012-06-14,0.01,GroupAware2025,8.0,3.2281852616544664,17.371562171738404,21.984129339858494,8.958315337430086,,1.0
road,5,set_cal,2012-06-14,0.01,RobustImprovement2025,8.0,3.057658994077226,17.594193179309187,22.200301611045834,8.92211197062262,,1.0
road,5,set_cal,2012-06-14,0.03,StructuralRobust,25.0,57.309123848114595,35.74574265571131,46.319803807026865,20.812453072921215,0.0,1.0
road,5,set_cal,2012-06-14,0.03,ExpectedActionValue,25.0,40.18663433221222,3.1025680134567764,4.181912229213292,2.167953011384285,,1.0
road,5,set_cal,2012-06-14,0.03,PointwiseWorstAction,25.0,40.30460077374851,3.0779906676022564,4.157334883358772,2.1679530113842858,,1.0
road,5,set_cal,2012-06-14,0.03,ScenarioCVaR,25.0,40.25788683236277,3.0763922674364435,4.1557364831929595,2.167953011384284,,1.0
road,5,set_cal,2012-06-14,0.03,RiskFirst,25.0,5.997383223886498,35.94530768825765,46.584662019762845,20.941932578980712,,1.0
road,5,set_cal,2012-06-14,0.03,TemporalContext2024,25.0,5.960729806007082,35.74574265571131,46.319803807026865,20.812453072921215,,1.0
road,5,set_cal,2012-06-14,0.03,NetworkPropagation2024,25.0,6.022807616409602,36.813275344853835,47.76140697267222,21.57229783574855,,1.0
road,5,set_cal,2012-06-14,0.03,CalibratedUncertainty2025,25.0,5.941067734534471,35.736363986058244,46.365169924908805,20.943662075885626,,1.0
road,5,set_cal,2012-06-14,0.03,MappedPTO2026,25.0,5.365198208033003,36.61084350279957,47.51906884212018,21.5388799764714,,1.0
road,5,set_cal,2012-06-14,0.03,GroupAware2025,25.0,5.997383223886498,35.94530768825765,46.58466201976284,20.941932578980712,,1.0
road,5,set_cal,2012-06-14,0.03,RobustImprovement2025,25.0,5.582026169583426,36.82512469291196,47.793015730244484,21.653560407298954,,1.0
road,5,set_cal,2012-06-14,0.05,StructuralRobust,41.0,80.98084035515959,47.571860749615595,62.47310312146514,29.58841771024258,0.0,1.0
road,5,set_cal,2012-06-14,0.05,ExpectedActionValue,41.0,55.5961798126135,5.667279172210463,7.441839705940759,3.5553858877679936,,1.0
road,5,set_cal,2012-06-14,0.05,PointwiseWorstAction,41.0,55.54981852755057,5.666116426324456,7.440676960054753,3.5553858877679945,,1.0
road,5,set_cal,2012-06-14,0.05,ScenarioCVaR,41.0,55.59617981261349,5.6672791722104625,7.441839705940759,3.5553858877679927,,1.0
road,5,set_cal,2012-06-14,0.05,RiskFirst,41.0,9.341435184001975,47.66864728610921,62.61858730128426,29.688466574123787,,1.0
road,5,set_cal,2012-06-14,0.05,TemporalContext2024,41.0,8.959699939247994,45.467332545336276,59.79750694838066,28.49900353247203,,1.0
road,5,set_cal,2012-06-14,0.05,NetworkPropagation2024,41.0,9.047375135185082,47.31240958364726,62.20766710363302,29.6007015572252,,1.0
road,5,set_cal,2012-06-14,0.05,CalibratedUncertainty2025,41.0,9.02151909072647,45.74604329508855,60.011182213537836,28.316910356081145,,1.0
road,5,set_cal,2012-06-14,0.05,MappedPTO2026,41.0,8.703198244182275,47.571860749615595,62.47310312146514,29.58841771024258,,1.0
road,5,set_cal,2012-06-14,0.05,GroupAware2025,41.0,9.182088231532628,46.370884892772274,60.96398395571843,29.002024430105486,,1.0
road,5,set_cal,2012-06-14,0.05,RobustImprovement2025,41.0,9.313800489877213,46.88810285173598,61.628907042564585,29.2845740996799,,1.0
road,5,set_cal,2012-06-14,0.1,StructuralRobust,83.0,61.40522617531143,68.37941570137716,91.76776975676401,47.20634836852268,0.0,1.0
road,5,set_cal,2012-06-14,0.1,ExpectedActionValue,83.0,86.12731799288885,15.503370509005466,20.39793347846095,9.668653379013241,,1.0
road,5,set_cal,2012-06-14,0.1,PointwiseWorstAction,83.0,86.1023924589677,15.533541553466918,20.49649351224344,9.851979744939648,,1.0
road,5,set_cal,2012-06-14,0.1,ScenarioCVaR,83.0,86.1412022466122,15.422222739584774,20.315561798191236,9.66728259886233,,1.0
road,5,set_cal,2012-06-14,0.1,RiskFirst,83.0,22.19526314936343,67.18534553607587,90.17543925237611,46.39860515456655,,1.0
road,5,set_cal,2012-06-14,0.1,TemporalContext2024,83.0,22.561361928774915,66.98687978845001,89.83977821300743,46.10195187655877,,1.0
road,5,set_cal,2012-06-14,0.1,NetworkPropagation2024,83.0,21.5182650570862,68.2231214357742,91.64302618530034,47.30405433923856,,1.0
road,5,set_cal,2012-06-14,0.1,CalibratedUncertainty2025,83.0,19.59758824932216,67.50725113332223,90.57797025458038,46.54527350650832,,1.0
road,5,set_cal,2012-06-14,0.1,MappedPTO2026,83.0,16.964956369442927,67.31514411427251,90.31989084480661,46.41379550718534,,1.0
road,5,set_cal,2012-06-14,0.1,GroupAware2025,83.0,20.298955814263394,67.09630921890125,90.02129994608161,46.25371952323303,,1.0
road,5,set_cal,2012-06-14,0.1,RobustImprovement2025,83.0,20.945067916116162,67.53329018208375,90.66577034824252,46.70883693682454,,1.0
road,5,set_cal,2012-06-14,0.2,StructuralRobust,166.0,72.97946686205462,90.34309744323681,123.30452220511566,66.97773457398594,0.0,1.0
road,5,set_cal,2012-06-14,0.2,ExpectedActionValue,166.0,123.30290519180157,28.92871507425601,37.80601670705583,17.424837873386615,,1.0
road,5,set_cal,2012-06-14,0.2,PointwiseWorstAction,166.0,123.30727424371416,28.771929393175363,37.56605364117952,17.285806711819617,,1.0
road,5,set_cal,2012-06-14,0.2,ScenarioCVaR,166.0,123.30290519180153,28.92871507425601,37.80601670705583,17.424837873386608,,1.0
road,5,set_cal,2012-06-14,0.2,RiskFirst,166.0,38.621016978048644,92.02776764116616,125.77736754052462,68.65680104350712,,1.0
road,5,set_cal,2012-06-14,0.2,TemporalContext2024,166.0,38.49541600012816,91.13785464387524,124.53891361542458,67.89710544087612,,1.0
road,5,set_cal,2012-06-14,0.2,NetworkPropagation2024,166.0,38.630020226028165,92.6065866944314,126.55293505157185,69.10905726858019,,1.0
road,5,set_cal,2012-06-14,0.2,CalibratedUncertainty2025,166.0,40.358630632591776,91.8082466256596,125.26466464030105,68.09927652548363,,1.0
road,5,set_cal,2012-06-14,0.2,MappedPTO2026,166.0,38.47596451537477,90.80649137932106,123.99975717501509,67.48780665047799,,1.0
road,5,set_cal,2012-06-14,0.2,GroupAware2025,166.0,38.734633940656835,91.4047079760627,124.95096196129452,68.19203253926929,,1.0
road,5,set_cal,2012-06-14,0.2,RobustImprovement2025,166.0,39.60130165150845,91.78858486086621,125.60818631828212,68.90442485737505,,1.0
road,5,set_cal,2012-06-15,0.01,StructuralRobust,8.0,26.54347493057599,7.141443299547082,9.473105912271418,4.638751616185087,0.0,1.0
road,5,set_cal,2012-06-15,0.01,ExpectedActionValue,8.0,12.276968666644272,0.5713852656654015,0.6996776829147969,0.20375817891071946,,1.0
road,5,set_cal,2012-06-15,0.01,PointwiseWorstAction,8.0,12.3642092912718,0.54336210897194,0.6716545262213355,0.20375817891071946,,1.0
road,5,set_cal,2012-06-15,0.01,ScenarioCVaR,8.0,12.31612073774008,0.5786652858106714,0.706957703060067,0.20375817891071946,,1.0
road,5,set_cal,2012-06-15,0.01,RiskFirst,8.0,1.948555922668518,5.693277750523487,7.549265098909833,3.702899375276667,,1.0
road,5,set_cal,2012-06-15,0.01,TemporalContext2024,8.0,1.8912831062954223,5.145734039457486,6.843471565775462,3.3934584867397186,,1.0
road,5,set_cal,2012-06-15,0.01,NetworkPropagation2024,8.0,1.9715895136557549,5.150357951510736,6.848095477828712,3.3934584867397186,,1.0
road,5,set_cal,2012-06-15,0.01,CalibratedUncertainty2025,8.0,1.829389603611218,5.178230725898678,6.863690120672517,3.3214446858491504,,1.0
road,5,set_cal,2012-06-15,0.01,MappedPTO2026,8.0,2.0278101739049603,5.500343033005926,7.225387121352327,3.4281685146864955,,1.0
road,5,set_cal,2012-06-15,0.01,GroupAware2025,8.0,1.948555922668518,5.693277750523487,7.549265098909833,3.702899375276667,,1.0
road,5,set_cal,2012-06-15,0.01,RobustImprovement2025,8.0,1.9966613771997328,5.3575599105384075,7.119552470189893,3.5205101634531193,,1.0
road,5,set_cal,2012-06-15,0.03,StructuralRobust,25.0,45.97560791814247,15.167764905070829,20.44414842055773,10.555358082184185,0.0,1.0
road,5,set_cal,2012-06-15,0.03,ExpectedActionValue,25.0,23.71855158360927,2.155070679839075,2.72582965554021,0.9993531164057581,,1.0
road,5,set_cal,2012-06-15,0.03,PointwiseWorstAction,25.0,23.803201266425578,2.1952642177813146,2.7499952340987517,0.9779878882820272,,1.0
road,5,set_cal,2012-06-15,0.03,ScenarioCVaR,25.0,23.765962603642734,2.2660001154626883,2.8548757167688725,1.0196437370834133,,1.0
road,5,set_cal,2012-06-15,0.03,RiskFirst,25.0,4.717782139629315,14.814747255122667,20.008711765854294,10.410697310092603,,1.0
road,5,set_cal,2012-06-15,0.03,TemporalContext2024,25.0,4.619584947651935,15.167764905070829,20.44414842055773,10.555358082184185,,1.0
road,5,set_cal,2012-06-15,0.03,NetworkPropagation2024,25.0,5.033629126266707,14.62170110893988,19.675536731351578,10.107689997834358,,1.0
road,5,set_cal,2012-06-15,0.03,CalibratedUncertainty2025,25.0,4.497351816502783,14.404019121825327,19.466489704717244,10.151728884236595,,1.0
road,5,set_cal,2012-06-15,0.03,MappedPTO2026,25.0,4.177066316919567,14.742512259347256,19.885228762268785,10.294996812479484,,1.0
road,5,set_cal,2012-06-15,0.03,GroupAware2025,25.0,4.58336572389135,14.748978685646948,19.899544307855997,10.313046178969858,,1.0
road,5,set_cal,2012-06-15,0.03,RobustImprovement2025,25.0,4.620375617638826,15.114501250414648,20.380150032229704,10.537613857084587,,1.0
road,5,set_cal,2012-06-15,0.05,StructuralRobust,41.0,58.555974976440005,22.271211570091026,30.4501772148908,16.599702475704618,0.0,1.0
road,5,set_cal,2012-06-15,0.05,ExpectedActionValue,41.0,31.728825901650573,4.384331957335934,5.743126231104372,2.5741324617202714,,1.0
road,5,set_cal,2012-06-15,0.05,PointwiseWorstAction,41.0,31.693988754513825,4.7838574709781305,6.266950812075322,2.8214171865070403,,1.0
road,5,set_cal,2012-06-15,0.05,ScenarioCVaR,41.0,31.77763625877049,4.404419578329962,5.763213852098401,2.5741324617202714,,1.0
road,5,set_cal,2012-06-15,0.05,RiskFirst,41.0,8.970999931981646,22.881433240336474,31.196898339778745,16.843497264024773,,1.0
road,5,set_cal,2012-06-15,0.05,TemporalContext2024,41.0,8.881001358011707,22.123880802442073,30.231768324776635,16.451892048041074,,1.0
road,5,set_cal,2012-06-15,0.05,NetworkPropagation2024,41.0,8.80520028890609,21.053022664192284,28.59823049662445,15.25259591572626,,1.0
road,5,set_cal,2012-06-15,0.05,CalibratedUncertainty2025,41.0,8.98189588026619,21.282367227548583,29.13281905052013,15.929232665641685,,1.0
road,5,set_cal,2012-06-15,0.05,MappedPTO2026,41.0,9.001245649935159,22.271211570091026,30.4501772148908,16.599702475704618,,1.0
road,5,set_cal,2012-06-15,0.05,GroupAware2025,41.0,9.015284104959084,23.154657303752845,31.63945410785318,17.20744870000117,,1.0
road,5,set_cal,2012-06-15,0.05,RobustImprovement2025,41.0,8.699994391720416,22.29758103391666,30.420810161783688,16.461916223560568,,1.0
road,5,set_cal,2012-06-15,0.1,StructuralRobust,83.0,42.37343124414111,35.586704453771,49.18381384598036,27.636377867964484,0.0,1.0
road,5,set_cal,2012-06-15,0.1,ExpectedActionValue,83.0,48.13587402525207,8.949342096433934,11.722313306168504,5.423450907472855,,1.0
road,5,set_cal,2012-06-15,0.1,PointwiseWorstAction,83.0,48.23151770184959,8.985761531606805,11.779036787780687,5.381722925461462,,1.0
road,5,set_cal,2012-06-15,0.1,ScenarioCVaR,83.0,48.197843394981504,8.668209642581846,11.291852551357707,5.109357725325829,,1.0
road,5,set_cal,2012-06-15,0.1,RiskFirst,83.0,15.020921932219402,35.28288774035261,48.89905555672993,27.761253207197868,,1.0
road,5,set_cal,2012-06-15,0.1,TemporalContext2024,83.0,14.556467929923361,35.25637074435903,48.56687792864192,27.1229551691101,,1.0
road,5,set_cal,2012-06-15,0.1,NetworkPropagation2024,83.0,15.62779366083036,32.16550320125978,44.225539064029306,24.461768134524107,,1.0
road,5,set_cal,2012-06-15,0.1,CalibratedUncertainty2025,83.0,14.907465406224372,33.82193412906224,46.58502146993859,26.000890340374518,,1.0
road,5,set_cal,2012-06-15,0.1,MappedPTO2026,83.0,14.95449323185888,35.35458892894344,49.01877441893315,27.914238647935363,,1.0
road,5,set_cal,2012-06-15,0.1,GroupAware2025,83.0,15.06232425181341,35.51812104329648,49.237913928055846,27.99258902432716,,1.0
road,5,set_cal,2012-06-15,0.1,RobustImprovement2025,83.0,15.911297493447215,35.81234294388495,49.661897235410045,28.242821168358894,,1.0
road,5,set_cal,2012-06-15,0.2,StructuralRobust,166.0,47.89157504224895,49.66089240831605,68.59256897387777,38.0064212778877,0.0,1.0
road,5,set_cal,2012-06-15,0.2,ExpectedActionValue,166.0,69.37031876840452,17.511870952676105,22.81400748707075,10.193165760732398,,1.0
road,5,set_cal,2012-06-15,0.2,PointwiseWorstAction,166.0,69.43999385025657,17.69547523745506,23.144080630565295,10.469054727570377,,1.0
road,5,set_cal,2012-06-15,0.2,ScenarioCVaR,166.0,69.47575336413782,17.934860670420573,23.467903711678225,10.67197527836684,,1.0
road,5,set_cal,2012-06-15,0.2,RiskFirst,166.0,26.62479577704276,49.67191298556748,68.75430452620004,38.27373010571191,,1.0
road,5,set_cal,2012-06-15,0.2,TemporalContext2024,166.0,26.450592895111228,47.67934224242562,65.72742966031971,36.176624223809014,,1.0
road,5,set_cal,2012-06-15,0.2,NetworkPropagation2024,166.0,29.054828032090494,45.811413206781424,63.056666603782695,34.757360930069055,,1.0
road,5,set_cal,2012-06-15,0.2,CalibratedUncertainty2025,166.0,26.37213076392156,48.00076217388396,66.27461658326537,36.725892238375884,,1.0
road,5,set_cal,2012-06-15,0.2,MappedPTO2026,166.0,26.972893099716533,49.8887624461331,69.08629157705644,38.51366566141678,,1.0
road,5,set_cal,2012-06-15,0.2,GroupAware2025,166.0,27.183411176173983,49.47836448761455,68.54399835111647,38.20281629272991,,1.0
road,5,set_cal,2012-06-15,0.2,RobustImprovement2025,166.0,26.74709087215603,50.41318639665889,70.0471242432681,39.25329397190988,,1.0
road,5,set_cal,2012-06-18,0.01,StructuralRobust,8.0,27.28218780275521,2.983562554505377,4.046774138432136,2.042770407974944,0.0,1.0
road,5,set_cal,2012-06-18,0.01,ExpectedActionValue,8.0,17.48120774018619,0.6198546430951779,0.7789099910280183,0.33470072524537753,,1.0
road,5,set_cal,2012-06-18,0.01,PointwiseWorstAction,8.0,17.48120774018619,0.6198546430951779,0.7789099910280183,0.33470072524537753,,1.0
road,5,set_cal,2012-06-18,0.01,ScenarioCVaR,8.0,17.48120774018619,0.6198546430951779,0.7789099910280183,0.33470072524537753,,1.0
road,5,set_cal,2012-06-18,0.01,RiskFirst,8.0,2.022641010674812,2.983562554505377,4.046774138432136,2.042770407974944,,1.0
road,5,set_cal,2012-06-18,0.01,TemporalContext2024,8.0,2.022641010674812,2.983562554505377,4.046774138432137,2.042770407974944,,1.0
road,5,set_cal,2012-06-18,0.01,NetworkPropagation2024,8.0,2.1163340807487145,2.139384791310658,2.8540333678011223,1.3229638102965349,,1.0
road,5,set_cal,2012-06-18,0.01,CalibratedUncertainty2025,8.0,2.2710623528574794,4.759941764616681,6.4111663543753155,3.192935652145101,,1.0
road,5,set_cal,2012-06-18,0.01,MappedPTO2026,8.0,2.022641010674812,2.9835625545053768,4.046774138432136,2.0427704079749445,,1.0
road,5,set_cal,2012-06-18,0.01,GroupAware2025,8.0,2.022641010674812,2.9835625545053768,4.046774138432136,2.0427704079749445,,1.0
road,5,set_cal,2012-06-18,0.01,RobustImprovement2025,8.0,2.022641010674812,2.9835625545053768,4.046774138432137,2.0427704079749445,,1.0
road,5,set_cal,2012-06-18,0.03,StructuralRobust,25.0,45.33026375965683,8.705010121269037,11.95673508476101,6.501092169466656,0.0,1.0
road,5,set_cal,2012-06-18,0.03,ExpectedActionValue,25.0,31.46376779132081,2.5503834230717715,3.393589133708335,1.74940819396328,,1.0
road,5,set_cal,2012-06-18,0.03,PointwiseWorstAction,25.0,31.583877705724426,2.0662176714525775,2.6213062971696455,1.1373423806184264,,1.0
road,5,set_cal,2012-06-18,0.03,ScenarioCVaR,25.0,31.57060892237624,2.238661184718849,2.887221590821853,1.3349597700661375,,1.0
road,5,set_cal,2012-06-18,0.03,RiskFirst,25.0,5.731760913316431,10.911872002473583,15.000679937885485,8.229353310614613,,1.0
road,5,set_cal,2012-06-18,0.03,TemporalContext2024,25.0,5.654693756603367,8.705010121269037,11.95673508476101,6.501092169466656,,1.0
road,5,set_cal,2012-06-18,0.03,NetworkPropagation2024,25.0,5.01180816677206,8.378761301966772,11.407550569359069,6.029535086813567,,1.0
road,5,set_cal,2012-06-18,0.03,CalibratedUncertainty2025,25.0,5.973169930870887,10.737348488915062,14.650344086018146,7.80204025386576,,1.0
road,5,set_cal,2012-06-18,0.03,MappedPTO2026,25.0,5.6395218942114544,10.898816055639928,14.987623991051832,8.229353310614615,,1.0
road,5,set_cal,2012-06-18,0.03,GroupAware2025,25.0,5.731760913316431,10.911872002473581,15.000679937885485,8.229353310614615,,1.0
road,5,set_cal,2012-06-18,0.03,RobustImprovement2025,25.0,6.111983760236793,12.240352903239895,16.82426384941904,9.186746009711971,,1.0
road,5,set_cal,2012-06-18,0.05,StructuralRobust,41.0,59.17509059856155,20.10942486815995,27.69371190199613,15.29419273133109,0.0,1.0
road,5,set_cal,2012-06-18,0.05,ExpectedActionValue,41.0,40.836178322713565,4.892178069093215,6.548093830152928,3.4245353421338853,,1.0
road,5,set_cal,2012-06-18,0.05,PointwiseWorstAction,41.0,40.859420043153406,4.884042935122639,6.539958696182352,3.424535342133887,,1.0
road,5,set_cal,2012-06-18,0.05,ScenarioCVaR,41.0,40.822483040325416,4.5967342037459575,6.146890903788838,3.204165170895645,,1.0
road,5,set_cal,2012-06-18,0.05,RiskFirst,41.0,8.4822730690661,19.55447298620996,26.93817241785526,14.831256581108967,,1.0
road,5,set_cal,2012-06-18,0.05,TemporalContext2024,41.0,7.766432034257146,17.81553905228557,24.471120236036324,13.304845496587454,,1.0
road,5,set_cal,2012-06-18,0.05,NetworkPropagation2024,41.0,7.427973714662578,13.396019914768091,18.33757257411943,9.899878823856254,,1.0
road,5,set_cal,2012-06-18,0.05,CalibratedUncertainty2025,41.0,8.187346890206916,18.199554285125217,25.07647192358484,13.868809635310562,,1.0
road,5,set_cal,2012-06-18,0.05,MappedPTO2026,41.0,8.86071523397566,20.10942486815995,27.69371190199613,15.29419273133109,,1.0
road,5,set_cal,2012-06-18,0.05,GroupAware2025,41.0,7.933234856242233,19.42984404006217,26.75455040045809,14.705369294715943,,1.0
road,5,set_cal,2012-06-18,0.05,RobustImprovement2025,41.0,8.462860196924256,19.714172704047925,27.221547506862635,15.138257862864805,,1.0
road,5,set_cal,2012-06-18,0.1,StructuralRobust,83.0,40.23664768353092,31.56268057328133,43.511642396431924,24.155083480681046,0.0,1.0
road,5,set_cal,2012-06-18,0.1,ExpectedActionValue,83.0,60.327542983771195,13.013310318925695,17.27387539980849,8.647410842804236,,1.0
road,5,set_cal,2012-06-18,0.1,PointwiseWorstAction,83.0,60.27018929036018,12.283130118348767,16.239033841567906,8.015609752544771,,1.0
road,5,set_cal,2012-06-18,0.1,ScenarioCVaR,83.0,60.333626258205015,13.004517364736977,17.26508244561977,8.647410842804234,,1.0
road,5,set_cal,2012-06-18,0.1,RiskFirst,83.0,19.38832219202591,31.902023033842063,44.11177051869753,24.715321462406436,,1.0
road,5,set_cal,2012-06-18,0.1,TemporalContext2024,83.0,17.538236835590517,31.028376997656306,42.710900512281064,23.52255060808425,,1.0
road,5,set_cal,2012-06-18,0.1,NetworkPropagation2024,83.0,15.972268263391705,25.60197250897431,35.153601756208175,19.20899472395541,,1.0
road,5,set_cal,2012-06-18,0.1,CalibratedUncertainty2025,83.0,17.081041129611997,31.74141660627781,43.768163386177186,24.285451566293908,,1.0
road,5,set_cal,2012-06-18,0.1,MappedPTO2026,83.0,19.37158915245896,31.668397961389175,43.75047357786178,24.43915110432114,,1.0
road,5,set_cal,2012-06-18,0.1,GroupAware2025,83.0,17.63992833717828,32.36643810241905,44.69614158991667,24.940113212252804,,1.0
road,5,set_cal,2012-06-18,0.1,RobustImprovement2025,83.0,15.39869500129939,31.082058849871462,42.9820659268245,24.048913905430023,,1.0
road,5,set_cal,2012-06-18,0.2,StructuralRobust,166.0,46.5993752693884,46.70780229938337,64.6493747924123,36.46974700300118,0.0,1.0
road,5,set_cal,2012-06-18,0.2,ExpectedActionValue,166.0,85.91447920133926,24.78943679536333,32.49039127656325,15.482376927118686,,1.0
road,5,set_cal,2012-06-18,0.2,PointwiseWorstAction,166.0,85.87460167325402,24.398297762771644,31.905090663312144,15.053705616409982,,1.0
road,5,set_cal,2012-06-18,0.2,ScenarioCVaR,166.0,85.92007141149512,24.833789966846677,32.5347444480466,15.48237692711869,,1.0
road,5,set_cal,2012-06-18,0.2,RiskFirst,166.0,32.079769419339115,45.47363909711023,62.898596025522146,35.541765752969916,,1.0
road,5,set_cal,2012-06-18,0.2,TemporalContext2024,166.0,31.390382960338453,43.12345071875482,59.49362375682405,33.20347757089521,,1.0
road,5,set_cal,2012-06-18,0.2,NetworkPropagation2024,166.0,29.825657055299335,39.368012789558634,53.85271271955337,29.3006985011352,,1.0
road,5,set_cal,2012-06-18,0.2,CalibratedUncertainty2025,166.0,30.787308251359924,45.4197475022635,62.824053952851905,35.40784104206637,,1.0
road,5,set_cal,2012-06-18,0.2,MappedPTO2026,166.0,32.00040577608319,45.58207069561961,63.07887298793911,35.60183759209833,,1.0
road,5,set_cal,2012-06-18,0.2,GroupAware2025,166.0,31.376489981717302,43.76850212040989,60.40556024239357,33.79817247751184,,1.0
road,5,set_cal,2012-06-18,0.2,RobustImprovement2025,166.0,32.49546095551146,47.049485739073255,65.17671040776345,36.7722787083325,,1.0
road,5,set_cal,2012-06-19,0.01,StructuralRobust,8.0,30.998518514227268,15.094654037405874,19.251983221877502,8.100824585402556,0.0,1.0
road,5,set_cal,2012-06-19,0.01,ExpectedActionValue,8.0,18.375172553242507,1.2979876462519433,1.7545084519860272,0.9123627161405758,,1.0
road,5,set_cal,2012-06-19,0.01,PointwiseWorstAction,8.0,18.377782383681623,1.328994217589851,1.7855150233239352,0.9123627161405763,,1.0
road,5,set_cal,2012-06-19,0.01,ScenarioCVaR,8.0,18.375172553242507,1.2979876462519433,1.7545084519860272,0.9123627161405758,,1.0
road,5,set_cal,2012-06-19,0.01,RiskFirst,8.0,2.3541789012718244,15.094654037405874,19.251983221877502,8.100824585402556,,1.0
road,5,set_cal,2012-06-19,0.01,TemporalContext2024,8.0,2.3541789012718244,15.094654037405874,19.251983221877502,8.100824585402552,,1.0
road,5,set_cal,2012-06-19,0.01,NetworkPropagation2024,8.0,2.362752000628451,14.092942766787264,18.059683992354213,7.754111993926141,,1.0
road,5,set_cal,2012-06-19,0.01,CalibratedUncertainty2025,8.0,2.3682622537522575,11.920562851960145,15.387494242392822,6.7708948630820665,,1.0
road,5,set_cal,2012-06-19,0.01,MappedPTO2026,8.0,2.2947038702295703,13.883342584447478,17.7494214159836,7.5447386256077476,,1.0
road,5,set_cal,2012-06-19,0.01,GroupAware2025,8.0,2.583963421230324,14.638420519333804,18.72233981765215,7.970967464008014,,1.0
road,5,set_cal,2012-06-19,0.01,RobustImprovement2025,8.0,2.425462277150841,14.513129130688762,18.557117586362633,7.892037927218373,,1.0
road,5,set_cal,2012-06-19,0.03,StructuralRobust,25.0,53.75850147884399,28.668306032159645,37.397658234227904,17.235077128366125,0.0,1.0
road,5,set_cal,2012-06-19,0.03,ExpectedActionValue,25.0,36.81601022417146,2.5308784962251356,3.372124428664974,1.5922222528171672,,1.0
road,5,set_cal,2012-06-19,0.03,PointwiseWorstAction,25.0,36.913001715237996,2.6842675265476297,3.56761743369526,1.6765614369525466,,1.0
road,5,set_cal,2012-06-19,0.03,ScenarioCVaR,25.0,36.90146744609141,2.7535290951953972,3.6751077137801382,1.723975624132882,,1.0
road,5,set_cal,2012-06-19,0.03,RiskFirst,25.0,5.479273032131458,29.69093335929538,38.84860843304296,18.14975287303413,,1.0
road,5,set_cal,2012-06-19,0.03,TemporalContext2024,25.0,5.5168935216485435,28.668306032159645,37.397658234227904,17.235077128366125,,1.0
road,5,set_cal,2012-06-19,0.03,NetworkPropagation2024,25.0,5.522679623185202,29.002781015635183,37.87713789317082,17.574131349162055,,1.0
road,5,set_cal,2012-06-19,0.03,CalibratedUncertainty2025,25.0,4.997749032221996,28.4467145179581,37.10875287952904,17.103931680978377,,1.0
road,5,set_cal,2012-06-19,0.03,MappedPTO2026,25.0,5.418131754201823,28.666199144200235,37.3955513462685,17.23507712836613,,1.0
road,5,set_cal,2012-06-19,0.03,GroupAware2025,25.0,5.479273032131458,29.69093335929538,38.84860843304296,18.14975287303413,,1.0
road,5,set_cal,2012-06-19,0.03,RobustImprovement2025,25.0,5.838964339382807,29.808127578156217,39.00619950825543,18.230483606890857,,1.0
road,5,set_cal,2012-06-19,0.05,StructuralRobust,41.0,71.75700492499399,36.34577514127678,48.16642248732264,23.64783371445079,0.0,1.0
road,5,set_cal,2012-06-19,0.05,ExpectedActionValue,41.0,48.708145685651075,4.1568492731375475,5.6223647784743696,2.831727103737249,,1.0
road,5,set_cal,2012-06-19,0.05,PointwiseWorstAction,41.0,48.66907587391633,4.16909520427542,5.634610709612241,2.831727103737248,,1.0
road,5,set_cal,2012-06-19,0.05,ScenarioCVaR,41.0,48.69562877545426,4.19226560537304,5.657781110709862,2.831727103737249,,1.0
road,5,set_cal,2012-06-19,0.05,RiskFirst,41.0,9.237888470577335,36.36538752220227,48.19898480007307,23.674700912475195,,1.0
road,5,set_cal,2012-06-19,0.05,TemporalContext2024,41.0,11.257104907677075,36.16509015467265,47.83730707652267,23.244628138674344,,1.0
road,5,set_cal,2012-06-19,0.05,NetworkPropagation2024,41.0,9.932309737239338,36.43433877641954,48.222413495793475,23.53601054371478,,1.0
road,5,set_cal,2012-06-19,0.05,CalibratedUncertainty2025,41.0,11.335368849207086,35.61213126799344,47.11180736353243,22.920549350322055,,1.0
road,5,set_cal,2012-06-19,0.05,MappedPTO2026,41.0,9.855776834833339,36.34577514127678,48.16642248732264,23.64783371445079,,1.0
road,5,set_cal,2012-06-19,0.05,GroupAware2025,41.0,9.789994139786923,35.942945915962966,47.567819652056926,23.23217597921529,,1.0
road,5,set_cal,2012-06-19,0.05,RobustImprovement2025,41.0,9.174478432806183,36.73396040249258,48.69094314084138,23.915429709643767,,1.0
road,5,set_cal,2012-06-19,0.1,StructuralRobust,83.0,54.0837461890401,50.87033894666732,68.63369220640502,35.74510248470489,0.0,1.0
road,5,set_cal,2012-06-19,0.1,ExpectedActionValue,83.0,71.68671404673847,12.811224484984812,17.0512844009361,8.347703681075167,,1.0
road,5,set_cal,2012-06-19,0.1,PointwiseWorstAction,83.0,71.8228139461426,12.678548672736566,16.795968898282528,8.053358549250385,,1.0
road,5,set_cal,2012-06-19,0.1,ScenarioCVaR,83.0,71.78679025412784,12.92733736002412,17.171047786874215,8.322922578915476,,1.0
road,5,set_cal,2012-06-19,0.1,RiskFirst,83.0,21.407164722979864,50.14392034190859,67.74308669997852,35.407970962675684,,1.0
road,5,set_cal,2012-06-19,0.1,TemporalContext2024,83.0,19.61353851164403,49.597254573204054,66.79544600816392,34.486081240469545,,1.0
road,5,set_cal,2012-06-19,0.1,NetworkPropagation2024,83.0,19.814740996530286,50.43186840580808,68.11812404674423,35.564986868532905,,1.0
road,5,set_cal,2012-06-19,0.1,CalibratedUncertainty2025,83.0,20.242135961576267,49.469552225838164,66.67896101302007,34.545625291886644,,1.0
road,5,set_cal,2012-06-19,0.1,MappedPTO2026,83.0,21.168121447296716,50.19298717064201,67.79526425520466,35.417264381319924,,1.0
road,5,set_cal,2012-06-19,0.1,GroupAware2025,83.0,21.28891558781104,50.22895607674042,67.8622344724278,35.47764365863425,,1.0
road,5,set_cal,2012-06-19,0.1,RobustImprovement2025,83.0,20.195168886309517,50.543454859293476,68.30729274762454,35.77975473614583,,1.0
road,5,set_cal,2012-06-19,0.2,StructuralRobust,166.0,60.830335867005566,67.6955522562947,92.60965567029318,50.29765192675664,0.0,1.0
road,5,set_cal,2012-06-19,0.2,ExpectedActionValue,166.0,102.91794344403344,25.670341816401418,33.29140380541156,14.837327063309523,,1.0
road,5,set_cal,2012-06-19,0.2,PointwiseWorstAction,166.0,102.94493167662921,25.446911517033275,32.953042492254426,14.595480868803985,,1.0
road,5,set_cal,2012-06-19,0.2,ScenarioCVaR,166.0,102.97877493344289,25.724570590739713,33.35715475220762,14.862574051867721,,1.0
road,5,set_cal,2012-06-19,0.2,RiskFirst,166.0,35.190833214122335,67.99625847674619,93.19199892733162,50.858899615349685,,1.0
road,5,set_cal,2012-06-19,0.2,TemporalContext2024,166.0,34.482963304123274,67.34009406698264,91.93530580922891,49.507270429774735,,1.0
road,5,set_cal,2012-06-19,0.2,NetworkPropagation2024,166.0,35.26535297635339,66.45042856713253,90.69405922372667,49.020097635475324,,1.0
road,5,set_cal,2012-06-19,0.2,CalibratedUncertainty2025,166.0,35.07208084079232,66.61466547175888,90.93989293118086,49.0418032723846,,1.0
road,5,set_cal,2012-06-19,0.2,MappedPTO2026,166.0,35.19083321412234,67.99625847674622,93.19199892733162,50.85889961534967,,1.0
road,5,set_cal,2012-06-19,0.2,GroupAware2025,166.0,36.34471788725991,67.97349708188844,93.15001689833473,50.745635730625,,1.0
road,5,set_cal,2012-06-19,0.2,RobustImprovement2025,166.0,36.60410310682729,67.67471551821019,92.7114523925383,50.541384621813066,,1.0
road,5,set_cal,2012-06-20,0.01,StructuralRobust,8.0,30.380824436308224,8.609535457312095,11.13493358815909,4.88943589027631,0.0,1.0
road,5,set_cal,2012-06-20,0.01,ExpectedActionValue,8.0,17.534067704300707,1.0699723685908964,1.487583875037835,0.8889416514955966,,1.0
road,5,set_cal,2012-06-20,0.01,PointwiseWorstAction,8.0,17.581926773792787,1.1779915088865482,1.649831519005795,0.9593626030618518,,1.0
road,5,set_cal,2012-06-20,0.01,ScenarioCVaR,8.0,17.534067704300707,1.0699723685908964,1.487583875037835,0.8889416514955966,,1.0
road,5,set_cal,2012-06-20,0.01,RiskFirst,8.0,2.554277583787399,8.609535457312095,11.13493358815909,4.88943589027631,,1.0
road,5,set_cal,2012-06-20,0.01,TemporalContext2024,8.0,2.554277583787399,8.609535457312095,11.13493358815909,4.88943589027631,,1.0
road,5,set_cal,2012-06-20,0.01,NetworkPropagation2024,8.0,2.554277583787399,8.609535457312095,11.13493358815909,4.88943589027631,,1.0
road,5,set_cal,2012-06-20,0.01,CalibratedUncertainty2025,8.0,2.675094922125359,8.347720895560133,10.812413309600684,4.776820636232511,,1.0
road,5,set_cal,2012-06-20,0.01,MappedPTO2026,8.0,2.5068231372377188,7.859550285443126,10.28020205250471,4.71964655521306,,1.0
road,5,set_cal,2012-06-20,0.01,GroupAware2025,8.0,2.554277583787399,8.609535457312097,11.13493358815909,4.889435890276308,,1.0
road,5,set_cal,2012-06-20,0.01,RobustImprovement2025,8.0,2.5565141293135643,8.770445267745224,11.323276813457937,4.936910232360715,,1.0
road,5,set_cal,2012-06-20,0.03,StructuralRobust,25.0,53.249160026754254,21.20140504939752,28.00092162535849,13.427248591233951,0.0,1.0
road,5,set_cal,2012-06-20,0.03,ExpectedActionValue,25.0,34.95114660881768,2.367770325742843,3.1472793676031317,1.5832732717786642,,1.0
road,5,set_cal,2012-06-20,0.03,PointwiseWorstAction,25.0,34.98391276473634,2.269350593349739,2.999621774018281,1.4352033470147698,,1.0
road,5,set_cal,2012-06-20,0.03,ScenarioCVaR,25.0,34.98391276473634,2.269350593349739,2.999621774018281,1.4352033470147698,,1.0
road,5,set_cal,2012-06-20,0.03,RiskFirst,25.0,5.411883000348842,20.521782483951455,27.146589732550236,13.101441782238169,,1.0
road,5,set_cal,2012-06-20,0.03,TemporalContext2024,25.0,5.325264294931936,21.20140504939752,28.00092162535849,13.427248591233951,,1.0
road,5,set_cal,2012-06-20,0.03,NetworkPropagation2024,25.0,5.428969674876229,19.494853876430216,25.66035710265943,12.164431897942304,,1.0
road,5,set_cal,2012-06-20,0.03,CalibratedUncertainty2025,25.0,4.785275546273853,21.027391403042,27.718317873962718,13.154888954704173,,1.0
road,5,set_cal,2012-06-20,0.03,MappedPTO2026,25.0,5.379906276039604,20.094536349064125,26.510422959398973,12.674149911827822,,1.0
road,5,set_cal,2012-06-20,0.03,GroupAware2025,25.0,5.318030322648863,20.50587766649203,27.097915269136244,13.063231262473206,,1.0
road,5,set_cal,2012-06-20,0.03,RobustImprovement2025,25.0,5.411883000348843,20.521782483951455,27.146589732550236,13.101441782238169,,1.0
road,5,set_cal,2012-06-20,0.05,StructuralRobust,41.0,69.89653057994168,28.2303236755703,37.69942258724675,18.879604727731373,0.0,1.0
road,5,set_cal,2012-06-20,0.05,ExpectedActionValue,41.0,46.84692591647037,4.5018982283481535,6.00884860700643,2.88812982643216,,1.0
road,5,set_cal,2012-06-20,0.05,PointwiseWorstAction,41.0,46.853162367231164,4.506994292715266,6.013944671373542,2.8881298264321593,,1.0
road,5,set_cal,2012-06-20,0.05,ScenarioCVaR,41.0,46.84692591647037,4.5018982283481535,6.00884860700643,2.88812982643216,,1.0
road,5,set_cal,2012-06-20,0.05,RiskFirst,41.0,9.199089611339668,28.326856918746174,37.79518632330002,18.86145319032792,,1.0
road,5,set_cal,2012-06-20,0.05,TemporalContext2024,41.0,9.380406410682054,27.951672816049008,37.22970627450254,18.456668040167767,,1.0
road,5,set_cal,2012-06-20,0.05,NetworkPropagation2024,41.0,9.249434910162385,27.929318974551702,37.16210988004875,18.35156319789235,,1.0
road,5,set_cal,2012-06-20,0.05,CalibratedUncertainty2025,41.0,9.595447313234777,28.605303377409978,38.13072187288166,18.953544889954326,,1.0
road,5,set_cal,2012-06-20,0.05,MappedPTO2026,41.0,8.544033861530393,28.2303236755703,37.69942258724675,18.879604727731373,,1.0
road,5,set_cal,2012-06-20,0.05,GroupAware2025,41.0,9.101837042555811,27.570859235103782,36.83277492406318,18.468398172170076,,1.0
road,5,set_cal,2012-06-20,0.05,RobustImprovement2025,41.0,9.41792713633392,28.21465687207313,37.621637075919075,18.681381447717587,,1.0
road,5,set_cal,2012-06-20,0.1,StructuralRobust,83.0,53.15603536829642,43.14862781720136,58.72948818360047,31.307800682112585,0.0,1.0
road,5,set_cal,2012-06-20,0.1,ExpectedActionValue,83.0,70.29327940864326,10.979773676520969,14.477969760487516,6.774858569462959,,1.0
road,5,set_cal,2012-06-20,0.1,PointwiseWorstAction,83.0,70.22005939526488,10.832191942954976,14.261359840821784,6.578694599473858,,1.0
road,5,set_cal,2012-06-20,0.1,ScenarioCVaR,83.0,70.29725137310308,10.966508982019702,14.464705065986248,6.7748585694629515,,1.0
road,5,set_cal,2012-06-20,0.1,RiskFirst,83.0,18.904025764017657,43.31913040348121,58.991540459226165,31.541917280146066,,1.0
road,5,set_cal,2012-06-20,0.1,TemporalContext2024,83.0,18.684140420558958,42.821204748454775,58.297996458061554,31.11461317381392,,1.0
road,5,set_cal,2012-06-20,0.1,NetworkPropagation2024,83.0,20.5841938785294,41.75005296233329,56.650853335267456,29.931972948792513,,1.0
road,5,set_cal,2012-06-20,0.1,CalibratedUncertainty2025,83.0,18.647678052452193,42.61726024556363,57.90344962728033,30.691362364479005,,1.0
road,5,set_cal,2012-06-20,0.1,MappedPTO2026,83.0,18.97546946588767,43.4248417122203,59.14376243501384,31.66061774051242,,1.0
road,5,set_cal,2012-06-20,0.1,GroupAware2025,83.0,18.74662100881606,43.2503887755732,58.886419301936535,31.428158622383663,,1.0
road,5,set_cal,2012-06-20,0.1,RobustImprovement2025,83.0,18.947574926238346,42.83680856399151,58.37182155083595,31.295718759646036,,1.0
road,5,set_cal,2012-06-20,0.2,StructuralRobust,166.0,60.98998658755964,60.73692031803542,83.51734144979204,45.69603876800543,0.0,1.0
road,5,set_cal,2012-06-20,0.2,ExpectedActionValue,166.0,101.31346741613685,22.614117845195718,29.20599894716441,12.768337544722161,,1.0
road,5,set_cal,2012-06-20,0.2,PointwiseWorstAction,166.0,101.34496858843178,20.48400861657428,26.44934218539774,11.491414583530478,,1.0
road,5,set_cal,2012-06-20,0.2,ScenarioCVaR,166.0,101.39182904279525,20.3528813051433,26.25578335201148,11.410413554460764,,1.0
road,5,set_cal,2012-06-20,0.2,RiskFirst,166.0,35.48647931158628,61.25893810521075,84.32460054040182,46.31734307293295,,1.0
road,5,set_cal,2012-06-20,0.2,TemporalContext2024,166.0,35.47176112114099,60.322526172816715,82.88617384561847,45.2712379006414,,1.0
road,5,set_cal,2012-06-20,0.2,NetworkPropagation2024,166.0,35.99941304596339,58.565845492275784,80.39050155951371,43.89442978943863,,1.0
road,5,set_cal,2012-06-20,0.2,CalibratedUncertainty2025,166.0,36.61175280741821,59.766852227964954,82.18304557364225,44.99756384846845,,1.0
road,5,set_cal,2012-06-20,0.2,MappedPTO2026,166.0,35.84803376974725,61.22614881470937,84.32432695976101,46.49413816711033,,1.0
road,5,set_cal,2012-06-20,0.2,GroupAware2025,166.0,35.59055983144986,60.421730727637204,83.14738943210757,45.602132846414825,,1.0
road,5,set_cal,2012-06-20,0.2,RobustImprovement2025,166.0,37.74580133427709,61.78624996580691,85.21230771216389,46.98063093762166,,1.0
road,5,test,2012-06-21,0.01,StructuralRobust,8.0,29.06495785246475,6.650417223910341,8.695065315555548,3.9208410626481074,0.0,1.0
road,5,test,2012-06-21,0.01,ExpectedActionValue,8.0,23.518643609795777,1.6215532446534533,2.1474380354027653,1.0285975165671764,,1.0
road,5,test,2012-06-21,0.01,PointwiseWorstAction,8.0,23.518643609795777,1.6215532446534533,2.1474380354027653,1.0285975165671764,,1.0
road,5,test,2012-06-21,0.01,ScenarioCVaR,8.0,23.518643609795777,1.6215532446534533,2.1474380354027653,1.0285975165671764,,1.0
road,5,test,2012-06-21,0.01,RiskFirst,8.0,2.142097570345162,6.650417223910341,8.695065315555548,3.9208410626481074,,1.0
road,5,test,2012-06-21,0.01,TemporalContext2024,8.0,2.142097570345162,6.650417223910341,8.695065315555548,3.9208410626481074,,1.0
road,5,test,2012-06-21,0.01,NetworkPropagation2024,8.0,1.8315456558289203,8.085957802769617,10.491832994732036,4.650183652496748,,1.0
road,5,test,2012-06-21,0.01,CalibratedUncertainty2025,8.0,2.142097570345162,6.650417223910341,8.695065315555548,3.9208410626481074,,1.0
road,5,test,2012-06-21,0.01,MappedPTO2026,8.0,2.142097570345162,6.650417223910341,8.695065315555548,3.9208410626481074,,1.0
road,5,test,2012-06-21,0.01,GroupAware2025,8.0,2.142097570345162,6.650417223910341,8.695065315555548,3.9208410626481074,,1.0
road,5,test,2012-06-21,0.01,RobustImprovement2025,8.0,2.142097570345162,6.650417223910341,8.695065315555548,3.9208410626481074,,1.0
road,5,test,2012-06-21,0.03,StructuralRobust,25.0,50.36835468454245,18.351831887339074,24.3440532884647,11.785175882173757,0.0,1.0
road,5,test,2012-06-21,0.03,ExpectedActionValue,25.0,49.96303201249151,6.204362568847638,8.495669333549541,4.647649429412369,,1.0
road,5,test,2012-06-21,0.03,PointwiseWorstAction,25.0,50.04388811476695,6.278023778020049,8.580801919032208,4.660497370879856,,1.0
road,5,test,2012-06-21,0.03,ScenarioCVaR,25.0,50.04388811476695,6.278023778020049,8.580801919032208,4.660497370879858,,1.0
road,5,test,2012-06-21,0.03,RiskFirst,25.0,7.624320370559886,18.87598910853314,25.130281369451858,12.375494633954101,,1.0
road,5,test,2012-06-21,0.03,TemporalContext2024,25.0,7.31823913075106,18.351831887339074,24.3440532884647,11.785175882173757,,1.0
road,5,test,2012-06-21,0.03,NetworkPropagation2024,25.0,7.352783196459374,18.678574967740698,24.82061930971383,12.134427805592818,,1.0
road,5,test,2012-06-21,0.03,CalibratedUncertainty2025,25.0,6.317098531558255,19.228073440149494,25.57189011836194,12.50644135842984,,1.0
road,5,test,2012-06-21,0.03,MappedPTO2026,25.0,7.574288855296252,18.81056351993497,25.045642445014867,12.339138324739793,,1.0
road,5,test,2012-06-21,0.03,GroupAware2025,25.0,7.624320370559886,18.87598910853314,25.130281369451858,12.375494633954101,,1.0
road,5,test,2012-06-21,0.03,RobustImprovement2025,25.0,7.915695922157047,19.338644994282184,25.726856284649706,12.632502709209565,,1.0
road,5,test,2012-06-21,0.05,StructuralRobust,41.0,64.6721278346778,27.25277682190948,36.81907839340453,19.187141057184302,0.0,1.0
road,5,test,2012-06-21,0.05,ExpectedActionValue,41.0,67.03257490535844,9.16493414101312,12.577965560809329,6.991357971870112,,1.0
road,5,test,2012-06-21,0.05,PointwiseWorstAction,41.0,67.20240318257511,8.886944565307934,12.166899215298614,6.710571522469374,,1.0
road,5,test,2012-06-21,0.05,ScenarioCVaR,41.0,67.20240318257511,8.886944565307934,12.166899215298614,6.710571522469376,,1.0
road,5,test,2012-06-21,0.05,RiskFirst,41.0,13.573513582056876,27.213674577916677,36.76727074421368,19.16328556279455,,1.0
road,5,test,2012-06-21,0.05,TemporalContext2024,41.0,14.181875536346977,26.914154239378373,36.32487621751411,18.84736541656253,,1.0
road,5,test,2012-06-21,0.05,NetworkPropagation2024,41.0,16.197648332000973,26.406069686832794,35.59161819316571,18.358792510144106,,1.0
road,5,test,2012-06-21,0.05,CalibratedUncertainty2025,41.0,12.676381471070135,26.969773652612904,36.43625091433041,18.953748239778005,,1.0
road,5,test,2012-06-21,0.05,MappedPTO2026,41.0,14.637212455079588,27.25277682190948,36.81907839340453,19.187141057184302,,1.0
road,5,test,2012-06-21,0.05,GroupAware2025,41.0,13.55894325377226,27.057183789262318,36.553883724659364,19.04799058863457,,1.0
road,5,test,2012-06-21,0.05,RobustImprovement2025,41.0,13.75106498178183,27.162014176964487,36.713832163485556,19.170296994467382,,1.0
road,5,test,2012-06-21,0.1,StructuralRobust,83.0,50.19114513295723,41.86615278956032,57.61277665843278,32.021835068414305,0.0,1.0
road,5,test,2012-06-21,0.1,ExpectedActionValue,83.0,92.0544325532528,16.1760775339967,21.695966671165667,11.132067342407062,,1.0
road,5,test,2012-06-21,0.1,PointwiseWorstAction,83.0,92.12503196863375,16.065042498419373,21.564592910044666,11.109287969798142,,1.0
road,5,test,2012-06-21,0.1,ScenarioCVaR,83.0,92.16663331497682,16.069825271963868,21.56937568358916,11.109287969798146,,1.0
road,5,test,2012-06-21,0.1,RiskFirst,83.0,28.07004063621151,41.19925657527823,56.79906631749963,31.762392528388375,,1.0
road,5,test,2012-06-21,0.1,TemporalContext2024,83.0,27.557074225674313,41.58579482882308,57.140472375149656,31.569479133685178,,1.0
road,5,test,2012-06-21,0.1,NetworkPropagation2024,83.0,31.318715842466453,40.724674014622174,55.8762245003901,30.730533939732915,,1.0
road,5,test,2012-06-21,0.1,CalibratedUncertainty2025,83.0,26.54897278043715,41.12781477501184,56.55255644771477,31.327297978616457,,1.0
road,5,test,2012-06-21,0.1,MappedPTO2026,83.0,30.102457927468834,41.364369049330875,56.95948467052927,31.734528153817266,,1.0
road,5,test,2012-06-21,0.1,GroupAware2025,83.0,30.105282176425586,41.679296137590505,57.47019881514633,32.19927452226084,,1.0
road,5,test,2012-06-21,0.1,RobustImprovement2025,83.0,30.164886578950423,41.594081444443795,57.34401987250004,32.06762947996071,,1.0
road,5,test,2012-06-21,0.2,StructuralRobust,166.0,56.94525371391781,59.06490544028061,82.27041848241434,47.30184881400703,0.0,1.0
road,5,test,2012-06-21,0.2,ExpectedActionValue,166.0,117.02717065799433,24.765274303067525,32.81659986640341,16.02729039838084,,1.0
road,5,test,2012-06-21,0.2,PointwiseWorstAction,166.0,117.14116141876893,25.310120492743142,33.63666932725279,16.609897264041923,,1.0
road,5,test,2012-06-21,0.2,ScenarioCVaR,166.0,117.13330307513925,25.303613595537335,33.63016243004699,16.60989726404192,,1.0
road,5,test,2012-06-21,0.2,RiskFirst,166.0,50.88541384083501,58.94266270558395,82.26636193306899,47.49974187324249,,1.0
road,5,test,2012-06-21,0.2,TemporalContext2024,166.0,54.890468983002386,58.76240257570812,81.74307148837316,46.6534186878753,,1.0
road,5,test,2012-06-21,0.2,NetworkPropagation2024,166.0,58.70824302415717,57.25690190427802,79.44481312974098,45.1342657807455,,1.0
road,5,test,2012-06-21,0.2,CalibratedUncertainty2025,166.0,54.046983030385576,57.98928145574603,80.55383772446744,45.98360233458839,,1.0
road,5,test,2012-06-21,0.2,MappedPTO2026,166.0,52.14721559974107,58.372213309240166,81.40509393775788,46.94208772524617,,1.0
road,5,test,2012-06-21,0.2,GroupAware2025,166.0,53.428263580133795,58.388091679074286,81.43340625682592,46.978840949190975,,1.0
road,5,test,2012-06-21,0.2,RobustImprovement2025,166.0,52.071674066521034,59.722281257870726,83.51716181019073,48.52283726316339,,1.0
road,5,test,2012-06-22,0.01,StructuralRobust,8.0,26.4424972889331,5.754269242944542,7.513219330327059,3.466359567811466,0.0,1.0
road,5,test,2012-06-22,0.01,ExpectedActionValue,8.0,19.072270450311187,2.408660616187415,3.408163712157125,2.0926595468998057,,1.0
road,5,test,2012-06-22,0.01,PointwiseWorstAction,8.0,19.07325065992765,2.413798193943505,3.413053148553069,2.0909342357082354,,1.0
road,5,test,2012-06-22,0.01,ScenarioCVaR,8.0,19.072270450311187,2.408660616187415,3.408163712157125,2.0926595468998057,,1.0
road,5,test,2012-06-22,0.01,RiskFirst,8.0,1.4973402091219998,5.754269242944542,7.513219330327059,3.466359567811466,,1.0
road,5,test,2012-06-22,0.01,TemporalContext2024,8.0,1.5817897848397877,4.592166186295594,5.998506760461415,2.739913863884306,,1.0
road,5,test,2012-06-22,0.01,NetworkPropagation2024,8.0,1.5005855971170932,4.4850574275068,5.850302109976452,2.688981784723577,,1.0
road,5,test,2012-06-22,0.01,CalibratedUncertainty2025,8.0,1.5817897848397877,4.592166186295593,5.998506760461415,2.7399138638843077,,1.0
road,5,test,2012-06-22,0.01,MappedPTO2026,8.0,1.4973402091219996,5.754269242944542,7.513219330327059,3.466359567811466,,1.0
road,5,test,2012-06-22,0.01,GroupAware2025,8.0,1.4973402091219998,5.754269242944542,7.513219330327059,3.466359567811466,,1.0
road,5,test,2012-06-22,0.01,RobustImprovement2025,8.0,1.4973402091219998,5.754269242944542,7.513219330327059,3.466359567811466,,1.0
road,5,test,2012-06-22,0.03,StructuralRobust,25.0,40.80046394354988,14.59695758094093,19.423694090893687,9.660501752773964,0.0,1.0
road,5,test,2012-06-22,0.03,ExpectedActionValue,25.0,37.36227718780925,6.9810385049156345,9.72541558266103,5.6237821733303015,,1.0
road,5,test,2012-06-22,0.03,PointwiseWorstAction,25.0,37.478154299061444,6.874423191830735,9.551808410122382,5.529641049785546,,1.0
road,5,test,2012-06-22,0.03,ScenarioCVaR,25.0,37.46019252180777,6.344938645793084,8.828443863954474,5.091434814159735,,1.0
road,5,test,2012-06-22,0.03,RiskFirst,25.0,10.87154068445091,15.684117190546575,21.036794375960586,10.771788324282754,,1.0
road,5,test,2012-06-22,0.03,TemporalContext2024,25.0,5.844213325529762,14.59695758094093,19.423694090893687,9.660501752773964,,1.0
road,5,test,2012-06-22,0.03,NetworkPropagation2024,25.0,6.045997453750372,11.511350769343302,15.295090418087108,7.579654214397639,,1.0
road,5,test,2012-06-22,0.03,CalibratedUncertainty2025,25.0,6.489656614501553,12.534999014235796,16.66102097005734,8.269369260048288,,1.0
road,5,test,2012-06-22,0.03,MappedPTO2026,25.0,10.920907803325278,15.468157204372268,20.727037715755237,10.5669573059185,,1.0
road,5,test,2012-06-22,0.03,GroupAware2025,25.0,10.80369696125899,15.785407491153958,21.23016500933728,10.962079512486426,,1.0
road,5,test,2012-06-22,0.03,RobustImprovement2025,25.0,9.89742272196315,15.26270002388246,20.48192633267795,10.502730732834522,,1.0
road,5,test,2012-06-22,0.05,StructuralRobust,41.0,48.55808712529308,19.81313846982405,26.98316077455655,14.555629094379949,0.0,1.0
road,5,test,2012-06-22,0.05,ExpectedActionValue,41.0,47.55972067835659,9.58543416129912,13.241699548528626,7.392650303646249,,1.0
road,5,test,2012-06-22,0.05,PointwiseWorstAction,41.0,47.571647695161374,9.41614538172922,12.99353618766953,7.270058439903254,,1.0
road,5,test,2012-06-22,0.05,ScenarioCVaR,41.0,47.55972067835659,9.58543416129912,13.241699548528626,7.392650303646249,,1.0
road,5,test,2012-06-22,0.05,RiskFirst,41.0,22.534731190018157,20.399211620146755,27.76583974624977,14.998748760381236,,1.0
road,5,test,2012-06-22,0.05,TemporalContext2024,41.0,15.371285720791619,18.983299982802613,25.584683112985452,13.31027246006898,,1.0
road,5,test,2012-06-22,0.05,NetworkPropagation2024,41.0,14.640893035092272,16.386994464566527,21.932113512112856,11.149242995904249,,1.0
road,5,test,2012-06-22,0.05,CalibratedUncertainty2025,41.0,15.30875229798592,18.79112352029237,25.330930990787984,13.197404447764427,,1.0
road,5,test,2012-06-22,0.05,MappedPTO2026,41.0,19.671161492736733,19.81313846982405,26.98316077455655,14.555629094379949,,1.0
road,5,test,2012-06-22,0.05,GroupAware2025,41.0,19.672259788000762,20.27573940697225,27.577922791112083,14.818205675994157,,1.0
road,5,test,2012-06-22,0.05,RobustImprovement2025,41.0,19.705848869364395,20.758294944747366,28.329067904463784,15.392484135581707,,1.0
road,5,test,2012-06-22,0.1,StructuralRobust,83.0,33.28800831991612,29.97983590278631,41.46513266057823,23.42487404974172,0.0,1.0
road,5,test,2012-06-22,0.1,ExpectedActionValue,83.0,61.822774716260106,14.24242809468364,19.244381164360906,9.995161834930128,,1.0
road,5,test,2012-06-22,0.1,PointwiseWorstAction,83.0,61.87789131650284,13.486652296196253,18.206087791558335,9.42810768469525,,1.0
road,5,test,2012-06-22,0.1,ScenarioCVaR,83.0,61.903663254338085,13.81970668801701,18.68808195443547,9.74046483628267,,1.0
road,5,test,2012-06-22,0.1,RiskFirst,83.0,29.907204253834124,28.873419493142183,39.725179195230666,22.055177413899234,,1.0
road,5,test,2012-06-22,0.1,TemporalContext2024,83.0,31.304394374943644,27.22454277045755,37.07034568748611,19.81556028606872,,1.0
road,5,test,2012-06-22,0.1,NetworkPropagation2024,83.0,22.268781960831838,24.668164709957846,33.22503783878578,17.142901799439894,,1.0
road,5,test,2012-06-22,0.1,CalibratedUncertainty2025,83.0,30.83760168837974,27.24776568999898,37.23358677891481,20.148980544646097,,1.0
road,5,test,2012-06-22,0.1,MappedPTO2026,83.0,34.10308295799699,28.487030594043915,39.16291973882553,21.6567295594622,,1.0
road,5,test,2012-06-22,0.1,GroupAware2025,83.0,30.997826188054425,28.339558466518962,38.96909691032405,21.50158433658105,,1.0
road,5,test,2012-06-22,0.1,RobustImprovement2025,83.0,33.912455913691964,30.090877559246735,41.71109179561027,23.66343499769159,,1.0
road,5,test,2012-06-22,0.2,StructuralRobust,166.0,37.44773115181386,38.44110631467735,52.11926309353925,27.260946305602793,0.0,1.0
road,5,test,2012-06-22,0.2,ExpectedActionValue,166.0,77.19245000056321,22.476262780638915,29.55053305269691,14.010249214559241,,1.0
road,5,test,2012-06-22,0.2,PointwiseWorstAction,166.0,77.22946786979183,22.28908749781633,29.34081575660444,13.962195084768648,,1.0
road,5,test,2012-06-22,0.2,ScenarioCVaR,166.0,77.21115387663967,21.99504274002393,28.855395951456888,13.600029613615565,,1.0
road,5,test,2012-06-22,0.2,RiskFirst,166.0,50.757727635667536,38.49419539819628,52.38989699081305,27.584513046388963,,1.0
road,5,test,2012-06-22,0.2,TemporalContext2024,166.0,49.07487689763295,37.8854442210914,51.441136871707315,27.094543030782496,,1.0
road,5,test,2012-06-22,0.2,NetworkPropagation2024,166.0,45.99821721386704,35.55848974072674,47.981166103579994,24.90886629428382,,1.0
road,5,test,2012-06-22,0.2,CalibratedUncertainty2025,166.0,49.778362765223555,37.43976097687446,50.82054320170773,26.84425962390356,,1.0
road,5,test,2012-06-22,0.2,MappedPTO2026,166.0,47.87279392687516,39.20997368833244,53.3266569891244,28.12572944797047,,1.0
road,5,test,2012-06-22,0.2,GroupAware2025,166.0,51.34361776751003,38.86231942706152,52.97504921418575,27.91405800852789,,1.0
road,5,test,2012-06-22,0.2,RobustImprovement2025,166.0,48.62582561035168,40.03953869826749,54.50164139490855,28.335301017855286,,1.0
road,5,test,2012-06-25,0.01,StructuralRobust,8.0,29.921106480493837,11.005516176967342,14.098028351264889,6.050720841099482,0.0,1.0
road,5,test,2012-06-25,0.01,ExpectedActionValue,8.0,22.86368709771133,2.8397573086130152,3.921131226583692,2.158870399398715,,1.0
road,5,test,2012-06-25,0.01,PointwiseWorstAction,8.0,22.86368709771133,2.8397573086130152,3.921131226583692,2.158870399398715,,1.0
road,5,test,2012-06-25,0.01,ScenarioCVaR,8.0,22.86368709771133,2.8397573086130152,3.921131226583692,2.158870399398715,,1.0
road,5,test,2012-06-25,0.01,RiskFirst,8.0,1.3643824713112365,11.005516176967342,14.098028351264889,6.050720841099482,,1.0
road,5,test,2012-06-25,0.01,TemporalContext2024,8.0,1.3643824713112365,11.005516176967342,14.098028351264889,6.050720841099482,,1.0
road,5,test,2012-06-25,0.01,NetworkPropagation2024,8.0,1.266599699607075,12.04604857732912,15.391812177253858,6.525547782276373,,1.0
road,5,test,2012-06-25,0.01,CalibratedUncertainty2025,8.0,1.3037657491081003,10.571411763101013,13.510275686187626,5.733303354807164,,1.0
road,5,test,2012-06-25,0.01,MappedPTO2026,8.0,1.4273931639198318,12.513900118281526,15.937016780262018,6.661622400790542,,1.0
road,5,test,2012-06-25,0.01,GroupAware2025,8.0,1.3643824713112365,11.005516176967342,14.098028351264889,6.050720841099482,,1.0
road,5,test,2012-06-25,0.01,RobustImprovement2025,8.0,1.266599699607075,12.04604857732912,15.391812177253858,6.525547782276373,,1.0
road,5,test,2012-06-25,0.03,StructuralRobust,25.0,51.61832509569576,22.071075658428292,28.865365917851157,13.474280342548738,0.0,1.0
road,5,test,2012-06-25,0.03,ExpectedActionValue,25.0,43.2387510005468,8.437921208773368,11.669803809346563,6.499332998631429,,1.0
road,5,test,2012-06-25,0.03,PointwiseWorstAction,25.0,43.3115118412601,8.498890302932256,11.765546895818549,6.615682429893978,,1.0
road,5,test,2012-06-25,0.03,ScenarioCVaR,25.0,43.3115118412601,8.498890302932256,11.765546895818549,6.615682429893978,,1.0
road,5,test,2012-06-25,0.03,RiskFirst,25.0,4.497688116251524,22.882049988354172,30.002253518963837,14.141886283944988,,1.0
road,5,test,2012-06-25,0.03,TemporalContext2024,25.0,5.026040622642736,22.071075658428292,28.865365917851157,13.474280342548738,,1.0
road,5,test,2012-06-25,0.03,NetworkPropagation2024,25.0,4.445584624974347,21.890265108948,28.573413846038022,13.190241707658302,,1.0
road,5,test,2012-06-25,0.03,CalibratedUncertainty2025,25.0,4.326742007972976,22.0208521903364,28.759647874151714,13.3562170898823,,1.0
road,5,test,2012-06-25,0.03,MappedPTO2026,25.0,4.497688116251523,22.882049988354172,30.002253518963833,14.141886283944995,,1.0
road,5,test,2012-06-25,0.03,GroupAware2025,25.0,4.419263887802499,22.427153321983667,29.34464187627984,13.671211950397193,,1.0
road,5,test,2012-06-25,0.03,RobustImprovement2025,25.0,4.944363807796796,22.056752121727495,28.835028341781644,13.438136800644283,,1.0
road,5,test,2012-06-25,0.05,StructuralRobust,41.0,64.51959615856904,30.45917495887281,40.5011868038968,20.118990104907414,0.0,1.0
road,5,test,2012-06-25,0.05,ExpectedActionValue,41.0,52.58607324230662,11.521163370885757,15.883733540504945,8.761564470843085,,1.0
road,5,test,2012-06-25,0.05,PointwiseWorstAction,41.0,52.60648923499295,11.56714942940668,15.959115103649491,8.79724549295167,,1.0
road,5,test,2012-06-25,0.05,ScenarioCVaR,41.0,52.60648923499295,11.56714942940668,15.959115103649491,8.797245492951674,,1.0
road,5,test,2012-06-25,0.05,RiskFirst,41.0,14.789072780341291,30.033634083042642,39.902127187124435,19.672558627186895,,1.0
road,5,test,2012-06-25,0.05,TemporalContext2024,41.0,12.444198402576824,30.689748363893514,40.798595240559166,20.202294684731918,,1.0
road,5,test,2012-06-25,0.05,NetworkPropagation2024,41.0,15.273545626880816,30.38188132822823,40.35872632376589,19.930665104591778,,1.0
road,5,test,2012-06-25,0.05,CalibratedUncertainty2025,41.0,15.80975500383141,30.693443719224035,40.73178964373506,20.03644133070589,,1.0
road,5,test,2012-06-25,0.05,MappedPTO2026,41.0,12.33863539353699,30.45917495887281,40.5011868038968,20.118990104907414,,1.0
road,5,test,2012-06-25,0.05,GroupAware2025,41.0,15.418993738450125,30.48861060994663,40.49348295068136,19.936294319911806,,1.0
road,5,test,2012-06-25,0.05,RobustImprovement2025,41.0,14.967380810176357,30.99980424729684,41.286408828388474,20.620689895291857,,1.0
road,5,test,2012-06-25,0.1,StructuralRobust,83.0,49.821440946661234,46.59740920389455,63.38359842779114,34.01595725413869,0.0,1.0
road,5,test,2012-06-25,0.1,ExpectedActionValue,83.0,66.31793529878883,18.61810701554218,25.463182405963884,13.639678187659996,,1.0
road,5,test,2012-06-25,0.1,PointwiseWorstAction,83.0,66.41791010042287,18.67472984863128,25.51980523905299,13.639678187660003,,1.0
road,5,test,2012-06-25,0.1,ScenarioCVaR,83.0,66.42573093379565,18.71816566774428,25.56324105816599,13.639678187659996,,1.0
road,5,test,2012-06-25,0.1,RiskFirst,83.0,25.848540080456544,46.098682021813026,62.65267043261759,33.491774774029345,,1.0
road,5,test,2012-06-25,0.1,TemporalContext2024,83.0,25.73804065663805,45.621027555156466,61.949484950209126,33.05449021382281,,1.0
road,5,test,2012-06-25,0.1,NetworkPropagation2024,83.0,22.950642049338157,46.505824348842694,63.27710474443197,33.95426305137009,,1.0
road,5,test,2012-06-25,0.1,CalibratedUncertainty2025,83.0,26.016872306176488,46.27435487813892,62.92723024338168,33.72964497953561,,1.0
road,5,test,2012-06-25,0.1,MappedPTO2026,83.0,25.375383064225336,45.87724817446618,62.3504321109513,33.33024498776913,,1.0
road,5,test,2012-06-25,0.1,GroupAware2025,83.0,26.99374755115841,46.280771094533534,62.96297131933001,33.77247553276271,,1.0
road,5,test,2012-06-25,0.1,RobustImprovement2025,83.0,25.792972965932517,46.462139118456875,63.2275083169913,33.985861001108304,,1.0
road,5,test,2012-06-25,0.2,StructuralRobust,166.0,56.70718654740964,66.30799006114563,91.5303868175928,51.23520517669718,0.0,1.0
road,5,test,2012-06-25,0.2,ExpectedActionValue,166.0,82.23041593080345,37.01618558618478,49.21085576849185,24.04373444664634,,1.0
road,5,test,2012-06-25,0.2,PointwiseWorstAction,166.0,82.24523351375254,36.39501220494177,48.28150696723778,23.446710373489644,,1.0
road,5,test,2012-06-25,0.2,ScenarioCVaR,166.0,82.23631072319186,36.033487857060514,47.76119730007837,23.116414508627663,,1.0
road,5,test,2012-06-25,0.2,RiskFirst,166.0,42.539230912491625,66.01871277549583,91.10532620493065,51.00045956209769,,1.0
road,5,test,2012-06-25,0.2,TemporalContext2024,166.0,43.26409083536888,65.61338416045415,90.41289011858635,50.30548405252199,,1.0
road,5,test,2012-06-25,0.2,NetworkPropagation2024,166.0,43.647785321647596,64.7761347908389,89.21309813491557,49.61929419073202,,1.0
road,5,test,2012-06-25,0.2,CalibratedUncertainty2025,166.0,42.73946905235913,65.41575367338282,90.07908969100048,50.17275589657922,,1.0
road,5,test,2012-06-25,0.2,MappedPTO2026,166.0,40.27484723873156,66.06623460135394,91.220597557869,51.14219747779393,,1.0
road,5,test,2012-06-25,0.2,GroupAware2025,166.0,45.05271148514749,65.86585275629517,90.92264972372588,50.78205504023187,,1.0
road,5,test,2012-06-25,0.2,RobustImprovement2025,166.0,45.558950039329986,65.88266337541155,91.06878297451219,51.21685216373096,,1.0
road,5,test,2012-06-26,0.01,StructuralRobust,8.0,29.78176161221015,8.689848879524787,11.321079896281471,5.162657213189108,0.0,1.0
road,5,test,2012-06-26,0.01,ExpectedActionValue,8.0,24.118090343613368,2.4166138431700843,3.2911850931548905,1.763199929764546,,1.0
road,5,test,2012-06-26,0.01,PointwiseWorstAction,8.0,24.136475202464602,2.6916510756866403,3.658156948072082,1.9450921749371402,,1.0
road,5,test,2012-06-26,0.01,ScenarioCVaR,8.0,24.117731692849922,2.075511341252986,2.7912718707428255,1.4282202566778728,,1.0
road,5,test,2012-06-26,0.01,RiskFirst,8.0,2.165777032725815,8.689848879524787,11.321079896281471,5.162657213189108,,1.0
road,5,test,2012-06-26,0.01,TemporalContext2024,8.0,2.165777032725815,8.689848879524787,11.321079896281471,5.162657213189108,,1.0
road,5,test,2012-06-26,0.01,NetworkPropagation2024,8.0,2.165777032725815,8.689848879524787,11.321079896281471,5.162657213189108,,1.0
road,5,test,2012-06-26,0.01,CalibratedUncertainty2025,8.0,2.1903264304342107,8.90946963750936,11.656928777831684,5.457967013018784,,1.0
road,5,test,2012-06-26,0.01,MappedPTO2026,8.0,2.0019589767286807,9.090804309611212,11.941414976526833,5.621985057100872,,1.0
road,5,test,2012-06-26,0.01,GroupAware2025,8.0,2.165777032725815,8.689848879524787,11.321079896281471,5.162657213189108,,1.0
road,5,test,2012-06-26,0.01,RobustImprovement2025,8.0,1.9029964080258575,9.741995951704777,12.713875803322141,5.833365217080477,,1.0
road,5,test,2012-06-26,0.03,StructuralRobust,25.0,52.541207980027,24.790199215472953,32.64356711762776,15.586090714302713,0.0,1.0
road,5,test,2012-06-26,0.03,ExpectedActionValue,25.0,51.762961425777,7.159793686705446,9.82037039003119,5.4700049166725675,,1.0
road,5,test,2012-06-26,0.03,PointwiseWorstAction,25.0,51.88510171152787,8.119574918115113,11.103624804736281,6.112472452066067,,1.0
road,5,test,2012-06-26,0.03,ScenarioCVaR,25.0,51.88510171152787,8.119574918115113,11.103624804736281,6.112472452066067,,1.0
road,5,test,2012-06-26,0.03,RiskFirst,25.0,8.612886064581017,25.299686368599843,33.27079134916457,15.797480496740349,,1.0
road,5,test,2012-06-26,0.03,TemporalContext2024,25.0,5.277977643404085,24.790199215472953,32.64356711762776,15.586090714302713,,1.0
road,5,test,2012-06-26,0.03,NetworkPropagation2024,25.0,8.736591536209112,25.032855726245607,32.94077033332893,15.678453728296425,,1.0
road,5,test,2012-06-26,0.03,CalibratedUncertainty2025,25.0,7.360344896852028,26.06346944747235,34.22815691184606,16.171667966492585,,1.0
road,5,test,2012-06-26,0.03,MappedPTO2026,25.0,8.61288606458102,25.299686368599843,33.270791349164575,15.797480496740334,,1.0
road,5,test,2012-06-26,0.03,GroupAware2025,25.0,8.612886064581017,25.299686368599843,33.27079134916457,15.797480496740341,,1.0
road,5,test,2012-06-26,0.03,RobustImprovement2025,25.0,9.515232689151857,26.181868355506943,34.44919227921941,16.41213399193215,,1.0
road,5,test,2012-06-26,0.05,StructuralRobust,41.0,68.22192074819253,36.56384952104957,48.69150030319018,24.2831255234098,0.0,1.0
road,5,test,2012-06-26,0.05,ExpectedActionValue,41.0,66.33229234316,14.398781465378676,19.6223973000969,10.521255708021517,,1.0
road,5,test,2012-06-26,0.05,PointwiseWorstAction,41.0,66.36541221705562,14.27932895115286,19.42405173628445,10.396987194756807,,1.0
road,5,test,2012-06-26,0.05,ScenarioCVaR,41.0,66.33229234315999,14.398781465378676,19.6223973000969,10.521255708021517,,1.0
road,5,test,2012-06-26,0.05,RiskFirst,41.0,14.190912604807647,36.56384952104957,48.69150030319018,24.283125523409815,,1.0
road,5,test,2012-06-26,0.05,TemporalContext2024,41.0,14.319418957997636,35.62899743950295,47.42001812396,23.6068743187465,,1.0
road,5,test,2012-06-26,0.05,NetworkPropagation2024,41.0,18.198880321739157,35.00732698871432,46.4403533553319,22.791144196461012,,1.0
road,5,test,2012-06-26,0.05,CalibratedUncertainty2025,41.0,11.528479851268614,36.21981030619771,48.123323854576086,23.79776548787393,,1.0
road,5,test,2012-06-26,0.05,MappedPTO2026,41.0,14.190912604807647,36.56384952104957,48.69150030319018,24.2831255234098,,1.0
road,5,test,2012-06-26,0.05,GroupAware2025,41.0,15.536678177682342,37.59341039423536,50.01576054439225,24.84882147644879,,1.0
road,5,test,2012-06-26,0.05,RobustImprovement2025,41.0,14.776296918671697,36.50683387897184,48.549877408163056,24.085995592040547,,1.0
road,5,test,2012-06-26,0.1,StructuralRobust,83.0,53.305907799547974,55.15989500691765,74.50208310645544,39.004830953623895,0.0,1.0
road,5,test,2012-06-26,0.1,ExpectedActionValue,83.0,84.60820895600341,22.612200534219806,30.488769663319935,15.76379483032279,,1.0
road,5,test,2012-06-26,0.1,PointwiseWorstAction,83.0,84.6037031777092,22.744667096688843,30.71569306938182,15.96862925341376,,1.0
road,5,test,2012-06-26,0.1,ScenarioCVaR,83.0,84.60896467596636,22.600420339973272,30.46559768943883,15.736181467484574,,1.0
road,5,test,2012-06-26,0.1,RiskFirst,83.0,33.08832736004192,55.357807344850684,74.96986886952935,39.56750435410224,,1.0
road,5,test,2012-06-26,0.1,TemporalContext2024,83.0,31.325740022948104,54.4154234399074,73.66490704504547,38.80472048592122,,1.0
road,5,test,2012-06-26,0.1,NetworkPropagation2024,83.0,31.537884164114157,54.17491300935574,73.19522775351378,38.36611106023346,,1.0
road,5,test,2012-06-26,0.1,CalibratedUncertainty2025,83.0,29.11867718478837,54.64353525715523,73.90473863503527,39.01116731243939,,1.0
road,5,test,2012-06-26,0.1,MappedPTO2026,83.0,33.100163745625224,55.5367314359716,75.21478473533215,39.70067607464492,,1.0
road,5,test,2012-06-26,0.1,GroupAware2025,83.0,33.080844830124846,55.50547124482495,75.16050024312366,39.64884260489816,,1.0
road,5,test,2012-06-26,0.1,RobustImprovement2025,83.0,33.47339624645985,55.37705083142721,74.95456188613711,39.56819648843283,,1.0
road,5,test,2012-06-26,0.2,StructuralRobust,166.0,63.75199169001935,80.7705249464714,111.02697324423234,61.566024275402896,0.0,1.0
road,5,test,2012-06-26,0.2,ExpectedActionValue,166.0,102.92560332150225,38.1112908221456,50.92633582960041,25.689313937947404,,1.0
road,5,test,2012-06-26,0.2,PointwiseWorstAction,166.0,102.94787744849638,37.666551995087474,50.311967664775864,25.329459115119676,,1.0
road,5,test,2012-06-26,0.2,ScenarioCVaR,166.0,102.95914898883592,38.14039656299804,50.956601668329924,25.686500522781145,,1.0
road,5,test,2012-06-26,0.2,RiskFirst,166.0,52.516898315187234,79.97573982284479,109.94440664703042,60.97148657123728,,1.0
road,5,test,2012-06-26,0.2,TemporalContext2024,166.0,52.70695450096869,79.68376636343254,109.51736475199424,60.69411747817074,,1.0
road,5,test,2012-06-26,0.2,NetworkPropagation2024,166.0,53.24218514409111,79.00607116961257,108.47411578038327,59.937046592901936,,1.0
road,5,test,2012-06-26,0.2,CalibratedUncertainty2025,166.0,53.159731388128634,80.56230611679335,110.84795926809298,61.6887653305419,,1.0
road,5,test,2012-06-26,0.2,MappedPTO2026,166.0,53.28162374059256,80.14678614870421,110.42252663537565,61.67070295681363,,1.0
road,5,test,2012-06-26,0.2,GroupAware2025,166.0,52.92530983302196,79.2782238383653,108.95734449084306,60.30531521090438,,1.0
road,5,test,2012-06-26,0.2,RobustImprovement2025,166.0,55.57482178092166,81.0865932811173,111.72086255311876,62.447150429527255,,1.0
road,5,test,2012-06-27,0.01,StructuralRobust,8.0,30.477110461490348,12.020702062115802,15.529872509248662,6.921895456568574,0.0,1.0
road,5,test,2012-06-27,0.01,ExpectedActionValue,8.0,22.282493983237117,4.056751796877245,5.243424459964518,2.344341388235571,,1.0
road,5,test,2012-06-27,0.01,PointwiseWorstAction,8.0,22.434596584234818,4.614716446443261,6.045663964987062,2.8406380048818143,,1.0
road,5,test,2012-06-27,0.01,ScenarioCVaR,8.0,22.434596584234818,4.614716446443261,6.045663964987062,2.8406380048818143,,1.0
road,5,test,2012-06-27,0.01,RiskFirst,8.0,2.5353372752752175,12.020702062115802,15.529872509248662,6.921895456568574,,1.0
road,5,test,2012-06-27,0.01,TemporalContext2024,8.0,2.234685308271663,13.253232882933322,17.021885247890612,7.397773806506223,,1.0
road,5,test,2012-06-27,0.01,NetworkPropagation2024,8.0,2.234685308271663,13.253232882933322,17.02188524789061,7.397773806506223,,1.0
road,5,test,2012-06-27,0.01,CalibratedUncertainty2025,8.0,2.3044032789856796,12.089426728816532,15.592858097568524,6.9118949609790565,,1.0
road,5,test,2012-06-27,0.01,MappedPTO2026,8.0,1.7705709527702018,15.453134475995274,19.66973100757823,8.231849312127014,,1.0
road,5,test,2012-06-27,0.01,GroupAware2025,8.0,5.364309625617858,11.87916907592087,15.331598289194613,6.805765048571587,,1.0
road,5,test,2012-06-27,0.01,RobustImprovement2025,8.0,2.3287058255660043,15.106375631175117,19.225623665302123,8.040633446452803,,1.0
road,5,test,2012-06-27,0.03,StructuralRobust,25.0,59.3186382593607,34.59911403719744,45.083476978879,20.77084671261302,0.0,1.0
road,5,test,2012-06-27,0.03,ExpectedActionValue,25.0,48.56062000526533,10.417949462073247,14.020137887145225,7.31411248529132,,1.0
road,5,test,2012-06-27,0.03,PointwiseWorstAction,25.0,48.56062000526533,10.417949462073247,14.020137887145225,7.31411248529132,,1.0
road,5,test,2012-06-27,0.03,ScenarioCVaR,25.0,48.62106937406642,10.633409422287198,14.305448145824771,7.4507120955489015,,1.0
road,5,test,2012-06-27,0.03,RiskFirst,25.0,8.893190805456607,34.36121227459709,44.72462529246327,20.5121315513937,,1.0
road,5,test,2012-06-27,0.03,TemporalContext2024,25.0,8.968149582178592,34.59911403719744,45.083476978879,20.77084671261302,,1.0
road,5,test,2012-06-27,0.03,NetworkPropagation2024,25.0,8.806427001298319,36.05546019954299,46.69457596199511,21.0068055538337,,1.0
road,5,test,2012-06-27,0.03,CalibratedUncertainty2025,25.0,7.946599718552339,34.334354019350535,44.70988732242148,20.549522750653722,,1.0
road,5,test,2012-06-27,0.03,MappedPTO2026,25.0,8.893190805456605,34.36121227459709,44.72462529246327,20.512131551393686,,1.0
road,5,test,2012-06-27,0.03,GroupAware2025,25.0,9.642632409373322,35.01546717659661,45.52516965704804,20.783630878642214,,1.0
road,5,test,2012-06-27,0.03,RobustImprovement2025,25.0,8.80642700129832,36.05546019954299,46.69457596199511,21.0068055538337,,1.0
road,5,test,2012-06-27,0.05,StructuralRobust,41.0,83.39159734215387,51.426619868010235,67.26713701242026,31.418468249002743,0.0,1.0
road,5,test,2012-06-27,0.05,ExpectedActionValue,41.0,62.8742474665482,21.800711234316147,28.869201908442005,14.152050744684345,,1.0
road,5,test,2012-06-27,0.05,PointwiseWorstAction,41.0,62.8737090458289,21.75440426062696,28.750761867067258,13.991552330954502,,1.0
road,5,test,2012-06-27,0.05,ScenarioCVaR,41.0,62.87370904582889,21.75440426062696,28.750761867067258,13.991552330954502,,1.0
road,5,test,2012-06-27,0.05,RiskFirst,41.0,17.494753510893467,52.373617076632065,68.40414497182576,31.767473620089497,,1.0
road,5,test,2012-06-27,0.05,TemporalContext2024,41.0,18.045341345025836,52.21649460921909,68.17578286812913,31.61773769338223,,1.0
road,5,test,2012-06-27,0.05,NetworkPropagation2024,41.0,15.355218480720444,50.46216043980769,66.05627614537302,30.96188911535043,,1.0
road,5,test,2012-06-27,0.05,CalibratedUncertainty2025,41.0,12.519584258950236,48.51611105185859,63.59096508744317,29.965858903939463,,1.0
road,5,test,2012-06-27,0.05,MappedPTO2026,41.0,13.62706797258188,51.426619868010235,67.26713701242026,31.418468249002743,,1.0
road,5,test,2012-06-27,0.05,GroupAware2025,41.0,17.494753510893467,52.373617076632065,68.40414497182576,31.767473620089497,,1.0
road,5,test,2012-06-27,0.05,RobustImprovement2025,41.0,18.039472875684453,52.04172658184536,67.94581768139885,31.504652091702233,,1.0
road,5,test,2012-06-27,0.1,StructuralRobust,83.0,64.87267549929365,78.31338817332538,104.25833193840171,52.14272125944417,0.0,1.0
road,5,test,2012-06-27,0.1,ExpectedActionValue,83.0,81.72399019061741,29.884123164784018,40.005149753246094,20.395751825678754,,1.0
road,5,test,2012-06-27,0.1,PointwiseWorstAction,83.0,81.71863696432499,30.01502025551847,40.18508800373962,20.494150815654553,,1.0
road,5,test,2012-06-27,0.1,ScenarioCVaR,83.0,81.71512527813296,29.521643475348874,39.474614777699855,20.040690413613525,,1.0
road,5,test,2012-06-27,0.1,RiskFirst,83.0,26.62697683075864,77.84270581183759,103.83498277163504,52.323495419790106,,1.0
road,5,test,2012-06-27,0.1,TemporalContext2024,83.0,24.84469673023859,76.77501680796203,102.3562446755166,51.48155415428786,,1.0
road,5,test,2012-06-27,0.1,NetworkPropagation2024,83.0,28.857348375482687,78.3480463678501,104.39420589230029,52.37836974814742,,1.0
road,5,test,2012-06-27,0.1,CalibratedUncertainty2025,83.0,26.17998129148411,74.31861681188501,99.07495885869903,49.735028290553416,,1.0
road,5,test,2012-06-27,0.1,MappedPTO2026,83.0,25.90241416029366,76.86871535095412,102.51867125391016,51.60059524871028,,1.0
road,5,test,2012-06-27,0.1,GroupAware2025,83.0,27.7189527950499,76.98025520765538,102.59749919411531,51.55091026770674,,1.0
road,5,test,2012-06-27,0.1,RobustImprovement2025,83.0,26.280276253620507,78.38037307913099,104.47590625633072,52.48779663731041,,1.0
road,5,test,2012-06-27,0.2,StructuralRobust,166.0,79.18765281029268,113.50821343530885,153.11101583641488,80.04019140583657,0.0,1.0
road,5,test,2012-06-27,0.2,ExpectedActionValue,166.0,102.576287944326,53.614868074669424,71.67750355599105,36.20843069744863,,1.0
road,5,test,2012-06-27,0.2,PointwiseWorstAction,166.0,102.63022578768027,53.174927875247796,71.08550444151055,35.960942200604045,,1.0
road,5,test,2012-06-27,0.2,ScenarioCVaR,166.0,102.63769176782185,53.16564074400764,71.10161752813023,35.989550099834766,,1.0
road,5,test,2012-06-27,0.2,RiskFirst,166.0,49.00839954326328,111.26729700624371,150.38906358318746,79.14658381074592,,1.0
road,5,test,2012-06-27,0.2,TemporalContext2024,166.0,48.75706743869631,111.38972635190416,150.5852307810832,79.32873935454734,,1.0
road,5,test,2012-06-27,0.2,NetworkPropagation2024,166.0,52.66100689948344,114.47776864221464,154.82076693740427,81.68942816700152,,1.0
road,5,test,2012-06-27,0.2,CalibratedUncertainty2025,166.0,49.76734138729868,110.65662172362751,149.82841667275315,79.31849308149371,,1.0
road,5,test,2012-06-27,0.2,MappedPTO2026,166.0,49.51487550968442,111.30601802443873,150.44641016066504,79.18448891381449,,1.0
road,5,test,2012-06-27,0.2,GroupAware2025,166.0,49.45884007496279,111.5717423755929,150.80537496578077,79.39532099496058,,1.0
road,5,test,2012-06-27,0.2,RobustImprovement2025,166.0,49.515997880901864,112.28360410650802,151.81171817505785,80.01682272317953,,1.0
