dataset,fold_id,partition,block_id,budget_fraction,method,selected_n,predicted_worst_value,realized_worst_value,realized_mean_value,realized_scenario_spread,solver_gap,feasible
divvy,1,set_cal,2024-04-01,0.01,StructuralRobust,7.0,7.238828798476624,3.6,5.2,3.1999999999999997,0.0,1.0
divvy,1,set_cal,2024-04-01,0.01,ExpectedActionValue,7.0,7.014971943473255,0.8,1.6,1.6000000000000003,,1.0
divvy,1,set_cal,2024-04-01,0.01,PointwiseWorstAction,7.0,7.2771512708401165,0.0,0.0,0.0,,1.0
divvy,1,set_cal,2024-04-01,0.01,ScenarioCVaR,7.0,7.2771512708401165,0.0,0.0,0.0,,1.0
divvy,1,set_cal,2024-04-01,0.01,RiskFirst,7.0,0.09177599408265295,3.6000000000000005,6.0,4.8,,1.0
divvy,1,set_cal,2024-04-01,0.01,TemporalContext2024,7.0,0.09177599408265295,3.6000000000000005,6.0,4.8,,1.0
divvy,1,set_cal,2024-04-01,0.01,NetworkPropagation2024,7.0,0.09177599408265295,3.6000000000000005,6.0,4.8,,1.0
divvy,1,set_cal,2024-04-01,0.01,CalibratedUncertainty2025,7.0,0.09177599408265295,3.6000000000000005,6.0,4.8,,1.0
divvy,1,set_cal,2024-04-01,0.01,MappedPTO2026,7.0,0.09177599408265295,3.6000000000000005,6.0,4.8,,1.0
divvy,1,set_cal,2024-04-01,0.01,GroupAware2025,7.0,0.09177599408265295,2.8000000000000003,4.6000000000000005,4.0,,1.0
divvy,1,set_cal,2024-04-01,0.01,RobustImprovement2025,7.0,0.07627842504394257,3.5999999999999996,5.200000000000001,3.200000000000001,,1.0
divvy,1,set_cal,2024-04-01,0.03,StructuralRobust,21.0,7.8188857652516734,11.600000000000001,14.600000000000003,5.600000000000001,0.0,1.0
divvy,1,set_cal,2024-04-01,0.03,ExpectedActionValue,21.0,14.594888991695935,0.8,1.6,1.6000000000000003,,1.0
divvy,1,set_cal,2024-04-01,0.03,PointwiseWorstAction,21.0,15.103081302921863,0.8,1.6,1.6000000000000003,,1.0
divvy,1,set_cal,2024-04-01,0.03,ScenarioCVaR,21.0,15.103081302921863,0.8,1.6,1.6000000000000003,,1.0
divvy,1,set_cal,2024-04-01,0.03,RiskFirst,21.0,0.6308316623622108,10.8,14.100000000000001,6.800000000000001,,1.0
divvy,1,set_cal,2024-04-01,0.03,TemporalContext2024,21.0,1.4570679118124725,13.200000000000003,17.700000000000003,8.399999999999999,,1.0
divvy,1,set_cal,2024-04-01,0.03,NetworkPropagation2024,21.0,0.6240740382890919,11.600000000000001,14.900000000000002,6.800000000000001,,1.0
divvy,1,set_cal,2024-04-01,0.03,CalibratedUncertainty2025,21.0,1.8052312362723122,10.799999999999999,13.8,5.600000000000003,,1.0
divvy,1,set_cal,2024-04-01,0.03,MappedPTO2026,21.0,1.4638255358855914,10.000000000000002,13.3,6.799999999999999,,1.0
divvy,1,set_cal,2024-04-01,0.03,GroupAware2025,21.0,0.13006804397436672,10.8,14.100000000000001,6.800000000000001,,1.0
divvy,1,set_cal,2024-04-01,0.03,RobustImprovement2025,21.0,0.13006804397436672,9.2,11.600000000000001,4.8000000000000025,,1.0
divvy,1,set_cal,2024-04-01,0.05,StructuralRobust,36.0,20.68899850267111,14.800000000000002,18.700000000000006,7.600000000000003,0.0,1.0
divvy,1,set_cal,2024-04-01,0.05,ExpectedActionValue,36.0,20.57549315980851,2.4000000000000004,3.8000000000000003,2.4000000000000004,,1.0
divvy,1,set_cal,2024-04-01,0.05,PointwiseWorstAction,36.0,20.57792096000757,2.4000000000000004,3.8000000000000003,2.4000000000000004,,1.0
divvy,1,set_cal,2024-04-01,0.05,ScenarioCVaR,36.0,20.57792096000757,2.4000000000000004,3.8000000000000003,2.4000000000000004,,1.0
divvy,1,set_cal,2024-04-01,0.05,RiskFirst,36.0,1.5484288138848408,18.000000000000004,23.100000000000005,9.200000000000003,,1.0
divvy,1,set_cal,2024-04-01,0.05,TemporalContext2024,36.0,1.7660706364780776,17.200000000000006,22.300000000000004,9.199999999999996,,1.0
divvy,1,set_cal,2024-04-01,0.05,NetworkPropagation2024,36.0,1.5497798801749867,16.400000000000002,21.500000000000004,9.200000000000003,,1.0
divvy,1,set_cal,2024-04-01,0.05,CalibratedUncertainty2025,36.0,1.865162757196289,16.400000000000002,20.600000000000005,7.200000000000003,,1.0
divvy,1,set_cal,2024-04-01,0.05,MappedPTO2026,36.0,1.5484288138848408,18.000000000000004,23.100000000000005,9.200000000000003,,1.0
divvy,1,set_cal,2024-04-01,0.05,GroupAware2025,36.0,1.5484288138848408,18.000000000000004,23.100000000000005,9.200000000000003,,1.0
divvy,1,set_cal,2024-04-01,0.05,RobustImprovement2025,36.0,1.486880416745984,18.000000000000004,23.100000000000005,9.2,,1.0
divvy,1,set_cal,2024-04-01,0.1,StructuralRobust,71.0,0.06207802437068852,26.80000000000001,32.80000000000001,10.399999999999999,0.0,1.0
divvy,1,set_cal,2024-04-01,0.1,ExpectedActionValue,71.0,26.907666926020752,3.2,5.4,4.000000000000001,,1.0
divvy,1,set_cal,2024-04-01,0.1,PointwiseWorstAction,71.0,27.047484821045813,4.0,6.199999999999999,4.000000000000002,,1.0
divvy,1,set_cal,2024-04-01,0.1,ScenarioCVaR,71.0,27.047484821045813,4.0,6.199999999999999,4.000000000000002,,1.0
divvy,1,set_cal,2024-04-01,0.1,RiskFirst,71.0,4.092316786018669,23.60000000000001,29.300000000000008,10.0,,1.0
divvy,1,set_cal,2024-04-01,0.1,TemporalContext2024,71.0,3.6310090291832346,22.00000000000001,27.100000000000005,9.199999999999996,,1.0
divvy,1,set_cal,2024-04-01,0.1,NetworkPropagation2024,71.0,3.576659316758318,22.000000000000007,27.10000000000001,9.200000000000003,,1.0
divvy,1,set_cal,2024-04-01,0.1,CalibratedUncertainty2025,71.0,4.128065266080877,26.80000000000001,32.80000000000001,10.399999999999999,,1.0
divvy,1,set_cal,2024-04-01,0.1,MappedPTO2026,71.0,4.092316786018669,23.60000000000001,29.300000000000008,10.0,,1.0
divvy,1,set_cal,2024-04-01,0.1,GroupAware2025,71.0,4.09231678601867,23.60000000000001,29.300000000000008,10.0,,1.0
divvy,1,set_cal,2024-04-01,0.1,RobustImprovement2025,71.0,3.753418904259791,23.60000000000001,29.000000000000007,9.599999999999994,,1.0
divvy,1,set_cal,2024-04-01,0.2,StructuralRobust,142.0,0.06326056629881079,29.200000000000014,35.800000000000004,11.199999999999992,0.0,1.0
divvy,1,set_cal,2024-04-01,0.2,ExpectedActionValue,142.0,31.314013925799077,5.6,8.6,5.600000000000003,,1.0
divvy,1,set_cal,2024-04-01,0.2,PointwiseWorstAction,142.0,31.30233702192106,5.6,8.6,5.600000000000003,,1.0
divvy,1,set_cal,2024-04-01,0.2,ScenarioCVaR,142.0,31.30233702192106,5.6,8.6,5.600000000000003,,1.0
divvy,1,set_cal,2024-04-01,0.2,RiskFirst,142.0,8.672362517649368,29.600000000000012,35.6,10.399999999999988,,1.0
divvy,1,set_cal,2024-04-01,0.2,TemporalContext2024,142.0,7.304796110630736,30.000000000000018,36.0,10.39999999999998,,1.0
divvy,1,set_cal,2024-04-01,0.2,NetworkPropagation2024,142.0,8.006790364648642,28.400000000000013,34.400000000000006,10.399999999999991,,1.0
divvy,1,set_cal,2024-04-01,0.2,CalibratedUncertainty2025,142.0,8.129607146755037,34.00000000000001,42.2,14.399999999999984,,1.0
divvy,1,set_cal,2024-04-01,0.2,MappedPTO2026,142.0,7.4467486034778245,30.000000000000014,36.0,10.399999999999984,,1.0
divvy,1,set_cal,2024-04-01,0.2,GroupAware2025,142.0,6.4869065409832425,28.80000000000001,34.8,10.399999999999991,,1.0
divvy,1,set_cal,2024-04-01,0.2,RobustImprovement2025,142.0,7.203740206605609,28.400000000000013,34.4,10.399999999999977,,1.0
divvy,1,set_cal,2024-04-02,0.01,StructuralRobust,8.0,9.998582339356767,11.2,15.700000000000003,9.200000000000003,0.0,1.0
divvy,1,set_cal,2024-04-02,0.01,ExpectedActionValue,8.0,9.12887940990536,1.6,1.6,0.0,,1.0
divvy,1,set_cal,2024-04-02,0.01,PointwiseWorstAction,8.0,9.748141000253797,0.0,0.0,0.0,,1.0
divvy,1,set_cal,2024-04-02,0.01,ScenarioCVaR,8.0,9.748141000253797,0.0,0.0,0.0,,1.0
divvy,1,set_cal,2024-04-02,0.01,RiskFirst,8.0,0.926108128256018,8.799999999999999,13.000000000000002,8.800000000000002,,1.0
divvy,1,set_cal,2024-04-02,0.01,TemporalContext2024,8.0,0.926108128256018,8.799999999999999,13.000000000000002,8.800000000000002,,1.0
divvy,1,set_cal,2024-04-02,0.01,NetworkPropagation2024,8.0,0.926108128256018,8.8,13.000000000000002,8.8,,1.0
divvy,1,set_cal,2024-04-02,0.01,CalibratedUncertainty2025,8.0,0.926108128256018,6.3999999999999995,9.600000000000001,6.400000000000001,,1.0
divvy,1,set_cal,2024-04-02,0.01,MappedPTO2026,8.0,0.926108128256018,7.999999999999999,12.2,8.8,,1.0
divvy,1,set_cal,2024-04-02,0.01,GroupAware2025,8.0,0.926108128256018,8.799999999999999,13.000000000000002,8.800000000000002,,1.0
divvy,1,set_cal,2024-04-02,0.01,RobustImprovement2025,8.0,0.9263095083731755,7.999999999999999,12.2,8.8,,1.0
divvy,1,set_cal,2024-04-02,0.03,StructuralRobust,23.0,9.837290662255855,20.000000000000004,25.400000000000006,10.400000000000002,0.0,1.0
divvy,1,set_cal,2024-04-02,0.03,ExpectedActionValue,23.0,18.70670868349921,4.800000000000001,4.800000000000001,0.0,,1.0
divvy,1,set_cal,2024-04-02,0.03,PointwiseWorstAction,23.0,18.913357749726284,4.800000000000001,4.800000000000001,0.0,,1.0
divvy,1,set_cal,2024-04-02,0.03,ScenarioCVaR,23.0,18.913357749726284,4.800000000000001,4.800000000000001,0.0,,1.0
divvy,1,set_cal,2024-04-02,0.03,RiskFirst,23.0,1.3555767957638505,19.200000000000003,24.600000000000005,10.400000000000006,,1.0
divvy,1,set_cal,2024-04-02,0.03,TemporalContext2024,23.0,1.3555767957638505,19.200000000000003,24.600000000000005,10.400000000000006,,1.0
divvy,1,set_cal,2024-04-02,0.03,NetworkPropagation2024,23.0,1.0007890611319112,16.0,21.400000000000006,10.400000000000002,,1.0
divvy,1,set_cal,2024-04-02,0.03,CalibratedUncertainty2025,23.0,1.0068796444181578,20.800000000000004,26.20000000000001,10.400000000000006,,1.0
divvy,1,set_cal,2024-04-02,0.03,MappedPTO2026,23.0,0.9820145805634295,18.800000000000004,24.200000000000006,10.399999999999999,,1.0
divvy,1,set_cal,2024-04-02,0.03,GroupAware2025,23.0,1.3555767957638505,19.200000000000003,24.600000000000005,10.400000000000006,,1.0
divvy,1,set_cal,2024-04-02,0.03,RobustImprovement2025,23.0,1.3424798147817383,20.800000000000004,26.200000000000006,10.400000000000002,,1.0
divvy,1,set_cal,2024-04-02,0.05,StructuralRobust,38.0,26.108720296405895,25.20000000000001,30.60000000000001,10.399999999999999,0.0,1.0
divvy,1,set_cal,2024-04-02,0.05,ExpectedActionValue,38.0,24.510469804172228,5.6000000000000005,5.6000000000000005,0.0,,1.0
divvy,1,set_cal,2024-04-02,0.05,PointwiseWorstAction,38.0,24.598127483189696,5.6000000000000005,5.6000000000000005,0.0,,1.0
divvy,1,set_cal,2024-04-02,0.05,ScenarioCVaR,38.0,24.598127483189696,5.6000000000000005,5.6000000000000005,0.0,,1.0
divvy,1,set_cal,2024-04-02,0.05,RiskFirst,38.0,2.258808276009822,26.800000000000008,32.20000000000001,10.400000000000002,,1.0
divvy,1,set_cal,2024-04-02,0.05,TemporalContext2024,38.0,2.2588082760098223,26.800000000000008,32.20000000000001,10.400000000000002,,1.0
divvy,1,set_cal,2024-04-02,0.05,NetworkPropagation2024,38.0,2.805110236176559,22.800000000000004,29.000000000000007,12.0,,1.0
divvy,1,set_cal,2024-04-02,0.05,CalibratedUncertainty2025,38.0,2.0301577688597288,25.200000000000006,30.60000000000001,10.399999999999995,,1.0
divvy,1,set_cal,2024-04-02,0.05,MappedPTO2026,38.0,2.2787915962157523,23.60000000000001,29.000000000000007,10.399999999999999,,1.0
divvy,1,set_cal,2024-04-02,0.05,GroupAware2025,38.0,1.511588191527063,25.200000000000006,30.60000000000001,10.400000000000002,,1.0
divvy,1,set_cal,2024-04-02,0.05,RobustImprovement2025,38.0,2.8198782089901866,25.200000000000006,30.60000000000001,10.399999999999995,,1.0
divvy,1,set_cal,2024-04-02,0.1,StructuralRobust,75.0,0.06689988351858374,28.000000000000007,35.00000000000001,13.599999999999987,0.0,1.0
divvy,1,set_cal,2024-04-02,0.1,ExpectedActionValue,75.0,30.83615700204631,5.6000000000000005,5.6000000000000005,0.0,,1.0
divvy,1,set_cal,2024-04-02,0.1,PointwiseWorstAction,75.0,30.913047237253405,5.6000000000000005,5.6000000000000005,0.0,,1.0
divvy,1,set_cal,2024-04-02,0.1,ScenarioCVaR,75.0,30.913047237253405,5.6000000000000005,5.6000000000000005,0.0,,1.0
divvy,1,set_cal,2024-04-02,0.1,RiskFirst,75.0,4.85426368372177,30.40000000000001,37.400000000000006,13.59999999999999,,1.0
divvy,1,set_cal,2024-04-02,0.1,TemporalContext2024,75.0,4.708818435266118,32.000000000000014,39.00000000000001,13.599999999999987,,1.0
divvy,1,set_cal,2024-04-02,0.1,NetworkPropagation2024,75.0,5.485488322220828,30.00000000000001,37.00000000000001,13.599999999999984,,1.0
divvy,1,set_cal,2024-04-02,0.1,CalibratedUncertainty2025,75.0,4.029002078736416,28.000000000000007,35.00000000000001,13.599999999999987,,1.0
divvy,1,set_cal,2024-04-02,0.1,MappedPTO2026,75.0,4.878117869224857,31.200000000000014,38.2,13.599999999999984,,1.0
divvy,1,set_cal,2024-04-02,0.1,GroupAware2025,75.0,4.85426368372177,30.40000000000001,37.400000000000006,13.59999999999999,,1.0
divvy,1,set_cal,2024-04-02,0.1,RobustImprovement2025,75.0,4.845417926042357,31.20000000000001,38.2,13.59999999999998,,1.0
divvy,1,set_cal,2024-04-02,0.2,StructuralRobust,151.0,0.0674485086040078,39.19999999999999,46.79999999999998,14.399999999999984,0.0,1.0
divvy,1,set_cal,2024-04-02,0.2,ExpectedActionValue,151.0,34.67472928239042,11.200000000000003,12.100000000000001,1.1999999999999993,,1.0
divvy,1,set_cal,2024-04-02,0.2,PointwiseWorstAction,151.0,34.6342375753217,7.2,7.2,0.0,,1.0
divvy,1,set_cal,2024-04-02,0.2,ScenarioCVaR,151.0,34.6342375753217,7.2,7.2,0.0,,1.0
divvy,1,set_cal,2024-04-02,0.2,RiskFirst,151.0,9.671491750597635,32.800000000000004,40.599999999999994,15.199999999999989,,1.0
divvy,1,set_cal,2024-04-02,0.2,TemporalContext2024,151.0,9.37458205837896,36.0,42.99999999999999,13.599999999999987,,1.0
divvy,1,set_cal,2024-04-02,0.2,NetworkPropagation2024,151.0,9.622354374704061,31.20000000000001,38.2,13.59999999999998,,1.0
divvy,1,set_cal,2024-04-02,0.2,CalibratedUncertainty2025,151.0,8.575901603003684,44.79999999999998,52.39999999999998,14.399999999999984,,1.0
divvy,1,set_cal,2024-04-02,0.2,MappedPTO2026,151.0,9.112820062010767,31.200000000000014,38.2,13.599999999999984,,1.0
divvy,1,set_cal,2024-04-02,0.2,GroupAware2025,151.0,7.778292636032411,31.20000000000001,38.2,13.599999999999987,,1.0
divvy,1,set_cal,2024-04-02,0.2,RobustImprovement2025,151.0,9.701133933352649,34.8,42.599999999999994,15.199999999999982,,1.0
divvy,1,set_cal,2024-04-03,0.01,StructuralRobust,6.0,5.7522974742064985,4.0,5.6,3.2,0.0,1.0
divvy,1,set_cal,2024-04-03,0.01,ExpectedActionValue,6.0,5.437046838648845,0.0,0.0,0.0,,1.0
divvy,1,set_cal,2024-04-03,0.01,PointwiseWorstAction,6.0,5.593818079863321,0.0,0.0,0.0,,1.0
divvy,1,set_cal,2024-04-03,0.01,ScenarioCVaR,6.0,5.593818079863321,0.0,0.0,0.0,,1.0
divvy,1,set_cal,2024-04-03,0.01,RiskFirst,6.0,0.15525945813590508,2.4000000000000004,4.0,3.2,,1.0
divvy,1,set_cal,2024-04-03,0.01,TemporalContext2024,6.0,0.16203388424973977,2.4000000000000004,4.0,3.2,,1.0
divvy,1,set_cal,2024-04-03,0.01,NetworkPropagation2024,6.0,0.15525945813590508,2.4000000000000004,4.0,3.2,,1.0
divvy,1,set_cal,2024-04-03,0.01,CalibratedUncertainty2025,6.0,0.25442654206116644,2.4000000000000004,4.0,3.2,,1.0
divvy,1,set_cal,2024-04-03,0.01,MappedPTO2026,6.0,0.15525945813590508,2.4000000000000004,4.0,3.2,,1.0
divvy,1,set_cal,2024-04-03,0.01,GroupAware2025,6.0,0.15525945813590508,2.4000000000000004,4.0,3.2,,1.0
divvy,1,set_cal,2024-04-03,0.01,RobustImprovement2025,6.0,0.13081612728224368,3.2,4.800000000000001,3.2,,1.0
divvy,1,set_cal,2024-04-03,0.03,StructuralRobust,19.0,6.059670421830992,7.999999999999999,9.600000000000001,3.2000000000000055,0.0,1.0
divvy,1,set_cal,2024-04-03,0.03,ExpectedActionValue,19.0,13.527089130471285,0.0,0.0,0.0,,1.0
divvy,1,set_cal,2024-04-03,0.03,PointwiseWorstAction,19.0,13.693580363292687,0.0,0.0,0.0,,1.0
divvy,1,set_cal,2024-04-03,0.03,ScenarioCVaR,19.0,13.693580363292687,0.0,0.0,0.0,,1.0
divvy,1,set_cal,2024-04-03,0.03,RiskFirst,19.0,1.3856688638761845,7.199999999999999,8.8,3.200000000000003,,1.0
divvy,1,set_cal,2024-04-03,0.03,TemporalContext2024,19.0,1.3856688638761845,7.199999999999999,8.8,3.200000000000003,,1.0
divvy,1,set_cal,2024-04-03,0.03,NetworkPropagation2024,19.0,1.3856688638761845,7.199999999999999,8.8,3.200000000000003,,1.0
divvy,1,set_cal,2024-04-03,0.03,CalibratedUncertainty2025,19.0,1.568794185945562,6.4,8.0,3.200000000000001,,1.0
divvy,1,set_cal,2024-04-03,0.03,MappedPTO2026,19.0,1.263793204768355,7.2,8.8,3.200000000000002,,1.0
divvy,1,set_cal,2024-04-03,0.03,GroupAware2025,19.0,1.3856688638761845,7.199999999999999,8.8,3.200000000000003,,1.0
divvy,1,set_cal,2024-04-03,0.03,RobustImprovement2025,19.0,1.3536612400468846,8.0,9.600000000000001,3.200000000000003,,1.0
divvy,1,set_cal,2024-04-03,0.05,StructuralRobust,31.0,14.811245426123644,7.999999999999999,9.600000000000001,3.2000000000000055,0.0,1.0
divvy,1,set_cal,2024-04-03,0.05,ExpectedActionValue,31.0,18.251115200459815,0.0,0.0,0.0,,1.0
divvy,1,set_cal,2024-04-03,0.05,PointwiseWorstAction,31.0,18.330888973777117,0.0,0.0,0.0,,1.0
divvy,1,set_cal,2024-04-03,0.05,ScenarioCVaR,31.0,18.330888973777117,0.0,0.0,0.0,,1.0
divvy,1,set_cal,2024-04-03,0.05,RiskFirst,31.0,1.7618555679402685,7.999999999999999,9.6,3.2000000000000037,,1.0
divvy,1,set_cal,2024-04-03,0.05,TemporalContext2024,31.0,1.8035465698715245,8.799999999999999,10.400000000000002,3.2000000000000046,,1.0
divvy,1,set_cal,2024-04-03,0.05,NetworkPropagation2024,31.0,2.1868242873125,7.999999999999999,9.6,3.2000000000000037,,1.0
divvy,1,set_cal,2024-04-03,0.05,CalibratedUncertainty2025,31.0,1.8000694607313452,8.0,9.600000000000001,3.200000000000003,,1.0
divvy,1,set_cal,2024-04-03,0.05,MappedPTO2026,31.0,1.750868238687419,8.0,9.600000000000001,3.200000000000003,,1.0
divvy,1,set_cal,2024-04-03,0.05,GroupAware2025,31.0,1.750868238687419,7.999999999999999,9.6,3.2000000000000037,,1.0
divvy,1,set_cal,2024-04-03,0.05,RobustImprovement2025,31.0,1.6661821245254675,8.0,9.600000000000001,3.200000000000003,,1.0
divvy,1,set_cal,2024-04-03,0.1,StructuralRobust,63.0,0.051419950803137736,12.000000000000002,13.900000000000006,3.600000000000003,0.0,1.0
divvy,1,set_cal,2024-04-03,0.1,ExpectedActionValue,63.0,25.087402915070708,0.8,0.8,0.0,,1.0
divvy,1,set_cal,2024-04-03,0.1,PointwiseWorstAction,63.0,25.193583871260955,0.8,0.8,0.0,,1.0
divvy,1,set_cal,2024-04-03,0.1,ScenarioCVaR,63.0,25.193583871260955,0.8,0.8,0.0,,1.0
divvy,1,set_cal,2024-04-03,0.1,RiskFirst,63.0,3.0684363742640897,9.6,11.200000000000001,3.2000000000000046,,1.0
divvy,1,set_cal,2024-04-03,0.1,TemporalContext2024,63.0,3.5162808539876647,11.2,12.8,3.2000000000000046,,1.0
divvy,1,set_cal,2024-04-03,0.1,NetworkPropagation2024,63.0,3.6569309312761558,8.799999999999999,10.400000000000002,3.2000000000000046,,1.0
divvy,1,set_cal,2024-04-03,0.1,CalibratedUncertainty2025,63.0,2.848356990868923,12.000000000000002,13.900000000000006,3.600000000000003,,1.0
divvy,1,set_cal,2024-04-03,0.1,MappedPTO2026,63.0,3.101515661908462,9.600000000000001,11.200000000000003,3.200000000000003,,1.0
divvy,1,set_cal,2024-04-03,0.1,GroupAware2025,63.0,3.0338270251516106,9.6,11.200000000000001,3.2000000000000046,,1.0
divvy,1,set_cal,2024-04-03,0.1,RobustImprovement2025,63.0,2.8932172431509673,9.600000000000001,11.200000000000003,3.200000000000003,,1.0
divvy,1,set_cal,2024-04-03,0.2,StructuralRobust,126.0,0.05147803194050204,13.600000000000001,15.500000000000004,3.600000000000005,0.0,1.0
divvy,1,set_cal,2024-04-03,0.2,ExpectedActionValue,126.0,29.31250324753172,4.0,4.0,0.0,,1.0
divvy,1,set_cal,2024-04-03,0.2,PointwiseWorstAction,126.0,29.257922445871195,3.2,3.2,0.0,,1.0
divvy,1,set_cal,2024-04-03,0.2,ScenarioCVaR,126.0,29.257922445871195,3.2,3.2,0.0,,1.0
divvy,1,set_cal,2024-04-03,0.2,RiskFirst,126.0,7.951357417766472,12.0,13.900000000000002,3.600000000000005,,1.0
divvy,1,set_cal,2024-04-03,0.2,TemporalContext2024,126.0,6.282473891589381,12.0,13.600000000000001,3.2000000000000046,,1.0
divvy,1,set_cal,2024-04-03,0.2,NetworkPropagation2024,126.0,7.5801710381951795,12.0,13.900000000000002,3.600000000000005,,1.0
divvy,1,set_cal,2024-04-03,0.2,CalibratedUncertainty2025,126.0,6.243396358178739,16.0,18.500000000000004,4.400000000000009,,1.0
divvy,1,set_cal,2024-04-03,0.2,MappedPTO2026,126.0,6.110089863492051,14.4,16.3,3.600000000000003,,1.0
divvy,1,set_cal,2024-04-03,0.2,GroupAware2025,126.0,6.307521966059692,10.4,12.000000000000004,3.2000000000000046,,1.0
divvy,1,set_cal,2024-04-03,0.2,RobustImprovement2025,126.0,4.848589150832586,11.200000000000001,13.100000000000003,3.600000000000003,,1.0
divvy,1,set_cal,2024-04-04,0.01,StructuralRobust,8.0,9.474901237411878,7.6000000000000005,11.200000000000001,6.3999999999999995,0.0,1.0
divvy,1,set_cal,2024-04-04,0.01,ExpectedActionValue,8.0,7.212049965261778,0.8,0.8,0.0,,1.0
divvy,1,set_cal,2024-04-04,0.01,PointwiseWorstAction,8.0,7.411025617667179,0.0,0.0,0.0,,1.0
divvy,1,set_cal,2024-04-04,0.01,ScenarioCVaR,8.0,7.411025617667179,0.0,0.0,0.0,,1.0
divvy,1,set_cal,2024-04-04,0.01,RiskFirst,8.0,0.13689715732669722,6.000000000000001,8.600000000000001,5.6000000000000005,,1.0
divvy,1,set_cal,2024-04-04,0.01,TemporalContext2024,8.0,0.13689715732669722,6.0,8.6,5.6,,1.0
divvy,1,set_cal,2024-04-04,0.01,NetworkPropagation2024,8.0,0.08910386975782836,7.6,11.400000000000002,7.200000000000001,,1.0
divvy,1,set_cal,2024-04-04,0.01,CalibratedUncertainty2025,8.0,0.08910386975782836,7.6,11.399999999999999,7.200000000000001,,1.0
divvy,1,set_cal,2024-04-04,0.01,MappedPTO2026,8.0,0.13689715732669722,6.000000000000001,8.600000000000001,5.6000000000000005,,1.0
divvy,1,set_cal,2024-04-04,0.01,GroupAware2025,8.0,0.13689715732669722,6.000000000000001,8.600000000000001,5.6000000000000005,,1.0
divvy,1,set_cal,2024-04-04,0.01,RobustImprovement2025,8.0,0.13689715732669722,6.000000000000001,8.600000000000001,5.6000000000000005,,1.0
divvy,1,set_cal,2024-04-04,0.03,StructuralRobust,24.0,10.734832613434193,21.200000000000006,28.400000000000006,12.799999999999986,0.0,1.0
divvy,1,set_cal,2024-04-04,0.03,ExpectedActionValue,24.0,15.866327095358983,3.2,3.8,0.7999999999999998,,1.0
divvy,1,set_cal,2024-04-04,0.03,PointwiseWorstAction,24.0,15.881930515135993,3.2,3.8,0.7999999999999998,,1.0
divvy,1,set_cal,2024-04-04,0.03,ScenarioCVaR,24.0,15.881930515135993,3.2,3.8,0.7999999999999998,,1.0
divvy,1,set_cal,2024-04-04,0.03,RiskFirst,24.0,1.0473610168638336,21.20000000000001,27.60000000000001,11.199999999999996,,1.0
divvy,1,set_cal,2024-04-04,0.03,TemporalContext2024,24.0,1.0043460748807962,19.600000000000005,24.800000000000004,9.599999999999998,,1.0
divvy,1,set_cal,2024-04-04,0.03,NetworkPropagation2024,24.0,1.0043460748807962,19.600000000000005,24.800000000000004,9.599999999999998,,1.0
divvy,1,set_cal,2024-04-04,0.03,CalibratedUncertainty2025,24.0,0.9965661360767261,18.800000000000004,24.000000000000007,9.600000000000005,,1.0
divvy,1,set_cal,2024-04-04,0.03,MappedPTO2026,24.0,0.6912029840271741,18.000000000000007,23.200000000000006,9.599999999999998,,1.0
divvy,1,set_cal,2024-04-04,0.03,GroupAware2025,24.0,1.0473610168638336,21.20000000000001,27.60000000000001,11.200000000000003,,1.0
divvy,1,set_cal,2024-04-04,0.03,RobustImprovement2025,24.0,0.7624442602255536,20.40000000000001,26.800000000000008,11.199999999999996,,1.0
divvy,1,set_cal,2024-04-04,0.05,StructuralRobust,41.0,28.58949657165945,29.20000000000001,37.199999999999996,14.399999999999984,0.0,1.0
divvy,1,set_cal,2024-04-04,0.05,ExpectedActionValue,41.0,21.94170515191643,3.2,3.8,0.7999999999999998,,1.0
divvy,1,set_cal,2024-04-04,0.05,PointwiseWorstAction,41.0,21.94170515191643,3.2,3.8,0.7999999999999998,,1.0
divvy,1,set_cal,2024-04-04,0.05,ScenarioCVaR,41.0,21.94170515191643,3.2,3.8,0.7999999999999998,,1.0
divvy,1,set_cal,2024-04-04,0.05,RiskFirst,41.0,1.21739077014969,29.200000000000017,38.00000000000001,15.999999999999979,,1.0
divvy,1,set_cal,2024-04-04,0.05,TemporalContext2024,41.0,1.2149602560972097,28.400000000000013,36.400000000000006,14.399999999999977,,1.0
divvy,1,set_cal,2024-04-04,0.05,NetworkPropagation2024,41.0,1.21739077014969,27.600000000000012,35.6,14.39999999999998,,1.0
divvy,1,set_cal,2024-04-04,0.05,CalibratedUncertainty2025,41.0,1.2016885573351486,27.600000000000012,35.00000000000001,13.599999999999984,,1.0
divvy,1,set_cal,2024-04-04,0.05,MappedPTO2026,41.0,1.2716045841306929,29.200000000000017,38.000000000000014,15.999999999999993,,1.0
divvy,1,set_cal,2024-04-04,0.05,GroupAware2025,41.0,1.2425553413186754,28.800000000000015,36.800000000000004,14.39999999999998,,1.0
divvy,1,set_cal,2024-04-04,0.05,RobustImprovement2025,41.0,1.2149602560972095,29.200000000000017,37.2,14.399999999999984,,1.0
divvy,1,set_cal,2024-04-04,0.1,StructuralRobust,81.0,0.08104389332175496,35.60000000000001,46.2,18.399999999999984,0.0,1.0
divvy,1,set_cal,2024-04-04,0.1,ExpectedActionValue,81.0,28.815857796053162,7.999999999999999,9.799999999999999,2.4000000000000012,,1.0
divvy,1,set_cal,2024-04-04,0.1,PointwiseWorstAction,81.0,28.915056987891425,7.199999999999999,9.0,2.4000000000000004,,1.0
divvy,1,set_cal,2024-04-04,0.1,ScenarioCVaR,81.0,28.915056987891425,7.199999999999999,9.0,2.4000000000000004,,1.0
divvy,1,set_cal,2024-04-04,0.1,RiskFirst,81.0,2.068094446863151,36.8,48.0,19.19999999999999,,1.0
divvy,1,set_cal,2024-04-04,0.1,TemporalContext2024,81.0,2.0680944468631504,37.599999999999994,49.4,19.999999999999993,,1.0
divvy,1,set_cal,2024-04-04,0.1,NetworkPropagation2024,81.0,2.2225531632690547,36.0,47.199999999999996,19.19999999999999,,1.0
divvy,1,set_cal,2024-04-04,0.1,CalibratedUncertainty2025,81.0,2.1899014826946552,35.60000000000001,46.2,18.399999999999984,,1.0
divvy,1,set_cal,2024-04-04,0.1,MappedPTO2026,81.0,1.7920954451137734,36.00000000000001,46.6,18.39999999999999,,1.0
divvy,1,set_cal,2024-04-04,0.1,GroupAware2025,81.0,2.164413942844345,36.0,46.599999999999994,18.39999999999999,,1.0
divvy,1,set_cal,2024-04-04,0.1,RobustImprovement2025,81.0,2.7696114512524668,36.00000000000001,47.2,19.19999999999999,,1.0
divvy,1,set_cal,2024-04-04,0.2,StructuralRobust,163.0,0.08379599458717427,46.0,59.8,23.19999999999999,0.0,1.0
divvy,1,set_cal,2024-04-04,0.2,ExpectedActionValue,163.0,32.72944929250649,13.600000000000001,18.000000000000004,6.400000000000002,,1.0
divvy,1,set_cal,2024-04-04,0.2,PointwiseWorstAction,163.0,32.78983796751726,13.600000000000001,18.800000000000004,8.0,,1.0
divvy,1,set_cal,2024-04-04,0.2,ScenarioCVaR,163.0,32.78983796751726,13.600000000000001,18.800000000000004,8.0,,1.0
divvy,1,set_cal,2024-04-04,0.2,RiskFirst,163.0,6.123979090589469,43.99999999999999,58.4,24.000000000000007,,1.0
divvy,1,set_cal,2024-04-04,0.2,TemporalContext2024,163.0,7.872987185545231,45.59999999999998,58.79999999999999,22.39999999999999,,1.0
divvy,1,set_cal,2024-04-04,0.2,NetworkPropagation2024,163.0,5.511645631104315,40.79999999999999,53.99999999999999,22.4,,1.0
divvy,1,set_cal,2024-04-04,0.2,CalibratedUncertainty2025,163.0,4.849305661514698,47.599999999999994,62.0,23.999999999999986,,1.0
divvy,1,set_cal,2024-04-04,0.2,MappedPTO2026,163.0,7.978247087961728,43.19999999999999,57.0,23.200000000000003,,1.0
divvy,1,set_cal,2024-04-04,0.2,GroupAware2025,163.0,6.723653361973405,43.19999999999999,57.0,23.200000000000003,,1.0
divvy,1,set_cal,2024-04-04,0.2,RobustImprovement2025,163.0,5.86764558488104,40.8,54.0,22.4,,1.0
divvy,1,set_cal,2024-04-05,0.01,StructuralRobust,10.0,8.020158923549463,4.8,5.799999999999999,2.3999999999999995,0.0,1.0
divvy,1,set_cal,2024-04-05,0.01,ExpectedActionValue,10.0,9.996352305563086,0.8,0.8,0.0,,1.0
divvy,1,set_cal,2024-04-05,0.01,PointwiseWorstAction,10.0,10.567593693168346,0.8,0.8,0.0,,1.0
divvy,1,set_cal,2024-04-05,0.01,ScenarioCVaR,10.0,10.567593693168346,0.8,0.8,0.0,,1.0
divvy,1,set_cal,2024-04-05,0.01,RiskFirst,10.0,0.1334848249991597,4.8,6.6,4.000000000000001,,1.0
divvy,1,set_cal,2024-04-05,0.01,TemporalContext2024,10.0,0.1334848249991597,4.8,6.6,4.000000000000001,,1.0
divvy,1,set_cal,2024-04-05,0.01,NetworkPropagation2024,10.0,0.772534519768394,4.0,5.8,4.0,,1.0
divvy,1,set_cal,2024-04-05,0.01,CalibratedUncertainty2025,10.0,0.1286876352172644,5.6,8.2,5.600000000000001,,1.0
divvy,1,set_cal,2024-04-05,0.01,MappedPTO2026,10.0,0.15709868217787437,8.0,10.399999999999999,4.800000000000001,,1.0
divvy,1,set_cal,2024-04-05,0.01,GroupAware2025,10.0,0.1334848249991597,4.8,6.6,4.000000000000001,,1.0
divvy,1,set_cal,2024-04-05,0.01,RobustImprovement2025,10.0,0.1334848249991597,5.6,7.4,4.000000000000002,,1.0
divvy,1,set_cal,2024-04-05,0.03,StructuralRobust,30.0,9.168450610722548,15.600000000000005,18.800000000000004,6.400000000000002,0.0,1.0
divvy,1,set_cal,2024-04-05,0.03,ExpectedActionValue,30.0,22.365193527273483,1.6,1.6,0.0,,1.0
divvy,1,set_cal,2024-04-05,0.03,PointwiseWorstAction,30.0,22.845799166375937,2.4000000000000004,2.4000000000000004,0.0,,1.0
divvy,1,set_cal,2024-04-05,0.03,ScenarioCVaR,30.0,22.845799166375937,2.4000000000000004,2.4000000000000004,0.0,,1.0
divvy,1,set_cal,2024-04-05,0.03,RiskFirst,30.0,2.5722469106398242,13.2,16.400000000000002,6.400000000000006,,1.0
divvy,1,set_cal,2024-04-05,0.03,TemporalContext2024,30.0,2.572246910639824,14.800000000000002,18.000000000000004,6.400000000000004,,1.0
divvy,1,set_cal,2024-04-05,0.03,NetworkPropagation2024,30.0,2.5722469106398234,12.400000000000004,15.600000000000003,6.4,,1.0
divvy,1,set_cal,2024-04-05,0.03,CalibratedUncertainty2025,30.0,0.8913676542530645,15.600000000000001,20.200000000000003,8.800000000000004,,1.0
divvy,1,set_cal,2024-04-05,0.03,MappedPTO2026,30.0,2.572246910639824,13.200000000000003,16.400000000000002,6.400000000000002,,1.0
divvy,1,set_cal,2024-04-05,0.03,GroupAware2025,30.0,2.572246910639824,11.6,14.8,6.400000000000004,,1.0
divvy,1,set_cal,2024-04-05,0.03,RobustImprovement2025,30.0,1.616997064400491,14.8,18.000000000000004,6.400000000000006,,1.0
divvy,1,set_cal,2024-04-05,0.05,StructuralRobust,50.0,23.571254146995525,20.400000000000006,25.000000000000004,8.8,0.0,1.0
divvy,1,set_cal,2024-04-05,0.05,ExpectedActionValue,50.0,31.064146814742717,3.2,3.2,0.0,,1.0
divvy,1,set_cal,2024-04-05,0.05,PointwiseWorstAction,50.0,31.190782500947304,3.2,3.2,0.0,,1.0
divvy,1,set_cal,2024-04-05,0.05,ScenarioCVaR,50.0,31.190782500947304,3.2,3.2,0.0,,1.0
divvy,1,set_cal,2024-04-05,0.05,RiskFirst,50.0,2.711605636977693,21.200000000000003,25.800000000000008,8.800000000000008,,1.0
divvy,1,set_cal,2024-04-05,0.05,TemporalContext2024,50.0,2.915677807082028,21.200000000000006,25.800000000000008,8.800000000000004,,1.0
divvy,1,set_cal,2024-04-05,0.05,NetworkPropagation2024,50.0,3.440124033330231,19.600000000000005,22.800000000000008,6.400000000000006,,1.0
divvy,1,set_cal,2024-04-05,0.05,CalibratedUncertainty2025,50.0,2.1740678338774417,19.600000000000005,24.200000000000006,8.800000000000004,,1.0
divvy,1,set_cal,2024-04-05,0.05,MappedPTO2026,50.0,2.895521869828955,21.200000000000006,25.800000000000008,8.800000000000004,,1.0
divvy,1,set_cal,2024-04-05,0.05,GroupAware2025,50.0,2.7116056369776924,21.200000000000003,25.800000000000008,8.800000000000008,,1.0
divvy,1,set_cal,2024-04-05,0.05,RobustImprovement2025,50.0,2.8669654348507216,20.400000000000006,25.000000000000007,8.800000000000004,,1.0
divvy,1,set_cal,2024-04-05,0.1,StructuralRobust,99.0,0.05713819602827179,23.200000000000006,27.800000000000008,8.800000000000008,0.0,1.0
divvy,1,set_cal,2024-04-05,0.1,ExpectedActionValue,99.0,41.13852766260902,4.800000000000001,6.0,1.5999999999999996,,1.0
divvy,1,set_cal,2024-04-05,0.1,PointwiseWorstAction,99.0,41.172888484570706,4.800000000000001,6.0,1.5999999999999996,,1.0
divvy,1,set_cal,2024-04-05,0.1,ScenarioCVaR,99.0,41.172888484570706,4.800000000000001,6.0,1.5999999999999996,,1.0
divvy,1,set_cal,2024-04-05,0.1,RiskFirst,99.0,5.080074642239342,23.600000000000005,28.80000000000001,9.600000000000005,,1.0
divvy,1,set_cal,2024-04-05,0.1,TemporalContext2024,99.0,5.044389444861995,22.800000000000008,27.400000000000006,8.800000000000004,,1.0
divvy,1,set_cal,2024-04-05,0.1,NetworkPropagation2024,99.0,5.345673215586559,22.800000000000008,27.40000000000001,8.800000000000004,,1.0
divvy,1,set_cal,2024-04-05,0.1,CalibratedUncertainty2025,99.0,5.160397304219237,23.200000000000006,27.800000000000008,8.800000000000008,,1.0
divvy,1,set_cal,2024-04-05,0.1,MappedPTO2026,99.0,5.080074642239343,23.60000000000001,28.80000000000001,9.600000000000001,,1.0
divvy,1,set_cal,2024-04-05,0.1,GroupAware2025,99.0,4.973970006831982,24.400000000000006,29.600000000000012,9.600000000000009,,1.0
divvy,1,set_cal,2024-04-05,0.1,RobustImprovement2025,99.0,5.038477369186589,23.60000000000001,28.20000000000001,8.800000000000004,,1.0
divvy,1,set_cal,2024-04-05,0.2,StructuralRobust,199.0,0.05756177874254585,28.00000000000001,34.60000000000001,11.999999999999996,0.0,1.0
divvy,1,set_cal,2024-04-05,0.2,ExpectedActionValue,199.0,47.12318423755968,8.0,10.0,3.200000000000001,,1.0
divvy,1,set_cal,2024-04-05,0.2,PointwiseWorstAction,199.0,47.038745552049356,10.400000000000002,11.600000000000001,1.5999999999999996,,1.0
divvy,1,set_cal,2024-04-05,0.2,ScenarioCVaR,199.0,47.038745552049356,10.400000000000002,11.600000000000001,1.5999999999999996,,1.0
divvy,1,set_cal,2024-04-05,0.2,RiskFirst,199.0,8.61895138526206,28.000000000000007,33.800000000000004,10.399999999999991,,1.0
divvy,1,set_cal,2024-04-05,0.2,TemporalContext2024,199.0,8.873562272142525,29.600000000000012,34.8,9.59999999999999,,1.0
divvy,1,set_cal,2024-04-05,0.2,NetworkPropagation2024,199.0,8.855920698937707,25.20000000000001,30.400000000000013,9.600000000000001,,1.0
divvy,1,set_cal,2024-04-05,0.2,CalibratedUncertainty2025,199.0,10.59103885237261,40.8,48.599999999999994,13.599999999999994,,1.0
divvy,1,set_cal,2024-04-05,0.2,MappedPTO2026,199.0,7.90350131298666,28.400000000000013,34.2,10.399999999999984,,1.0
divvy,1,set_cal,2024-04-05,0.2,GroupAware2025,199.0,9.749234939874846,30.80000000000001,38.40000000000002,12.799999999999997,,1.0
divvy,1,set_cal,2024-04-05,0.2,RobustImprovement2025,199.0,7.4593595746604455,25.20000000000001,29.80000000000001,8.799999999999997,,1.0
divvy,1,set_cal,2024-04-06,0.01,StructuralRobust,10.0,6.301178702715436,4.0,5.199999999999999,1.5999999999999996,0.0,1.0
divvy,1,set_cal,2024-04-06,0.01,ExpectedActionValue,10.0,9.943050762741413,0.8,1.4,0.8,,1.0
divvy,1,set_cal,2024-04-06,0.01,PointwiseWorstAction,10.0,10.111288456944518,0.8,1.4,0.8,,1.0
divvy,1,set_cal,2024-04-06,0.01,ScenarioCVaR,10.0,10.111288456944518,0.8,1.4,0.8,,1.0
divvy,1,set_cal,2024-04-06,0.01,RiskFirst,10.0,0.8074134981100891,4.8,6.0,1.6000000000000005,,1.0
divvy,1,set_cal,2024-04-06,0.01,TemporalContext2024,10.0,0.875635058583573,4.8,5.3999999999999995,0.7999999999999998,,1.0
divvy,1,set_cal,2024-04-06,0.01,NetworkPropagation2024,10.0,0.9082722603878153,4.8,5.3999999999999995,0.7999999999999998,,1.0
divvy,1,set_cal,2024-04-06,0.01,CalibratedUncertainty2025,10.0,0.8359878131317504,4.800000000000001,5.4,0.7999999999999989,,1.0
divvy,1,set_cal,2024-04-06,0.01,MappedPTO2026,10.0,0.9019529175569487,4.0,4.6000000000000005,0.8000000000000007,,1.0
divvy,1,set_cal,2024-04-06,0.01,GroupAware2025,10.0,0.8400506999143313,4.0,5.199999999999999,1.5999999999999996,,1.0
divvy,1,set_cal,2024-04-06,0.01,RobustImprovement2025,10.0,0.8393324429196258,4.0,4.6000000000000005,0.7999999999999998,,1.0
divvy,1,set_cal,2024-04-06,0.03,StructuralRobust,29.0,6.622214301154693,12.8,16.4,4.800000000000001,0.0,1.0
divvy,1,set_cal,2024-04-06,0.03,ExpectedActionValue,29.0,19.76001385567888,3.2,3.8,0.7999999999999998,,1.0
divvy,1,set_cal,2024-04-06,0.03,PointwiseWorstAction,29.0,19.912427147247783,2.4000000000000004,3.0,0.7999999999999998,,1.0
divvy,1,set_cal,2024-04-06,0.03,ScenarioCVaR,29.0,19.912427147247783,2.4000000000000004,3.0,0.7999999999999998,,1.0
divvy,1,set_cal,2024-04-06,0.03,RiskFirst,29.0,2.1287122179482143,12.0,14.400000000000002,3.200000000000001,,1.0
divvy,1,set_cal,2024-04-06,0.03,TemporalContext2024,29.0,1.594293658151713,9.6,10.799999999999999,1.5999999999999996,,1.0
divvy,1,set_cal,2024-04-06,0.03,NetworkPropagation2024,29.0,1.1376245110901515,8.799999999999999,9.999999999999998,1.5999999999999996,,1.0
divvy,1,set_cal,2024-04-06,0.03,CalibratedUncertainty2025,29.0,2.0580026789581423,13.600000000000005,17.8,5.599999999999994,,1.0
divvy,1,set_cal,2024-04-06,0.03,MappedPTO2026,29.0,2.1287122179482143,11.200000000000001,13.000000000000002,2.400000000000002,,1.0
divvy,1,set_cal,2024-04-06,0.03,GroupAware2025,29.0,1.5249000571826834,12.0,13.799999999999999,2.4000000000000004,,1.0
divvy,1,set_cal,2024-04-06,0.03,RobustImprovement2025,29.0,1.536538957897962,10.4,11.600000000000001,1.6000000000000014,,1.0
divvy,1,set_cal,2024-04-06,0.05,StructuralRobust,48.0,16.847461857899127,20.000000000000004,25.800000000000008,8.800000000000004,0.0,1.0
divvy,1,set_cal,2024-04-06,0.05,ExpectedActionValue,48.0,25.27563185442437,4.0,5.199999999999999,1.5999999999999996,,1.0
divvy,1,set_cal,2024-04-06,0.05,PointwiseWorstAction,48.0,25.473386536503263,3.2,3.8,0.7999999999999998,,1.0
divvy,1,set_cal,2024-04-06,0.05,ScenarioCVaR,48.0,25.473386536503263,3.2,3.8,0.7999999999999998,,1.0
divvy,1,set_cal,2024-04-06,0.05,RiskFirst,48.0,2.5949049684126435,20.000000000000004,25.800000000000004,8.8,,1.0
divvy,1,set_cal,2024-04-06,0.05,TemporalContext2024,48.0,2.683286178938198,16.000000000000004,20.200000000000003,5.599999999999998,,1.0
divvy,1,set_cal,2024-04-06,0.05,NetworkPropagation2024,48.0,2.7169799744241843,12.000000000000002,14.400000000000002,3.1999999999999975,,1.0
divvy,1,set_cal,2024-04-06,0.05,CalibratedUncertainty2025,48.0,3.073567404983074,20.00000000000001,25.800000000000004,8.799999999999994,,1.0
divvy,1,set_cal,2024-04-06,0.05,MappedPTO2026,48.0,2.5949049684126435,20.000000000000004,25.800000000000008,8.800000000000004,,1.0
divvy,1,set_cal,2024-04-06,0.05,GroupAware2025,48.0,2.604252544457505,18.400000000000002,24.2,8.8,,1.0
divvy,1,set_cal,2024-04-06,0.05,RobustImprovement2025,48.0,2.612786452609516,18.400000000000002,24.200000000000003,8.800000000000004,,1.0
divvy,1,set_cal,2024-04-06,0.1,StructuralRobust,96.0,0.03298111886306745,27.200000000000017,35.000000000000014,11.999999999999986,0.0,1.0
divvy,1,set_cal,2024-04-06,0.1,ExpectedActionValue,96.0,32.377765732782095,6.3999999999999995,8.8,3.200000000000002,,1.0
divvy,1,set_cal,2024-04-06,0.1,PointwiseWorstAction,96.0,32.45523673451745,6.4,8.8,3.1999999999999993,,1.0
divvy,1,set_cal,2024-04-06,0.1,ScenarioCVaR,96.0,32.45523673451745,6.4,8.8,3.1999999999999993,,1.0
divvy,1,set_cal,2024-04-06,0.1,RiskFirst,96.0,4.345469056566058,24.000000000000007,30.4,9.599999999999994,,1.0
divvy,1,set_cal,2024-04-06,0.1,TemporalContext2024,96.0,3.4018830294253153,20.800000000000008,26.600000000000005,8.799999999999997,,1.0
divvy,1,set_cal,2024-04-06,0.1,NetworkPropagation2024,96.0,4.581563852646207,22.40000000000001,28.200000000000006,8.799999999999994,,1.0
divvy,1,set_cal,2024-04-06,0.1,CalibratedUncertainty2025,96.0,4.935824070023257,27.200000000000017,35.000000000000014,11.999999999999986,,1.0
divvy,1,set_cal,2024-04-06,0.1,MappedPTO2026,96.0,4.926851309606229,24.000000000000007,30.40000000000001,9.600000000000001,,1.0
divvy,1,set_cal,2024-04-06,0.1,GroupAware2025,96.0,5.114961009975111,22.400000000000006,28.200000000000006,8.8,,1.0
divvy,1,set_cal,2024-04-06,0.1,RobustImprovement2025,96.0,4.440739427410749,24.000000000000007,30.60000000000001,10.399999999999999,,1.0
divvy,1,set_cal,2024-04-06,0.2,StructuralRobust,192.0,0.03298111886306745,32.80000000000002,42.2,15.199999999999974,0.0,1.0
divvy,1,set_cal,2024-04-06,0.2,ExpectedActionValue,192.0,36.82598292618517,13.6,17.200000000000003,4.800000000000006,,1.0
divvy,1,set_cal,2024-04-06,0.2,PointwiseWorstAction,192.0,36.90457126511681,14.4,18.000000000000004,4.800000000000006,,1.0
divvy,1,set_cal,2024-04-06,0.2,ScenarioCVaR,192.0,36.90457126511681,14.4,18.000000000000004,4.800000000000006,,1.0
divvy,1,set_cal,2024-04-06,0.2,RiskFirst,192.0,8.462576574280494,28.80000000000001,35.2,9.599999999999987,,1.0
divvy,1,set_cal,2024-04-06,0.2,TemporalContext2024,192.0,7.200855478090727,27.200000000000014,35.6,12.799999999999986,,1.0
divvy,1,set_cal,2024-04-06,0.2,NetworkPropagation2024,192.0,8.074678193804855,24.80000000000001,31.200000000000003,9.599999999999987,,1.0
divvy,1,set_cal,2024-04-06,0.2,CalibratedUncertainty2025,192.0,8.84019958620444,45.6,55.99999999999999,15.999999999999986,,1.0
divvy,1,set_cal,2024-04-06,0.2,MappedPTO2026,192.0,7.982288262574439,35.20000000000001,42.8,11.199999999999989,,1.0
divvy,1,set_cal,2024-04-06,0.2,GroupAware2025,192.0,7.784513182993176,26.40000000000001,32.2,8.799999999999994,,1.0
divvy,1,set_cal,2024-04-06,0.2,RobustImprovement2025,192.0,6.499479851993337,31.20000000000001,39.199999999999996,12.799999999999983,,1.0
divvy,1,set_cal,2024-04-07,0.01,StructuralRobust,6.0,2.873638109977116,0.8,0.8,0.0,0.0,1.0
divvy,1,set_cal,2024-04-07,0.01,ExpectedActionValue,6.0,6.210085541160096,0.0,0.0,0.0,,1.0
divvy,1,set_cal,2024-04-07,0.01,PointwiseWorstAction,6.0,6.242674356348138,0.0,0.0,0.0,,1.0
divvy,1,set_cal,2024-04-07,0.01,ScenarioCVaR,6.0,6.242674356348138,0.0,0.0,0.0,,1.0
divvy,1,set_cal,2024-04-07,0.01,RiskFirst,6.0,0.0,0.8,0.8,0.0,,1.0
divvy,1,set_cal,2024-04-07,0.01,TemporalContext2024,6.0,0.0,0.8,0.8,0.0,,1.0
divvy,1,set_cal,2024-04-07,0.01,NetworkPropagation2024,6.0,0.0,0.0,0.0,0.0,,1.0
divvy,1,set_cal,2024-04-07,0.01,CalibratedUncertainty2025,6.0,0.49952779764504196,0.0,0.0,0.0,,1.0
divvy,1,set_cal,2024-04-07,0.01,MappedPTO2026,6.0,0.0,0.8,0.8,0.0,,1.0
divvy,1,set_cal,2024-04-07,0.01,GroupAware2025,6.0,0.0,0.8,0.8,0.0,,1.0
divvy,1,set_cal,2024-04-07,0.01,RobustImprovement2025,6.0,0.0,0.8,0.8,0.0,,1.0
divvy,1,set_cal,2024-04-07,0.03,StructuralRobust,19.0,3.015009681513392,2.4000000000000004,2.4000000000000004,0.0,0.0,1.0
divvy,1,set_cal,2024-04-07,0.03,ExpectedActionValue,19.0,13.9086062863697,0.4,0.4,0.0,,1.0
divvy,1,set_cal,2024-04-07,0.03,PointwiseWorstAction,19.0,13.968691990820805,0.4,0.4,0.0,,1.0
divvy,1,set_cal,2024-04-07,0.03,ScenarioCVaR,19.0,13.968691990820805,0.4,0.4,0.0,,1.0
divvy,1,set_cal,2024-04-07,0.03,RiskFirst,19.0,0.7056564206807846,2.4000000000000004,2.4000000000000004,0.0,,1.0
divvy,1,set_cal,2024-04-07,0.03,TemporalContext2024,19.0,0.6802575269617608,2.4000000000000004,2.4000000000000004,0.0,,1.0
divvy,1,set_cal,2024-04-07,0.03,NetworkPropagation2024,19.0,0.6927308197207867,0.8,0.8,0.0,,1.0
divvy,1,set_cal,2024-04-07,0.03,CalibratedUncertainty2025,19.0,1.031940198266257,0.8,0.8,0.0,,1.0
divvy,1,set_cal,2024-04-07,0.03,MappedPTO2026,19.0,0.6995658373945381,2.4000000000000004,2.4000000000000004,0.0,,1.0
divvy,1,set_cal,2024-04-07,0.03,GroupAware2025,19.0,0.7056564206807846,2.4000000000000004,2.4000000000000004,0.0,,1.0
divvy,1,set_cal,2024-04-07,0.03,RobustImprovement2025,19.0,0.7131341563526127,2.4000000000000004,2.4000000000000004,0.0,,1.0
divvy,1,set_cal,2024-04-07,0.05,StructuralRobust,31.0,7.190693388208491,2.4000000000000004,2.4000000000000004,0.0,0.0,1.0
divvy,1,set_cal,2024-04-07,0.05,ExpectedActionValue,31.0,19.006671855040047,0.4,0.4,0.0,,1.0
divvy,1,set_cal,2024-04-07,0.05,PointwiseWorstAction,31.0,19.00667185504005,0.4,0.4,0.0,,1.0
divvy,1,set_cal,2024-04-07,0.05,ScenarioCVaR,31.0,19.00667185504005,0.4,0.4,0.0,,1.0
divvy,1,set_cal,2024-04-07,0.05,RiskFirst,31.0,1.5388957370679572,2.4000000000000004,2.4000000000000004,0.0,,1.0
divvy,1,set_cal,2024-04-07,0.05,TemporalContext2024,31.0,1.8417649312373552,2.4000000000000004,2.4000000000000004,0.0,,1.0
divvy,1,set_cal,2024-04-07,0.05,NetworkPropagation2024,31.0,1.377200774944942,2.4000000000000004,2.4000000000000004,0.0,,1.0
divvy,1,set_cal,2024-04-07,0.05,CalibratedUncertainty2025,31.0,2.535157761874147,0.8,0.8,0.0,,1.0
divvy,1,set_cal,2024-04-07,0.05,MappedPTO2026,31.0,1.538895737067957,2.4000000000000004,2.4000000000000004,0.0,,1.0
divvy,1,set_cal,2024-04-07,0.05,GroupAware2025,31.0,0.7517261783054656,2.4000000000000004,2.4000000000000004,0.0,,1.0
divvy,1,set_cal,2024-04-07,0.05,RobustImprovement2025,31.0,1.3738856636370238,2.4000000000000004,2.4000000000000004,0.0,,1.0
divvy,1,set_cal,2024-04-07,0.1,StructuralRobust,63.0,0.012091350756822973,0.8,0.8,0.0,0.0,1.0
divvy,1,set_cal,2024-04-07,0.1,ExpectedActionValue,63.0,25.621649067924317,0.4,0.4,0.0,,1.0
divvy,1,set_cal,2024-04-07,0.1,PointwiseWorstAction,63.0,25.621917014294908,0.4,0.4,0.0,,1.0
divvy,1,set_cal,2024-04-07,0.1,ScenarioCVaR,63.0,25.621917014294908,0.4,0.4,0.0,,1.0
divvy,1,set_cal,2024-04-07,0.1,RiskFirst,63.0,2.34669402273321,4.0,4.6000000000000005,0.8000000000000007,,1.0
divvy,1,set_cal,2024-04-07,0.1,TemporalContext2024,63.0,3.163046094175725,2.4000000000000004,2.4000000000000004,0.0,,1.0
divvy,1,set_cal,2024-04-07,0.1,NetworkPropagation2024,63.0,2.059804484587964,2.4000000000000004,2.4000000000000004,0.0,,1.0
divvy,1,set_cal,2024-04-07,0.1,CalibratedUncertainty2025,63.0,4.3134768386098905,0.8,0.8,0.0,,1.0
divvy,1,set_cal,2024-04-07,0.1,MappedPTO2026,63.0,2.9496471994621607,4.8,5.4,0.8000000000000007,,1.0
divvy,1,set_cal,2024-04-07,0.1,GroupAware2025,63.0,2.862964348015456,4.0,4.6000000000000005,0.8000000000000007,,1.0
divvy,1,set_cal,2024-04-07,0.1,RobustImprovement2025,63.0,3.3907837766043616,2.4000000000000004,2.4000000000000004,0.0,,1.0
divvy,1,set_cal,2024-04-07,0.2,StructuralRobust,125.0,0.012091350756822973,3.2,3.8,0.7999999999999998,0.0,1.0
divvy,1,set_cal,2024-04-07,0.2,ExpectedActionValue,125.0,28.876878215541677,0.4,0.4,0.0,,1.0
divvy,1,set_cal,2024-04-07,0.2,PointwiseWorstAction,125.0,28.864302037382743,0.4,0.4,0.0,,1.0
divvy,1,set_cal,2024-04-07,0.2,ScenarioCVaR,125.0,28.864302037382743,0.4,0.4,0.0,,1.0
divvy,1,set_cal,2024-04-07,0.2,RiskFirst,125.0,3.928872151605962,5.6,7.4,2.4000000000000004,,1.0
divvy,1,set_cal,2024-04-07,0.2,TemporalContext2024,125.0,5.5103370760791055,4.0,4.6000000000000005,0.8000000000000007,,1.0
divvy,1,set_cal,2024-04-07,0.2,NetworkPropagation2024,125.0,4.254960020636877,4.0,4.6000000000000005,0.8000000000000007,,1.0
divvy,1,set_cal,2024-04-07,0.2,CalibratedUncertainty2025,125.0,7.124861173271103,1.6,1.6,0.0,,1.0
divvy,1,set_cal,2024-04-07,0.2,MappedPTO2026,125.0,5.0561984636312065,6.4,8.2,2.4000000000000004,,1.0
divvy,1,set_cal,2024-04-07,0.2,GroupAware2025,125.0,4.496813243085995,5.6,7.4,2.4000000000000004,,1.0
divvy,1,set_cal,2024-04-07,0.2,RobustImprovement2025,125.0,6.241908514754015,2.4000000000000004,2.4000000000000004,0.0,,1.0
divvy,1,set_cal,2024-04-08,0.01,StructuralRobust,11.0,10.559848452222473,6.3999999999999995,8.6,4.000000000000001,0.0,1.0
divvy,1,set_cal,2024-04-08,0.01,ExpectedActionValue,11.0,10.108032443840262,1.6,1.6,0.0,,1.0
divvy,1,set_cal,2024-04-08,0.01,PointwiseWorstAction,11.0,10.258161758757677,1.6,1.6,0.0,,1.0
divvy,1,set_cal,2024-04-08,0.01,ScenarioCVaR,11.0,10.258161758757677,1.6,1.6,0.0,,1.0
divvy,1,set_cal,2024-04-08,0.01,RiskFirst,11.0,1.188560498291304,7.2,10.2,5.6000000000000005,,1.0
divvy,1,set_cal,2024-04-08,0.01,TemporalContext2024,11.0,1.1885604982913043,7.2,10.2,5.6000000000000005,,1.0
divvy,1,set_cal,2024-04-08,0.01,NetworkPropagation2024,11.0,1.188560498291304,6.4,8.6,4.0,,1.0
divvy,1,set_cal,2024-04-08,0.01,CalibratedUncertainty2025,11.0,1.188560498291304,7.199999999999999,10.2,5.600000000000001,,1.0
divvy,1,set_cal,2024-04-08,0.01,MappedPTO2026,11.0,1.188560498291304,7.2,10.2,5.599999999999999,,1.0
divvy,1,set_cal,2024-04-08,0.01,GroupAware2025,11.0,1.188560498291304,7.2,10.2,5.6000000000000005,,1.0
divvy,1,set_cal,2024-04-08,0.01,RobustImprovement2025,11.0,1.1977157745895397,7.199999999999999,9.4,4.000000000000002,,1.0
divvy,1,set_cal,2024-04-08,0.03,StructuralRobust,32.0,11.102731602158812,14.800000000000004,18.400000000000002,6.399999999999999,0.0,1.0
divvy,1,set_cal,2024-04-08,0.03,ExpectedActionValue,32.0,22.08089363857373,4.0,5.199999999999999,1.5999999999999996,,1.0
divvy,1,set_cal,2024-04-08,0.03,PointwiseWorstAction,32.0,22.58599462154091,3.2,3.8,0.7999999999999998,,1.0
divvy,1,set_cal,2024-04-08,0.03,ScenarioCVaR,32.0,22.58599462154091,3.2,3.8,0.7999999999999998,,1.0
divvy,1,set_cal,2024-04-08,0.03,RiskFirst,32.0,1.9388024563343997,14.800000000000006,19.800000000000008,8.800000000000002,,1.0
divvy,1,set_cal,2024-04-08,0.03,TemporalContext2024,32.0,1.9136378851654143,14.800000000000006,19.800000000000008,8.800000000000002,,1.0
divvy,1,set_cal,2024-04-08,0.03,NetworkPropagation2024,32.0,1.9348054247389825,14.000000000000005,18.200000000000006,7.200000000000001,,1.0
divvy,1,set_cal,2024-04-08,0.03,CalibratedUncertainty2025,32.0,2.470746009248631,14.000000000000002,18.400000000000006,8.000000000000005,,1.0
divvy,1,set_cal,2024-04-08,0.03,MappedPTO2026,32.0,1.9388024563343997,14.800000000000006,19.800000000000004,8.799999999999999,,1.0
divvy,1,set_cal,2024-04-08,0.03,GroupAware2025,32.0,2.6758984278038924,16.400000000000006,21.400000000000013,8.800000000000004,,1.0
divvy,1,set_cal,2024-04-08,0.03,RobustImprovement2025,32.0,2.6507338566349072,16.400000000000002,21.400000000000006,8.800000000000004,,1.0
divvy,1,set_cal,2024-04-08,0.05,StructuralRobust,54.0,29.299393751109577,17.200000000000006,22.200000000000006,8.800000000000004,0.0,1.0
divvy,1,set_cal,2024-04-08,0.05,ExpectedActionValue,54.0,31.41108656362736,5.6,6.8,1.5999999999999996,,1.0
divvy,1,set_cal,2024-04-08,0.05,PointwiseWorstAction,54.0,31.64523726119635,5.6,6.8,1.5999999999999996,,1.0
divvy,1,set_cal,2024-04-08,0.05,ScenarioCVaR,54.0,31.64523726119635,5.6,6.8,1.5999999999999996,,1.0
divvy,1,set_cal,2024-04-08,0.05,RiskFirst,54.0,3.9129394829763102,18.800000000000008,24.400000000000013,9.600000000000005,,1.0
divvy,1,set_cal,2024-04-08,0.05,TemporalContext2024,54.0,3.8370943428294777,19.60000000000001,25.200000000000014,9.600000000000005,,1.0
divvy,1,set_cal,2024-04-08,0.05,NetworkPropagation2024,54.0,4.060303462690126,18.000000000000007,23.600000000000012,9.600000000000005,,1.0
divvy,1,set_cal,2024-04-08,0.05,CalibratedUncertainty2025,54.0,3.635026287016135,21.200000000000006,27.400000000000013,10.40000000000001,,1.0
divvy,1,set_cal,2024-04-08,0.05,MappedPTO2026,54.0,4.1900857984487985,19.60000000000001,25.20000000000001,9.600000000000001,,1.0
divvy,1,set_cal,2024-04-08,0.05,GroupAware2025,54.0,4.247445935795524,19.60000000000001,25.200000000000014,9.600000000000005,,1.0
divvy,1,set_cal,2024-04-08,0.05,RobustImprovement2025,54.0,3.857515901454485,20.400000000000006,26.00000000000001,9.600000000000005,,1.0
divvy,1,set_cal,2024-04-08,0.1,StructuralRobust,107.0,0.0816859680729664,32.40000000000001,41.2,14.399999999999984,0.0,1.0
divvy,1,set_cal,2024-04-08,0.1,ExpectedActionValue,107.0,41.82433410159869,10.4,11.600000000000001,1.6000000000000014,,1.0
divvy,1,set_cal,2024-04-08,0.1,PointwiseWorstAction,107.0,41.88238985273742,10.4,11.600000000000001,1.6000000000000014,,1.0
divvy,1,set_cal,2024-04-08,0.1,ScenarioCVaR,107.0,41.88238985273742,10.4,11.600000000000001,1.6000000000000014,,1.0
divvy,1,set_cal,2024-04-08,0.1,RiskFirst,107.0,6.829568344684418,31.60000000000002,39.80000000000001,13.599999999999984,,1.0
divvy,1,set_cal,2024-04-08,0.1,TemporalContext2024,107.0,6.858285311889731,31.60000000000002,39.800000000000004,13.599999999999977,,1.0
divvy,1,set_cal,2024-04-08,0.1,NetworkPropagation2024,107.0,7.161758742741607,30.000000000000018,38.20000000000001,13.599999999999984,,1.0
divvy,1,set_cal,2024-04-08,0.1,CalibratedUncertainty2025,107.0,6.967625279300448,32.40000000000001,41.2,14.399999999999984,,1.0
divvy,1,set_cal,2024-04-08,0.1,MappedPTO2026,107.0,6.7959065755712125,30.80000000000002,39.00000000000001,13.599999999999987,,1.0
divvy,1,set_cal,2024-04-08,0.1,GroupAware2025,107.0,7.014407402078414,30.80000000000002,39.000000000000014,13.59999999999998,,1.0
divvy,1,set_cal,2024-04-08,0.1,RobustImprovement2025,107.0,7.5043057041774865,30.800000000000015,39.000000000000014,13.59999999999999,,1.0
divvy,1,set_cal,2024-04-08,0.2,StructuralRobust,215.0,0.08287166946883066,53.99999999999998,68.09999999999997,23.599999999999987,0.0,1.0
divvy,1,set_cal,2024-04-08,0.2,ExpectedActionValue,215.0,47.85731291060623,21.200000000000006,26.200000000000003,8.8,,1.0
divvy,1,set_cal,2024-04-08,0.2,PointwiseWorstAction,215.0,47.789490729747044,22.800000000000008,29.000000000000007,10.399999999999995,,1.0
divvy,1,set_cal,2024-04-08,0.2,ScenarioCVaR,215.0,47.789490729747044,22.800000000000008,29.000000000000007,10.399999999999995,,1.0
divvy,1,set_cal,2024-04-08,0.2,RiskFirst,215.0,12.610464197364758,48.800000000000004,62.89999999999999,23.599999999999973,,1.0
divvy,1,set_cal,2024-04-08,0.2,TemporalContext2024,215.0,14.224011338056561,50.4,64.9,23.599999999999987,,1.0
divvy,1,set_cal,2024-04-08,0.2,NetworkPropagation2024,215.0,12.02873593784676,43.2,57.0,23.19999999999999,,1.0
divvy,1,set_cal,2024-04-08,0.2,CalibratedUncertainty2025,215.0,12.27926490238786,59.999999999999964,73.89999999999996,22.800000000000004,,1.0
divvy,1,set_cal,2024-04-08,0.2,MappedPTO2026,215.0,12.070992807224043,46.4,60.59999999999998,24.799999999999976,,1.0
divvy,1,set_cal,2024-04-08,0.2,GroupAware2025,215.0,12.181358270032105,42.800000000000004,53.599999999999994,17.59999999999998,,1.0
divvy,1,set_cal,2024-04-08,0.2,RobustImprovement2025,215.0,12.000201943990593,40.400000000000006,53.00000000000001,21.599999999999994,,1.0
divvy,1,set_cal,2024-04-09,0.01,StructuralRobust,11.0,11.786163735043825,8.8,13.400000000000002,8.800000000000004,0.0,1.0
divvy,1,set_cal,2024-04-09,0.01,ExpectedActionValue,11.0,10.313332901664948,0.0,0.0,0.0,,1.0
divvy,1,set_cal,2024-04-09,0.01,PointwiseWorstAction,11.0,10.620847548175687,0.0,0.0,0.0,,1.0
divvy,1,set_cal,2024-04-09,0.01,ScenarioCVaR,11.0,10.620847548175687,0.0,0.0,0.0,,1.0
divvy,1,set_cal,2024-04-09,0.01,RiskFirst,11.0,0.26225852862699073,9.600000000000001,15.200000000000003,11.2,,1.0
divvy,1,set_cal,2024-04-09,0.01,TemporalContext2024,11.0,0.26225852862699073,9.600000000000001,15.200000000000003,11.200000000000003,,1.0
divvy,1,set_cal,2024-04-09,0.01,NetworkPropagation2024,11.0,0.24144507394622708,10.399999999999999,17.000000000000004,13.600000000000005,,1.0
divvy,1,set_cal,2024-04-09,0.01,CalibratedUncertainty2025,11.0,0.2629251908962587,7.999999999999999,11.8,7.200000000000004,,1.0
divvy,1,set_cal,2024-04-09,0.01,MappedPTO2026,11.0,0.2622585286269908,9.6,15.200000000000001,11.200000000000005,,1.0
divvy,1,set_cal,2024-04-09,0.01,GroupAware2025,11.0,0.26225852862699073,9.600000000000001,15.200000000000003,11.2,,1.0
divvy,1,set_cal,2024-04-09,0.01,RobustImprovement2025,11.0,0.24144507394622705,10.4,17.0,13.600000000000007,,1.0
divvy,1,set_cal,2024-04-09,0.03,StructuralRobust,34.0,13.86672193755547,24.000000000000007,36.9,23.599999999999987,0.0,1.0
divvy,1,set_cal,2024-04-09,0.03,ExpectedActionValue,34.0,22.56242877180827,1.6,1.6,0.0,,1.0
divvy,1,set_cal,2024-04-09,0.03,PointwiseWorstAction,34.0,22.708551799555703,3.2,3.2,0.0,,1.0
divvy,1,set_cal,2024-04-09,0.03,ScenarioCVaR,34.0,22.708551799555703,3.2,3.2,0.0,,1.0
divvy,1,set_cal,2024-04-09,0.03,RiskFirst,34.0,0.9668767115235808,22.40000000000001,34.400000000000006,22.399999999999988,,1.0
divvy,1,set_cal,2024-04-09,0.03,TemporalContext2024,34.0,1.9910198244661643,20.000000000000007,30.000000000000007,19.19999999999999,,1.0
divvy,1,set_cal,2024-04-09,0.03,NetworkPropagation2024,34.0,2.06576822045818,20.800000000000004,31.60000000000001,20.79999999999999,,1.0
divvy,1,set_cal,2024-04-09,0.03,CalibratedUncertainty2025,34.0,0.8592415789488781,24.000000000000007,36.60000000000001,23.19999999999999,,1.0
divvy,1,set_cal,2024-04-09,0.03,MappedPTO2026,34.0,1.6583385018917665,21.600000000000005,33.60000000000001,22.399999999999995,,1.0
divvy,1,set_cal,2024-04-09,0.03,GroupAware2025,34.0,2.0537887125075667,22.40000000000001,34.4,22.39999999999998,,1.0
divvy,1,set_cal,2024-04-09,0.03,RobustImprovement2025,34.0,0.8484717668664907,24.00000000000001,36.60000000000001,23.199999999999992,,1.0
divvy,1,set_cal,2024-04-09,0.05,StructuralRobust,56.0,37.491039174352565,37.6,56.099999999999994,33.19999999999997,0.0,1.0
divvy,1,set_cal,2024-04-09,0.05,ExpectedActionValue,56.0,28.932643702684153,7.2,7.2,0.0,,1.0
divvy,1,set_cal,2024-04-09,0.05,PointwiseWorstAction,56.0,29.14203892054928,7.2,7.2,0.0,,1.0
divvy,1,set_cal,2024-04-09,0.05,ScenarioCVaR,56.0,29.14203892054928,7.2,7.2,0.0,,1.0
divvy,1,set_cal,2024-04-09,0.05,RiskFirst,56.0,2.189912661122884,36.00000000000001,54.7,33.99999999999998,,1.0
divvy,1,set_cal,2024-04-09,0.05,TemporalContext2024,56.0,2.2559728896056592,37.6,57.099999999999994,35.59999999999996,,1.0
divvy,1,set_cal,2024-04-09,0.05,NetworkPropagation2024,56.0,2.889340990145165,34.40000000000001,51.7,31.599999999999973,,1.0
divvy,1,set_cal,2024-04-09,0.05,CalibratedUncertainty2025,56.0,2.4222878369513707,38.400000000000006,56.3,32.39999999999996,,1.0
divvy,1,set_cal,2024-04-09,0.05,MappedPTO2026,56.0,2.1949355450494186,37.60000000000001,56.099999999999994,33.199999999999974,,1.0
divvy,1,set_cal,2024-04-09,0.05,GroupAware2025,56.0,2.2053093214263333,36.800000000000004,55.499999999999986,33.999999999999964,,1.0
divvy,1,set_cal,2024-04-09,0.05,RobustImprovement2025,56.0,2.2053093214263337,36.800000000000004,55.3,33.19999999999997,,1.0
divvy,1,set_cal,2024-04-09,0.1,StructuralRobust,112.0,0.10155865749931606,63.99999999999997,90.29999999999997,45.19999999999996,0.0,1.0
divvy,1,set_cal,2024-04-09,0.1,ExpectedActionValue,112.0,36.6886649653556,12.8,14.400000000000002,3.200000000000003,,1.0
divvy,1,set_cal,2024-04-09,0.1,PointwiseWorstAction,112.0,36.76951263827634,13.600000000000001,15.200000000000003,3.1999999999999993,,1.0
divvy,1,set_cal,2024-04-09,0.1,ScenarioCVaR,112.0,36.76951263827634,13.600000000000001,15.200000000000003,3.1999999999999993,,1.0
divvy,1,set_cal,2024-04-09,0.1,RiskFirst,112.0,5.606536469718319,58.39999999999998,83.69999999999996,44.39999999999998,,1.0
divvy,1,set_cal,2024-04-09,0.1,TemporalContext2024,112.0,5.203516422425937,59.99999999999997,86.49999999999997,45.99999999999997,,1.0
divvy,1,set_cal,2024-04-09,0.1,NetworkPropagation2024,112.0,6.111157943689062,59.99999999999998,86.09999999999997,45.99999999999998,,1.0
divvy,1,set_cal,2024-04-09,0.1,CalibratedUncertainty2025,112.0,3.984876197319459,63.99999999999997,90.29999999999997,45.19999999999996,,1.0
divvy,1,set_cal,2024-04-09,0.1,MappedPTO2026,112.0,5.60653646971832,57.59999999999998,82.09999999999997,42.79999999999997,,1.0
divvy,1,set_cal,2024-04-09,0.1,GroupAware2025,112.0,5.53344162066919,59.999999999999986,85.89999999999996,45.19999999999996,,1.0
divvy,1,set_cal,2024-04-09,0.1,RobustImprovement2025,112.0,5.201371965414794,58.39999999999998,84.29999999999997,45.199999999999974,,1.0
divvy,1,set_cal,2024-04-09,0.2,StructuralRobust,224.0,0.10672170513841156,92.7999999999999,127.59999999999994,60.000000000000085,0.0,1.0
divvy,1,set_cal,2024-04-09,0.2,ExpectedActionValue,224.0,41.72431365897149,33.600000000000016,41.80000000000001,13.599999999999994,,1.0
divvy,1,set_cal,2024-04-09,0.2,PointwiseWorstAction,224.0,41.726136007499804,36.000000000000014,44.20000000000001,13.599999999999987,,1.0
divvy,1,set_cal,2024-04-09,0.2,ScenarioCVaR,224.0,41.726136007499804,36.000000000000014,44.20000000000001,13.599999999999987,,1.0
divvy,1,set_cal,2024-04-09,0.2,RiskFirst,224.0,10.609884791216603,84.39999999999999,116.69999999999996,57.199999999999946,,1.0
divvy,1,set_cal,2024-04-09,0.2,TemporalContext2024,224.0,8.430576152652247,85.99999999999994,121.69999999999996,62.80000000000004,,1.0
divvy,1,set_cal,2024-04-09,0.2,NetworkPropagation2024,224.0,10.816748226176328,79.19999999999996,110.79999999999994,55.99999999999997,,1.0
divvy,1,set_cal,2024-04-09,0.2,CalibratedUncertainty2025,224.0,8.6585893446694,98.39999999999989,135.79999999999995,64.00000000000009,,1.0
divvy,1,set_cal,2024-04-09,0.2,MappedPTO2026,224.0,9.311304047612126,85.59999999999998,117.39999999999995,55.199999999999974,,1.0
divvy,1,set_cal,2024-04-09,0.2,GroupAware2025,224.0,10.83362225059909,79.99999999999999,111.39999999999995,55.199999999999974,,1.0
divvy,1,set_cal,2024-04-09,0.2,RobustImprovement2025,224.0,8.84256862938648,75.19999999999996,105.69999999999996,54.0,,1.0
divvy,1,set_cal,2024-04-10,0.01,StructuralRobust,11.0,16.937306398442157,16.0,25.200000000000003,17.6,0.0,1.0
divvy,1,set_cal,2024-04-10,0.01,ExpectedActionValue,11.0,14.41370043941883,2.4000000000000004,3.0,0.7999999999999998,,1.0
divvy,1,set_cal,2024-04-10,0.01,PointwiseWorstAction,11.0,14.639030531840449,2.4000000000000004,3.0,0.7999999999999998,,1.0
divvy,1,set_cal,2024-04-10,0.01,ScenarioCVaR,11.0,14.639030531840449,2.4000000000000004,3.0,0.7999999999999998,,1.0
divvy,1,set_cal,2024-04-10,0.01,RiskFirst,11.0,0.3482930013940753,16.8,26.799999999999997,19.199999999999992,,1.0
divvy,1,set_cal,2024-04-10,0.01,TemporalContext2024,11.0,0.3482930013940753,16.8,26.799999999999997,19.199999999999992,,1.0
divvy,1,set_cal,2024-04-10,0.01,NetworkPropagation2024,11.0,0.3476324178399004,16.8,27.6,20.8,,1.0
divvy,1,set_cal,2024-04-10,0.01,CalibratedUncertainty2025,11.0,0.17733919653908942,15.200000000000001,23.6,15.999999999999998,,1.0
divvy,1,set_cal,2024-04-10,0.01,MappedPTO2026,11.0,0.3482930013940754,15.200000000000001,23.6,16.0,,1.0
divvy,1,set_cal,2024-04-10,0.01,GroupAware2025,11.0,0.3482930013940753,16.8,26.799999999999997,19.199999999999992,,1.0
divvy,1,set_cal,2024-04-10,0.01,RobustImprovement2025,11.0,0.3482930013940753,16.8,26.8,19.2,,1.0
divvy,1,set_cal,2024-04-10,0.03,StructuralRobust,34.0,18.08216719147508,32.000000000000014,50.8,35.19999999999999,0.0,1.0
divvy,1,set_cal,2024-04-10,0.03,ExpectedActionValue,34.0,28.341846561780457,4.8,7.4,4.000000000000001,,1.0
divvy,1,set_cal,2024-04-10,0.03,PointwiseWorstAction,34.0,28.70155561308419,4.8,7.4,4.000000000000001,,1.0
divvy,1,set_cal,2024-04-10,0.03,ScenarioCVaR,34.0,28.70155561308419,4.8,7.4,4.000000000000001,,1.0
divvy,1,set_cal,2024-04-10,0.03,RiskFirst,34.0,1.3785262114231898,32.80000000000001,51.99999999999999,35.19999999999996,,1.0
divvy,1,set_cal,2024-04-10,0.03,TemporalContext2024,34.0,1.3785890356510644,32.000000000000014,51.2,35.199999999999974,,1.0
divvy,1,set_cal,2024-04-10,0.03,NetworkPropagation2024,34.0,1.9517122322649234,32.000000000000014,51.2,35.199999999999974,,1.0
divvy,1,set_cal,2024-04-10,0.03,CalibratedUncertainty2025,34.0,1.5913111036173548,31.200000000000014,48.800000000000004,31.999999999999975,,1.0
divvy,1,set_cal,2024-04-10,0.03,MappedPTO2026,34.0,1.3546384183014757,33.600000000000016,54.4,38.399999999999956,,1.0
divvy,1,set_cal,2024-04-10,0.03,GroupAware2025,34.0,1.3785262114231898,32.80000000000001,52.0,35.199999999999974,,1.0
divvy,1,set_cal,2024-04-10,0.03,RobustImprovement2025,34.0,1.3448241626457331,34.40000000000001,54.2,35.99999999999998,,1.0
divvy,1,set_cal,2024-04-10,0.05,StructuralRobust,57.0,48.01710189207318,46.40000000000001,71.40000000000002,44.00000000000001,0.0,1.0
divvy,1,set_cal,2024-04-10,0.05,ExpectedActionValue,57.0,36.622218169249486,6.3999999999999995,9.0,4.000000000000003,,1.0
divvy,1,set_cal,2024-04-10,0.05,PointwiseWorstAction,57.0,36.78115661243223,6.3999999999999995,9.0,4.000000000000003,,1.0
divvy,1,set_cal,2024-04-10,0.05,ScenarioCVaR,57.0,36.78115661243223,6.3999999999999995,9.0,4.000000000000003,,1.0
divvy,1,set_cal,2024-04-10,0.05,RiskFirst,57.0,3.1701864505014723,43.199999999999996,66.39999999999998,41.59999999999993,,1.0
divvy,1,set_cal,2024-04-10,0.05,TemporalContext2024,57.0,4.753327918202559,44.0,66.59999999999998,40.79999999999994,,1.0
divvy,1,set_cal,2024-04-10,0.05,NetworkPropagation2024,57.0,4.733454728988473,43.199999999999996,66.39999999999999,41.599999999999945,,1.0
divvy,1,set_cal,2024-04-10,0.05,CalibratedUncertainty2025,57.0,4.289317680909915,43.2,65.79999999999998,40.79999999999994,,1.0
divvy,1,set_cal,2024-04-10,0.05,MappedPTO2026,57.0,4.753327918202558,41.6,64.19999999999997,40.79999999999993,,1.0
divvy,1,set_cal,2024-04-10,0.05,GroupAware2025,57.0,3.170186450501472,43.199999999999996,66.39999999999998,41.599999999999945,,1.0
divvy,1,set_cal,2024-04-10,0.05,RobustImprovement2025,57.0,3.160404008641612,45.60000000000001,69.99999999999999,43.199999999999946,,1.0
divvy,1,set_cal,2024-04-10,0.1,StructuralRobust,113.0,0.148687659457941,61.59999999999998,90.49999999999994,51.59999999999991,0.0,1.0
divvy,1,set_cal,2024-04-10,0.1,ExpectedActionValue,113.0,45.887911020175316,13.600000000000003,18.500000000000007,8.400000000000004,,1.0
divvy,1,set_cal,2024-04-10,0.1,PointwiseWorstAction,113.0,45.998610843236804,13.600000000000003,18.500000000000004,8.4,,1.0
divvy,1,set_cal,2024-04-10,0.1,ScenarioCVaR,113.0,45.998610843236804,13.600000000000003,18.500000000000004,8.4,,1.0
divvy,1,set_cal,2024-04-10,0.1,RiskFirst,113.0,6.33916496692229,59.19999999999998,86.49999999999994,48.3999999999999,,1.0
divvy,1,set_cal,2024-04-10,0.1,TemporalContext2024,113.0,7.21764343230124,55.999999999999986,82.69999999999995,47.59999999999992,,1.0
divvy,1,set_cal,2024-04-10,0.1,NetworkPropagation2024,113.0,6.628875330578879,56.79999999999998,83.49999999999996,47.59999999999992,,1.0
divvy,1,set_cal,2024-04-10,0.1,CalibratedUncertainty2025,113.0,6.530535229238907,61.59999999999998,90.49999999999994,51.59999999999991,,1.0
divvy,1,set_cal,2024-04-10,0.1,MappedPTO2026,113.0,6.455565464611092,58.399999999999984,85.09999999999994,47.5999999999999,,1.0
divvy,1,set_cal,2024-04-10,0.1,GroupAware2025,113.0,6.356772590976291,58.399999999999984,85.69999999999995,48.39999999999991,,1.0
divvy,1,set_cal,2024-04-10,0.1,RobustImprovement2025,113.0,6.363211011217884,59.19999999999999,86.49999999999994,48.39999999999992,,1.0
divvy,1,set_cal,2024-04-10,0.2,StructuralRobust,227.0,0.15237863876719343,76.79999999999994,111.09999999999991,60.39999999999999,0.0,1.0
divvy,1,set_cal,2024-04-10,0.2,ExpectedActionValue,227.0,51.95588628150528,30.800000000000015,42.099999999999994,21.199999999999964,,1.0
divvy,1,set_cal,2024-04-10,0.2,PointwiseWorstAction,227.0,51.93265835281607,30.800000000000015,42.89999999999999,22.799999999999958,,1.0
divvy,1,set_cal,2024-04-10,0.2,ScenarioCVaR,227.0,51.93265835281607,30.800000000000015,42.89999999999999,22.799999999999958,,1.0
divvy,1,set_cal,2024-04-10,0.2,RiskFirst,227.0,14.613376600741464,75.99999999999994,107.49999999999991,55.59999999999994,,1.0
divvy,1,set_cal,2024-04-10,0.2,TemporalContext2024,227.0,15.302041608157502,74.39999999999995,106.69999999999993,57.19999999999993,,1.0
divvy,1,set_cal,2024-04-10,0.2,NetworkPropagation2024,227.0,14.91290568048526,73.59999999999994,104.49999999999991,54.799999999999955,,1.0
divvy,1,set_cal,2024-04-10,0.2,CalibratedUncertainty2025,227.0,12.252399335950251,91.99999999999991,128.09999999999997,62.800000000000125,,1.0
divvy,1,set_cal,2024-04-10,0.2,MappedPTO2026,227.0,13.355115356886987,77.19999999999996,108.69999999999992,55.59999999999994,,1.0
divvy,1,set_cal,2024-04-10,0.2,GroupAware2025,227.0,14.827346256377576,71.99999999999996,102.09999999999992,53.19999999999992,,1.0
divvy,1,set_cal,2024-04-10,0.2,RobustImprovement2025,227.0,13.678621590959878,71.19999999999996,102.69999999999992,55.59999999999994,,1.0
divvy,1,set_cal,2024-04-11,0.01,StructuralRobust,9.0,10.3187002954031,8.8,10.600000000000001,2.4000000000000004,0.0,1.0
divvy,1,set_cal,2024-04-11,0.01,ExpectedActionValue,9.0,11.638840712280256,1.6,1.6,0.0,,1.0
divvy,1,set_cal,2024-04-11,0.01,PointwiseWorstAction,9.0,11.655627146093522,1.6,1.6,0.0,,1.0
divvy,1,set_cal,2024-04-11,0.01,ScenarioCVaR,9.0,11.655627146093522,1.6,1.6,0.0,,1.0
divvy,1,set_cal,2024-04-11,0.01,RiskFirst,9.0,1.2161303462415627,8.0,10.0,3.1999999999999993,,1.0
divvy,1,set_cal,2024-04-11,0.01,TemporalContext2024,9.0,1.2161303462415627,8.0,10.0,3.1999999999999993,,1.0
divvy,1,set_cal,2024-04-11,0.01,NetworkPropagation2024,9.0,1.2161303462415627,8.0,10.0,3.1999999999999993,,1.0
divvy,1,set_cal,2024-04-11,0.01,CalibratedUncertainty2025,9.0,1.2161303462415627,8.0,9.200000000000001,1.5999999999999996,,1.0
divvy,1,set_cal,2024-04-11,0.01,MappedPTO2026,9.0,1.2161303462415627,8.0,10.0,3.1999999999999993,,1.0
divvy,1,set_cal,2024-04-11,0.01,GroupAware2025,9.0,1.2161303462415627,8.0,10.0,3.1999999999999993,,1.0
divvy,1,set_cal,2024-04-11,0.01,RobustImprovement2025,9.0,1.2161303462415627,7.999999999999999,10.0,3.2,,1.0
divvy,1,set_cal,2024-04-11,0.03,StructuralRobust,28.0,11.800300063300062,23.60000000000001,28.800000000000004,7.999999999999993,0.0,1.0
divvy,1,set_cal,2024-04-11,0.03,ExpectedActionValue,28.0,22.684342853528598,3.2,3.2,0.0,,1.0
divvy,1,set_cal,2024-04-11,0.03,PointwiseWorstAction,28.0,22.821007271689446,4.0,4.0,0.0,,1.0
divvy,1,set_cal,2024-04-11,0.03,ScenarioCVaR,28.0,22.821007271689446,4.0,4.0,0.0,,1.0
divvy,1,set_cal,2024-04-11,0.03,RiskFirst,28.0,1.2853968310253538,21.200000000000006,25.60000000000001,6.400000000000002,,1.0
divvy,1,set_cal,2024-04-11,0.03,TemporalContext2024,28.0,1.3071940442687489,21.200000000000006,25.600000000000005,6.400000000000002,,1.0
divvy,1,set_cal,2024-04-11,0.03,NetworkPropagation2024,28.0,1.2855950193271117,20.400000000000002,24.200000000000003,5.600000000000001,,1.0
divvy,1,set_cal,2024-04-11,0.03,CalibratedUncertainty2025,28.0,1.3467474105857589,22.000000000000007,27.200000000000006,8.000000000000004,,1.0
divvy,1,set_cal,2024-04-11,0.03,MappedPTO2026,28.0,1.333875161259652,20.000000000000007,23.800000000000004,5.599999999999994,,1.0
divvy,1,set_cal,2024-04-11,0.03,GroupAware2025,28.0,1.2950622611878404,22.000000000000004,27.20000000000001,8.000000000000004,,1.0
divvy,1,set_cal,2024-04-11,0.03,RobustImprovement2025,28.0,1.2950622611878404,22.000000000000007,27.200000000000003,7.999999999999993,,1.0
divvy,1,set_cal,2024-04-11,0.05,StructuralRobust,46.0,30.448142675885833,26.80000000000001,32.000000000000014,8.0,0.0,1.0
divvy,1,set_cal,2024-04-11,0.05,ExpectedActionValue,46.0,28.973630781407824,6.4,7.0,0.7999999999999998,,1.0
divvy,1,set_cal,2024-04-11,0.05,PointwiseWorstAction,46.0,29.306303870469886,7.2,7.8,0.7999999999999998,,1.0
divvy,1,set_cal,2024-04-11,0.05,ScenarioCVaR,46.0,29.306303870469886,7.2,7.8,0.7999999999999998,,1.0
divvy,1,set_cal,2024-04-11,0.05,RiskFirst,46.0,2.0311151633899196,29.200000000000014,35.2,9.599999999999977,,1.0
divvy,1,set_cal,2024-04-11,0.05,TemporalContext2024,46.0,2.0417026446656856,28.400000000000013,34.4,9.59999999999998,,1.0
divvy,1,set_cal,2024-04-11,0.05,NetworkPropagation2024,46.0,2.222563820603952,26.000000000000007,32.00000000000001,9.599999999999994,,1.0
divvy,1,set_cal,2024-04-11,0.05,CalibratedUncertainty2025,46.0,2.7950722907704844,30.80000000000001,36.0,7.999999999999986,,1.0
divvy,1,set_cal,2024-04-11,0.05,MappedPTO2026,46.0,1.9755330149384063,29.200000000000014,35.2,9.599999999999977,,1.0
divvy,1,set_cal,2024-04-11,0.05,GroupAware2025,46.0,2.2309627939588994,30.80000000000001,36.8,9.59999999999998,,1.0
divvy,1,set_cal,2024-04-11,0.05,RobustImprovement2025,46.0,2.2309627939588994,29.200000000000014,34.4,7.999999999999975,,1.0
divvy,1,set_cal,2024-04-11,0.1,StructuralRobust,92.0,0.096519850093546,41.2,48.399999999999984,11.199999999999982,0.0,1.0
divvy,1,set_cal,2024-04-11,0.1,ExpectedActionValue,92.0,36.87743696189821,11.200000000000003,11.8,0.7999999999999989,,1.0
divvy,1,set_cal,2024-04-11,0.1,PointwiseWorstAction,92.0,36.930538226914074,11.200000000000003,11.8,0.7999999999999989,,1.0
divvy,1,set_cal,2024-04-11,0.1,ScenarioCVaR,92.0,36.930538226914074,11.200000000000003,11.8,0.7999999999999989,,1.0
divvy,1,set_cal,2024-04-11,0.1,RiskFirst,92.0,5.806196449661239,41.20000000000001,47.8,10.39999999999997,,1.0
divvy,1,set_cal,2024-04-11,0.1,TemporalContext2024,92.0,7.719926864670433,42.80000000000001,50.999999999999986,13.599999999999973,,1.0
divvy,1,set_cal,2024-04-11,0.1,NetworkPropagation2024,92.0,5.0503758746167255,41.20000000000001,47.8,10.39999999999997,,1.0
divvy,1,set_cal,2024-04-11,0.1,CalibratedUncertainty2025,92.0,5.917153745919403,41.2,48.399999999999984,11.199999999999982,,1.0
divvy,1,set_cal,2024-04-11,0.1,MappedPTO2026,92.0,7.848611104257831,41.20000000000001,47.79999999999999,10.399999999999963,,1.0
divvy,1,set_cal,2024-04-11,0.1,GroupAware2025,92.0,5.83339864016626,41.2,48.39999999999999,11.199999999999982,,1.0
divvy,1,set_cal,2024-04-11,0.1,RobustImprovement2025,92.0,5.472333930153379,41.2,48.39999999999999,11.199999999999974,,1.0
divvy,1,set_cal,2024-04-11,0.2,StructuralRobust,183.0,0.09910625254096003,48.39999999999999,57.79999999999997,15.199999999999982,0.0,1.0
divvy,1,set_cal,2024-04-11,0.2,ExpectedActionValue,183.0,41.44582385210445,15.200000000000006,16.400000000000006,1.5999999999999979,,1.0
divvy,1,set_cal,2024-04-11,0.2,PointwiseWorstAction,183.0,41.39811307919769,16.000000000000007,17.800000000000004,2.3999999999999986,,1.0
divvy,1,set_cal,2024-04-11,0.2,ScenarioCVaR,183.0,41.39811307919769,16.000000000000007,17.800000000000004,2.3999999999999986,,1.0
divvy,1,set_cal,2024-04-11,0.2,RiskFirst,183.0,12.083651951923024,49.199999999999996,59.59999999999998,17.599999999999973,,1.0
divvy,1,set_cal,2024-04-11,0.2,TemporalContext2024,183.0,12.157246758065696,48.4,58.79999999999998,17.599999999999973,,1.0
divvy,1,set_cal,2024-04-11,0.2,NetworkPropagation2024,183.0,11.94220163608605,49.2,60.19999999999999,18.399999999999977,,1.0
divvy,1,set_cal,2024-04-11,0.2,CalibratedUncertainty2025,183.0,12.832167806215036,51.59999999999999,61.99999999999997,17.599999999999987,,1.0
divvy,1,set_cal,2024-04-11,0.2,MappedPTO2026,183.0,10.995366756132498,47.6,56.999999999999986,15.199999999999967,,1.0
divvy,1,set_cal,2024-04-11,0.2,GroupAware2025,183.0,11.205771429357913,44.4,53.199999999999996,14.399999999999984,,1.0
divvy,1,set_cal,2024-04-11,0.2,RobustImprovement2025,183.0,12.450715900589193,43.599999999999994,50.79999999999998,11.199999999999974,,1.0
divvy,1,set_cal,2024-04-12,0.01,StructuralRobust,10.0,8.419914578494922,9.6,14.8,11.200000000000005,0.0,1.0
divvy,1,set_cal,2024-04-12,0.01,ExpectedActionValue,10.0,12.10744964843849,0.8,0.8,0.0,,1.0
divvy,1,set_cal,2024-04-12,0.01,PointwiseWorstAction,10.0,12.420374410917056,0.8,0.8,0.0,,1.0
divvy,1,set_cal,2024-04-12,0.01,ScenarioCVaR,10.0,12.420374410917056,0.8,0.8,0.0,,1.0
divvy,1,set_cal,2024-04-12,0.01,RiskFirst,10.0,0.09916697272450382,10.4,16.200000000000003,12.000000000000005,,1.0
divvy,1,set_cal,2024-04-12,0.01,TemporalContext2024,10.0,0.09916697272450384,10.4,16.200000000000003,12.000000000000005,,1.0
divvy,1,set_cal,2024-04-12,0.01,NetworkPropagation2024,10.0,0.09916697272450382,10.4,16.200000000000003,12.000000000000005,,1.0
divvy,1,set_cal,2024-04-12,0.01,CalibratedUncertainty2025,10.0,0.5296253871553217,8.8,15.600000000000001,14.400000000000002,,1.0
divvy,1,set_cal,2024-04-12,0.01,MappedPTO2026,10.0,0.07029379155693302,11.200000000000001,17.800000000000004,13.600000000000003,,1.0
divvy,1,set_cal,2024-04-12,0.01,GroupAware2025,10.0,0.09916697272450382,10.4,16.200000000000003,12.000000000000005,,1.0
divvy,1,set_cal,2024-04-12,0.01,RobustImprovement2025,10.0,0.09916697272450384,10.4,16.200000000000003,12.000000000000002,,1.0
divvy,1,set_cal,2024-04-12,0.03,StructuralRobust,30.0,9.495579018476862,18.40000000000001,28.60000000000001,19.99999999999999,0.0,1.0
divvy,1,set_cal,2024-04-12,0.03,ExpectedActionValue,30.0,22.6362559992556,2.4000000000000004,2.4000000000000004,0.0,,1.0
divvy,1,set_cal,2024-04-12,0.03,PointwiseWorstAction,30.0,23.009891987385064,2.4000000000000004,2.4000000000000004,0.0,,1.0
divvy,1,set_cal,2024-04-12,0.03,ScenarioCVaR,30.0,23.009891987385064,2.4000000000000004,2.4000000000000004,0.0,,1.0
divvy,1,set_cal,2024-04-12,0.03,RiskFirst,30.0,0.8603285621911309,16.800000000000004,27.000000000000007,20.000000000000007,,1.0
divvy,1,set_cal,2024-04-12,0.03,TemporalContext2024,30.0,0.8932618583210169,16.800000000000004,27.000000000000007,20.000000000000007,,1.0
divvy,1,set_cal,2024-04-12,0.03,NetworkPropagation2024,30.0,0.8641891706018895,15.200000000000003,24.200000000000006,18.400000000000006,,1.0
divvy,1,set_cal,2024-04-12,0.03,CalibratedUncertainty2025,30.0,0.737233374415281,16.400000000000002,25.200000000000003,17.600000000000005,,1.0
divvy,1,set_cal,2024-04-12,0.03,MappedPTO2026,30.0,0.8805117693637763,17.600000000000005,27.800000000000008,20.000000000000004,,1.0
divvy,1,set_cal,2024-04-12,0.03,GroupAware2025,30.0,0.8603285621911309,16.800000000000004,27.000000000000007,20.000000000000007,,1.0
divvy,1,set_cal,2024-04-12,0.03,RobustImprovement2025,30.0,0.8805117693637763,16.800000000000004,27.000000000000004,19.999999999999993,,1.0
divvy,1,set_cal,2024-04-12,0.05,StructuralRobust,50.0,24.86286750651826,20.40000000000001,31.20000000000001,20.799999999999994,0.0,1.0
divvy,1,set_cal,2024-04-12,0.05,ExpectedActionValue,50.0,29.302556925567075,3.2,3.8,0.7999999999999998,,1.0
divvy,1,set_cal,2024-04-12,0.05,PointwiseWorstAction,50.0,29.302556925567075,3.2,3.8,0.7999999999999998,,1.0
divvy,1,set_cal,2024-04-12,0.05,ScenarioCVaR,50.0,29.302556925567075,3.2,3.8,0.7999999999999998,,1.0
divvy,1,set_cal,2024-04-12,0.05,RiskFirst,50.0,0.9862629869387437,20.400000000000006,31.20000000000001,20.800000000000004,,1.0
divvy,1,set_cal,2024-04-12,0.05,TemporalContext2024,50.0,1.0124780629652876,22.000000000000007,32.80000000000001,20.800000000000004,,1.0
divvy,1,set_cal,2024-04-12,0.05,NetworkPropagation2024,50.0,1.2707880915464909,17.600000000000005,27.800000000000008,20.000000000000004,,1.0
divvy,1,set_cal,2024-04-12,0.05,CalibratedUncertainty2025,50.0,0.9212268336092082,21.200000000000006,32.00000000000001,20.799999999999994,,1.0
divvy,1,set_cal,2024-04-12,0.05,MappedPTO2026,50.0,0.9484363687727076,20.400000000000006,31.20000000000001,20.800000000000004,,1.0
divvy,1,set_cal,2024-04-12,0.05,GroupAware2025,50.0,1.015084818765204,21.200000000000006,32.000000000000014,20.800000000000008,,1.0
divvy,1,set_cal,2024-04-12,0.05,RobustImprovement2025,50.0,0.9608364037342971,20.800000000000008,31.60000000000001,20.799999999999986,,1.0
divvy,1,set_cal,2024-04-12,0.1,StructuralRobust,100.0,0.06931259022371886,24.40000000000001,35.2,20.799999999999986,0.0,1.0
divvy,1,set_cal,2024-04-12,0.1,ExpectedActionValue,100.0,37.22277957252619,6.0,7.199999999999999,1.5999999999999996,,1.0
divvy,1,set_cal,2024-04-12,0.1,PointwiseWorstAction,100.0,37.23993473698657,8.4,9.6,1.5999999999999996,,1.0
divvy,1,set_cal,2024-04-12,0.1,ScenarioCVaR,100.0,37.23993473698657,8.4,9.6,1.5999999999999996,,1.0
divvy,1,set_cal,2024-04-12,0.1,RiskFirst,100.0,1.9053252544999937,25.20000000000001,36.60000000000001,21.599999999999994,,1.0
divvy,1,set_cal,2024-04-12,0.1,TemporalContext2024,100.0,2.5773583588677997,26.00000000000001,38.00000000000001,22.399999999999995,,1.0
divvy,1,set_cal,2024-04-12,0.1,NetworkPropagation2024,100.0,2.351582186919391,25.20000000000001,36.60000000000001,21.599999999999994,,1.0
divvy,1,set_cal,2024-04-12,0.1,CalibratedUncertainty2025,100.0,2.1168114446623467,24.40000000000001,35.2,20.799999999999986,,1.0
divvy,1,set_cal,2024-04-12,0.1,MappedPTO2026,100.0,1.8717902121553032,25.20000000000001,36.60000000000001,21.599999999999994,,1.0
divvy,1,set_cal,2024-04-12,0.1,GroupAware2025,100.0,1.8763882726540901,24.40000000000001,35.2,20.799999999999994,,1.0
divvy,1,set_cal,2024-04-12,0.1,RobustImprovement2025,100.0,2.0423575682159627,25.20000000000001,36.6,21.59999999999998,,1.0
divvy,1,set_cal,2024-04-12,0.2,StructuralRobust,199.0,0.06992886897321718,35.600000000000016,49.39999999999999,26.399999999999963,0.0,1.0
divvy,1,set_cal,2024-04-12,0.2,ExpectedActionValue,199.0,42.487352271285694,14.400000000000002,15.600000000000001,1.5999999999999979,,1.0
divvy,1,set_cal,2024-04-12,0.2,PointwiseWorstAction,199.0,42.48125598034223,13.200000000000001,16.0,4.799999999999999,,1.0
divvy,1,set_cal,2024-04-12,0.2,ScenarioCVaR,199.0,42.48125598034223,13.200000000000001,16.0,4.799999999999999,,1.0
divvy,1,set_cal,2024-04-12,0.2,RiskFirst,199.0,6.61215691435388,35.6,49.99999999999999,27.19999999999999,,1.0
divvy,1,set_cal,2024-04-12,0.2,TemporalContext2024,199.0,5.829111408186676,32.80000000000001,46.800000000000004,25.599999999999987,,1.0
divvy,1,set_cal,2024-04-12,0.2,NetworkPropagation2024,199.0,4.962683165916511,31.600000000000016,46.6,27.999999999999986,,1.0
divvy,1,set_cal,2024-04-12,0.2,CalibratedUncertainty2025,199.0,7.4968913039961995,41.2,55.79999999999998,26.399999999999977,,1.0
divvy,1,set_cal,2024-04-12,0.2,MappedPTO2026,199.0,5.974334378220857,34.000000000000014,48.0,25.59999999999998,,1.0
divvy,1,set_cal,2024-04-12,0.2,GroupAware2025,199.0,8.111748009390864,33.20000000000002,47.0,26.399999999999977,,1.0
divvy,1,set_cal,2024-04-12,0.2,RobustImprovement2025,199.0,7.725126107116115,30.000000000000014,42.8,23.999999999999964,,1.0
divvy,1,set_cal,2024-04-13,0.01,StructuralRobust,11.0,5.79362318630977,6.799999999999999,8.8,3.200000000000003,0.0,1.0
divvy,1,set_cal,2024-04-13,0.01,ExpectedActionValue,11.0,9.135630343448106,0.0,0.0,0.0,,1.0
divvy,1,set_cal,2024-04-13,0.01,PointwiseWorstAction,11.0,9.945323364426722,0.0,0.0,0.0,,1.0
divvy,1,set_cal,2024-04-13,0.01,ScenarioCVaR,11.0,9.945323364426722,0.0,0.0,0.0,,1.0
divvy,1,set_cal,2024-04-13,0.01,RiskFirst,11.0,0.30727886362322065,4.4,5.800000000000001,2.4000000000000004,,1.0
divvy,1,set_cal,2024-04-13,0.01,TemporalContext2024,11.0,0.30734203427676227,4.4,5.800000000000001,2.4000000000000004,,1.0
divvy,1,set_cal,2024-04-13,0.01,NetworkPropagation2024,11.0,0.29083371050839596,3.2,4.6000000000000005,2.4000000000000004,,1.0
divvy,1,set_cal,2024-04-13,0.01,CalibratedUncertainty2025,11.0,0.15268492329166308,4.3999999999999995,5.0,0.8000000000000007,,1.0
divvy,1,set_cal,2024-04-13,0.01,MappedPTO2026,11.0,0.30748367493712647,4.4,5.8,2.4000000000000004,,1.0
divvy,1,set_cal,2024-04-13,0.01,GroupAware2025,11.0,0.30727886362322065,4.4,5.800000000000001,2.4000000000000004,,1.0
divvy,1,set_cal,2024-04-13,0.01,RobustImprovement2025,11.0,0.33661253413077624,5.2,7.199999999999999,3.2,,1.0
divvy,1,set_cal,2024-04-13,0.03,StructuralRobust,34.0,5.897643392759458,11.600000000000001,15.400000000000006,7.200000000000006,0.0,1.0
divvy,1,set_cal,2024-04-13,0.03,ExpectedActionValue,34.0,21.248450086959057,1.6,1.6,0.0,,1.0
divvy,1,set_cal,2024-04-13,0.03,PointwiseWorstAction,34.0,21.45935891885749,2.8000000000000003,2.8000000000000003,0.0,,1.0
divvy,1,set_cal,2024-04-13,0.03,ScenarioCVaR,34.0,21.45935891885749,2.8000000000000003,2.8000000000000003,0.0,,1.0
divvy,1,set_cal,2024-04-13,0.03,RiskFirst,34.0,1.2521839917780164,11.600000000000001,14.600000000000003,5.600000000000001,,1.0
divvy,1,set_cal,2024-04-13,0.03,TemporalContext2024,34.0,1.2775323979737239,11.600000000000001,14.600000000000003,5.600000000000001,,1.0
divvy,1,set_cal,2024-04-13,0.03,NetworkPropagation2024,34.0,1.0721114525554185,9.200000000000001,12.200000000000001,5.600000000000001,,1.0
divvy,1,set_cal,2024-04-13,0.03,CalibratedUncertainty2025,34.0,1.0265008527892916,13.200000000000001,17.8,8.800000000000002,,1.0
divvy,1,set_cal,2024-04-13,0.03,MappedPTO2026,34.0,1.0290715322660329,10.8,13.8,5.600000000000001,,1.0
divvy,1,set_cal,2024-04-13,0.03,GroupAware2025,34.0,0.9919799994219185,12.400000000000002,16.200000000000003,7.200000000000003,,1.0
divvy,1,set_cal,2024-04-13,0.03,RobustImprovement2025,34.0,1.0227509102632282,11.600000000000003,14.600000000000003,5.6,,1.0
divvy,1,set_cal,2024-04-13,0.05,StructuralRobust,57.0,14.944374643111797,18.800000000000004,25.000000000000007,12.000000000000004,0.0,1.0
divvy,1,set_cal,2024-04-13,0.05,ExpectedActionValue,57.0,28.26019153749241,6.8,6.8,0.0,,1.0
divvy,1,set_cal,2024-04-13,0.05,PointwiseWorstAction,57.0,28.434581109988386,7.6000000000000005,7.6000000000000005,0.0,,1.0
divvy,1,set_cal,2024-04-13,0.05,ScenarioCVaR,57.0,28.434581109988386,7.6000000000000005,7.6000000000000005,0.0,,1.0
divvy,1,set_cal,2024-04-13,0.05,RiskFirst,57.0,1.4172223149518113,14.000000000000004,17.800000000000004,7.199999999999999,,1.0
divvy,1,set_cal,2024-04-13,0.05,TemporalContext2024,57.0,1.5054899794629395,14.000000000000004,17.800000000000008,7.200000000000003,,1.0
divvy,1,set_cal,2024-04-13,0.05,NetworkPropagation2024,57.0,1.4603887683538537,13.200000000000005,17.000000000000007,7.1999999999999975,,1.0
divvy,1,set_cal,2024-04-13,0.05,CalibratedUncertainty2025,57.0,1.5218593391514175,18.800000000000004,24.400000000000006,11.200000000000003,,1.0
divvy,1,set_cal,2024-04-13,0.05,MappedPTO2026,57.0,1.339204282336935,15.600000000000003,19.400000000000006,7.200000000000005,,1.0
divvy,1,set_cal,2024-04-13,0.05,GroupAware2025,57.0,1.4188908410398808,14.000000000000004,17.800000000000004,7.200000000000003,,1.0
divvy,1,set_cal,2024-04-13,0.05,RobustImprovement2025,57.0,1.4188908410398806,14.000000000000005,17.800000000000004,7.1999999999999975,,1.0
divvy,1,set_cal,2024-04-13,0.1,StructuralRobust,114.0,0.029882670954287916,34.800000000000004,43.599999999999994,17.59999999999998,0.0,1.0
divvy,1,set_cal,2024-04-13,0.1,ExpectedActionValue,114.0,37.95035943256002,11.200000000000003,12.600000000000001,2.3999999999999986,,1.0
divvy,1,set_cal,2024-04-13,0.1,PointwiseWorstAction,114.0,38.027928140046164,12.800000000000002,14.8,3.1999999999999975,,1.0
divvy,1,set_cal,2024-04-13,0.1,ScenarioCVaR,114.0,38.027928140046164,12.800000000000002,14.8,3.1999999999999975,,1.0
divvy,1,set_cal,2024-04-13,0.1,RiskFirst,114.0,3.4456477429524472,30.00000000000001,35.80000000000001,10.399999999999988,,1.0
divvy,1,set_cal,2024-04-13,0.1,TemporalContext2024,114.0,4.407644339236932,24.00000000000001,29.200000000000014,9.599999999999998,,1.0
divvy,1,set_cal,2024-04-13,0.1,NetworkPropagation2024,114.0,5.320061650271073,20.40000000000001,24.80000000000001,8.0,,1.0
divvy,1,set_cal,2024-04-13,0.1,CalibratedUncertainty2025,114.0,4.915768594855669,36.4,47.39999999999999,21.599999999999987,,1.0
divvy,1,set_cal,2024-04-13,0.1,MappedPTO2026,114.0,3.807465398585537,30.000000000000014,35.80000000000001,10.399999999999991,,1.0
divvy,1,set_cal,2024-04-13,0.1,GroupAware2025,114.0,3.2250425460365597,24.400000000000013,29.000000000000014,8.799999999999997,,1.0
divvy,1,set_cal,2024-04-13,0.1,RobustImprovement2025,114.0,3.1993871085059613,30.80000000000002,37.60000000000001,12.799999999999983,,1.0
divvy,1,set_cal,2024-04-13,0.2,StructuralRobust,227.0,0.029882670954287916,49.99999999999997,60.99999999999997,21.59999999999998,0.0,1.0
divvy,1,set_cal,2024-04-13,0.2,ExpectedActionValue,227.0,44.146593645057486,18.800000000000004,22.0,4.799999999999997,,1.0
divvy,1,set_cal,2024-04-13,0.2,PointwiseWorstAction,227.0,44.09079227351378,19.600000000000005,23.400000000000002,5.599999999999998,,1.0
divvy,1,set_cal,2024-04-13,0.2,ScenarioCVaR,227.0,44.09079227351378,19.600000000000005,23.400000000000002,5.599999999999998,,1.0
divvy,1,set_cal,2024-04-13,0.2,RiskFirst,227.0,12.606361014005863,43.2,53.599999999999994,19.19999999999999,,1.0
divvy,1,set_cal,2024-04-13,0.2,TemporalContext2024,227.0,11.148139788023455,37.60000000000001,45.400000000000006,13.599999999999987,,1.0
divvy,1,set_cal,2024-04-13,0.2,NetworkPropagation2024,227.0,13.82191900452386,34.000000000000014,39.800000000000004,10.399999999999984,,1.0
divvy,1,set_cal,2024-04-13,0.2,CalibratedUncertainty2025,227.0,10.562015909152382,54.39999999999997,71.89999999999998,33.200000000000024,,1.0
divvy,1,set_cal,2024-04-13,0.2,MappedPTO2026,227.0,10.608053572956928,42.4,51.599999999999994,15.999999999999993,,1.0
divvy,1,set_cal,2024-04-13,0.2,GroupAware2025,227.0,10.184549648197772,33.20000000000002,41.0,13.59999999999998,,1.0
divvy,1,set_cal,2024-04-13,0.2,RobustImprovement2025,227.0,6.586998348103114,40.400000000000006,48.3,14.799999999999983,,1.0
divvy,1,set_cal,2024-04-14,0.01,StructuralRobust,12.0,7.190881718323709,4.0,5.6000000000000005,3.2,0.0,1.0
divvy,1,set_cal,2024-04-14,0.01,ExpectedActionValue,12.0,10.167287271427085,0.0,0.0,0.0,,1.0
divvy,1,set_cal,2024-04-14,0.01,PointwiseWorstAction,12.0,10.214352942920785,0.0,0.0,0.0,,1.0
divvy,1,set_cal,2024-04-14,0.01,ScenarioCVaR,12.0,10.214352942920785,0.0,0.0,0.0,,1.0
divvy,1,set_cal,2024-04-14,0.01,RiskFirst,12.0,1.1266445185969738,3.2,4.8,3.1999999999999993,,1.0
divvy,1,set_cal,2024-04-14,0.01,TemporalContext2024,12.0,1.1266445185969738,3.2,4.8,3.1999999999999993,,1.0
divvy,1,set_cal,2024-04-14,0.01,NetworkPropagation2024,12.0,1.097775763396183,1.6,2.6,2.4,,1.0
divvy,1,set_cal,2024-04-14,0.01,CalibratedUncertainty2025,12.0,1.0828102739025838,4.0,5.6000000000000005,3.2,,1.0
divvy,1,set_cal,2024-04-14,0.01,MappedPTO2026,12.0,1.1518090897659592,3.2,4.8,3.1999999999999993,,1.0
divvy,1,set_cal,2024-04-14,0.01,GroupAware2025,12.0,1.1266445185969738,3.2,4.8,3.1999999999999993,,1.0
divvy,1,set_cal,2024-04-14,0.01,RobustImprovement2025,12.0,0.6038234614225416,4.0,5.6,3.1999999999999993,,1.0
divvy,1,set_cal,2024-04-14,0.03,StructuralRobust,37.0,7.665328473024871,11.2,14.600000000000003,5.600000000000005,0.0,1.0
divvy,1,set_cal,2024-04-14,0.03,ExpectedActionValue,37.0,22.416527978942668,0.8,1.4,0.8,,1.0
divvy,1,set_cal,2024-04-14,0.03,PointwiseWorstAction,37.0,22.845772376007954,0.0,0.0,0.0,,1.0
divvy,1,set_cal,2024-04-14,0.03,ScenarioCVaR,37.0,22.845772376007954,0.0,0.0,0.0,,1.0
divvy,1,set_cal,2024-04-14,0.03,RiskFirst,37.0,1.4422235310811131,9.6,13.000000000000002,5.600000000000003,,1.0
divvy,1,set_cal,2024-04-14,0.03,TemporalContext2024,37.0,1.3924391599097408,10.4,13.8,5.6,,1.0
divvy,1,set_cal,2024-04-14,0.03,NetworkPropagation2024,37.0,1.492398581003361,8.799999999999999,13.0,7.200000000000001,,1.0
divvy,1,set_cal,2024-04-14,0.03,CalibratedUncertainty2025,37.0,1.5504838921338744,7.999999999999999,11.4,5.600000000000002,,1.0
divvy,1,set_cal,2024-04-14,0.03,MappedPTO2026,37.0,1.4422235310811131,9.6,13.000000000000002,5.600000000000003,,1.0
divvy,1,set_cal,2024-04-14,0.03,GroupAware2025,37.0,1.4351498826213527,11.2,14.600000000000003,5.600000000000005,,1.0
divvy,1,set_cal,2024-04-14,0.03,RobustImprovement2025,37.0,1.0012172015492111,10.4,13.8,5.6,,1.0
divvy,1,set_cal,2024-04-14,0.05,StructuralRobust,61.0,19.716330237698713,16.800000000000004,21.900000000000006,8.399999999999999,0.0,1.0
divvy,1,set_cal,2024-04-14,0.05,ExpectedActionValue,61.0,30.635501790837598,1.6,2.2,0.8000000000000003,,1.0
divvy,1,set_cal,2024-04-14,0.05,PointwiseWorstAction,61.0,30.868226152603192,1.6,2.2,0.8000000000000003,,1.0
divvy,1,set_cal,2024-04-14,0.05,ScenarioCVaR,61.0,30.868226152603192,1.6,2.2,0.8000000000000003,,1.0
divvy,1,set_cal,2024-04-14,0.05,RiskFirst,61.0,2.6868323677808696,14.4,19.4,8.800000000000002,,1.0
divvy,1,set_cal,2024-04-14,0.05,TemporalContext2024,61.0,2.5905981322609684,14.000000000000004,18.200000000000003,7.199999999999996,,1.0
divvy,1,set_cal,2024-04-14,0.05,NetworkPropagation2024,61.0,2.4893470661079062,13.600000000000001,17.800000000000004,7.200000000000003,,1.0
divvy,1,set_cal,2024-04-14,0.05,CalibratedUncertainty2025,61.0,2.4847325540577723,17.6,22.700000000000003,8.400000000000006,,1.0
divvy,1,set_cal,2024-04-14,0.05,MappedPTO2026,61.0,2.458237660105874,15.200000000000001,19.700000000000003,7.600000000000003,,1.0
divvy,1,set_cal,2024-04-14,0.05,GroupAware2025,61.0,2.0891625345790827,12.8,17.000000000000004,7.200000000000003,,1.0
divvy,1,set_cal,2024-04-14,0.05,RobustImprovement2025,61.0,2.5983598059936774,15.200000000000001,20.000000000000004,8.000000000000002,,1.0
divvy,1,set_cal,2024-04-14,0.1,StructuralRobust,122.0,0.043895586925592686,26.800000000000008,35.800000000000004,15.999999999999996,0.0,1.0
divvy,1,set_cal,2024-04-14,0.1,ExpectedActionValue,122.0,40.980296780924306,8.799999999999999,12.8,6.400000000000002,,1.0
divvy,1,set_cal,2024-04-14,0.1,PointwiseWorstAction,122.0,41.07121986630742,9.600000000000001,13.600000000000001,6.399999999999999,,1.0
divvy,1,set_cal,2024-04-14,0.1,ScenarioCVaR,122.0,41.07121986630742,9.600000000000001,13.600000000000001,6.399999999999999,,1.0
divvy,1,set_cal,2024-04-14,0.1,RiskFirst,122.0,5.516411043028769,27.600000000000005,34.099999999999994,10.799999999999986,,1.0
divvy,1,set_cal,2024-04-14,0.1,TemporalContext2024,122.0,6.06905463855812,23.60000000000001,29.500000000000007,9.999999999999993,,1.0
divvy,1,set_cal,2024-04-14,0.1,NetworkPropagation2024,122.0,5.641920576689965,26.00000000000001,32.50000000000001,10.799999999999994,,1.0
divvy,1,set_cal,2024-04-14,0.1,CalibratedUncertainty2025,122.0,5.379407116629145,26.800000000000008,35.800000000000004,15.999999999999996,,1.0
divvy,1,set_cal,2024-04-14,0.1,MappedPTO2026,122.0,5.517936695480147,29.20000000000001,36.6,12.799999999999983,,1.0
divvy,1,set_cal,2024-04-14,0.1,GroupAware2025,122.0,6.406106753272679,28.800000000000008,36.2,12.799999999999986,,1.0
divvy,1,set_cal,2024-04-14,0.1,RobustImprovement2025,122.0,5.466698095919587,27.60000000000001,34.10000000000001,10.79999999999999,,1.0
divvy,1,set_cal,2024-04-14,0.2,StructuralRobust,244.0,0.04389588018030771,38.400000000000006,52.400000000000006,24.799999999999997,0.0,1.0
divvy,1,set_cal,2024-04-14,0.2,ExpectedActionValue,244.0,46.97091808606263,32.000000000000014,43.6,20.799999999999976,,1.0
divvy,1,set_cal,2024-04-14,0.2,PointwiseWorstAction,244.0,46.882239503141975,31.600000000000012,43.2,20.799999999999972,,1.0
divvy,1,set_cal,2024-04-14,0.2,ScenarioCVaR,244.0,46.882239503141975,31.600000000000012,43.2,20.799999999999972,,1.0
divvy,1,set_cal,2024-04-14,0.2,RiskFirst,244.0,10.012788095925224,44.8,55.199999999999996,16.79999999999999,,1.0
divvy,1,set_cal,2024-04-14,0.2,TemporalContext2024,244.0,9.819448092977245,43.60000000000001,53.0,15.999999999999986,,1.0
divvy,1,set_cal,2024-04-14,0.2,NetworkPropagation2024,244.0,9.625493290617488,42.00000000000001,51.8,15.999999999999986,,1.0
divvy,1,set_cal,2024-04-14,0.2,CalibratedUncertainty2025,244.0,10.389861662129366,50.39999999999999,63.999999999999986,23.19999999999999,,1.0
divvy,1,set_cal,2024-04-14,0.2,MappedPTO2026,244.0,11.21777952871269,41.6,51.999999999999986,18.39999999999997,,1.0
divvy,1,set_cal,2024-04-14,0.2,GroupAware2025,244.0,11.709094974680957,40.8,51.39999999999999,17.599999999999994,,1.0
divvy,1,set_cal,2024-04-14,0.2,RobustImprovement2025,244.0,10.150834043315133,39.60000000000001,49.9,17.999999999999993,,1.0
divvy,1,set_cal,2024-04-15,0.01,StructuralRobust,11.0,11.032307843712031,15.200000000000003,22.400000000000006,14.399999999999999,0.0,1.0
divvy,1,set_cal,2024-04-15,0.01,ExpectedActionValue,11.0,11.768851642479444,1.6,1.6,0.0,,1.0
divvy,1,set_cal,2024-04-15,0.01,PointwiseWorstAction,11.0,11.946027387381116,1.6,1.6,0.0,,1.0
divvy,1,set_cal,2024-04-15,0.01,ScenarioCVaR,11.0,11.946027387381116,1.6,1.6,0.0,,1.0
divvy,1,set_cal,2024-04-15,0.01,RiskFirst,11.0,0.2753279433562933,12.400000000000002,19.200000000000003,14.400000000000002,,1.0
divvy,1,set_cal,2024-04-15,0.01,TemporalContext2024,11.0,0.2753493267801542,12.400000000000002,19.0,13.600000000000001,,1.0
divvy,1,set_cal,2024-04-15,0.01,NetworkPropagation2024,11.0,0.3229526445246046,15.600000000000001,24.0,15.999999999999996,,1.0
divvy,1,set_cal,2024-04-15,0.01,CalibratedUncertainty2025,11.0,0.01925986204031022,12.8,20.400000000000006,14.400000000000002,,1.0
divvy,1,set_cal,2024-04-15,0.01,MappedPTO2026,11.0,0.4876231580220218,11.600000000000003,17.6,12.799999999999999,,1.0
divvy,1,set_cal,2024-04-15,0.01,GroupAware2025,11.0,0.2753279433562933,12.400000000000002,19.200000000000003,14.400000000000002,,1.0
divvy,1,set_cal,2024-04-15,0.01,RobustImprovement2025,11.0,0.28515746273953985,15.200000000000001,23.6,16.0,,1.0
divvy,1,set_cal,2024-04-15,0.03,StructuralRobust,34.0,12.444272273843918,26.400000000000002,37.0,19.999999999999996,0.0,1.0
divvy,1,set_cal,2024-04-15,0.03,ExpectedActionValue,34.0,23.527164342208724,2.4000000000000004,2.4000000000000004,0.0,,1.0
divvy,1,set_cal,2024-04-15,0.03,PointwiseWorstAction,34.0,23.72623528128452,1.6,1.6,0.0,,1.0
divvy,1,set_cal,2024-04-15,0.03,ScenarioCVaR,34.0,23.72623528128452,1.6,1.6,0.0,,1.0
divvy,1,set_cal,2024-04-15,0.03,RiskFirst,34.0,0.9289871251487585,27.60000000000001,38.19999999999999,19.99999999999997,,1.0
divvy,1,set_cal,2024-04-15,0.03,TemporalContext2024,34.0,1.1007148023824789,27.600000000000012,38.19999999999999,19.99999999999996,,1.0
divvy,1,set_cal,2024-04-15,0.03,NetworkPropagation2024,34.0,0.8833403198758402,26.000000000000007,36.599999999999994,19.99999999999997,,1.0
divvy,1,set_cal,2024-04-15,0.03,CalibratedUncertainty2025,34.0,1.0225448375117188,23.200000000000006,35.199999999999996,22.39999999999998,,1.0
divvy,1,set_cal,2024-04-15,0.03,MappedPTO2026,34.0,1.7523508588615848,25.200000000000003,35.0,18.399999999999984,,1.0
divvy,1,set_cal,2024-04-15,0.03,GroupAware2025,34.0,0.9334914949843598,26.800000000000004,37.4,19.99999999999998,,1.0
divvy,1,set_cal,2024-04-15,0.03,RobustImprovement2025,34.0,0.9038886823347229,26.800000000000008,37.4,19.999999999999968,,1.0
divvy,1,set_cal,2024-04-15,0.05,StructuralRobust,57.0,32.959937922128674,34.0,45.5,21.19999999999999,0.0,1.0
divvy,1,set_cal,2024-04-15,0.05,ExpectedActionValue,57.0,30.068120205764878,4.0,4.0,0.0,,1.0
divvy,1,set_cal,2024-04-15,0.05,PointwiseWorstAction,57.0,30.411420752964244,4.0,4.0,0.0,,1.0
divvy,1,set_cal,2024-04-15,0.05,ScenarioCVaR,57.0,30.411420752964244,4.0,4.0,0.0,,1.0
divvy,1,set_cal,2024-04-15,0.05,RiskFirst,57.0,2.2481913714063593,34.00000000000001,45.19999999999999,20.79999999999996,,1.0
divvy,1,set_cal,2024-04-15,0.05,TemporalContext2024,57.0,2.2445916327040063,33.20000000000001,44.39999999999998,20.799999999999955,,1.0
divvy,1,set_cal,2024-04-15,0.05,NetworkPropagation2024,57.0,3.0300367354960334,31.600000000000012,42.79999999999999,20.799999999999958,,1.0
divvy,1,set_cal,2024-04-15,0.05,CalibratedUncertainty2025,57.0,2.279284094859609,32.800000000000004,45.09999999999998,22.79999999999996,,1.0
divvy,1,set_cal,2024-04-15,0.05,MappedPTO2026,57.0,2.3528003462870983,32.400000000000006,44.39999999999999,22.399999999999963,,1.0
divvy,1,set_cal,2024-04-15,0.05,GroupAware2025,57.0,2.446457108987238,32.40000000000001,43.59999999999999,20.799999999999955,,1.0
divvy,1,set_cal,2024-04-15,0.05,RobustImprovement2025,57.0,2.225862958068388,33.20000000000001,44.39999999999999,20.799999999999955,,1.0
divvy,1,set_cal,2024-04-15,0.1,StructuralRobust,115.0,0.09249570689889312,49.199999999999974,65.89999999999996,30.79999999999997,0.0,1.0
divvy,1,set_cal,2024-04-15,0.1,ExpectedActionValue,115.0,39.38853458335282,9.6,10.8,1.6000000000000014,,1.0
divvy,1,set_cal,2024-04-15,0.1,PointwiseWorstAction,115.0,39.48233033749638,7.999999999999999,8.599999999999998,0.7999999999999998,,1.0
divvy,1,set_cal,2024-04-15,0.1,ScenarioCVaR,115.0,39.48233033749638,7.999999999999999,8.599999999999998,0.7999999999999998,,1.0
divvy,1,set_cal,2024-04-15,0.1,RiskFirst,115.0,5.39879582742344,47.59999999999999,63.09999999999997,27.599999999999973,,1.0
divvy,1,set_cal,2024-04-15,0.1,TemporalContext2024,115.0,6.608358360318728,48.399999999999984,63.299999999999955,26.799999999999947,,1.0
divvy,1,set_cal,2024-04-15,0.1,NetworkPropagation2024,115.0,6.25181493759471,49.999999999999986,67.49999999999997,30.79999999999997,,1.0
divvy,1,set_cal,2024-04-15,0.1,CalibratedUncertainty2025,115.0,6.144706710136594,49.199999999999974,65.89999999999996,30.79999999999997,,1.0
divvy,1,set_cal,2024-04-15,0.1,MappedPTO2026,115.0,5.610906024763998,47.59999999999999,63.09999999999998,27.599999999999973,,1.0
divvy,1,set_cal,2024-04-15,0.1,GroupAware2025,115.0,5.3321175709910005,45.19999999999999,59.49999999999997,25.999999999999943,,1.0
divvy,1,set_cal,2024-04-15,0.1,RobustImprovement2025,115.0,5.232694221387359,48.399999999999984,63.89999999999998,27.59999999999996,,1.0
divvy,1,set_cal,2024-04-15,0.2,StructuralRobust,229.0,0.09452836772570675,69.59999999999994,89.8999999999999,37.199999999999946,0.0,1.0
divvy,1,set_cal,2024-04-15,0.2,ExpectedActionValue,229.0,44.58954568694038,24.800000000000004,30.000000000000007,8.0,,1.0
divvy,1,set_cal,2024-04-15,0.2,PointwiseWorstAction,229.0,44.70320840186316,21.600000000000005,25.600000000000005,6.399999999999999,,1.0
divvy,1,set_cal,2024-04-15,0.2,ScenarioCVaR,229.0,44.70320840186316,21.600000000000005,25.600000000000005,6.399999999999999,,1.0
divvy,1,set_cal,2024-04-15,0.2,RiskFirst,229.0,8.374252264356855,73.19999999999995,100.09999999999994,49.19999999999999,,1.0
divvy,1,set_cal,2024-04-15,0.2,TemporalContext2024,229.0,9.814052245146856,68.79999999999995,92.89999999999992,42.79999999999997,,1.0
divvy,1,set_cal,2024-04-15,0.2,NetworkPropagation2024,229.0,8.639903323218588,65.99999999999997,88.49999999999993,39.59999999999994,,1.0
divvy,1,set_cal,2024-04-15,0.2,CalibratedUncertainty2025,229.0,9.414601061595352,87.19999999999989,113.49999999999987,46.8,,1.0
divvy,1,set_cal,2024-04-15,0.2,MappedPTO2026,229.0,10.430313743274787,72.39999999999996,97.49999999999993,43.599999999999966,,1.0
divvy,1,set_cal,2024-04-15,0.2,GroupAware2025,229.0,10.252949747292027,61.99999999999998,84.49999999999996,39.599999999999945,,1.0
divvy,1,set_cal,2024-04-15,0.2,RobustImprovement2025,229.0,8.765804545490868,59.59999999999997,78.09999999999995,31.599999999999945,,1.0
divvy,1,set_cal,2024-04-16,0.01,StructuralRobust,10.0,12.671185635530938,13.6,18.6,10.400000000000004,0.0,1.0
divvy,1,set_cal,2024-04-16,0.01,ExpectedActionValue,10.0,10.127919069718438,2.4000000000000004,3.9000000000000004,2.8000000000000007,,1.0
divvy,1,set_cal,2024-04-16,0.01,PointwiseWorstAction,10.0,10.297202754068264,2.4000000000000004,3.9000000000000004,2.8000000000000007,,1.0
divvy,1,set_cal,2024-04-16,0.01,ScenarioCVaR,10.0,10.297202754068264,2.4000000000000004,3.9000000000000004,2.8000000000000007,,1.0
divvy,1,set_cal,2024-04-16,0.01,RiskFirst,10.0,0.43252505908770944,12.000000000000004,17.000000000000004,10.399999999999999,,1.0
divvy,1,set_cal,2024-04-16,0.01,TemporalContext2024,10.0,0.4325250590877094,12.000000000000002,17.000000000000004,10.4,,1.0
divvy,1,set_cal,2024-04-16,0.01,NetworkPropagation2024,10.0,0.4325250590877094,12.000000000000004,17.000000000000004,10.399999999999999,,1.0
divvy,1,set_cal,2024-04-16,0.01,CalibratedUncertainty2025,10.0,0.4505489676618007,12.800000000000004,18.6,12.0,,1.0
divvy,1,set_cal,2024-04-16,0.01,MappedPTO2026,10.0,0.4325250590877094,12.000000000000002,17.000000000000004,10.4,,1.0
divvy,1,set_cal,2024-04-16,0.01,GroupAware2025,10.0,0.43252505908770944,12.000000000000004,17.000000000000004,10.399999999999999,,1.0
divvy,1,set_cal,2024-04-16,0.01,RobustImprovement2025,10.0,0.46657587495281017,12.800000000000002,17.800000000000004,10.4,,1.0
divvy,1,set_cal,2024-04-16,0.03,StructuralRobust,31.0,13.910217110202343,28.000000000000014,41.10000000000001,25.19999999999998,0.0,1.0
divvy,1,set_cal,2024-04-16,0.03,ExpectedActionValue,31.0,20.855883811616373,4.8,7.9,6.000000000000003,,1.0
divvy,1,set_cal,2024-04-16,0.03,PointwiseWorstAction,31.0,20.91568203545952,5.6000000000000005,8.700000000000001,6.000000000000001,,1.0
divvy,1,set_cal,2024-04-16,0.03,ScenarioCVaR,31.0,20.91568203545952,5.6000000000000005,8.700000000000001,6.000000000000001,,1.0
divvy,1,set_cal,2024-04-16,0.03,RiskFirst,31.0,2.400219055656958,24.000000000000007,36.300000000000004,23.599999999999987,,1.0
divvy,1,set_cal,2024-04-16,0.03,TemporalContext2024,31.0,2.466722624971347,22.400000000000006,34.1,22.79999999999999,,1.0
divvy,1,set_cal,2024-04-16,0.03,NetworkPropagation2024,31.0,2.5127341667035292,22.40000000000001,34.1,22.799999999999986,,1.0
divvy,1,set_cal,2024-04-16,0.03,CalibratedUncertainty2025,31.0,2.40902589779974,25.600000000000012,36.300000000000004,20.399999999999995,,1.0
divvy,1,set_cal,2024-04-16,0.03,MappedPTO2026,31.0,2.5647256544909003,26.400000000000013,39.50000000000001,25.19999999999998,,1.0
divvy,1,set_cal,2024-04-16,0.03,GroupAware2025,31.0,2.406449876933999,25.600000000000012,38.50000000000001,24.399999999999988,,1.0
divvy,1,set_cal,2024-04-16,0.03,RobustImprovement2025,31.0,2.386336380655567,25.600000000000012,37.900000000000006,23.599999999999984,,1.0
divvy,1,set_cal,2024-04-16,0.05,StructuralRobust,52.0,37.532547132636054,36.000000000000014,49.7,25.999999999999986,0.0,1.0
divvy,1,set_cal,2024-04-16,0.05,ExpectedActionValue,52.0,26.41639048954168,6.3999999999999995,9.500000000000002,6.000000000000004,,1.0
divvy,1,set_cal,2024-04-16,0.05,PointwiseWorstAction,52.0,26.644757635014287,9.600000000000001,14.300000000000002,9.200000000000003,,1.0
divvy,1,set_cal,2024-04-16,0.05,ScenarioCVaR,52.0,26.644757635014287,9.600000000000001,14.300000000000002,9.200000000000003,,1.0
divvy,1,set_cal,2024-04-16,0.05,RiskFirst,52.0,3.489524394890537,36.000000000000014,51.3,29.19999999999996,,1.0
divvy,1,set_cal,2024-04-16,0.05,TemporalContext2024,52.0,3.5558135073252073,36.00000000000001,51.3,29.19999999999998,,1.0
divvy,1,set_cal,2024-04-16,0.05,NetworkPropagation2024,52.0,3.556531764319913,34.40000000000001,49.7,29.199999999999967,,1.0
divvy,1,set_cal,2024-04-16,0.05,CalibratedUncertainty2025,52.0,3.375579836805816,34.40000000000001,48.10000000000001,25.999999999999986,,1.0
divvy,1,set_cal,2024-04-16,0.05,MappedPTO2026,52.0,3.489524394890537,36.000000000000014,51.3,29.19999999999996,,1.0
divvy,1,set_cal,2024-04-16,0.05,GroupAware2025,52.0,3.4900552513966594,34.40000000000001,49.7,29.199999999999967,,1.0
divvy,1,set_cal,2024-04-16,0.05,RobustImprovement2025,52.0,3.437868792453392,36.00000000000001,50.50000000000001,27.59999999999998,,1.0
divvy,1,set_cal,2024-04-16,0.1,StructuralRobust,105.0,0.1047242128773851,46.39999999999997,64.69999999999997,34.80000000000003,0.0,1.0
divvy,1,set_cal,2024-04-16,0.1,ExpectedActionValue,105.0,33.754225975945545,14.400000000000004,21.500000000000004,14.000000000000002,,1.0
divvy,1,set_cal,2024-04-16,0.1,PointwiseWorstAction,105.0,33.80259320786561,15.200000000000005,22.900000000000006,14.800000000000002,,1.0
divvy,1,set_cal,2024-04-16,0.1,ScenarioCVaR,105.0,33.80259320786561,15.200000000000005,22.900000000000006,14.800000000000002,,1.0
divvy,1,set_cal,2024-04-16,0.1,RiskFirst,105.0,6.144710930960773,50.399999999999984,68.69999999999996,34.79999999999996,,1.0
divvy,1,set_cal,2024-04-16,0.1,TemporalContext2024,105.0,6.696615691577273,49.59999999999998,69.49999999999999,37.999999999999986,,1.0
divvy,1,set_cal,2024-04-16,0.1,NetworkPropagation2024,105.0,6.7088474686058355,50.399999999999984,68.99999999999997,35.19999999999997,,1.0
divvy,1,set_cal,2024-04-16,0.1,CalibratedUncertainty2025,105.0,6.060484931770713,46.39999999999997,64.69999999999997,34.80000000000003,,1.0
divvy,1,set_cal,2024-04-16,0.1,MappedPTO2026,105.0,6.143225816007283,51.19999999999999,69.79999999999997,35.19999999999996,,1.0
divvy,1,set_cal,2024-04-16,0.1,GroupAware2025,105.0,6.254455434123402,47.99999999999998,66.29999999999998,34.799999999999976,,1.0
divvy,1,set_cal,2024-04-16,0.1,RobustImprovement2025,105.0,6.373255954451811,47.99999999999997,66.29999999999998,34.80000000000001,,1.0
divvy,1,set_cal,2024-04-16,0.2,StructuralRobust,210.0,0.10849103617288766,67.19999999999993,90.59999999999994,43.20000000000003,0.0,1.0
divvy,1,set_cal,2024-04-16,0.2,ExpectedActionValue,210.0,38.68824504572793,24.80000000000001,35.9,20.399999999999984,,1.0
divvy,1,set_cal,2024-04-16,0.2,PointwiseWorstAction,210.0,38.51100285859246,26.40000000000001,38.2,21.59999999999999,,1.0
divvy,1,set_cal,2024-04-16,0.2,ScenarioCVaR,210.0,38.51100285859246,26.40000000000001,38.2,21.59999999999999,,1.0
divvy,1,set_cal,2024-04-16,0.2,RiskFirst,210.0,10.294088244304353,63.99999999999997,87.99999999999996,45.59999999999998,,1.0
divvy,1,set_cal,2024-04-16,0.2,TemporalContext2024,210.0,11.974841982033427,65.59999999999997,90.19999999999996,46.39999999999999,,1.0
divvy,1,set_cal,2024-04-16,0.2,NetworkPropagation2024,210.0,10.509974734389184,60.799999999999976,83.19999999999996,42.39999999999997,,1.0
divvy,1,set_cal,2024-04-16,0.2,CalibratedUncertainty2025,210.0,11.541291046155159,73.59999999999991,98.59999999999991,46.400000000000034,,1.0
divvy,1,set_cal,2024-04-16,0.2,MappedPTO2026,210.0,10.713986691467516,65.59999999999998,87.99999999999996,42.39999999999995,,1.0
divvy,1,set_cal,2024-04-16,0.2,GroupAware2025,210.0,9.506823496969345,61.59999999999998,84.39999999999998,42.39999999999996,,1.0
divvy,1,set_cal,2024-04-16,0.2,RobustImprovement2025,210.0,10.205546004633504,63.19999999999996,83.39999999999995,38.400000000000006,,1.0
divvy,1,set_cal,2024-04-17,0.01,StructuralRobust,11.0,13.78580321518748,10.400000000000002,16.200000000000003,12.0,0.0,1.0
divvy,1,set_cal,2024-04-17,0.01,ExpectedActionValue,11.0,14.275171871918575,0.8,0.8,0.0,,1.0
divvy,1,set_cal,2024-04-17,0.01,PointwiseWorstAction,11.0,14.381017776115597,0.8,0.8,0.0,,1.0
divvy,1,set_cal,2024-04-17,0.01,ScenarioCVaR,11.0,14.381017776115597,0.8,0.8,0.0,,1.0
divvy,1,set_cal,2024-04-17,0.01,RiskFirst,11.0,0.9523812857023911,12.0,18.6,13.600000000000009,,1.0
divvy,1,set_cal,2024-04-17,0.01,TemporalContext2024,11.0,0.9523812857023911,12.0,18.6,13.600000000000009,,1.0
divvy,1,set_cal,2024-04-17,0.01,NetworkPropagation2024,11.0,0.9523812857023911,12.0,18.6,13.600000000000001,,1.0
divvy,1,set_cal,2024-04-17,0.01,CalibratedUncertainty2025,11.0,0.9187346935269365,12.000000000000002,17.8,12.000000000000002,,1.0
divvy,1,set_cal,2024-04-17,0.01,MappedPTO2026,11.0,0.9523812857023911,12.0,18.6,13.600000000000009,,1.0
divvy,1,set_cal,2024-04-17,0.01,GroupAware2025,11.0,0.9523812857023911,12.0,18.6,13.600000000000001,,1.0
divvy,1,set_cal,2024-04-17,0.01,RobustImprovement2025,11.0,0.9523812857023911,12.000000000000002,18.6,13.6,,1.0
divvy,1,set_cal,2024-04-17,0.03,StructuralRobust,34.0,14.733793578333069,21.200000000000006,30.400000000000006,17.59999999999999,0.0,1.0
divvy,1,set_cal,2024-04-17,0.03,ExpectedActionValue,34.0,27.648263799093122,2.4000000000000004,2.4000000000000004,0.0,,1.0
divvy,1,set_cal,2024-04-17,0.03,PointwiseWorstAction,34.0,27.948791367574294,2.4000000000000004,2.4000000000000004,0.0,,1.0
divvy,1,set_cal,2024-04-17,0.03,ScenarioCVaR,34.0,27.948791367574294,2.4000000000000004,2.4000000000000004,0.0,,1.0
divvy,1,set_cal,2024-04-17,0.03,RiskFirst,34.0,1.1248360099719494,21.200000000000006,30.400000000000006,17.599999999999998,,1.0
divvy,1,set_cal,2024-04-17,0.03,TemporalContext2024,34.0,1.1274435951614497,22.000000000000007,30.400000000000006,15.999999999999986,,1.0
divvy,1,set_cal,2024-04-17,0.03,NetworkPropagation2024,34.0,1.1100155356338792,21.200000000000006,30.400000000000006,17.599999999999984,,1.0
divvy,1,set_cal,2024-04-17,0.03,CalibratedUncertainty2025,34.0,1.3013105991686806,26.40000000000001,38.0,20.799999999999986,,1.0
divvy,1,set_cal,2024-04-17,0.03,MappedPTO2026,34.0,1.0812902704212537,19.600000000000005,27.400000000000006,15.200000000000006,,1.0
divvy,1,set_cal,2024-04-17,0.03,GroupAware2025,34.0,1.1248360099719494,21.200000000000006,30.400000000000002,17.59999999999999,,1.0
divvy,1,set_cal,2024-04-17,0.03,RobustImprovement2025,34.0,1.310241655439709,21.20000000000001,30.400000000000006,17.599999999999994,,1.0
divvy,1,set_cal,2024-04-17,0.05,StructuralRobust,56.0,37.50367460448608,30.800000000000015,43.2,22.399999999999967,0.0,1.0
divvy,1,set_cal,2024-04-17,0.05,ExpectedActionValue,56.0,35.67982001329655,5.6,7.0,2.4000000000000004,,1.0
divvy,1,set_cal,2024-04-17,0.05,PointwiseWorstAction,56.0,35.81457521918908,4.0,4.0,0.0,,1.0
divvy,1,set_cal,2024-04-17,0.05,ScenarioCVaR,56.0,35.81457521918908,4.0,4.0,0.0,,1.0
divvy,1,set_cal,2024-04-17,0.05,RiskFirst,56.0,1.4229145464359245,32.40000000000001,46.0,23.99999999999998,,1.0
divvy,1,set_cal,2024-04-17,0.05,TemporalContext2024,56.0,1.4229145464359245,28.400000000000013,40.2,21.599999999999973,,1.0
divvy,1,set_cal,2024-04-17,0.05,NetworkPropagation2024,56.0,1.4086036363395098,30.800000000000015,43.8,23.199999999999964,,1.0
divvy,1,set_cal,2024-04-17,0.05,CalibratedUncertainty2025,56.0,1.4751556826318102,31.600000000000016,44.39999999999999,22.39999999999997,,1.0
divvy,1,set_cal,2024-04-17,0.05,MappedPTO2026,56.0,1.4229145464359245,32.40000000000001,46.00000000000001,23.999999999999986,,1.0
divvy,1,set_cal,2024-04-17,0.05,GroupAware2025,56.0,1.4229145464359245,31.600000000000016,45.2,23.99999999999997,,1.0
divvy,1,set_cal,2024-04-17,0.05,RobustImprovement2025,56.0,1.4249566900050232,32.40000000000002,46.0,23.99999999999997,,1.0
divvy,1,set_cal,2024-04-17,0.1,StructuralRobust,112.0,0.10597934365592533,43.59999999999999,59.99999999999997,28.799999999999976,0.0,1.0
divvy,1,set_cal,2024-04-17,0.1,ExpectedActionValue,112.0,44.73202883793864,9.600000000000001,11.8,4.0,,1.0
divvy,1,set_cal,2024-04-17,0.1,PointwiseWorstAction,112.0,44.82890532542421,9.600000000000001,11.8,4.0,,1.0
divvy,1,set_cal,2024-04-17,0.1,ScenarioCVaR,112.0,44.82890532542421,9.600000000000001,11.8,4.0,,1.0
divvy,1,set_cal,2024-04-17,0.1,RiskFirst,112.0,4.882996195712698,45.99999999999999,63.39999999999999,31.19999999999998,,1.0
divvy,1,set_cal,2024-04-17,0.1,TemporalContext2024,112.0,5.346181139914236,43.6,60.999999999999986,31.199999999999967,,1.0
divvy,1,set_cal,2024-04-17,0.1,NetworkPropagation2024,112.0,4.628013647704221,43.599999999999994,59.999999999999986,28.79999999999997,,1.0
divvy,1,set_cal,2024-04-17,0.1,CalibratedUncertainty2025,112.0,5.123934590608515,43.59999999999999,59.99999999999997,28.799999999999976,,1.0
divvy,1,set_cal,2024-04-17,0.1,MappedPTO2026,112.0,4.84157290855948,45.99999999999999,63.39999999999999,31.19999999999998,,1.0
divvy,1,set_cal,2024-04-17,0.1,GroupAware2025,112.0,4.580926059841068,45.99999999999999,63.399999999999984,31.199999999999967,,1.0
divvy,1,set_cal,2024-04-17,0.1,RobustImprovement2025,112.0,5.169291192784265,46.800000000000004,65.6,33.59999999999997,,1.0
divvy,1,set_cal,2024-04-17,0.2,StructuralRobust,225.0,0.10651498647598126,60.79999999999995,78.99999999999993,32.799999999999976,0.0,1.0
divvy,1,set_cal,2024-04-17,0.2,ExpectedActionValue,225.0,50.03488529699496,17.60000000000001,23.400000000000006,10.399999999999999,,1.0
divvy,1,set_cal,2024-04-17,0.2,PointwiseWorstAction,225.0,50.049660573766744,16.800000000000004,22.000000000000004,9.599999999999998,,1.0
divvy,1,set_cal,2024-04-17,0.2,ScenarioCVaR,225.0,50.049660573766744,16.800000000000004,22.000000000000004,9.599999999999998,,1.0
divvy,1,set_cal,2024-04-17,0.2,RiskFirst,225.0,8.994752415747154,53.59999999999999,74.59999999999998,37.59999999999999,,1.0
divvy,1,set_cal,2024-04-17,0.2,TemporalContext2024,225.0,9.577660335049185,53.59999999999999,72.39999999999996,33.59999999999996,,1.0
divvy,1,set_cal,2024-04-17,0.2,NetworkPropagation2024,225.0,8.337883303219291,49.59999999999999,68.39999999999998,33.59999999999997,,1.0
divvy,1,set_cal,2024-04-17,0.2,CalibratedUncertainty2025,225.0,9.553216692800609,79.5999999999999,101.7999999999999,39.2,,1.0
divvy,1,set_cal,2024-04-17,0.2,MappedPTO2026,225.0,10.236488223641127,54.39999999999997,73.79999999999997,34.399999999999984,,1.0
divvy,1,set_cal,2024-04-17,0.2,GroupAware2025,225.0,8.771425917060617,51.999999999999986,72.99999999999999,37.59999999999998,,1.0
divvy,1,set_cal,2024-04-17,0.2,RobustImprovement2025,225.0,11.580592783794687,52.39999999999999,72.39999999999998,35.199999999999974,,1.0
divvy,1,set_cal,2024-04-18,0.01,StructuralRobust,10.0,15.886449146508454,14.4,23.200000000000003,17.6,0.0,1.0
divvy,1,set_cal,2024-04-18,0.01,ExpectedActionValue,10.0,8.788718328828994,0.0,0.0,0.0,,1.0
divvy,1,set_cal,2024-04-18,0.01,PointwiseWorstAction,10.0,9.173500569950937,0.0,0.0,0.0,,1.0
divvy,1,set_cal,2024-04-18,0.01,ScenarioCVaR,10.0,9.173500569950937,0.0,0.0,0.0,,1.0
divvy,1,set_cal,2024-04-18,0.01,RiskFirst,10.0,0.6845441010933399,14.400000000000002,24.200000000000003,19.999999999999996,,1.0
divvy,1,set_cal,2024-04-18,0.01,TemporalContext2024,10.0,0.6845441010933399,14.400000000000002,24.200000000000003,19.999999999999996,,1.0
divvy,1,set_cal,2024-04-18,0.01,NetworkPropagation2024,10.0,0.6845441010933399,14.400000000000002,24.200000000000003,19.999999999999996,,1.0
divvy,1,set_cal,2024-04-18,0.01,CalibratedUncertainty2025,10.0,0.6838901057282595,15.200000000000003,24.4,19.199999999999996,,1.0
divvy,1,set_cal,2024-04-18,0.01,MappedPTO2026,10.0,0.6838901057282595,15.200000000000003,24.4,19.199999999999996,,1.0
divvy,1,set_cal,2024-04-18,0.01,GroupAware2025,10.0,0.6845441010933399,14.400000000000002,24.200000000000003,19.999999999999996,,1.0
divvy,1,set_cal,2024-04-18,0.01,RobustImprovement2025,10.0,0.5668197923169944,14.400000000000002,23.400000000000002,18.399999999999995,,1.0
divvy,1,set_cal,2024-04-18,0.03,StructuralRobust,31.0,17.13355362685403,29.600000000000005,45.400000000000006,29.59999999999999,0.0,1.0
divvy,1,set_cal,2024-04-18,0.03,ExpectedActionValue,31.0,20.90003512467737,2.4000000000000004,4.2,4.0,,1.0
divvy,1,set_cal,2024-04-18,0.03,PointwiseWorstAction,31.0,20.913143913346072,2.4000000000000004,4.2,4.0,,1.0
divvy,1,set_cal,2024-04-18,0.03,ScenarioCVaR,31.0,20.913143913346072,2.4000000000000004,4.2,4.0,,1.0
divvy,1,set_cal,2024-04-18,0.03,RiskFirst,31.0,1.5237650348318657,28.80000000000001,43.999999999999986,28.79999999999997,,1.0
divvy,1,set_cal,2024-04-18,0.03,TemporalContext2024,31.0,1.805265971792339,28.80000000000001,43.999999999999986,28.79999999999997,,1.0
divvy,1,set_cal,2024-04-18,0.03,NetworkPropagation2024,31.0,1.8052659717923387,28.80000000000001,44.599999999999994,29.599999999999973,,1.0
divvy,1,set_cal,2024-04-18,0.03,CalibratedUncertainty2025,31.0,0.8391215943094378,30.400000000000013,46.19999999999999,29.599999999999966,,1.0
divvy,1,set_cal,2024-04-18,0.03,MappedPTO2026,31.0,1.5237650348318654,28.80000000000001,43.999999999999986,28.79999999999997,,1.0
divvy,1,set_cal,2024-04-18,0.03,GroupAware2025,31.0,1.5237650348318657,28.80000000000001,43.999999999999986,28.79999999999997,,1.0
divvy,1,set_cal,2024-04-18,0.03,RobustImprovement2025,31.0,1.5677498485943029,29.600000000000012,45.39999999999999,29.59999999999997,,1.0
divvy,1,set_cal,2024-04-18,0.05,StructuralRobust,52.0,43.743437008755606,41.60000000000001,59.800000000000004,32.8,0.0,1.0
divvy,1,set_cal,2024-04-18,0.05,ExpectedActionValue,52.0,27.66969399527562,4.0,6.4,4.800000000000001,,1.0
divvy,1,set_cal,2024-04-18,0.05,PointwiseWorstAction,52.0,27.688312459247744,4.0,6.4,4.800000000000001,,1.0
divvy,1,set_cal,2024-04-18,0.05,ScenarioCVaR,52.0,27.688312459247744,4.0,6.4,4.800000000000001,,1.0
divvy,1,set_cal,2024-04-18,0.05,RiskFirst,52.0,2.1811076116589616,41.599999999999994,60.999999999999986,34.39999999999998,,1.0
divvy,1,set_cal,2024-04-18,0.05,TemporalContext2024,52.0,2.181825868653667,41.599999999999994,60.999999999999986,34.39999999999998,,1.0
divvy,1,set_cal,2024-04-18,0.05,NetworkPropagation2024,52.0,2.181107611658961,41.6,60.99999999999998,34.39999999999997,,1.0
divvy,1,set_cal,2024-04-18,0.05,CalibratedUncertainty2025,52.0,1.9026234598357974,41.599999999999994,62.79999999999998,38.39999999999996,,1.0
divvy,1,set_cal,2024-04-18,0.05,MappedPTO2026,52.0,2.181107611658961,42.399999999999984,61.79999999999997,34.399999999999956,,1.0
divvy,1,set_cal,2024-04-18,0.05,GroupAware2025,52.0,2.102869458282634,41.599999999999994,60.999999999999986,34.39999999999998,,1.0
divvy,1,set_cal,2024-04-18,0.05,RobustImprovement2025,52.0,2.0652929060829917,40.79999999999999,59.59999999999998,33.59999999999997,,1.0
divvy,1,set_cal,2024-04-18,0.1,StructuralRobust,104.0,0.1305649974729062,52.39999999999997,76.59999999999997,42.399999999999956,0.0,1.0
divvy,1,set_cal,2024-04-18,0.1,ExpectedActionValue,104.0,34.21580382515346,12.400000000000002,16.800000000000004,8.000000000000004,,1.0
divvy,1,set_cal,2024-04-18,0.1,PointwiseWorstAction,104.0,34.24207784208764,14.000000000000002,18.400000000000002,8.000000000000002,,1.0
divvy,1,set_cal,2024-04-18,0.1,ScenarioCVaR,104.0,34.24207784208764,14.000000000000002,18.400000000000002,8.000000000000002,,1.0
divvy,1,set_cal,2024-04-18,0.1,RiskFirst,104.0,3.3927518981331874,53.99999999999998,78.79999999999997,43.19999999999997,,1.0
divvy,1,set_cal,2024-04-18,0.1,TemporalContext2024,104.0,3.4167547320767087,54.799999999999976,80.19999999999996,43.999999999999964,,1.0
divvy,1,set_cal,2024-04-18,0.1,NetworkPropagation2024,104.0,3.1171286751086638,52.39999999999998,75.19999999999995,39.99999999999996,,1.0
divvy,1,set_cal,2024-04-18,0.1,CalibratedUncertainty2025,104.0,3.398986497166614,52.39999999999997,76.59999999999997,42.399999999999956,,1.0
divvy,1,set_cal,2024-04-18,0.1,MappedPTO2026,104.0,3.392751898133187,53.99999999999997,78.79999999999995,43.199999999999946,,1.0
divvy,1,set_cal,2024-04-18,0.1,GroupAware2025,104.0,3.1207663729491,54.799999999999976,80.19999999999996,43.999999999999964,,1.0
divvy,1,set_cal,2024-04-18,0.1,RobustImprovement2025,104.0,3.416754732076708,53.199999999999974,77.19999999999996,41.599999999999966,,1.0
divvy,1,set_cal,2024-04-18,0.2,StructuralRobust,208.0,0.1345653527277574,70.79999999999991,99.59999999999991,49.59999999999998,0.0,1.0
divvy,1,set_cal,2024-04-18,0.2,ExpectedActionValue,208.0,38.21747643634687,26.80000000000001,35.000000000000014,13.599999999999994,,1.0
divvy,1,set_cal,2024-04-18,0.2,PointwiseWorstAction,208.0,38.262717966582294,29.20000000000001,37.40000000000001,13.600000000000001,,1.0
divvy,1,set_cal,2024-04-18,0.2,ScenarioCVaR,208.0,38.262717966582294,29.20000000000001,37.40000000000001,13.600000000000001,,1.0
divvy,1,set_cal,2024-04-18,0.2,RiskFirst,208.0,6.849494697995378,61.99999999999996,89.79999999999993,47.199999999999946,,1.0
divvy,1,set_cal,2024-04-18,0.2,TemporalContext2024,208.0,7.862969464080188,66.79999999999994,95.19999999999992,47.99999999999994,,1.0
divvy,1,set_cal,2024-04-18,0.2,NetworkPropagation2024,208.0,7.165395778150291,60.39999999999996,88.19999999999993,47.199999999999946,,1.0
divvy,1,set_cal,2024-04-18,0.2,CalibratedUncertainty2025,208.0,5.828744518759602,72.3999999999999,101.1999999999999,49.59999999999998,,1.0
divvy,1,set_cal,2024-04-18,0.2,MappedPTO2026,208.0,8.22371298103838,64.39999999999995,92.1999999999999,47.19999999999992,,1.0
divvy,1,set_cal,2024-04-18,0.2,GroupAware2025,208.0,8.205011421019986,59.59999999999996,86.79999999999993,46.399999999999956,,1.0
divvy,1,set_cal,2024-04-18,0.2,RobustImprovement2025,208.0,6.037925056874705,61.59999999999996,89.59999999999994,47.999999999999964,,1.0
divvy,1,set_cal,2024-04-19,0.01,StructuralRobust,11.0,11.369033096268689,14.400000000000002,17.0,5.600000000000001,0.0,1.0
divvy,1,set_cal,2024-04-19,0.01,ExpectedActionValue,11.0,12.859761419976255,1.6,1.6,0.0,,1.0
divvy,1,set_cal,2024-04-19,0.01,PointwiseWorstAction,11.0,13.380522567955744,0.8,1.4,0.8,,1.0
divvy,1,set_cal,2024-04-19,0.01,ScenarioCVaR,11.0,13.380522567955744,0.8,1.4,0.8,,1.0
divvy,1,set_cal,2024-04-19,0.01,RiskFirst,11.0,1.8041197307219252,12.800000000000002,16.400000000000002,7.999999999999998,,1.0
divvy,1,set_cal,2024-04-19,0.01,TemporalContext2024,11.0,1.8297179310520484,12.000000000000004,14.800000000000004,6.399999999999999,,1.0
divvy,1,set_cal,2024-04-19,0.01,NetworkPropagation2024,11.0,1.8297179310520484,12.000000000000004,14.800000000000004,6.399999999999999,,1.0
divvy,1,set_cal,2024-04-19,0.01,CalibratedUncertainty2025,11.0,1.6931163684502009,13.600000000000001,17.200000000000003,7.9999999999999964,,1.0
divvy,1,set_cal,2024-04-19,0.01,MappedPTO2026,11.0,1.1893504600065294,10.400000000000002,13.200000000000003,6.399999999999999,,1.0
divvy,1,set_cal,2024-04-19,0.01,GroupAware2025,11.0,1.697439633480347,12.800000000000002,16.400000000000002,7.999999999999998,,1.0
divvy,1,set_cal,2024-04-19,0.01,RobustImprovement2025,11.0,1.7800344243117223,13.600000000000001,17.200000000000003,8.0,,1.0
divvy,1,set_cal,2024-04-19,0.03,StructuralRobust,32.0,12.486298846775481,25.20000000000001,31.400000000000006,11.999999999999986,0.0,1.0
divvy,1,set_cal,2024-04-19,0.03,ExpectedActionValue,32.0,27.909010925407333,4.8,5.3999999999999995,0.7999999999999998,,1.0
divvy,1,set_cal,2024-04-19,0.03,PointwiseWorstAction,32.0,28.24506896263773,4.8,5.3999999999999995,0.7999999999999998,,1.0
divvy,1,set_cal,2024-04-19,0.03,ScenarioCVaR,32.0,28.24506896263773,4.8,5.3999999999999995,0.7999999999999998,,1.0
divvy,1,set_cal,2024-04-19,0.03,RiskFirst,32.0,2.290991943243168,24.80000000000001,31.000000000000007,11.999999999999993,,1.0
divvy,1,set_cal,2024-04-19,0.03,TemporalContext2024,32.0,2.290991943243168,24.800000000000008,31.000000000000007,11.999999999999996,,1.0
divvy,1,set_cal,2024-04-19,0.03,NetworkPropagation2024,32.0,2.290991943243168,24.800000000000008,31.000000000000007,11.999999999999996,,1.0
divvy,1,set_cal,2024-04-19,0.03,CalibratedUncertainty2025,32.0,2.300558788389496,24.400000000000006,30.60000000000001,12.0,,1.0
divvy,1,set_cal,2024-04-19,0.03,MappedPTO2026,32.0,2.160399388971954,22.800000000000008,30.20000000000001,13.599999999999998,,1.0
divvy,1,set_cal,2024-04-19,0.03,GroupAware2025,32.0,2.291188157894308,24.80000000000001,31.000000000000007,11.999999999999993,,1.0
divvy,1,set_cal,2024-04-19,0.03,RobustImprovement2025,32.0,2.3669007299700784,25.60000000000001,31.800000000000004,11.999999999999986,,1.0
divvy,1,set_cal,2024-04-19,0.05,StructuralRobust,54.0,33.73346157087596,29.60000000000001,37.6,14.399999999999991,0.0,1.0
divvy,1,set_cal,2024-04-19,0.05,ExpectedActionValue,54.0,37.07202306819598,5.6,6.199999999999999,0.7999999999999998,,1.0
divvy,1,set_cal,2024-04-19,0.05,PointwiseWorstAction,54.0,37.18957723241928,4.8,5.3999999999999995,0.7999999999999998,,1.0
divvy,1,set_cal,2024-04-19,0.05,ScenarioCVaR,54.0,37.18957723241928,4.8,5.3999999999999995,0.7999999999999998,,1.0
divvy,1,set_cal,2024-04-19,0.05,RiskFirst,54.0,2.710736897148593,32.40000000000001,41.3,16.399999999999977,,1.0
divvy,1,set_cal,2024-04-19,0.05,TemporalContext2024,54.0,2.7729395641405685,34.00000000000001,44.300000000000004,18.799999999999983,,1.0
divvy,1,set_cal,2024-04-19,0.05,NetworkPropagation2024,54.0,2.935203932529636,30.80000000000001,38.9,14.799999999999983,,1.0
divvy,1,set_cal,2024-04-19,0.05,CalibratedUncertainty2025,54.0,2.48763832570177,32.800000000000004,41.0,15.199999999999989,,1.0
divvy,1,set_cal,2024-04-19,0.05,MappedPTO2026,54.0,2.7105234488745484,31.20000000000001,39.4,15.199999999999974,,1.0
divvy,1,set_cal,2024-04-19,0.05,GroupAware2025,54.0,2.71011670834408,30.800000000000015,39.00000000000001,15.199999999999978,,1.0
divvy,1,set_cal,2024-04-19,0.05,RobustImprovement2025,54.0,2.8255907119592147,32.00000000000001,41.6,17.59999999999998,,1.0
divvy,1,set_cal,2024-04-19,0.1,StructuralRobust,108.0,0.09495076244880254,48.799999999999976,60.39999999999998,20.799999999999976,0.0,1.0
divvy,1,set_cal,2024-04-19,0.1,ExpectedActionValue,108.0,47.59035561099753,7.6,8.799999999999999,1.5999999999999996,,1.0
divvy,1,set_cal,2024-04-19,0.1,PointwiseWorstAction,108.0,47.680468373844555,10.0,12.6,4.0,,1.0
divvy,1,set_cal,2024-04-19,0.1,ScenarioCVaR,108.0,47.680468373844555,10.0,12.6,4.0,,1.0
divvy,1,set_cal,2024-04-19,0.1,RiskFirst,108.0,4.357967153664532,43.59999999999999,55.29999999999998,21.19999999999998,,1.0
divvy,1,set_cal,2024-04-19,0.1,TemporalContext2024,108.0,4.3891249556156104,43.59999999999998,55.09999999999998,20.39999999999999,,1.0
divvy,1,set_cal,2024-04-19,0.1,NetworkPropagation2024,108.0,4.365608850407243,41.19999999999999,52.899999999999984,21.19999999999998,,1.0
divvy,1,set_cal,2024-04-19,0.1,CalibratedUncertainty2025,108.0,4.608650539142318,48.799999999999976,60.39999999999998,20.799999999999976,,1.0
divvy,1,set_cal,2024-04-19,0.1,MappedPTO2026,108.0,4.3582718562591385,44.399999999999984,56.09999999999998,21.19999999999998,,1.0
divvy,1,set_cal,2024-04-19,0.1,GroupAware2025,108.0,4.428539544985794,45.19999999999999,56.89999999999998,21.199999999999974,,1.0
divvy,1,set_cal,2024-04-19,0.1,RobustImprovement2025,108.0,4.38404941517698,43.99999999999998,55.699999999999974,21.19999999999998,,1.0
divvy,1,set_cal,2024-04-19,0.2,StructuralRobust,215.0,0.09736488492805316,65.19999999999995,79.89999999999995,25.199999999999974,0.0,1.0
divvy,1,set_cal,2024-04-19,0.2,ExpectedActionValue,215.0,54.05636424070693,20.0,24.500000000000004,7.600000000000005,,1.0
divvy,1,set_cal,2024-04-19,0.2,PointwiseWorstAction,215.0,53.987522217840045,21.600000000000005,27.900000000000006,10.0,,1.0
divvy,1,set_cal,2024-04-19,0.2,ScenarioCVaR,215.0,53.987522217840045,21.600000000000005,27.900000000000006,10.0,,1.0
divvy,1,set_cal,2024-04-19,0.2,RiskFirst,215.0,9.489109421831765,61.999999999999964,76.69999999999996,25.19999999999998,,1.0
divvy,1,set_cal,2024-04-19,0.2,TemporalContext2024,215.0,8.763783048545378,66.39999999999996,82.99999999999996,28.79999999999997,,1.0
divvy,1,set_cal,2024-04-19,0.2,NetworkPropagation2024,215.0,9.229279020517978,61.99999999999997,77.29999999999998,25.999999999999986,,1.0
divvy,1,set_cal,2024-04-19,0.2,CalibratedUncertainty2025,215.0,8.41379700826075,75.99999999999993,92.69999999999993,28.399999999999963,,1.0
divvy,1,set_cal,2024-04-19,0.2,MappedPTO2026,215.0,9.404516335291135,63.19999999999996,77.29999999999995,24.399999999999977,,1.0
divvy,1,set_cal,2024-04-19,0.2,GroupAware2025,215.0,11.37783627588408,62.39999999999997,78.89999999999996,27.599999999999973,,1.0
divvy,1,set_cal,2024-04-19,0.2,RobustImprovement2025,215.0,9.619918432466948,60.39999999999996,74.49999999999997,24.39999999999999,,1.0
divvy,1,set_cal,2024-04-20,0.01,StructuralRobust,10.0,6.44911360966391,5.6,5.6,0.0,0.0,1.0
divvy,1,set_cal,2024-04-20,0.01,ExpectedActionValue,10.0,9.291282358181821,1.6,2.2,0.8000000000000003,,1.0
divvy,1,set_cal,2024-04-20,0.01,PointwiseWorstAction,10.0,9.6436343192412,0.8,0.8,0.0,,1.0
divvy,1,set_cal,2024-04-20,0.01,ScenarioCVaR,10.0,9.6436343192412,0.8,0.8,0.0,,1.0
divvy,1,set_cal,2024-04-20,0.01,RiskFirst,10.0,0.1319015248503929,4.0,4.0,0.0,,1.0
divvy,1,set_cal,2024-04-20,0.01,TemporalContext2024,10.0,0.1319015248503929,4.0,4.0,0.0,,1.0
divvy,1,set_cal,2024-04-20,0.01,NetworkPropagation2024,10.0,0.1319015248503929,3.2,3.2,0.0,,1.0
divvy,1,set_cal,2024-04-20,0.01,CalibratedUncertainty2025,10.0,0.09022996022723358,3.2,3.2,0.0,,1.0
divvy,1,set_cal,2024-04-20,0.01,MappedPTO2026,10.0,0.005782670207382455,4.8,4.8,0.0,,1.0
divvy,1,set_cal,2024-04-20,0.01,GroupAware2025,10.0,0.1319015248503929,4.0,4.0,0.0,,1.0
divvy,1,set_cal,2024-04-20,0.01,RobustImprovement2025,10.0,0.1319015248503929,4.8,4.8,0.0,,1.0
divvy,1,set_cal,2024-04-20,0.03,StructuralRobust,29.0,6.093762642334266,9.200000000000001,11.200000000000003,3.200000000000001,0.0,1.0
divvy,1,set_cal,2024-04-20,0.03,ExpectedActionValue,29.0,18.594002758631536,1.6,2.2,0.8000000000000003,,1.0
divvy,1,set_cal,2024-04-20,0.03,PointwiseWorstAction,29.0,18.984725999591706,1.6,2.2,0.8000000000000003,,1.0
divvy,1,set_cal,2024-04-20,0.03,ScenarioCVaR,29.0,18.984725999591706,1.6,2.2,0.8000000000000003,,1.0
divvy,1,set_cal,2024-04-20,0.03,RiskFirst,29.0,1.1462747993614457,8.399999999999999,9.2,1.6000000000000014,,1.0
divvy,1,set_cal,2024-04-20,0.03,TemporalContext2024,29.0,1.0507232829240594,8.399999999999999,9.2,1.6000000000000032,,1.0
divvy,1,set_cal,2024-04-20,0.03,NetworkPropagation2024,29.0,0.7493886266125442,7.999999999999999,8.799999999999999,1.6000000000000005,,1.0
divvy,1,set_cal,2024-04-20,0.03,CalibratedUncertainty2025,29.0,1.0740607315056667,7.6,8.4,1.6000000000000014,,1.0
divvy,1,set_cal,2024-04-20,0.03,MappedPTO2026,29.0,1.2073015643151148,8.4,9.200000000000001,1.5999999999999996,,1.0
divvy,1,set_cal,2024-04-20,0.03,GroupAware2025,29.0,1.119450746460681,8.4,9.2,1.5999999999999996,,1.0
divvy,1,set_cal,2024-04-20,0.03,RobustImprovement2025,29.0,1.2111637978173166,8.399999999999999,9.200000000000001,1.6000000000000032,,1.0
divvy,1,set_cal,2024-04-20,0.05,StructuralRobust,48.0,15.043247798783158,10.8,12.8,3.200000000000003,0.0,1.0
divvy,1,set_cal,2024-04-20,0.05,ExpectedActionValue,48.0,23.692489954492256,1.6,2.2,0.8000000000000003,,1.0
divvy,1,set_cal,2024-04-20,0.05,PointwiseWorstAction,48.0,23.84431383319366,1.6,2.2,0.8000000000000003,,1.0
divvy,1,set_cal,2024-04-20,0.05,ScenarioCVaR,48.0,23.84431383319366,1.6,2.2,0.8000000000000003,,1.0
divvy,1,set_cal,2024-04-20,0.05,RiskFirst,48.0,3.1395972638082354,10.799999999999999,12.8,3.200000000000001,,1.0
divvy,1,set_cal,2024-04-20,0.05,TemporalContext2024,48.0,1.8190578828145398,9.999999999999998,12.0,3.2000000000000046,,1.0
divvy,1,set_cal,2024-04-20,0.05,NetworkPropagation2024,48.0,1.7424778323562895,9.999999999999998,12.0,3.200000000000001,,1.0
divvy,1,set_cal,2024-04-20,0.05,CalibratedUncertainty2025,48.0,3.378465385911718,10.8,12.8,3.200000000000003,,1.0
divvy,1,set_cal,2024-04-20,0.05,MappedPTO2026,48.0,3.1395972638082363,10.8,12.8,3.1999999999999993,,1.0
divvy,1,set_cal,2024-04-20,0.05,GroupAware2025,48.0,3.2932320704299882,10.8,12.8,3.1999999999999993,,1.0
divvy,1,set_cal,2024-04-20,0.05,RobustImprovement2025,48.0,1.7052763333208933,9.999999999999998,12.0,3.2000000000000046,,1.0
divvy,1,set_cal,2024-04-20,0.1,StructuralRobust,96.0,0.029197426342630676,15.600000000000001,17.6,3.200000000000003,0.0,1.0
divvy,1,set_cal,2024-04-20,0.1,ExpectedActionValue,96.0,30.827546004303123,5.2,7.6000000000000005,4.8,,1.0
divvy,1,set_cal,2024-04-20,0.1,PointwiseWorstAction,96.0,31.033116503748804,5.2,7.6000000000000005,4.8,,1.0
divvy,1,set_cal,2024-04-20,0.1,ScenarioCVaR,96.0,31.033116503748804,5.2,7.6000000000000005,4.8,,1.0
divvy,1,set_cal,2024-04-20,0.1,RiskFirst,96.0,4.221877908320524,14.8,19.000000000000004,7.200000000000003,,1.0
divvy,1,set_cal,2024-04-20,0.1,TemporalContext2024,96.0,5.658855613497742,16.0,18.6,4.0000000000000036,,1.0
divvy,1,set_cal,2024-04-20,0.1,NetworkPropagation2024,96.0,4.062155556253294,13.200000000000001,15.8,4.000000000000002,,1.0
divvy,1,set_cal,2024-04-20,0.1,CalibratedUncertainty2025,96.0,4.9697625318182626,16.000000000000004,18.60000000000001,4.0000000000000036,,1.0
divvy,1,set_cal,2024-04-20,0.1,MappedPTO2026,96.0,4.467480083202134,15.600000000000003,19.100000000000005,6.000000000000002,,1.0
divvy,1,set_cal,2024-04-20,0.1,GroupAware2025,96.0,4.762382679169114,12.400000000000002,14.4,3.1999999999999993,,1.0
divvy,1,set_cal,2024-04-20,0.1,RobustImprovement2025,96.0,5.039541652355907,16.000000000000004,19.3,5.199999999999999,,1.0
divvy,1,set_cal,2024-04-20,0.2,StructuralRobust,193.0,0.029197426342630676,18.000000000000004,20.000000000000004,3.200000000000003,0.0,1.0
divvy,1,set_cal,2024-04-20,0.2,ExpectedActionValue,193.0,35.4105988297378,6.8,9.200000000000003,4.800000000000002,,1.0
divvy,1,set_cal,2024-04-20,0.2,PointwiseWorstAction,193.0,35.499812987807736,6.8,9.200000000000001,4.800000000000002,,1.0
divvy,1,set_cal,2024-04-20,0.2,ScenarioCVaR,193.0,35.499812987807736,6.8,9.200000000000001,4.800000000000002,,1.0
divvy,1,set_cal,2024-04-20,0.2,RiskFirst,193.0,6.48765810178313,16.8,21.000000000000004,7.200000000000003,,1.0
divvy,1,set_cal,2024-04-20,0.2,TemporalContext2024,193.0,8.75253027235499,17.6,20.200000000000003,4.0000000000000036,,1.0
divvy,1,set_cal,2024-04-20,0.2,NetworkPropagation2024,193.0,6.653579759223776,14.400000000000002,17.0,4.0,,1.0
divvy,1,set_cal,2024-04-20,0.2,CalibratedUncertainty2025,193.0,8.104815649639933,22.40000000000001,25.600000000000016,4.800000000000004,,1.0
divvy,1,set_cal,2024-04-20,0.2,MappedPTO2026,193.0,6.323254447703837,24.000000000000007,30.100000000000005,11.600000000000001,,1.0
divvy,1,set_cal,2024-04-20,0.2,GroupAware2025,193.0,6.101586210193456,17.600000000000005,22.600000000000005,8.799999999999997,,1.0
divvy,1,set_cal,2024-04-20,0.2,RobustImprovement2025,193.0,9.563032362033796,18.400000000000006,22.500000000000004,6.799999999999997,,1.0
divvy,1,set_cal,2024-04-21,0.01,StructuralRobust,9.0,5.846655358221278,5.199999999999999,6.6000000000000005,2.4000000000000012,0.0,1.0
divvy,1,set_cal,2024-04-21,0.01,ExpectedActionValue,9.0,11.425246686941374,0.0,0.0,0.0,,1.0
divvy,1,set_cal,2024-04-21,0.01,PointwiseWorstAction,9.0,11.626881861528803,0.0,0.0,0.0,,1.0
divvy,1,set_cal,2024-04-21,0.01,ScenarioCVaR,9.0,11.626881861528803,0.0,0.0,0.0,,1.0
divvy,1,set_cal,2024-04-21,0.01,RiskFirst,9.0,0.2923662597462349,6.0,7.4,2.4000000000000004,,1.0
divvy,1,set_cal,2024-04-21,0.01,TemporalContext2024,9.0,0.2923662597462349,6.0,7.4,2.4000000000000004,,1.0
divvy,1,set_cal,2024-04-21,0.01,NetworkPropagation2024,9.0,0.5478200378258515,4.4,5.2,1.5999999999999996,,1.0
divvy,1,set_cal,2024-04-21,0.01,CalibratedUncertainty2025,9.0,0.14028803415463215,5.200000000000001,6.000000000000001,1.5999999999999996,,1.0
divvy,1,set_cal,2024-04-21,0.01,MappedPTO2026,9.0,0.12286528100955907,4.4,5.800000000000001,2.3999999999999995,,1.0
divvy,1,set_cal,2024-04-21,0.01,GroupAware2025,9.0,0.2689126384357941,5.2,6.6000000000000005,2.4000000000000004,,1.0
divvy,1,set_cal,2024-04-21,0.01,RobustImprovement2025,9.0,0.13516925098960608,6.0,8.2,4.0,,1.0
divvy,1,set_cal,2024-04-21,0.03,StructuralRobust,28.0,6.566852685889821,13.600000000000005,18.6,8.799999999999997,0.0,1.0
divvy,1,set_cal,2024-04-21,0.03,ExpectedActionValue,28.0,22.445473234861378,4.800000000000001,5.400000000000001,0.7999999999999998,,1.0
divvy,1,set_cal,2024-04-21,0.03,PointwiseWorstAction,28.0,22.810871028523472,1.6,1.6,0.0,,1.0
divvy,1,set_cal,2024-04-21,0.03,ScenarioCVaR,28.0,22.810871028523472,1.6,1.6,0.0,,1.0
divvy,1,set_cal,2024-04-21,0.03,RiskFirst,28.0,0.6076134013719438,12.0,16.4,8.0,,1.0
divvy,1,set_cal,2024-04-21,0.03,TemporalContext2024,28.0,0.6076134013719438,12.000000000000002,16.400000000000002,7.999999999999998,,1.0
divvy,1,set_cal,2024-04-21,0.03,NetworkPropagation2024,28.0,0.978570526402206,10.399999999999999,13.2,4.800000000000001,,1.0
divvy,1,set_cal,2024-04-21,0.03,CalibratedUncertainty2025,28.0,0.2900481172172435,11.200000000000003,14.8,6.399999999999999,,1.0
divvy,1,set_cal,2024-04-21,0.03,MappedPTO2026,28.0,0.6076134013719438,12.8,17.0,7.199999999999999,,1.0
divvy,1,set_cal,2024-04-21,0.03,GroupAware2025,28.0,0.6076134013719438,12.0,16.4,8.0,,1.0
divvy,1,set_cal,2024-04-21,0.03,RobustImprovement2025,28.0,0.6407378549294828,12.000000000000002,16.400000000000002,7.999999999999998,,1.0
divvy,1,set_cal,2024-04-21,0.05,StructuralRobust,47.0,16.43138911862841,15.200000000000006,20.200000000000006,8.799999999999997,0.0,1.0
divvy,1,set_cal,2024-04-21,0.05,ExpectedActionValue,47.0,30.21059881696016,4.800000000000001,5.400000000000001,0.7999999999999998,,1.0
divvy,1,set_cal,2024-04-21,0.05,PointwiseWorstAction,47.0,30.513835371237494,5.6,6.199999999999999,0.7999999999999998,,1.0
divvy,1,set_cal,2024-04-21,0.05,ScenarioCVaR,47.0,30.513835371237494,5.6,6.199999999999999,0.7999999999999998,,1.0
divvy,1,set_cal,2024-04-21,0.05,RiskFirst,47.0,1.1086265909647266,15.200000000000001,20.200000000000003,8.799999999999999,,1.0
divvy,1,set_cal,2024-04-21,0.05,TemporalContext2024,47.0,0.916939317091304,13.600000000000001,18.6,8.799999999999997,,1.0
divvy,1,set_cal,2024-04-21,0.05,NetworkPropagation2024,47.0,1.6639595967393193,13.6,18.6,8.799999999999999,,1.0
divvy,1,set_cal,2024-04-21,0.05,CalibratedUncertainty2025,47.0,0.8738282280894847,16.800000000000004,22.800000000000004,11.2,,1.0
divvy,1,set_cal,2024-04-21,0.05,MappedPTO2026,47.0,1.1086265909647266,15.200000000000003,20.200000000000003,8.799999999999997,,1.0
divvy,1,set_cal,2024-04-21,0.05,GroupAware2025,47.0,1.1086265909647264,14.4,19.400000000000002,8.799999999999999,,1.0
divvy,1,set_cal,2024-04-21,0.05,RobustImprovement2025,47.0,1.123319573357185,14.400000000000002,19.400000000000002,8.8,,1.0
divvy,1,set_cal,2024-04-21,0.1,StructuralRobust,93.0,0.03187825128661169,20.800000000000004,26.800000000000004,11.200000000000003,0.0,1.0
divvy,1,set_cal,2024-04-21,0.1,ExpectedActionValue,93.0,40.57103406467646,9.600000000000001,10.800000000000002,1.5999999999999996,,1.0
divvy,1,set_cal,2024-04-21,0.1,PointwiseWorstAction,93.0,40.62893077564023,8.8,9.4,0.7999999999999989,,1.0
divvy,1,set_cal,2024-04-21,0.1,ScenarioCVaR,93.0,40.62893077564023,8.8,9.4,0.7999999999999989,,1.0
divvy,1,set_cal,2024-04-21,0.1,RiskFirst,93.0,5.252372967537747,24.400000000000002,31.600000000000005,12.8,,1.0
divvy,1,set_cal,2024-04-21,0.1,TemporalContext2024,93.0,3.1034455707772777,20.400000000000006,26.400000000000006,11.199999999999996,,1.0
divvy,1,set_cal,2024-04-21,0.1,NetworkPropagation2024,93.0,5.847026518217834,19.6,25.600000000000005,11.2,,1.0
divvy,1,set_cal,2024-04-21,0.1,CalibratedUncertainty2025,93.0,4.92788636203094,23.200000000000006,29.800000000000004,11.999999999999996,,1.0
divvy,1,set_cal,2024-04-21,0.1,MappedPTO2026,93.0,5.252372967537746,24.400000000000006,31.600000000000005,12.799999999999997,,1.0
divvy,1,set_cal,2024-04-21,0.1,GroupAware2025,93.0,5.0342607456619035,21.200000000000003,27.200000000000003,11.199999999999996,,1.0
divvy,1,set_cal,2024-04-21,0.1,RobustImprovement2025,93.0,3.3513630812739237,25.200000000000006,32.400000000000006,12.799999999999994,,1.0
divvy,1,set_cal,2024-04-21,0.2,StructuralRobust,187.0,0.03187825128661169,25.60000000000001,33.400000000000006,13.599999999999994,0.0,1.0
divvy,1,set_cal,2024-04-21,0.2,ExpectedActionValue,187.0,47.10143403241127,14.800000000000004,17.600000000000005,4.800000000000001,,1.0
divvy,1,set_cal,2024-04-21,0.2,PointwiseWorstAction,187.0,47.123841291697296,14.800000000000004,17.6,4.799999999999997,,1.0
divvy,1,set_cal,2024-04-21,0.2,ScenarioCVaR,187.0,47.123841291697296,14.800000000000004,17.6,4.799999999999997,,1.0
divvy,1,set_cal,2024-04-21,0.2,RiskFirst,187.0,8.377956413940645,28.400000000000006,35.6,12.79999999999999,,1.0
divvy,1,set_cal,2024-04-21,0.2,TemporalContext2024,187.0,9.917252892724747,22.800000000000008,28.800000000000004,11.199999999999985,,1.0
divvy,1,set_cal,2024-04-21,0.2,NetworkPropagation2024,187.0,8.772389709190671,26.800000000000004,34.00000000000001,12.79999999999999,,1.0
divvy,1,set_cal,2024-04-21,0.2,CalibratedUncertainty2025,187.0,11.079916619105147,29.600000000000012,38.4,15.999999999999975,,1.0
divvy,1,set_cal,2024-04-21,0.2,MappedPTO2026,187.0,9.196111037545274,30.40000000000001,38.2,13.599999999999984,,1.0
divvy,1,set_cal,2024-04-21,0.2,GroupAware2025,187.0,9.112915819413615,26.000000000000004,33.2,12.799999999999994,,1.0
divvy,1,set_cal,2024-04-21,0.2,RobustImprovement2025,187.0,9.456965906840024,28.40000000000001,35.6,12.799999999999986,,1.0
divvy,1,set_cal,2024-04-22,0.01,StructuralRobust,11.0,14.219543484504895,15.200000000000001,22.0,12.800000000000002,0.0,1.0
divvy,1,set_cal,2024-04-22,0.01,ExpectedActionValue,11.0,10.929529954163424,1.6,1.6,0.0,,1.0
divvy,1,set_cal,2024-04-22,0.01,PointwiseWorstAction,11.0,11.225574436076563,1.6,1.6,0.0,,1.0
divvy,1,set_cal,2024-04-22,0.01,ScenarioCVaR,11.0,11.225574436076563,1.6,1.6,0.0,,1.0
divvy,1,set_cal,2024-04-22,0.01,RiskFirst,11.0,0.05126628107250866,14.400000000000002,22.799999999999997,15.999999999999996,,1.0
divvy,1,set_cal,2024-04-22,0.01,TemporalContext2024,11.0,0.05126628107250866,14.400000000000002,22.799999999999997,15.999999999999996,,1.0
divvy,1,set_cal,2024-04-22,0.01,NetworkPropagation2024,11.0,0.05126628107250866,14.400000000000002,22.799999999999997,15.999999999999996,,1.0
divvy,1,set_cal,2024-04-22,0.01,CalibratedUncertainty2025,11.0,0.05126628107250866,13.600000000000001,21.800000000000004,15.2,,1.0
divvy,1,set_cal,2024-04-22,0.01,MappedPTO2026,11.0,0.05126628107250866,14.400000000000002,22.799999999999997,15.999999999999996,,1.0
divvy,1,set_cal,2024-04-22,0.01,GroupAware2025,11.0,0.05126628107250866,14.400000000000002,22.799999999999997,15.999999999999996,,1.0
divvy,1,set_cal,2024-04-22,0.01,RobustImprovement2025,11.0,0.6739732282714794,13.600000000000001,21.200000000000003,14.400000000000002,,1.0
divvy,1,set_cal,2024-04-22,0.03,StructuralRobust,34.0,15.291489387343136,30.400000000000013,43.80000000000001,24.79999999999999,0.0,1.0
divvy,1,set_cal,2024-04-22,0.03,ExpectedActionValue,34.0,23.269318195338247,2.4000000000000004,2.4000000000000004,0.0,,1.0
divvy,1,set_cal,2024-04-22,0.03,PointwiseWorstAction,34.0,23.526466372563412,3.2,3.2,0.0,,1.0
divvy,1,set_cal,2024-04-22,0.03,ScenarioCVaR,34.0,23.526466372563412,3.2,3.2,0.0,,1.0
divvy,1,set_cal,2024-04-22,0.03,RiskFirst,34.0,1.0156548247861148,29.200000000000014,43.00000000000001,24.799999999999994,,1.0
divvy,1,set_cal,2024-04-22,0.03,TemporalContext2024,34.0,1.0404270064806898,29.200000000000014,43.00000000000001,24.799999999999994,,1.0
divvy,1,set_cal,2024-04-22,0.03,NetworkPropagation2024,34.0,1.0404270064806898,30.000000000000014,44.60000000000001,26.39999999999999,,1.0
divvy,1,set_cal,2024-04-22,0.03,CalibratedUncertainty2025,34.0,1.8116188090069727,29.600000000000016,44.000000000000014,25.599999999999987,,1.0
divvy,1,set_cal,2024-04-22,0.03,MappedPTO2026,34.0,1.0758511543649434,32.40000000000001,46.80000000000001,25.599999999999994,,1.0
divvy,1,set_cal,2024-04-22,0.03,GroupAware2025,34.0,1.0591177981352133,29.200000000000014,43.00000000000001,24.799999999999994,,1.0
divvy,1,set_cal,2024-04-22,0.03,RobustImprovement2025,34.0,1.0474213308117828,30.80000000000001,45.40000000000001,26.4,,1.0
divvy,1,set_cal,2024-04-22,0.05,StructuralRobust,57.0,40.142735583141615,42.00000000000001,59.20000000000002,30.400000000000013,0.0,1.0
divvy,1,set_cal,2024-04-22,0.05,ExpectedActionValue,57.0,29.95713533024344,3.2,3.2,0.0,,1.0
divvy,1,set_cal,2024-04-22,0.05,PointwiseWorstAction,57.0,30.030833233039633,3.2,3.2,0.0,,1.0
divvy,1,set_cal,2024-04-22,0.05,ScenarioCVaR,57.0,30.030833233039633,3.2,3.2,0.0,,1.0
divvy,1,set_cal,2024-04-22,0.05,RiskFirst,57.0,2.213675956290198,42.0,59.2,30.39999999999999,,1.0
divvy,1,set_cal,2024-04-22,0.05,TemporalContext2024,57.0,2.1950614635591035,42.00000000000001,59.20000000000001,30.4,,1.0
divvy,1,set_cal,2024-04-22,0.05,NetworkPropagation2024,57.0,2.2137421841332636,41.2,58.400000000000006,30.400000000000006,,1.0
divvy,1,set_cal,2024-04-22,0.05,CalibratedUncertainty2025,57.0,2.1946665025548637,38.400000000000006,54.80000000000001,28.799999999999997,,1.0
divvy,1,set_cal,2024-04-22,0.05,MappedPTO2026,57.0,2.2014029423578743,40.400000000000006,57.60000000000002,30.40000000000002,,1.0
divvy,1,set_cal,2024-04-22,0.05,GroupAware2025,57.0,2.195061463559103,42.0,59.2,30.39999999999999,,1.0
divvy,1,set_cal,2024-04-22,0.05,RobustImprovement2025,57.0,2.195061463559103,42.0,59.20000000000001,30.400000000000006,,1.0
divvy,1,set_cal,2024-04-22,0.1,StructuralRobust,113.0,0.10667638138419014,48.8,68.60000000000001,34.400000000000006,0.0,1.0
divvy,1,set_cal,2024-04-22,0.1,ExpectedActionValue,113.0,38.25945093812138,12.0,13.4,2.4000000000000004,,1.0
divvy,1,set_cal,2024-04-22,0.1,PointwiseWorstAction,113.0,38.152747994886,10.399999999999999,11.8,2.400000000000002,,1.0
divvy,1,set_cal,2024-04-22,0.1,ScenarioCVaR,113.0,38.152747994886,10.399999999999999,11.8,2.400000000000002,,1.0
divvy,1,set_cal,2024-04-22,0.1,RiskFirst,113.0,3.851192828991225,48.399999999999984,66.99999999999999,32.79999999999999,,1.0
divvy,1,set_cal,2024-04-22,0.1,TemporalContext2024,113.0,3.6044733395929156,47.599999999999994,66.19999999999999,32.8,,1.0
divvy,1,set_cal,2024-04-22,0.1,NetworkPropagation2024,113.0,4.641256454230171,47.19999999999999,65.79999999999998,32.80000000000001,,1.0
divvy,1,set_cal,2024-04-22,0.1,CalibratedUncertainty2025,113.0,4.2942845627540525,48.8,68.60000000000001,34.400000000000006,,1.0
divvy,1,set_cal,2024-04-22,0.1,MappedPTO2026,113.0,3.8336316971434847,48.399999999999984,66.99999999999999,32.80000000000002,,1.0
divvy,1,set_cal,2024-04-22,0.1,GroupAware2025,113.0,3.3913578019378994,49.999999999999986,69.19999999999999,33.599999999999994,,1.0
divvy,1,set_cal,2024-04-22,0.1,RobustImprovement2025,113.0,4.25705236086542,48.399999999999984,66.99999999999999,32.800000000000004,,1.0
divvy,1,set_cal,2024-04-22,0.2,StructuralRobust,227.0,0.10837439686025858,56.79999999999997,78.19999999999999,37.60000000000002,0.0,1.0
divvy,1,set_cal,2024-04-22,0.2,ExpectedActionValue,227.0,43.392714603573765,24.40000000000001,29.60000000000001,7.9999999999999964,,1.0
divvy,1,set_cal,2024-04-22,0.2,PointwiseWorstAction,227.0,43.228452688470426,27.60000000000001,34.00000000000001,9.599999999999994,,1.0
divvy,1,set_cal,2024-04-22,0.2,ScenarioCVaR,227.0,43.228452688470426,27.60000000000001,34.00000000000001,9.599999999999994,,1.0
divvy,1,set_cal,2024-04-22,0.2,RiskFirst,227.0,9.534964660392257,56.79999999999997,77.99999999999999,36.80000000000001,,1.0
divvy,1,set_cal,2024-04-22,0.2,TemporalContext2024,227.0,9.548620112111784,59.19999999999997,80.99999999999997,37.600000000000016,,1.0
divvy,1,set_cal,2024-04-22,0.2,NetworkPropagation2024,227.0,7.904660872130472,59.99999999999996,82.39999999999996,38.40000000000002,,1.0
divvy,1,set_cal,2024-04-22,0.2,CalibratedUncertainty2025,227.0,9.885499231081734,69.99999999999994,93.79999999999995,40.800000000000026,,1.0
divvy,1,set_cal,2024-04-22,0.2,MappedPTO2026,227.0,7.44269653460937,60.39999999999997,81.39999999999998,36.000000000000036,,1.0
divvy,1,set_cal,2024-04-22,0.2,GroupAware2025,227.0,9.813788457021559,57.199999999999974,78.39999999999998,36.8,,1.0
divvy,1,set_cal,2024-04-22,0.2,RobustImprovement2025,227.0,9.883150446131683,58.39999999999996,79.59999999999998,36.800000000000026,,1.0
divvy,1,set_cal,2024-04-23,0.01,StructuralRobust,11.0,13.122096423772685,12.4,17.200000000000003,9.6,0.0,1.0
divvy,1,set_cal,2024-04-23,0.01,ExpectedActionValue,11.0,11.239562692977959,0.8,0.8,0.0,,1.0
divvy,1,set_cal,2024-04-23,0.01,PointwiseWorstAction,11.0,11.379532468158411,0.8,0.8,0.0,,1.0
divvy,1,set_cal,2024-04-23,0.01,ScenarioCVaR,11.0,11.379532468158411,0.8,0.8,0.0,,1.0
divvy,1,set_cal,2024-04-23,0.01,RiskFirst,11.0,0.7432371390715774,10.399999999999999,16.8,12.800000000000008,,1.0
divvy,1,set_cal,2024-04-23,0.01,TemporalContext2024,11.0,0.7416236090222392,11.200000000000001,16.200000000000003,10.400000000000007,,1.0
divvy,1,set_cal,2024-04-23,0.01,NetworkPropagation2024,11.0,0.9498985795941812,10.4,16.200000000000003,12.000000000000005,,1.0
divvy,1,set_cal,2024-04-23,0.01,CalibratedUncertainty2025,11.0,0.8005218933565896,11.200000000000003,16.800000000000004,11.200000000000003,,1.0
divvy,1,set_cal,2024-04-23,0.01,MappedPTO2026,11.0,0.7680403152705642,11.2,16.200000000000003,10.400000000000006,,1.0
divvy,1,set_cal,2024-04-23,0.01,GroupAware2025,11.0,0.7432371390715774,10.4,16.8,12.800000000000006,,1.0
divvy,1,set_cal,2024-04-23,0.01,RobustImprovement2025,11.0,0.7022155355397267,10.4,15.400000000000002,10.400000000000004,,1.0
divvy,1,set_cal,2024-04-23,0.03,StructuralRobust,33.0,14.836946909605198,26.400000000000013,34.10000000000001,14.79999999999999,0.0,1.0
divvy,1,set_cal,2024-04-23,0.03,ExpectedActionValue,33.0,24.57196209991219,1.6,2.2,0.8000000000000003,,1.0
divvy,1,set_cal,2024-04-23,0.03,PointwiseWorstAction,33.0,24.655790211721815,2.4000000000000004,3.8000000000000003,2.4000000000000004,,1.0
divvy,1,set_cal,2024-04-23,0.03,ScenarioCVaR,33.0,24.655790211721815,2.4000000000000004,3.8000000000000003,2.4000000000000004,,1.0
divvy,1,set_cal,2024-04-23,0.03,RiskFirst,33.0,2.080672782113845,28.00000000000001,37.9,18.799999999999986,,1.0
divvy,1,set_cal,2024-04-23,0.03,TemporalContext2024,33.0,2.10901414769293,27.20000000000001,36.5,17.999999999999986,,1.0
divvy,1,set_cal,2024-04-23,0.03,NetworkPropagation2024,33.0,2.1098271715164363,28.000000000000007,37.9,18.79999999999999,,1.0
divvy,1,set_cal,2024-04-23,0.03,CalibratedUncertainty2025,33.0,0.9869817194324262,24.800000000000008,34.00000000000001,17.59999999999999,,1.0
divvy,1,set_cal,2024-04-23,0.03,MappedPTO2026,33.0,1.1309614484892105,24.800000000000004,33.400000000000006,16.79999999999999,,1.0
divvy,1,set_cal,2024-04-23,0.03,GroupAware2025,33.0,2.080672782113845,28.00000000000001,37.900000000000006,18.799999999999986,,1.0
divvy,1,set_cal,2024-04-23,0.03,RobustImprovement2025,33.0,2.1098271715164367,26.400000000000006,35.6,17.599999999999987,,1.0
divvy,1,set_cal,2024-04-23,0.05,StructuralRobust,56.0,40.65076266732028,34.40000000000001,43.5,17.19999999999998,0.0,1.0
divvy,1,set_cal,2024-04-23,0.05,ExpectedActionValue,56.0,32.26200360145948,6.0,7.4,2.4000000000000004,,1.0
divvy,1,set_cal,2024-04-23,0.05,PointwiseWorstAction,56.0,32.57906818290347,6.0,7.4,2.4000000000000004,,1.0
divvy,1,set_cal,2024-04-23,0.05,ScenarioCVaR,56.0,32.57906818290347,6.0,7.4,2.4000000000000004,,1.0
divvy,1,set_cal,2024-04-23,0.05,RiskFirst,56.0,2.6127874243547637,33.60000000000001,44.29999999999998,20.39999999999997,,1.0
divvy,1,set_cal,2024-04-23,0.05,TemporalContext2024,56.0,2.278862349789337,36.0,46.69999999999999,20.399999999999977,,1.0
divvy,1,set_cal,2024-04-23,0.05,NetworkPropagation2024,56.0,2.666042767792577,37.6,48.29999999999998,20.399999999999977,,1.0
divvy,1,set_cal,2024-04-23,0.05,CalibratedUncertainty2025,56.0,1.7530914756563312,40.0,55.89999999999999,28.399999999999977,,1.0
divvy,1,set_cal,2024-04-23,0.05,MappedPTO2026,56.0,2.5019772129143663,34.4,45.69999999999999,21.199999999999974,,1.0
divvy,1,set_cal,2024-04-23,0.05,GroupAware2025,56.0,2.3896725612297343,34.400000000000006,45.09999999999999,20.39999999999997,,1.0
divvy,1,set_cal,2024-04-23,0.05,RobustImprovement2025,56.0,2.695135350825594,34.4,45.09999999999998,20.39999999999997,,1.0
divvy,1,set_cal,2024-04-23,0.1,StructuralRobust,111.0,0.11061199823464744,52.79999999999997,69.49999999999996,29.99999999999997,0.0,1.0
divvy,1,set_cal,2024-04-23,0.1,ExpectedActionValue,111.0,42.48801509519165,14.8,18.300000000000004,6.0,,1.0
divvy,1,set_cal,2024-04-23,0.1,PointwiseWorstAction,111.0,42.60957300742435,14.8,19.100000000000005,7.600000000000005,,1.0
divvy,1,set_cal,2024-04-23,0.1,ScenarioCVaR,111.0,42.60957300742435,14.8,19.100000000000005,7.600000000000005,,1.0
divvy,1,set_cal,2024-04-23,0.1,RiskFirst,111.0,7.761048065921776,54.399999999999984,70.89999999999998,30.79999999999999,,1.0
divvy,1,set_cal,2024-04-23,0.1,TemporalContext2024,111.0,7.78510280562362,51.199999999999974,65.49999999999996,26.799999999999983,,1.0
divvy,1,set_cal,2024-04-23,0.1,NetworkPropagation2024,111.0,7.748907110113335,54.799999999999976,70.89999999999996,29.199999999999996,,1.0
divvy,1,set_cal,2024-04-23,0.1,CalibratedUncertainty2025,111.0,7.599190699963257,52.79999999999997,69.49999999999996,29.99999999999997,,1.0
divvy,1,set_cal,2024-04-23,0.1,MappedPTO2026,111.0,7.7125171795915195,53.59999999999997,68.49999999999997,27.599999999999987,,1.0
divvy,1,set_cal,2024-04-23,0.1,GroupAware2025,111.0,7.74014871642824,53.59999999999998,69.49999999999997,29.999999999999986,,1.0
divvy,1,set_cal,2024-04-23,0.1,RobustImprovement2025,111.0,7.761440944923676,53.59999999999997,68.49999999999997,27.599999999999987,,1.0
divvy,1,set_cal,2024-04-23,0.2,StructuralRobust,223.0,0.11908816982592596,83.9999999999999,108.49999999999989,43.59999999999998,0.0,1.0
divvy,1,set_cal,2024-04-23,0.2,ExpectedActionValue,223.0,48.70058451187223,38.800000000000004,49.8,19.19999999999998,,1.0
divvy,1,set_cal,2024-04-23,0.2,PointwiseWorstAction,223.0,48.79036005235919,42.800000000000004,55.6,21.6,,1.0
divvy,1,set_cal,2024-04-23,0.2,ScenarioCVaR,223.0,48.79036005235919,42.800000000000004,55.6,21.6,,1.0
divvy,1,set_cal,2024-04-23,0.2,RiskFirst,223.0,12.790632613722446,76.79999999999995,100.49999999999994,42.0,,1.0
divvy,1,set_cal,2024-04-23,0.2,TemporalContext2024,223.0,13.307115970897588,83.19999999999995,109.89999999999995,47.60000000000001,,1.0
divvy,1,set_cal,2024-04-23,0.2,NetworkPropagation2024,223.0,13.386706050968082,75.19999999999995,99.89999999999995,44.400000000000034,,1.0
divvy,1,set_cal,2024-04-23,0.2,CalibratedUncertainty2025,223.0,13.268055538789888,89.5999999999999,115.89999999999989,46.000000000000014,,1.0
divvy,1,set_cal,2024-04-23,0.2,MappedPTO2026,223.0,13.49934305652726,75.99999999999994,99.69999999999995,42.0,,1.0
divvy,1,set_cal,2024-04-23,0.2,GroupAware2025,223.0,12.918464544183644,75.19999999999997,98.29999999999997,41.19999999999999,,1.0
divvy,1,set_cal,2024-04-23,0.2,RobustImprovement2025,223.0,13.813773056778547,74.39999999999995,96.29999999999994,39.599999999999994,,1.0
divvy,1,set_cal,2024-04-24,0.01,StructuralRobust,9.0,13.06004048236281,13.6,18.8,8.800000000000002,0.0,1.0
divvy,1,set_cal,2024-04-24,0.01,ExpectedActionValue,9.0,10.260403812456925,0.0,0.0,0.0,,1.0
divvy,1,set_cal,2024-04-24,0.01,PointwiseWorstAction,9.0,10.692180282511679,0.0,0.0,0.0,,1.0
divvy,1,set_cal,2024-04-24,0.01,ScenarioCVaR,9.0,10.692180282511679,0.0,0.0,0.0,,1.0
divvy,1,set_cal,2024-04-24,0.01,RiskFirst,9.0,0.5169899851432493,12.0,16.4,7.200000000000003,,1.0
divvy,1,set_cal,2024-04-24,0.01,TemporalContext2024,9.0,0.5269418805559468,11.200000000000001,14.6,4.799999999999999,,1.0
divvy,1,set_cal,2024-04-24,0.01,NetworkPropagation2024,9.0,0.5269418805559468,11.200000000000001,14.6,4.799999999999999,,1.0
divvy,1,set_cal,2024-04-24,0.01,CalibratedUncertainty2025,9.0,0.5169899851432493,12.0,15.399999999999999,4.800000000000001,,1.0
divvy,1,set_cal,2024-04-24,0.01,MappedPTO2026,9.0,0.5169899851432493,12.0,16.400000000000002,7.200000000000003,,1.0
divvy,1,set_cal,2024-04-24,0.01,GroupAware2025,9.0,0.5169899851432493,12.0,16.4,7.200000000000003,,1.0
divvy,1,set_cal,2024-04-24,0.01,RobustImprovement2025,9.0,0.5169899851432493,12.799999999999999,17.8,8.000000000000002,,1.0
divvy,1,set_cal,2024-04-24,0.03,StructuralRobust,28.0,14.376186981913156,28.000000000000007,35.400000000000006,12.79999999999999,0.0,1.0
divvy,1,set_cal,2024-04-24,0.03,ExpectedActionValue,28.0,22.902565288070587,4.0,5.199999999999999,1.5999999999999996,,1.0
divvy,1,set_cal,2024-04-24,0.03,PointwiseWorstAction,28.0,23.521900384066548,3.2,3.8,0.7999999999999998,,1.0
divvy,1,set_cal,2024-04-24,0.03,ScenarioCVaR,28.0,23.521900384066548,3.2,3.8,0.7999999999999998,,1.0
divvy,1,set_cal,2024-04-24,0.03,RiskFirst,28.0,0.8870387366804378,26.40000000000001,35.800000000000004,15.999999999999996,,1.0
divvy,1,set_cal,2024-04-24,0.03,TemporalContext2024,28.0,0.8866534054320873,24.000000000000007,32.8,15.199999999999989,,1.0
divvy,1,set_cal,2024-04-24,0.03,NetworkPropagation2024,28.0,1.028375318775802,24.800000000000008,32.800000000000004,13.59999999999999,,1.0
divvy,1,set_cal,2024-04-24,0.03,CalibratedUncertainty2025,28.0,0.8628739296096183,24.000000000000007,32.80000000000001,15.200000000000003,,1.0
divvy,1,set_cal,2024-04-24,0.03,MappedPTO2026,28.0,0.8476667110991486,25.60000000000001,35.00000000000001,15.999999999999993,,1.0
divvy,1,set_cal,2024-04-24,0.03,GroupAware2025,28.0,0.8866534054320873,25.60000000000001,34.400000000000006,15.199999999999996,,1.0
divvy,1,set_cal,2024-04-24,0.03,RobustImprovement2025,28.0,0.8866939438416865,24.800000000000004,32.800000000000004,13.600000000000001,,1.0
divvy,1,set_cal,2024-04-24,0.05,StructuralRobust,47.0,38.37962996660522,40.000000000000014,50.40000000000001,16.799999999999997,0.0,1.0
divvy,1,set_cal,2024-04-24,0.05,ExpectedActionValue,47.0,30.60656523012914,5.6,6.8,1.5999999999999996,,1.0
divvy,1,set_cal,2024-04-24,0.05,PointwiseWorstAction,47.0,30.895693539003418,4.8,5.999999999999999,1.5999999999999996,,1.0
divvy,1,set_cal,2024-04-24,0.05,ScenarioCVaR,47.0,30.895693539003418,4.8,5.999999999999999,1.5999999999999996,,1.0
divvy,1,set_cal,2024-04-24,0.05,RiskFirst,47.0,1.1923773428943716,39.20000000000001,49.2,16.79999999999999,,1.0
divvy,1,set_cal,2024-04-24,0.05,TemporalContext2024,47.0,1.1923773428943716,39.2,49.2,16.79999999999999,,1.0
divvy,1,set_cal,2024-04-24,0.05,NetworkPropagation2024,47.0,1.1923773428943716,39.2,49.2,16.79999999999999,,1.0
divvy,1,set_cal,2024-04-24,0.05,CalibratedUncertainty2025,47.0,1.7648201904496605,39.20000000000001,50.4,18.39999999999999,,1.0
divvy,1,set_cal,2024-04-24,0.05,MappedPTO2026,47.0,1.0725903923103624,38.40000000000001,47.800000000000004,15.999999999999986,,1.0
divvy,1,set_cal,2024-04-24,0.05,GroupAware2025,47.0,1.1923773428943716,39.20000000000001,49.2,16.79999999999999,,1.0
divvy,1,set_cal,2024-04-24,0.05,RobustImprovement2025,47.0,1.1667247750537957,38.40000000000001,48.400000000000006,16.79999999999999,,1.0
divvy,1,set_cal,2024-04-24,0.1,StructuralRobust,94.0,0.1179677774825395,57.599999999999966,71.39999999999995,22.39999999999999,0.0,1.0
divvy,1,set_cal,2024-04-24,0.1,ExpectedActionValue,94.0,40.26649530484976,12.000000000000002,16.1,5.999999999999998,,1.0
divvy,1,set_cal,2024-04-24,0.1,PointwiseWorstAction,94.0,40.417163941655325,10.400000000000002,13.3,4.399999999999999,,1.0
divvy,1,set_cal,2024-04-24,0.1,ScenarioCVaR,94.0,40.417163941655325,10.400000000000002,13.3,4.399999999999999,,1.0
divvy,1,set_cal,2024-04-24,0.1,RiskFirst,94.0,2.3317812508464626,55.99999999999997,71.99999999999996,26.39999999999999,,1.0
divvy,1,set_cal,2024-04-24,0.1,TemporalContext2024,94.0,2.2875445658554523,55.999999999999964,71.99999999999997,26.4,,1.0
divvy,1,set_cal,2024-04-24,0.1,NetworkPropagation2024,94.0,2.3317812508464626,54.39999999999997,70.39999999999996,26.399999999999984,,1.0
divvy,1,set_cal,2024-04-24,0.1,CalibratedUncertainty2025,94.0,3.0174210957614926,57.599999999999966,71.39999999999995,22.39999999999999,,1.0
divvy,1,set_cal,2024-04-24,0.1,MappedPTO2026,94.0,2.2776519221519007,55.99999999999997,71.99999999999997,26.39999999999999,,1.0
divvy,1,set_cal,2024-04-24,0.1,GroupAware2025,94.0,2.3492795574112995,55.199999999999974,71.19999999999996,26.39999999999999,,1.0
divvy,1,set_cal,2024-04-24,0.1,RobustImprovement2025,94.0,2.332471229900917,55.199999999999974,71.19999999999996,26.39999999999999,,1.0
divvy,1,set_cal,2024-04-24,0.2,StructuralRobust,188.0,0.12383451483394212,75.99999999999991,95.69999999999992,32.400000000000006,0.0,1.0
divvy,1,set_cal,2024-04-24,0.2,ExpectedActionValue,188.0,46.64057320023742,16.800000000000004,21.700000000000003,7.599999999999998,,1.0
divvy,1,set_cal,2024-04-24,0.2,PointwiseWorstAction,188.0,46.597772522281964,18.400000000000006,23.300000000000008,7.600000000000005,,1.0
divvy,1,set_cal,2024-04-24,0.2,ScenarioCVaR,188.0,46.597772522281964,18.400000000000006,23.300000000000008,7.600000000000005,,1.0
divvy,1,set_cal,2024-04-24,0.2,RiskFirst,188.0,7.246426442203742,70.39999999999993,88.69999999999993,30.0,,1.0
divvy,1,set_cal,2024-04-24,0.2,TemporalContext2024,188.0,8.162123620730142,83.1999999999999,103.2999999999999,32.400000000000006,,1.0
divvy,1,set_cal,2024-04-24,0.2,NetworkPropagation2024,188.0,6.233766105147227,68.79999999999994,87.09999999999994,29.999999999999986,,1.0
divvy,1,set_cal,2024-04-24,0.2,CalibratedUncertainty2025,188.0,7.4629168097235805,84.79999999999988,105.89999999999988,34.80000000000001,,1.0
divvy,1,set_cal,2024-04-24,0.2,MappedPTO2026,188.0,7.657294350354443,81.19999999999992,102.69999999999992,34.80000000000001,,1.0
divvy,1,set_cal,2024-04-24,0.2,GroupAware2025,188.0,8.137205472779295,66.39999999999995,83.49999999999994,28.39999999999999,,1.0
divvy,1,set_cal,2024-04-24,0.2,RobustImprovement2025,188.0,5.279125747416793,71.99999999999994,90.89999999999992,30.799999999999983,,1.0
divvy,1,set_cal,2024-04-25,0.01,StructuralRobust,11.0,14.654458733382315,15.200000000000001,21.800000000000004,13.600000000000003,0.0,1.0
divvy,1,set_cal,2024-04-25,0.01,ExpectedActionValue,11.0,11.839951291881043,0.0,0.0,0.0,,1.0
divvy,1,set_cal,2024-04-25,0.01,PointwiseWorstAction,11.0,11.868288423427238,0.0,0.0,0.0,,1.0
divvy,1,set_cal,2024-04-25,0.01,ScenarioCVaR,11.0,11.868288423427238,0.0,0.0,0.0,,1.0
divvy,1,set_cal,2024-04-25,0.01,RiskFirst,11.0,0.1601089616103885,14.400000000000002,21.800000000000004,15.200000000000003,,1.0
divvy,1,set_cal,2024-04-25,0.01,TemporalContext2024,11.0,0.1601089616103885,14.400000000000002,21.800000000000004,15.200000000000003,,1.0
divvy,1,set_cal,2024-04-25,0.01,NetworkPropagation2024,11.0,0.1601089616103885,14.400000000000002,21.800000000000004,15.200000000000003,,1.0
divvy,1,set_cal,2024-04-25,0.01,CalibratedUncertainty2025,11.0,0.05080267054197464,15.200000000000001,23.400000000000006,16.800000000000004,,1.0
divvy,1,set_cal,2024-04-25,0.01,MappedPTO2026,11.0,0.1601089616103885,14.400000000000002,21.800000000000004,15.200000000000003,,1.0
divvy,1,set_cal,2024-04-25,0.01,GroupAware2025,11.0,0.1601089616103885,14.400000000000002,21.800000000000004,15.200000000000003,,1.0
divvy,1,set_cal,2024-04-25,0.01,RobustImprovement2025,11.0,0.1428397568846361,14.400000000000002,22.400000000000006,16.000000000000004,,1.0
divvy,1,set_cal,2024-04-25,0.03,StructuralRobust,34.0,15.655074318159162,27.20000000000001,39.400000000000006,23.19999999999999,0.0,1.0
divvy,1,set_cal,2024-04-25,0.03,ExpectedActionValue,34.0,22.509834465357542,1.6,1.6,0.0,,1.0
divvy,1,set_cal,2024-04-25,0.03,PointwiseWorstAction,34.0,22.740772353777743,3.2,3.2,0.0,,1.0
divvy,1,set_cal,2024-04-25,0.03,ScenarioCVaR,34.0,22.740772353777743,3.2,3.2,0.0,,1.0
divvy,1,set_cal,2024-04-25,0.03,RiskFirst,34.0,2.1192913100321786,28.80000000000001,41.0,23.19999999999998,,1.0
divvy,1,set_cal,2024-04-25,0.03,TemporalContext2024,34.0,2.1192913100321786,28.80000000000001,41.0,23.19999999999998,,1.0
divvy,1,set_cal,2024-04-25,0.03,NetworkPropagation2024,34.0,2.1192913100321795,28.800000000000015,41.0,23.199999999999985,,1.0
divvy,1,set_cal,2024-04-25,0.03,CalibratedUncertainty2025,34.0,1.9220553465089605,32.000000000000014,46.0,25.59999999999998,,1.0
divvy,1,set_cal,2024-04-25,0.03,MappedPTO2026,34.0,1.4647678441517962,29.600000000000012,42.4,23.999999999999982,,1.0
divvy,1,set_cal,2024-04-25,0.03,GroupAware2025,34.0,2.119291310032179,28.80000000000001,41.0,23.19999999999998,,1.0
divvy,1,set_cal,2024-04-25,0.03,RobustImprovement2025,34.0,1.4577784658667086,28.800000000000015,41.60000000000001,23.99999999999999,,1.0
divvy,1,set_cal,2024-04-25,0.05,StructuralRobust,56.0,39.23491242040062,40.800000000000004,57.39999999999999,29.599999999999973,0.0,1.0
divvy,1,set_cal,2024-04-25,0.05,ExpectedActionValue,56.0,29.082463444775676,5.6000000000000005,6.199999999999999,0.7999999999999989,,1.0
divvy,1,set_cal,2024-04-25,0.05,PointwiseWorstAction,56.0,29.33790528668366,6.4,7.0,0.7999999999999998,,1.0
divvy,1,set_cal,2024-04-25,0.05,ScenarioCVaR,56.0,29.33790528668366,6.4,7.0,0.7999999999999998,,1.0
divvy,1,set_cal,2024-04-25,0.05,RiskFirst,56.0,2.581206202607084,37.60000000000001,52.19999999999999,26.399999999999977,,1.0
divvy,1,set_cal,2024-04-25,0.05,TemporalContext2024,56.0,2.588275218932154,37.60000000000001,52.19999999999999,26.399999999999977,,1.0
divvy,1,set_cal,2024-04-25,0.05,NetworkPropagation2024,56.0,2.588275218932155,38.400000000000006,52.999999999999986,26.39999999999999,,1.0
divvy,1,set_cal,2024-04-25,0.05,CalibratedUncertainty2025,56.0,2.5497302050681587,37.60000000000001,51.599999999999994,25.59999999999998,,1.0
divvy,1,set_cal,2024-04-25,0.05,MappedPTO2026,56.0,2.7282967777800744,40.0,55.999999999999986,28.799999999999983,,1.0
divvy,1,set_cal,2024-04-25,0.05,GroupAware2025,56.0,2.5812062026070843,37.60000000000001,52.19999999999999,26.399999999999977,,1.0
divvy,1,set_cal,2024-04-25,0.05,RobustImprovement2025,56.0,2.711897425747767,38.400000000000006,52.999999999999986,26.399999999999977,,1.0
divvy,1,set_cal,2024-04-25,0.1,StructuralRobust,112.0,0.11692512228771812,50.399999999999984,66.99999999999997,29.599999999999987,0.0,1.0
divvy,1,set_cal,2024-04-25,0.1,ExpectedActionValue,112.0,37.39493324625884,14.000000000000004,16.800000000000004,4.800000000000001,,1.0
divvy,1,set_cal,2024-04-25,0.1,PointwiseWorstAction,112.0,37.58689278465316,14.000000000000002,16.8,4.799999999999999,,1.0
divvy,1,set_cal,2024-04-25,0.1,ScenarioCVaR,112.0,37.58689278465316,14.000000000000002,16.8,4.799999999999999,,1.0
divvy,1,set_cal,2024-04-25,0.1,RiskFirst,112.0,5.64088553460025,55.99999999999998,74.79999999999997,33.59999999999997,,1.0
divvy,1,set_cal,2024-04-25,0.1,TemporalContext2024,112.0,4.971608611767426,56.79999999999998,75.59999999999997,33.599999999999966,,1.0
divvy,1,set_cal,2024-04-25,0.1,NetworkPropagation2024,112.0,5.6076613446126,55.99999999999998,74.79999999999997,33.59999999999999,,1.0
divvy,1,set_cal,2024-04-25,0.1,CalibratedUncertainty2025,112.0,5.931270181323976,50.399999999999984,66.99999999999997,29.599999999999987,,1.0
divvy,1,set_cal,2024-04-25,0.1,MappedPTO2026,112.0,5.233291697168105,55.19999999999998,73.99999999999997,33.59999999999997,,1.0
divvy,1,set_cal,2024-04-25,0.1,GroupAware2025,112.0,5.211412473511145,54.399999999999984,73.19999999999997,33.59999999999997,,1.0
divvy,1,set_cal,2024-04-25,0.1,RobustImprovement2025,112.0,5.596242394446393,55.99999999999998,74.79999999999995,33.59999999999997,,1.0
divvy,1,set_cal,2024-04-25,0.2,StructuralRobust,225.0,0.11888328712085182,71.99999999999994,92.79999999999993,36.79999999999998,0.0,1.0
divvy,1,set_cal,2024-04-25,0.2,ExpectedActionValue,225.0,42.493143916248435,22.80000000000001,26.20000000000001,5.600000000000001,,1.0
divvy,1,set_cal,2024-04-25,0.2,PointwiseWorstAction,225.0,42.72886910272788,21.200000000000006,24.60000000000001,5.600000000000001,,1.0
divvy,1,set_cal,2024-04-25,0.2,ScenarioCVaR,225.0,42.72886910272788,21.200000000000006,24.60000000000001,5.600000000000001,,1.0
divvy,1,set_cal,2024-04-25,0.2,RiskFirst,225.0,10.479023452254056,68.79999999999995,90.09999999999994,37.99999999999997,,1.0
divvy,1,set_cal,2024-04-25,0.2,TemporalContext2024,225.0,10.914661882431142,71.19999999999995,91.99999999999991,36.79999999999997,,1.0
divvy,1,set_cal,2024-04-25,0.2,NetworkPropagation2024,225.0,10.295335093478952,65.59999999999997,86.39999999999995,36.79999999999998,,1.0
divvy,1,set_cal,2024-04-25,0.2,CalibratedUncertainty2025,225.0,9.848581507504848,75.99999999999994,97.59999999999992,38.39999999999999,,1.0
divvy,1,set_cal,2024-04-25,0.2,MappedPTO2026,225.0,9.90428510457486,68.79999999999995,88.79999999999993,35.19999999999996,,1.0
divvy,1,set_cal,2024-04-25,0.2,GroupAware2025,225.0,9.680195541086457,65.59999999999998,86.89999999999996,37.99999999999996,,1.0
divvy,1,set_cal,2024-04-25,0.2,RobustImprovement2025,225.0,9.96404022291288,62.39999999999997,81.79999999999995,34.39999999999997,,1.0
divvy,1,set_cal,2024-04-26,0.01,StructuralRobust,10.0,8.748829579365232,15.2,19.0,5.600000000000005,0.0,1.0
divvy,1,set_cal,2024-04-26,0.01,ExpectedActionValue,10.0,11.580808299871885,0.0,0.0,0.0,,1.0
divvy,1,set_cal,2024-04-26,0.01,PointwiseWorstAction,10.0,11.580808299871885,0.0,0.0,0.0,,1.0
divvy,1,set_cal,2024-04-26,0.01,ScenarioCVaR,10.0,11.580808299871885,0.0,0.0,0.0,,1.0
divvy,1,set_cal,2024-04-26,0.01,RiskFirst,10.0,0.1218742521080496,13.600000000000001,16.800000000000004,4.800000000000004,,1.0
divvy,1,set_cal,2024-04-26,0.01,TemporalContext2024,10.0,0.12492846024503794,14.4,18.200000000000003,5.6,,1.0
divvy,1,set_cal,2024-04-26,0.01,NetworkPropagation2024,10.0,0.12492846024503794,14.4,18.200000000000003,5.6,,1.0
divvy,1,set_cal,2024-04-26,0.01,CalibratedUncertainty2025,10.0,0.07641220370366071,11.200000000000001,13.0,2.3999999999999986,,1.0
divvy,1,set_cal,2024-04-26,0.01,MappedPTO2026,10.0,0.1218742521080496,12.8,16.0,4.800000000000001,,1.0
divvy,1,set_cal,2024-04-26,0.01,GroupAware2025,10.0,0.1218742521080496,13.600000000000001,16.800000000000004,4.800000000000004,,1.0
divvy,1,set_cal,2024-04-26,0.01,RobustImprovement2025,10.0,0.12147627956105193,14.4,18.200000000000003,5.6,,1.0
divvy,1,set_cal,2024-04-26,0.03,StructuralRobust,29.0,9.505948939587798,21.200000000000003,27.200000000000006,9.600000000000005,0.0,1.0
divvy,1,set_cal,2024-04-26,0.03,ExpectedActionValue,29.0,18.97712024967687,3.2,4.199999999999999,2.3999999999999995,,1.0
divvy,1,set_cal,2024-04-26,0.03,PointwiseWorstAction,29.0,19.06381846357055,3.2,4.199999999999999,2.3999999999999995,,1.0
divvy,1,set_cal,2024-04-26,0.03,ScenarioCVaR,29.0,19.06381846357055,3.2,4.199999999999999,2.3999999999999995,,1.0
divvy,1,set_cal,2024-04-26,0.03,RiskFirst,29.0,0.5410167359705662,20.800000000000004,27.200000000000003,11.200000000000003,,1.0
divvy,1,set_cal,2024-04-26,0.03,TemporalContext2024,29.0,0.6838611501410922,20.800000000000004,27.200000000000003,11.199999999999996,,1.0
divvy,1,set_cal,2024-04-26,0.03,NetworkPropagation2024,29.0,0.5408764630409394,20.800000000000004,27.200000000000003,11.199999999999996,,1.0
divvy,1,set_cal,2024-04-26,0.03,CalibratedUncertainty2025,29.0,0.4552863482447029,20.400000000000006,26.400000000000006,9.600000000000001,,1.0
divvy,1,set_cal,2024-04-26,0.03,MappedPTO2026,29.0,0.6752034990134166,19.200000000000003,23.600000000000005,6.400000000000006,,1.0
divvy,1,set_cal,2024-04-26,0.03,GroupAware2025,29.0,0.5410167359705662,20.800000000000004,27.200000000000003,11.200000000000003,,1.0
divvy,1,set_cal,2024-04-26,0.03,RobustImprovement2025,29.0,0.6707879604839107,21.200000000000003,27.600000000000005,11.200000000000003,,1.0
divvy,1,set_cal,2024-04-26,0.05,StructuralRobust,48.0,24.650897224818564,25.20000000000001,32.2,11.999999999999993,0.0,1.0
divvy,1,set_cal,2024-04-26,0.05,ExpectedActionValue,48.0,23.281765113517764,3.2,4.199999999999999,2.3999999999999995,,1.0
divvy,1,set_cal,2024-04-26,0.05,PointwiseWorstAction,48.0,23.614857434191936,3.2,4.199999999999999,2.3999999999999995,,1.0
divvy,1,set_cal,2024-04-26,0.05,ScenarioCVaR,48.0,23.614857434191936,3.2,4.199999999999999,2.3999999999999995,,1.0
divvy,1,set_cal,2024-04-26,0.05,RiskFirst,48.0,1.4380409791209459,26.40000000000001,33.400000000000006,11.99999999999999,,1.0
divvy,1,set_cal,2024-04-26,0.05,TemporalContext2024,48.0,1.44350365141526,24.000000000000007,31.000000000000007,11.999999999999986,,1.0
divvy,1,set_cal,2024-04-26,0.05,NetworkPropagation2024,48.0,1.4559898558958964,23.200000000000006,30.200000000000003,11.99999999999999,,1.0
divvy,1,set_cal,2024-04-26,0.05,CalibratedUncertainty2025,48.0,1.1824491682199965,26.80000000000001,33.8,11.999999999999986,,1.0
divvy,1,set_cal,2024-04-26,0.05,MappedPTO2026,48.0,1.4612913179999802,26.800000000000008,33.8,11.99999999999999,,1.0
divvy,1,set_cal,2024-04-26,0.05,GroupAware2025,48.0,1.3725382170055709,24.800000000000008,31.8,11.99999999999999,,1.0
divvy,1,set_cal,2024-04-26,0.05,RobustImprovement2025,48.0,1.4578005562238063,25.200000000000006,32.2,11.99999999999999,,1.0
divvy,1,set_cal,2024-04-26,0.1,StructuralRobust,97.0,0.06610651118974176,33.60000000000001,40.599999999999994,11.999999999999979,0.0,1.0
divvy,1,set_cal,2024-04-26,0.1,ExpectedActionValue,97.0,29.281408610777053,3.2,4.199999999999999,2.3999999999999995,,1.0
divvy,1,set_cal,2024-04-26,0.1,PointwiseWorstAction,97.0,29.453725156340028,4.0,5.0,2.3999999999999995,,1.0
divvy,1,set_cal,2024-04-26,0.1,ScenarioCVaR,97.0,29.453725156340028,4.0,5.0,2.3999999999999995,,1.0
divvy,1,set_cal,2024-04-26,0.1,RiskFirst,97.0,1.9807264411276642,30.80000000000001,37.79999999999999,11.999999999999979,,1.0
divvy,1,set_cal,2024-04-26,0.1,TemporalContext2024,97.0,2.44113228987178,33.20000000000001,40.199999999999996,11.999999999999972,,1.0
divvy,1,set_cal,2024-04-26,0.1,NetworkPropagation2024,97.0,2.332837276128869,30.00000000000001,37.0,11.999999999999975,,1.0
divvy,1,set_cal,2024-04-26,0.1,CalibratedUncertainty2025,97.0,1.9277841939182505,33.60000000000001,40.599999999999994,11.999999999999979,,1.0
divvy,1,set_cal,2024-04-26,0.1,MappedPTO2026,97.0,1.9702314956114164,30.80000000000001,37.8,11.999999999999979,,1.0
divvy,1,set_cal,2024-04-26,0.1,GroupAware2025,97.0,2.668594841479849,33.20000000000001,40.199999999999996,11.999999999999979,,1.0
divvy,1,set_cal,2024-04-26,0.1,RobustImprovement2025,97.0,1.9389383777906255,30.80000000000001,37.8,11.999999999999979,,1.0
divvy,1,set_cal,2024-04-26,0.2,StructuralRobust,194.0,0.06690988293115083,41.19999999999999,48.799999999999976,12.799999999999983,0.0,1.0
divvy,1,set_cal,2024-04-26,0.2,ExpectedActionValue,194.0,33.40657824884952,19.200000000000006,22.200000000000006,5.600000000000001,,1.0
divvy,1,set_cal,2024-04-26,0.2,PointwiseWorstAction,194.0,33.233878346913365,16.000000000000004,19.0,5.599999999999994,,1.0
divvy,1,set_cal,2024-04-26,0.2,ScenarioCVaR,194.0,33.233878346913365,16.000000000000004,19.0,5.599999999999994,,1.0
divvy,1,set_cal,2024-04-26,0.2,RiskFirst,194.0,6.619483326812368,38.4,45.399999999999984,11.999999999999979,,1.0
divvy,1,set_cal,2024-04-26,0.2,TemporalContext2024,194.0,6.134529488403081,40.0,47.59999999999998,12.799999999999969,,1.0
divvy,1,set_cal,2024-04-26,0.2,NetworkPropagation2024,194.0,5.887763124598115,36.00000000000001,42.999999999999986,11.999999999999964,,1.0
divvy,1,set_cal,2024-04-26,0.2,CalibratedUncertainty2025,194.0,6.841841777332786,48.799999999999976,56.39999999999996,12.799999999999983,,1.0
divvy,1,set_cal,2024-04-26,0.2,MappedPTO2026,194.0,6.100105843687589,43.6,51.39999999999998,13.599999999999973,,1.0
divvy,1,set_cal,2024-04-26,0.2,GroupAware2025,194.0,6.427340420398027,35.2,42.79999999999999,12.799999999999983,,1.0
divvy,1,set_cal,2024-04-26,0.2,RobustImprovement2025,194.0,8.167947484986959,39.99999999999999,48.19999999999999,13.599999999999987,,1.0
divvy,1,set_cal,2024-04-27,0.01,StructuralRobust,12.0,8.745059987238829,4.8,5.3999999999999995,0.7999999999999998,0.0,1.0
divvy,1,set_cal,2024-04-27,0.01,ExpectedActionValue,12.0,10.46741224058504,3.2,5.4,4.000000000000001,,1.0
divvy,1,set_cal,2024-04-27,0.01,PointwiseWorstAction,12.0,10.611485499113238,3.2,5.4,4.000000000000001,,1.0
divvy,1,set_cal,2024-04-27,0.01,ScenarioCVaR,12.0,10.611485499113238,3.2,5.4,4.000000000000001,,1.0
divvy,1,set_cal,2024-04-27,0.01,RiskFirst,12.0,1.5259792046073717,5.6,6.8,1.5999999999999996,,1.0
divvy,1,set_cal,2024-04-27,0.01,TemporalContext2024,12.0,1.525979204607372,5.6,6.8,1.5999999999999996,,1.0
divvy,1,set_cal,2024-04-27,0.01,NetworkPropagation2024,12.0,1.445130543573165,4.8,6.0,1.6000000000000005,,1.0
divvy,1,set_cal,2024-04-27,0.01,CalibratedUncertainty2025,12.0,1.3542596859385554,5.6,7.4,2.4000000000000004,,1.0
divvy,1,set_cal,2024-04-27,0.01,MappedPTO2026,12.0,1.3228810399108826,4.8,6.0,1.6000000000000005,,1.0
divvy,1,set_cal,2024-04-27,0.01,GroupAware2025,12.0,1.5259792046073717,5.6,6.8,1.5999999999999996,,1.0
divvy,1,set_cal,2024-04-27,0.01,RobustImprovement2025,12.0,1.9110721136239441,5.6,6.8,1.5999999999999996,,1.0
divvy,1,set_cal,2024-04-27,0.03,StructuralRobust,35.0,8.541583158864077,12.800000000000002,16.600000000000005,5.600000000000003,0.0,1.0
divvy,1,set_cal,2024-04-27,0.03,ExpectedActionValue,35.0,23.12684710113391,6.4,10.500000000000002,6.8000000000000025,,1.0
divvy,1,set_cal,2024-04-27,0.03,PointwiseWorstAction,35.0,23.631017562819725,8.0,12.100000000000003,6.800000000000004,,1.0
divvy,1,set_cal,2024-04-27,0.03,ScenarioCVaR,35.0,23.631017562819725,8.0,12.100000000000003,6.800000000000004,,1.0
divvy,1,set_cal,2024-04-27,0.03,RiskFirst,35.0,2.452003351580749,13.600000000000001,18.000000000000004,6.400000000000002,,1.0
divvy,1,set_cal,2024-04-27,0.03,TemporalContext2024,35.0,2.400957705583014,12.800000000000002,17.200000000000003,6.4,,1.0
divvy,1,set_cal,2024-04-27,0.03,NetworkPropagation2024,35.0,2.1950937319404877,12.0,15.8,5.600000000000001,,1.0
divvy,1,set_cal,2024-04-27,0.03,CalibratedUncertainty2025,35.0,2.355476207904409,12.8,16.0,4.800000000000001,,1.0
divvy,1,set_cal,2024-04-27,0.03,MappedPTO2026,35.0,2.44645942978577,12.000000000000002,15.800000000000002,5.6,,1.0
divvy,1,set_cal,2024-04-27,0.03,GroupAware2025,35.0,2.433305149402698,12.000000000000004,15.200000000000001,4.800000000000001,,1.0
divvy,1,set_cal,2024-04-27,0.03,RobustImprovement2025,35.0,2.440645639881037,14.400000000000002,18.800000000000004,6.400000000000002,,1.0
divvy,1,set_cal,2024-04-27,0.05,StructuralRobust,58.0,22.210167754773387,17.60000000000001,22.600000000000012,7.200000000000003,0.0,1.0
divvy,1,set_cal,2024-04-27,0.05,ExpectedActionValue,58.0,32.07530529633879,9.6,13.700000000000003,6.800000000000006,,1.0
divvy,1,set_cal,2024-04-27,0.05,PointwiseWorstAction,58.0,32.18742054212345,9.6,13.700000000000003,6.800000000000006,,1.0
divvy,1,set_cal,2024-04-27,0.05,ScenarioCVaR,58.0,32.18742054212345,9.6,13.700000000000003,6.800000000000006,,1.0
divvy,1,set_cal,2024-04-27,0.05,RiskFirst,58.0,3.2908940805198705,18.400000000000006,24.20000000000001,8.800000000000004,,1.0
divvy,1,set_cal,2024-04-27,0.05,TemporalContext2024,58.0,2.5992694335411763,19.60000000000001,26.200000000000006,10.399999999999995,,1.0
divvy,1,set_cal,2024-04-27,0.05,NetworkPropagation2024,58.0,2.742349022169146,17.600000000000005,23.400000000000006,8.8,,1.0
divvy,1,set_cal,2024-04-27,0.05,CalibratedUncertainty2025,58.0,3.6014376999590314,20.800000000000008,27.400000000000013,10.400000000000002,,1.0
divvy,1,set_cal,2024-04-27,0.05,MappedPTO2026,58.0,3.1521111306427376,21.60000000000001,27.40000000000001,8.8,,1.0
divvy,1,set_cal,2024-04-27,0.05,GroupAware2025,58.0,3.273750607679281,19.200000000000006,25.800000000000008,10.400000000000002,,1.0
divvy,1,set_cal,2024-04-27,0.05,RobustImprovement2025,58.0,3.3313303258532527,19.200000000000006,25.00000000000001,8.800000000000004,,1.0
divvy,1,set_cal,2024-04-27,0.1,StructuralRobust,116.0,0.04835161953762292,36.80000000000001,47.8,18.399999999999984,0.0,1.0
divvy,1,set_cal,2024-04-27,0.1,ExpectedActionValue,116.0,42.16783810645326,21.600000000000005,27.700000000000006,10.000000000000007,,1.0
divvy,1,set_cal,2024-04-27,0.1,PointwiseWorstAction,116.0,42.27110534963449,21.6,27.700000000000006,10.00000000000001,,1.0
divvy,1,set_cal,2024-04-27,0.1,ScenarioCVaR,116.0,42.27110534963449,21.6,27.700000000000006,10.00000000000001,,1.0
divvy,1,set_cal,2024-04-27,0.1,RiskFirst,116.0,5.759666550333653,30.400000000000013,37.800000000000004,11.999999999999979,,1.0
divvy,1,set_cal,2024-04-27,0.1,TemporalContext2024,116.0,5.455435619249424,27.600000000000016,35.60000000000001,12.799999999999983,,1.0
divvy,1,set_cal,2024-04-27,0.1,NetworkPropagation2024,116.0,5.730530164347581,27.200000000000014,36.00000000000001,14.399999999999988,,1.0
divvy,1,set_cal,2024-04-27,0.1,CalibratedUncertainty2025,116.0,6.019912665753388,36.80000000000001,47.8,18.399999999999984,,1.0
divvy,1,set_cal,2024-04-27,0.1,MappedPTO2026,116.0,5.7874768378383585,30.400000000000013,37.800000000000004,11.999999999999986,,1.0
divvy,1,set_cal,2024-04-27,0.1,GroupAware2025,116.0,5.606575324189319,28.400000000000013,35.800000000000004,11.999999999999979,,1.0
divvy,1,set_cal,2024-04-27,0.1,RobustImprovement2025,116.0,6.45294922613151,28.800000000000015,36.800000000000004,12.79999999999998,,1.0
divvy,1,set_cal,2024-04-27,0.2,StructuralRobust,232.0,0.048358952386662026,47.199999999999996,63.499999999999986,28.399999999999984,0.0,1.0
divvy,1,set_cal,2024-04-27,0.2,ExpectedActionValue,232.0,48.1002439539203,35.20000000000002,45.8,18.399999999999984,,1.0
divvy,1,set_cal,2024-04-27,0.2,PointwiseWorstAction,232.0,47.999771385542054,32.800000000000004,43.199999999999996,17.599999999999994,,1.0
divvy,1,set_cal,2024-04-27,0.2,ScenarioCVaR,232.0,47.999771385542054,32.800000000000004,43.199999999999996,17.599999999999994,,1.0
divvy,1,set_cal,2024-04-27,0.2,RiskFirst,232.0,9.187501597096468,37.6,47.599999999999994,15.999999999999979,,1.0
divvy,1,set_cal,2024-04-27,0.2,TemporalContext2024,232.0,9.337631705952923,42.4,54.899999999999984,21.199999999999974,,1.0
divvy,1,set_cal,2024-04-27,0.2,NetworkPropagation2024,232.0,9.436337217207798,36.800000000000004,47.599999999999994,17.599999999999987,,1.0
divvy,1,set_cal,2024-04-27,0.2,CalibratedUncertainty2025,232.0,12.396431248700061,51.99999999999998,68.39999999999998,28.79999999999999,,1.0
divvy,1,set_cal,2024-04-27,0.2,MappedPTO2026,232.0,9.011946635574619,40.0,51.49999999999999,18.79999999999999,,1.0
divvy,1,set_cal,2024-04-27,0.2,GroupAware2025,232.0,11.168016863382393,33.600000000000016,42.400000000000006,14.39999999999997,,1.0
divvy,1,set_cal,2024-04-27,0.2,RobustImprovement2025,232.0,13.173640774839997,38.40000000000001,51.1,20.399999999999977,,1.0
divvy,1,set_cal,2024-04-28,0.01,StructuralRobust,10.0,5.560922790015933,2.4000000000000004,3.2,1.5999999999999996,0.0,1.0
divvy,1,set_cal,2024-04-28,0.01,ExpectedActionValue,10.0,8.358503828531255,0.8,1.4,0.8,,1.0
divvy,1,set_cal,2024-04-28,0.01,PointwiseWorstAction,10.0,8.529762293500967,0.8,1.4,0.8,,1.0
divvy,1,set_cal,2024-04-28,0.01,ScenarioCVaR,10.0,8.529762293500967,0.8,1.4,0.8,,1.0
divvy,1,set_cal,2024-04-28,0.01,RiskFirst,10.0,0.06669625288472941,3.2,4.800000000000001,3.2,,1.0
divvy,1,set_cal,2024-04-28,0.01,TemporalContext2024,10.0,0.06669625288472941,2.4000000000000004,4.0,3.2,,1.0
divvy,1,set_cal,2024-04-28,0.01,NetworkPropagation2024,10.0,0.09214676028810616,2.4000000000000004,4.0,3.2,,1.0
divvy,1,set_cal,2024-04-28,0.01,CalibratedUncertainty2025,10.0,0.2141135784681892,3.2,4.800000000000001,3.2,,1.0
divvy,1,set_cal,2024-04-28,0.01,MappedPTO2026,10.0,0.03254319445447432,2.4000000000000004,3.2,1.5999999999999996,,1.0
divvy,1,set_cal,2024-04-28,0.01,GroupAware2025,10.0,0.06669625288472941,3.2,4.800000000000001,3.2,,1.0
divvy,1,set_cal,2024-04-28,0.01,RobustImprovement2025,10.0,0.20714205387286072,3.2,4.800000000000001,3.2,,1.0
divvy,1,set_cal,2024-04-28,0.03,StructuralRobust,29.0,5.9075841108166705,12.400000000000002,16.400000000000006,6.400000000000002,0.0,1.0
divvy,1,set_cal,2024-04-28,0.03,ExpectedActionValue,29.0,16.748397176318253,0.8,1.4,0.8,,1.0
divvy,1,set_cal,2024-04-28,0.03,PointwiseWorstAction,29.0,17.002751781975558,0.8,1.4,0.8,,1.0
divvy,1,set_cal,2024-04-28,0.03,ScenarioCVaR,29.0,17.002751781975558,0.8,1.4,0.8,,1.0
divvy,1,set_cal,2024-04-28,0.03,RiskFirst,29.0,1.0518605557945193,10.8,14.200000000000003,5.600000000000005,,1.0
divvy,1,set_cal,2024-04-28,0.03,TemporalContext2024,29.0,1.0770251269635047,11.6,15.000000000000002,5.600000000000003,,1.0
divvy,1,set_cal,2024-04-28,0.03,NetworkPropagation2024,29.0,2.0151889870407973,9.200000000000001,12.0,4.800000000000001,,1.0
divvy,1,set_cal,2024-04-28,0.03,CalibratedUncertainty2025,29.0,1.3063720260062912,11.200000000000003,14.600000000000003,5.600000000000001,,1.0
divvy,1,set_cal,2024-04-28,0.03,MappedPTO2026,29.0,1.0518605557945193,10.799999999999999,14.200000000000003,5.600000000000007,,1.0
divvy,1,set_cal,2024-04-28,0.03,GroupAware2025,29.0,1.333417116708966,10.000000000000002,13.400000000000002,5.600000000000001,,1.0
divvy,1,set_cal,2024-04-28,0.03,RobustImprovement2025,29.0,1.0348742785991316,11.6,15.600000000000001,6.400000000000004,,1.0
divvy,1,set_cal,2024-04-28,0.05,StructuralRobust,48.0,14.928925999968527,14.800000000000002,19.400000000000006,7.200000000000005,0.0,1.0
divvy,1,set_cal,2024-04-28,0.05,ExpectedActionValue,48.0,21.76435656412837,0.8,1.4,0.8,,1.0
divvy,1,set_cal,2024-04-28,0.05,PointwiseWorstAction,48.0,21.862639054549327,0.8,1.4,0.8,,1.0
divvy,1,set_cal,2024-04-28,0.05,ScenarioCVaR,48.0,21.862639054549327,0.8,1.4,0.8,,1.0
divvy,1,set_cal,2024-04-28,0.05,RiskFirst,48.0,1.4634294028822954,14.000000000000002,18.000000000000004,6.4000000000000075,,1.0
divvy,1,set_cal,2024-04-28,0.05,TemporalContext2024,48.0,1.4769598966724686,14.000000000000002,18.000000000000004,6.400000000000004,,1.0
divvy,1,set_cal,2024-04-28,0.05,NetworkPropagation2024,48.0,2.388736609429986,14.000000000000004,18.000000000000007,6.400000000000002,,1.0
divvy,1,set_cal,2024-04-28,0.05,CalibratedUncertainty2025,48.0,1.379831511298018,14.400000000000004,19.000000000000007,7.200000000000005,,1.0
divvy,1,set_cal,2024-04-28,0.05,MappedPTO2026,48.0,1.43826483171331,15.6,20.200000000000003,7.200000000000012,,1.0
divvy,1,set_cal,2024-04-28,0.05,GroupAware2025,48.0,1.4879333540612767,15.600000000000001,20.200000000000003,7.200000000000003,,1.0
divvy,1,set_cal,2024-04-28,0.05,RobustImprovement2025,48.0,1.3933715297365206,15.6,20.200000000000003,7.200000000000005,,1.0
divvy,1,set_cal,2024-04-28,0.1,StructuralRobust,96.0,0.028356870592922873,22.400000000000006,29.000000000000007,10.399999999999999,0.0,1.0
divvy,1,set_cal,2024-04-28,0.1,ExpectedActionValue,96.0,28.541244105559574,3.2,3.8,0.7999999999999998,,1.0
divvy,1,set_cal,2024-04-28,0.1,PointwiseWorstAction,96.0,28.68034808868327,3.2,3.8,0.7999999999999998,,1.0
divvy,1,set_cal,2024-04-28,0.1,ScenarioCVaR,96.0,28.68034808868327,3.2,3.8,0.7999999999999998,,1.0
divvy,1,set_cal,2024-04-28,0.1,RiskFirst,96.0,5.28138193707618,19.2,25.600000000000005,9.600000000000012,,1.0
divvy,1,set_cal,2024-04-28,0.1,TemporalContext2024,96.0,3.809123262457976,16.400000000000002,21.000000000000004,7.200000000000003,,1.0
divvy,1,set_cal,2024-04-28,0.1,NetworkPropagation2024,96.0,4.095907176566207,18.000000000000004,22.600000000000005,7.200000000000003,,1.0
divvy,1,set_cal,2024-04-28,0.1,CalibratedUncertainty2025,96.0,2.9805774351272087,22.000000000000007,28.60000000000001,10.399999999999999,,1.0
divvy,1,set_cal,2024-04-28,0.1,MappedPTO2026,96.0,4.949116999848011,19.2,25.600000000000005,9.600000000000012,,1.0
divvy,1,set_cal,2024-04-28,0.1,GroupAware2025,96.0,6.941324677686635,16.0,20.6,7.200000000000003,,1.0
divvy,1,set_cal,2024-04-28,0.1,RobustImprovement2025,96.0,4.564532480601697,19.2,25.6,9.600000000000005,,1.0
divvy,1,set_cal,2024-04-28,0.2,StructuralRobust,193.0,0.028356870592922873,28.40000000000001,35.00000000000001,10.399999999999995,0.0,1.0
divvy,1,set_cal,2024-04-28,0.2,ExpectedActionValue,193.0,32.920132304229504,9.6,11.600000000000003,3.2000000000000046,,1.0
divvy,1,set_cal,2024-04-28,0.2,PointwiseWorstAction,193.0,32.86294167716169,11.600000000000001,14.400000000000002,4.800000000000001,,1.0
divvy,1,set_cal,2024-04-28,0.2,ScenarioCVaR,193.0,32.86294167716169,11.600000000000001,14.400000000000002,4.800000000000001,,1.0
divvy,1,set_cal,2024-04-28,0.2,RiskFirst,193.0,8.083327769663713,30.400000000000006,38.50000000000001,12.400000000000013,,1.0
divvy,1,set_cal,2024-04-28,0.2,TemporalContext2024,193.0,9.012545714020671,30.800000000000008,40.0,14.399999999999995,,1.0
divvy,1,set_cal,2024-04-28,0.2,NetworkPropagation2024,193.0,8.491744118186192,32.80000000000001,40.90000000000001,12.399999999999999,,1.0
divvy,1,set_cal,2024-04-28,0.2,CalibratedUncertainty2025,193.0,7.856836785824736,29.600000000000012,39.40000000000001,15.2,,1.0
divvy,1,set_cal,2024-04-28,0.2,MappedPTO2026,193.0,8.42103946554756,28.400000000000006,35.60000000000001,11.200000000000003,,1.0
divvy,1,set_cal,2024-04-28,0.2,GroupAware2025,193.0,11.570639973307934,22.8,30.000000000000004,11.2,,1.0
divvy,1,set_cal,2024-04-28,0.2,RobustImprovement2025,193.0,8.029202684678848,23.2,30.200000000000006,10.40000000000001,,1.0
divvy,1,set_cal,2024-04-29,0.01,StructuralRobust,10.0,9.195932297841384,8.4,11.4,5.6,0.0,1.0
divvy,1,set_cal,2024-04-29,0.01,ExpectedActionValue,10.0,11.481510668894419,0.0,0.0,0.0,,1.0
divvy,1,set_cal,2024-04-29,0.01,PointwiseWorstAction,10.0,11.748942027234662,0.0,0.0,0.0,,1.0
divvy,1,set_cal,2024-04-29,0.01,ScenarioCVaR,10.0,11.748942027234662,0.0,0.0,0.0,,1.0
divvy,1,set_cal,2024-04-29,0.01,RiskFirst,10.0,0.10850881659243902,7.999999999999999,11.0,5.600000000000004,,1.0
divvy,1,set_cal,2024-04-29,0.01,TemporalContext2024,10.0,0.11296350847174065,7.199999999999999,10.2,5.600000000000001,,1.0
divvy,1,set_cal,2024-04-29,0.01,NetworkPropagation2024,10.0,0.17700559491070506,6.800000000000001,9.8,5.600000000000001,,1.0
divvy,1,set_cal,2024-04-29,0.01,CalibratedUncertainty2025,10.0,0.16781866444816695,6.3999999999999995,9.4,5.600000000000002,,1.0
divvy,1,set_cal,2024-04-29,0.01,MappedPTO2026,10.0,0.10612767335936266,8.799999999999999,12.400000000000002,6.400000000000004,,1.0
divvy,1,set_cal,2024-04-29,0.01,GroupAware2025,10.0,0.10850881659243902,7.999999999999999,11.0,5.600000000000002,,1.0
divvy,1,set_cal,2024-04-29,0.01,RobustImprovement2025,10.0,0.10850881659243904,7.999999999999999,11.0,5.600000000000002,,1.0
divvy,1,set_cal,2024-04-29,0.03,StructuralRobust,31.0,10.744174054568441,18.400000000000006,23.400000000000002,8.8,0.0,1.0
divvy,1,set_cal,2024-04-29,0.03,ExpectedActionValue,31.0,23.14976187634228,1.6,2.4000000000000004,1.6,,1.0
divvy,1,set_cal,2024-04-29,0.03,PointwiseWorstAction,31.0,23.702729024211155,1.6,2.4000000000000004,1.6,,1.0
divvy,1,set_cal,2024-04-29,0.03,ScenarioCVaR,31.0,23.702729024211155,1.6,2.4000000000000004,1.6,,1.0
divvy,1,set_cal,2024-04-29,0.03,RiskFirst,31.0,0.29101408207789486,17.2,22.200000000000003,8.8,,1.0
divvy,1,set_cal,2024-04-29,0.03,TemporalContext2024,31.0,0.2862934320017659,15.600000000000001,20.6,8.799999999999997,,1.0
divvy,1,set_cal,2024-04-29,0.03,NetworkPropagation2024,31.0,0.2862934320017659,15.600000000000005,20.600000000000005,8.8,,1.0
divvy,1,set_cal,2024-04-29,0.03,CalibratedUncertainty2025,31.0,2.022006239960893,14.800000000000002,19.200000000000003,8.000000000000002,,1.0
divvy,1,set_cal,2024-04-29,0.03,MappedPTO2026,31.0,0.3328392680046575,16.8,21.800000000000004,8.8,,1.0
divvy,1,set_cal,2024-04-29,0.03,GroupAware2025,31.0,0.29101408207789486,17.2,22.200000000000003,8.8,,1.0
divvy,1,set_cal,2024-04-29,0.03,RobustImprovement2025,31.0,0.39790235455242484,16.8,21.8,8.8,,1.0
divvy,1,set_cal,2024-04-29,0.05,StructuralRobust,51.0,28.009999514443226,26.000000000000014,31.800000000000008,10.399999999999991,0.0,1.0
divvy,1,set_cal,2024-04-29,0.05,ExpectedActionValue,51.0,30.97121199073265,3.2,4.6000000000000005,2.4000000000000004,,1.0
divvy,1,set_cal,2024-04-29,0.05,PointwiseWorstAction,51.0,31.256029702725776,3.2,4.6000000000000005,2.4000000000000004,,1.0
divvy,1,set_cal,2024-04-29,0.05,ScenarioCVaR,51.0,31.256029702725776,3.2,4.6000000000000005,2.4000000000000004,,1.0
divvy,1,set_cal,2024-04-29,0.05,RiskFirst,51.0,0.7369638844852643,23.600000000000005,30.000000000000007,11.199999999999992,,1.0
divvy,1,set_cal,2024-04-29,0.05,TemporalContext2024,51.0,0.524801106465096,23.200000000000006,29.6,11.199999999999992,,1.0
divvy,1,set_cal,2024-04-29,0.05,NetworkPropagation2024,51.0,0.8536965662139245,22.80000000000001,29.20000000000001,11.200000000000003,,1.0
divvy,1,set_cal,2024-04-29,0.05,CalibratedUncertainty2025,51.0,2.1624839159604323,22.000000000000007,27.800000000000008,10.399999999999999,,1.0
divvy,1,set_cal,2024-04-29,0.05,MappedPTO2026,51.0,0.7435243981978727,23.600000000000005,30.000000000000007,11.199999999999992,,1.0
divvy,1,set_cal,2024-04-29,0.05,GroupAware2025,51.0,0.7622897959040631,23.600000000000005,30.000000000000007,11.2,,1.0
divvy,1,set_cal,2024-04-29,0.05,RobustImprovement2025,51.0,0.8026034830591058,24.000000000000004,30.4,11.199999999999992,,1.0
divvy,1,set_cal,2024-04-29,0.1,StructuralRobust,103.0,0.08621790031508857,33.600000000000016,40.60000000000001,11.999999999999979,0.0,1.0
divvy,1,set_cal,2024-04-29,0.1,ExpectedActionValue,103.0,40.363639008794244,7.2,8.600000000000001,2.4000000000000012,,1.0
divvy,1,set_cal,2024-04-29,0.1,PointwiseWorstAction,103.0,40.469056996995064,6.4,7.8000000000000025,2.400000000000002,,1.0
divvy,1,set_cal,2024-04-29,0.1,ScenarioCVaR,103.0,40.469056996995064,6.4,7.8000000000000025,2.400000000000002,,1.0
divvy,1,set_cal,2024-04-29,0.1,RiskFirst,103.0,5.351645677975149,34.400000000000006,42.2,13.59999999999998,,1.0
divvy,1,set_cal,2024-04-29,0.1,TemporalContext2024,103.0,5.348471924861732,36.80000000000001,45.99999999999999,15.999999999999972,,1.0
divvy,1,set_cal,2024-04-29,0.1,NetworkPropagation2024,103.0,5.769110803826614,34.40000000000001,41.6,12.799999999999983,,1.0
divvy,1,set_cal,2024-04-29,0.1,CalibratedUncertainty2025,103.0,5.776959744797831,33.600000000000016,40.60000000000001,11.999999999999979,,1.0
divvy,1,set_cal,2024-04-29,0.1,MappedPTO2026,103.0,4.810440120769825,34.400000000000006,42.2,13.59999999999998,,1.0
divvy,1,set_cal,2024-04-29,0.1,GroupAware2025,103.0,3.5357418901100934,32.400000000000006,40.2,13.599999999999987,,1.0
divvy,1,set_cal,2024-04-29,0.1,RobustImprovement2025,103.0,4.734168616685468,35.20000000000001,42.99999999999999,13.599999999999973,,1.0
divvy,1,set_cal,2024-04-29,0.2,StructuralRobust,205.0,0.08747610702495118,41.99999999999999,51.19999999999999,15.999999999999986,0.0,1.0
divvy,1,set_cal,2024-04-29,0.2,ExpectedActionValue,205.0,45.38544688479541,14.000000000000002,16.6,3.9999999999999982,,1.0
divvy,1,set_cal,2024-04-29,0.2,PointwiseWorstAction,205.0,45.47157928293049,16.400000000000002,19.000000000000004,4.0000000000000036,,1.0
divvy,1,set_cal,2024-04-29,0.2,ScenarioCVaR,205.0,45.47157928293049,16.400000000000002,19.000000000000004,4.0000000000000036,,1.0
divvy,1,set_cal,2024-04-29,0.2,RiskFirst,205.0,8.777172312086185,45.19999999999998,56.59999999999999,20.000000000000007,,1.0
divvy,1,set_cal,2024-04-29,0.2,TemporalContext2024,205.0,9.406814968121967,43.599999999999994,54.99999999999998,19.99999999999997,,1.0
divvy,1,set_cal,2024-04-29,0.2,NetworkPropagation2024,205.0,9.92157240071471,40.8,50.8,17.599999999999994,,1.0
divvy,1,set_cal,2024-04-29,0.2,CalibratedUncertainty2025,205.0,9.58555105661308,53.19999999999997,65.99999999999996,22.399999999999984,,1.0
divvy,1,set_cal,2024-04-29,0.2,MappedPTO2026,205.0,9.161175003265756,45.99999999999998,56.799999999999976,19.19999999999998,,1.0
divvy,1,set_cal,2024-04-29,0.2,GroupAware2025,205.0,9.509358539616468,40.39999999999999,50.99999999999999,18.4,,1.0
divvy,1,set_cal,2024-04-29,0.2,RobustImprovement2025,205.0,7.335983486173111,40.4,49.79999999999998,16.79999999999997,,1.0
divvy,1,set_cal,2024-04-30,0.01,StructuralRobust,12.0,15.268618940988512,16.0,23.6,16.0,0.0,1.0
divvy,1,set_cal,2024-04-30,0.01,ExpectedActionValue,12.0,11.188815584448438,1.6,1.6,0.0,,1.0
divvy,1,set_cal,2024-04-30,0.01,PointwiseWorstAction,12.0,11.567671419791369,3.2,4.0,1.6000000000000005,,1.0
divvy,1,set_cal,2024-04-30,0.01,ScenarioCVaR,12.0,11.567671419791369,3.2,4.0,1.6000000000000005,,1.0
divvy,1,set_cal,2024-04-30,0.01,RiskFirst,12.0,0.20622201286414055,14.400000000000002,22.6,16.800000000000004,,1.0
divvy,1,set_cal,2024-04-30,0.01,TemporalContext2024,12.0,0.20085663392281097,16.0,23.6,16.0,,1.0
divvy,1,set_cal,2024-04-30,0.01,NetworkPropagation2024,12.0,0.20085663392281097,16.0,23.6,16.0,,1.0
divvy,1,set_cal,2024-04-30,0.01,CalibratedUncertainty2025,12.0,0.2248913733323939,12.800000000000002,19.200000000000003,12.799999999999999,,1.0
divvy,1,set_cal,2024-04-30,0.01,MappedPTO2026,12.0,0.20622201286414055,14.400000000000002,22.6,16.8,,1.0
divvy,1,set_cal,2024-04-30,0.01,GroupAware2025,12.0,0.20618219829591508,15.200000000000003,23.400000000000006,16.800000000000004,,1.0
divvy,1,set_cal,2024-04-30,0.01,RobustImprovement2025,12.0,0.2566993106504226,16.8,25.0,16.8,,1.0
divvy,1,set_cal,2024-04-30,0.03,StructuralRobust,35.0,16.039449571754954,28.000000000000007,41.80000000000001,27.999999999999993,0.0,1.0
divvy,1,set_cal,2024-04-30,0.03,ExpectedActionValue,35.0,22.478721144227574,6.3999999999999995,8.8,4.800000000000002,,1.0
divvy,1,set_cal,2024-04-30,0.03,PointwiseWorstAction,35.0,22.513237956295917,6.3999999999999995,8.8,4.800000000000003,,1.0
divvy,1,set_cal,2024-04-30,0.03,ScenarioCVaR,35.0,22.513237956295917,6.3999999999999995,8.8,4.800000000000003,,1.0
divvy,1,set_cal,2024-04-30,0.03,RiskFirst,35.0,0.9721710483181433,32.00000000000001,48.900000000000006,33.99999999999998,,1.0
divvy,1,set_cal,2024-04-30,0.03,TemporalContext2024,35.0,0.955967704631663,30.40000000000001,45.89999999999999,31.599999999999977,,1.0
divvy,1,set_cal,2024-04-30,0.03,NetworkPropagation2024,35.0,1.2352083724187652,32.00000000000001,48.3,33.19999999999998,,1.0
divvy,1,set_cal,2024-04-30,0.03,CalibratedUncertainty2025,35.0,1.2203946208456573,30.400000000000016,44.39999999999999,28.799999999999965,,1.0
divvy,1,set_cal,2024-04-30,0.03,MappedPTO2026,35.0,1.0666623036980345,32.000000000000014,48.8,33.599999999999966,,1.0
divvy,1,set_cal,2024-04-30,0.03,GroupAware2025,35.0,1.1018069010287448,32.800000000000004,48.89999999999999,32.399999999999984,,1.0
divvy,1,set_cal,2024-04-30,0.03,RobustImprovement2025,35.0,1.162815288728475,32.800000000000004,48.79999999999999,31.99999999999998,,1.0
divvy,1,set_cal,2024-04-30,0.05,StructuralRobust,58.0,43.84209213648975,43.2,62.2,37.599999999999994,0.0,1.0
divvy,1,set_cal,2024-04-30,0.05,ExpectedActionValue,58.0,28.978170335301733,11.2,14.8,6.400000000000002,,1.0
divvy,1,set_cal,2024-04-30,0.05,PointwiseWorstAction,58.0,29.136285381905132,11.2,14.8,6.400000000000006,,1.0
divvy,1,set_cal,2024-04-30,0.05,ScenarioCVaR,58.0,29.136285381905132,11.2,14.8,6.400000000000006,,1.0
divvy,1,set_cal,2024-04-30,0.05,RiskFirst,58.0,1.8476085709952192,41.59999999999998,62.29999999999998,41.19999999999999,,1.0
divvy,1,set_cal,2024-04-30,0.05,TemporalContext2024,58.0,1.8954767263584742,40.79999999999999,61.499999999999986,41.199999999999996,,1.0
divvy,1,set_cal,2024-04-30,0.05,NetworkPropagation2024,58.0,1.8071029511979728,39.99999999999998,58.49999999999997,37.199999999999996,,1.0
divvy,1,set_cal,2024-04-30,0.05,CalibratedUncertainty2025,58.0,1.8210979273954355,40.0,57.39999999999998,34.39999999999998,,1.0
divvy,1,set_cal,2024-04-30,0.05,MappedPTO2026,58.0,1.7871969490047126,39.99999999999999,60.69999999999999,41.19999999999998,,1.0
divvy,1,set_cal,2024-04-30,0.05,GroupAware2025,58.0,1.8476085709952192,41.59999999999998,62.29999999999998,41.2,,1.0
divvy,1,set_cal,2024-04-30,0.05,RobustImprovement2025,58.0,1.918058195405081,40.79999999999999,60.699999999999974,39.59999999999997,,1.0
divvy,1,set_cal,2024-04-30,0.1,StructuralRobust,116.0,0.11175589229540299,63.99999999999995,88.59999999999994,47.19999999999998,0.0,1.0
divvy,1,set_cal,2024-04-30,0.1,ExpectedActionValue,116.0,37.52133825733692,17.6,23.60000000000001,9.600000000000009,,1.0
divvy,1,set_cal,2024-04-30,0.1,PointwiseWorstAction,116.0,37.61478970162517,17.6,23.60000000000001,9.600000000000009,,1.0
divvy,1,set_cal,2024-04-30,0.1,ScenarioCVaR,116.0,37.61478970162517,17.6,23.60000000000001,9.600000000000009,,1.0
divvy,1,set_cal,2024-04-30,0.1,RiskFirst,116.0,3.529443159689056,66.39999999999993,97.59999999999995,60.80000000000001,,1.0
divvy,1,set_cal,2024-04-30,0.1,TemporalContext2024,116.0,3.622596549757734,61.59999999999995,88.99999999999994,53.60000000000001,,1.0
divvy,1,set_cal,2024-04-30,0.1,NetworkPropagation2024,116.0,3.4071263833973244,64.79999999999994,92.79999999999994,54.400000000000006,,1.0
divvy,1,set_cal,2024-04-30,0.1,CalibratedUncertainty2025,116.0,3.949828833467122,63.99999999999995,88.59999999999994,47.19999999999998,,1.0
divvy,1,set_cal,2024-04-30,0.1,MappedPTO2026,116.0,3.5294431596890563,64.79999999999995,94.59999999999995,58.39999999999999,,1.0
divvy,1,set_cal,2024-04-30,0.1,GroupAware2025,116.0,3.5572807063325924,63.99999999999994,92.39999999999995,56.000000000000014,,1.0
divvy,1,set_cal,2024-04-30,0.1,RobustImprovement2025,116.0,3.924697411403928,67.19999999999995,97.39999999999995,58.39999999999999,,1.0
divvy,1,set_cal,2024-04-30,0.2,StructuralRobust,231.0,0.11930588645670931,93.99999999999986,130.39999999999992,68.80000000000018,0.0,1.0
divvy,1,set_cal,2024-04-30,0.2,ExpectedActionValue,231.0,42.51401041753869,32.40000000000001,41.60000000000001,15.999999999999993,,1.0
divvy,1,set_cal,2024-04-30,0.2,PointwiseWorstAction,231.0,42.44100465394728,32.80000000000001,43.0,16.799999999999983,,1.0
divvy,1,set_cal,2024-04-30,0.2,ScenarioCVaR,231.0,42.44100465394728,32.80000000000001,43.0,16.799999999999983,,1.0
divvy,1,set_cal,2024-04-30,0.2,RiskFirst,231.0,8.53898947231866,99.59999999999985,141.59999999999994,78.4000000000002,,1.0
divvy,1,set_cal,2024-04-30,0.2,TemporalContext2024,231.0,7.711943779600721,95.59999999999985,133.5999999999999,72.0000000000002,,1.0
divvy,1,set_cal,2024-04-30,0.2,NetworkPropagation2024,231.0,8.254130426198445,91.59999999999987,128.19999999999993,69.60000000000018,,1.0
divvy,1,set_cal,2024-04-30,0.2,CalibratedUncertainty2025,231.0,7.164952591574539,105.19999999999982,143.79999999999995,72.8000000000003,,1.0
divvy,1,set_cal,2024-04-30,0.2,MappedPTO2026,231.0,8.752683289772085,95.59999999999988,133.79999999999995,72.80000000000018,,1.0
divvy,1,set_cal,2024-04-30,0.2,GroupAware2025,231.0,8.624840860538896,93.19999999999986,130.79999999999995,70.40000000000022,,1.0
divvy,1,set_cal,2024-04-30,0.2,RobustImprovement2025,231.0,8.177844886197946,91.59999999999988,129.19999999999993,72.00000000000014,,1.0
divvy,1,test,2024-05-01,0.01,StructuralRobust,9.0,10.989639595358101,8.0,14.200000000000003,12.000000000000004,0.0,1.0
divvy,1,test,2024-05-01,0.01,ExpectedActionValue,9.0,7.101424103791754,1.6,2.3000000000000003,1.2000000000000002,,1.0
divvy,1,test,2024-05-01,0.01,PointwiseWorstAction,9.0,7.2563131808167185,1.6,2.3000000000000003,1.2000000000000002,,1.0
divvy,1,test,2024-05-01,0.01,ScenarioCVaR,9.0,7.2563131808167185,1.6,2.3000000000000003,1.2000000000000002,,1.0
divvy,1,test,2024-05-01,0.01,RiskFirst,9.0,0.3740894070592966,9.6,17.200000000000003,14.400000000000007,,1.0
divvy,1,test,2024-05-01,0.01,TemporalContext2024,9.0,0.3740894070592966,9.6,17.200000000000003,14.400000000000007,,1.0
divvy,1,test,2024-05-01,0.01,NetworkPropagation2024,9.0,0.3740894070592966,9.6,17.200000000000003,14.400000000000007,,1.0
divvy,1,test,2024-05-01,0.01,CalibratedUncertainty2025,9.0,0.7186080184250071,8.799999999999999,15.8,13.600000000000007,,1.0
divvy,1,test,2024-05-01,0.01,MappedPTO2026,9.0,0.3740894070592966,8.799999999999999,15.8,13.600000000000007,,1.0
divvy,1,test,2024-05-01,0.01,GroupAware2025,9.0,0.3740894070592966,9.6,17.200000000000003,14.400000000000007,,1.0
divvy,1,test,2024-05-01,0.01,RobustImprovement2025,9.0,0.3738931924081569,9.6,16.6,13.600000000000007,,1.0
divvy,1,test,2024-05-01,0.03,StructuralRobust,28.0,13.245220286245383,23.200000000000006,35.70000000000001,23.599999999999998,0.0,1.0
divvy,1,test,2024-05-01,0.03,ExpectedActionValue,28.0,15.552574638881714,3.2,3.9,1.2000000000000002,,1.0
divvy,1,test,2024-05-01,0.03,PointwiseWorstAction,28.0,15.555322375887394,3.2,3.9,1.2000000000000002,,1.0
divvy,1,test,2024-05-01,0.03,ScenarioCVaR,28.0,15.555322375887394,3.2,3.9,1.2000000000000002,,1.0
divvy,1,test,2024-05-01,0.03,RiskFirst,28.0,0.9767532983888698,21.60000000000001,34.900000000000006,25.199999999999996,,1.0
divvy,1,test,2024-05-01,0.03,TemporalContext2024,28.0,0.9767532983888698,21.600000000000005,34.900000000000006,25.199999999999992,,1.0
divvy,1,test,2024-05-01,0.03,NetworkPropagation2024,28.0,0.9767532983888698,21.600000000000005,34.900000000000006,25.199999999999992,,1.0
divvy,1,test,2024-05-01,0.03,CalibratedUncertainty2025,28.0,0.999241746091251,21.600000000000005,34.1,23.59999999999999,,1.0
divvy,1,test,2024-05-01,0.03,MappedPTO2026,28.0,0.9437508362028643,24.00000000000001,38.50000000000001,26.799999999999994,,1.0
divvy,1,test,2024-05-01,0.03,GroupAware2025,28.0,0.9590855920448207,21.60000000000001,34.900000000000006,25.199999999999996,,1.0
divvy,1,test,2024-05-01,0.03,RobustImprovement2025,28.0,0.9954487029196004,22.400000000000006,34.900000000000006,23.599999999999994,,1.0
divvy,1,test,2024-05-01,0.05,StructuralRobust,47.0,35.78804739638399,33.20000000000001,48.900000000000006,28.39999999999999,0.0,1.0
divvy,1,test,2024-05-01,0.05,ExpectedActionValue,47.0,20.816025253515406,4.800000000000001,5.5,1.1999999999999993,,1.0
divvy,1,test,2024-05-01,0.05,PointwiseWorstAction,47.0,20.908313151223307,4.800000000000001,5.5,1.1999999999999993,,1.0
divvy,1,test,2024-05-01,0.05,ScenarioCVaR,47.0,20.908313151223307,4.800000000000001,5.5,1.1999999999999993,,1.0
divvy,1,test,2024-05-01,0.05,RiskFirst,47.0,1.1888888446131998,33.20000000000002,49.70000000000002,29.999999999999986,,1.0
divvy,1,test,2024-05-01,0.05,TemporalContext2024,47.0,1.1888888446131998,33.20000000000002,49.70000000000001,29.99999999999998,,1.0
divvy,1,test,2024-05-01,0.05,NetworkPropagation2024,47.0,1.168298857842961,32.80000000000001,49.300000000000004,29.99999999999998,,1.0
divvy,1,test,2024-05-01,0.05,CalibratedUncertainty2025,47.0,1.2119906677650145,34.0,49.099999999999994,27.599999999999987,,1.0
divvy,1,test,2024-05-01,0.05,MappedPTO2026,47.0,1.2144440553932498,32.000000000000014,48.50000000000001,29.999999999999986,,1.0
divvy,1,test,2024-05-01,0.05,GroupAware2025,47.0,1.168298857842961,32.80000000000001,49.30000000000001,29.999999999999986,,1.0
divvy,1,test,2024-05-01,0.05,RobustImprovement2025,47.0,1.1552930395601686,33.20000000000001,48.900000000000006,28.399999999999984,,1.0
divvy,1,test,2024-05-01,0.1,StructuralRobust,95.0,0.10229337727598077,48.39999999999996,67.29999999999997,33.19999999999999,0.0,1.0
divvy,1,test,2024-05-01,0.1,ExpectedActionValue,95.0,26.812092439030618,12.800000000000002,16.5,5.1999999999999975,,1.0
divvy,1,test,2024-05-01,0.1,PointwiseWorstAction,95.0,26.985520892341302,12.000000000000002,15.700000000000003,5.1999999999999975,,1.0
divvy,1,test,2024-05-01,0.1,ScenarioCVaR,95.0,26.985520892341302,12.000000000000002,15.700000000000003,5.1999999999999975,,1.0
divvy,1,test,2024-05-01,0.1,RiskFirst,95.0,4.168633807252178,50.79999999999998,70.39999999999998,34.39999999999998,,1.0
divvy,1,test,2024-05-01,0.1,TemporalContext2024,95.0,3.8749982816401696,49.19999999999998,68.19999999999997,33.59999999999997,,1.0
divvy,1,test,2024-05-01,0.1,NetworkPropagation2024,95.0,4.633994917187939,48.399999999999984,67.39999999999998,33.59999999999997,,1.0
divvy,1,test,2024-05-01,0.1,CalibratedUncertainty2025,95.0,3.0047736874561677,48.39999999999996,67.29999999999997,33.19999999999999,,1.0
divvy,1,test,2024-05-01,0.1,MappedPTO2026,95.0,4.137132996345651,49.999999999999986,69.6,34.39999999999998,,1.0
divvy,1,test,2024-05-01,0.1,GroupAware2025,95.0,3.947779552812838,50.79999999999998,71.39999999999998,36.79999999999997,,1.0
divvy,1,test,2024-05-01,0.1,RobustImprovement2025,95.0,3.8436224820294624,52.39999999999998,72.29999999999998,34.79999999999998,,1.0
divvy,1,test,2024-05-01,0.2,StructuralRobust,190.0,0.10623164842073385,64.79999999999995,88.29999999999995,41.19999999999996,0.0,1.0
divvy,1,test,2024-05-01,0.2,ExpectedActionValue,190.0,31.561111148588534,25.600000000000012,33.800000000000004,12.799999999999986,,1.0
divvy,1,test,2024-05-01,0.2,PointwiseWorstAction,190.0,31.469886889823947,26.000000000000007,34.900000000000006,13.999999999999993,,1.0
divvy,1,test,2024-05-01,0.2,ScenarioCVaR,190.0,31.469886889823947,26.000000000000007,34.900000000000006,13.999999999999993,,1.0
divvy,1,test,2024-05-01,0.2,RiskFirst,190.0,8.172988901152573,67.99999999999999,93.89999999999998,44.39999999999996,,1.0
divvy,1,test,2024-05-01,0.2,TemporalContext2024,190.0,6.449341907304107,67.19999999999997,90.69999999999996,41.19999999999996,,1.0
divvy,1,test,2024-05-01,0.2,NetworkPropagation2024,190.0,6.930230005958401,65.59999999999997,90.29999999999998,42.79999999999998,,1.0
divvy,1,test,2024-05-01,0.2,CalibratedUncertainty2025,190.0,7.172308435113863,73.59999999999992,99.59999999999994,44.79999999999997,,1.0
divvy,1,test,2024-05-01,0.2,MappedPTO2026,190.0,6.232234754975814,70.39999999999998,97.49999999999996,45.99999999999996,,1.0
divvy,1,test,2024-05-01,0.2,GroupAware2025,190.0,7.8900808283748916,67.99999999999999,94.49999999999997,45.19999999999996,,1.0
divvy,1,test,2024-05-01,0.2,RobustImprovement2025,190.0,7.346590724724142,69.59999999999997,95.49999999999997,44.39999999999998,,1.0
divvy,1,test,2024-05-02,0.01,StructuralRobust,9.0,14.044167811711677,13.600000000000001,20.400000000000002,11.200000000000003,0.0,1.0
divvy,1,test,2024-05-02,0.01,ExpectedActionValue,9.0,8.491380616829508,5.6,8.0,3.200000000000001,,1.0
divvy,1,test,2024-05-02,0.01,PointwiseWorstAction,9.0,8.73811315345564,5.6,8.0,3.200000000000001,,1.0
divvy,1,test,2024-05-02,0.01,ScenarioCVaR,9.0,8.73811315345564,5.6,8.0,3.200000000000001,,1.0
divvy,1,test,2024-05-02,0.01,RiskFirst,9.0,0.7626707644030744,13.600000000000001,21.4,13.600000000000001,,1.0
divvy,1,test,2024-05-02,0.01,TemporalContext2024,9.0,0.7626707644030744,14.400000000000002,22.2,13.600000000000001,,1.0
divvy,1,test,2024-05-02,0.01,NetworkPropagation2024,9.0,0.7626707644030744,14.400000000000002,22.2,13.600000000000001,,1.0
divvy,1,test,2024-05-02,0.01,CalibratedUncertainty2025,9.0,0.37935775172362435,12.000000000000002,18.6,11.999999999999998,,1.0
divvy,1,test,2024-05-02,0.01,MappedPTO2026,9.0,0.7626707644030744,14.400000000000002,22.2,13.600000000000001,,1.0
divvy,1,test,2024-05-02,0.01,GroupAware2025,9.0,0.7626707644030744,13.600000000000001,21.4,13.600000000000001,,1.0
divvy,1,test,2024-05-02,0.01,RobustImprovement2025,9.0,0.7626707644030744,14.400000000000002,22.200000000000003,13.600000000000005,,1.0
divvy,1,test,2024-05-02,0.03,StructuralRobust,27.0,14.858671170693619,33.60000000000001,49.4,27.999999999999993,0.0,1.0
divvy,1,test,2024-05-02,0.03,ExpectedActionValue,27.0,19.224320615947203,7.199999999999999,10.200000000000001,4.000000000000002,,1.0
divvy,1,test,2024-05-02,0.03,PointwiseWorstAction,27.0,19.252678330800137,5.6,8.0,3.200000000000001,,1.0
divvy,1,test,2024-05-02,0.03,ScenarioCVaR,27.0,19.252678330800137,5.6,8.0,3.200000000000001,,1.0
divvy,1,test,2024-05-02,0.03,RiskFirst,27.0,1.8833291601608853,32.800000000000004,49.2,28.80000000000001,,1.0
divvy,1,test,2024-05-02,0.03,TemporalContext2024,27.0,1.8833291601608853,32.800000000000004,49.2,28.800000000000004,,1.0
divvy,1,test,2024-05-02,0.03,NetworkPropagation2024,27.0,1.8833291601608853,32.80000000000001,49.2,28.799999999999997,,1.0
divvy,1,test,2024-05-02,0.03,CalibratedUncertainty2025,27.0,1.7264557179766828,30.400000000000006,44.60000000000001,24.800000000000004,,1.0
divvy,1,test,2024-05-02,0.03,MappedPTO2026,27.0,1.6409729663240997,30.40000000000001,46.2,27.999999999999996,,1.0
divvy,1,test,2024-05-02,0.03,GroupAware2025,27.0,1.8833291601608853,32.800000000000004,49.2,28.800000000000004,,1.0
divvy,1,test,2024-05-02,0.03,RobustImprovement2025,27.0,1.891790842531833,32.00000000000001,48.40000000000001,28.799999999999997,,1.0
divvy,1,test,2024-05-02,0.05,StructuralRobust,45.0,38.977525039317314,40.8,58.599999999999994,31.19999999999999,0.0,1.0
divvy,1,test,2024-05-02,0.05,ExpectedActionValue,45.0,25.02465879760004,11.2,14.8,4.800000000000004,,1.0
divvy,1,test,2024-05-02,0.05,PointwiseWorstAction,45.0,25.11801211148377,11.2,14.8,4.800000000000004,,1.0
divvy,1,test,2024-05-02,0.05,ScenarioCVaR,45.0,25.11801211148377,11.2,14.8,4.800000000000004,,1.0
divvy,1,test,2024-05-02,0.05,RiskFirst,45.0,2.462983427799701,40.79999999999999,58.39999999999999,30.400000000000013,,1.0
divvy,1,test,2024-05-02,0.05,TemporalContext2024,45.0,2.476225098334522,41.599999999999994,59.19999999999999,30.399999999999977,,1.0
divvy,1,test,2024-05-02,0.05,NetworkPropagation2024,45.0,2.465381834639554,40.0,57.6,30.400000000000006,,1.0
divvy,1,test,2024-05-02,0.05,CalibratedUncertainty2025,45.0,2.3435000000446267,41.59999999999999,59.79999999999999,31.199999999999996,,1.0
divvy,1,test,2024-05-02,0.05,MappedPTO2026,45.0,2.462983427799701,37.599999999999994,54.59999999999999,29.599999999999994,,1.0
divvy,1,test,2024-05-02,0.05,GroupAware2025,45.0,2.5653588138805574,40.79999999999999,58.39999999999999,30.4,,1.0
divvy,1,test,2024-05-02,0.05,RobustImprovement2025,45.0,2.462983427799701,41.59999999999999,59.99999999999999,32.00000000000001,,1.0
divvy,1,test,2024-05-02,0.1,StructuralRobust,90.0,0.11256510788369384,53.59999999999996,73.79999999999995,34.4,0.0,1.0
divvy,1,test,2024-05-02,0.1,ExpectedActionValue,90.0,33.56253824246725,15.200000000000003,20.800000000000004,8.000000000000004,,1.0
divvy,1,test,2024-05-02,0.1,PointwiseWorstAction,90.0,33.58200350245583,15.200000000000003,20.800000000000004,8.000000000000004,,1.0
divvy,1,test,2024-05-02,0.1,ScenarioCVaR,90.0,33.58200350245583,15.200000000000003,20.800000000000004,8.000000000000004,,1.0
divvy,1,test,2024-05-02,0.1,RiskFirst,90.0,4.064380214783183,54.39999999999996,74.59999999999997,34.40000000000002,,1.0
divvy,1,test,2024-05-02,0.1,TemporalContext2024,90.0,3.3320495622614037,54.39999999999996,74.59999999999997,34.39999999999999,,1.0
divvy,1,test,2024-05-02,0.1,NetworkPropagation2024,90.0,3.755767600016245,55.99999999999997,76.99999999999997,36.000000000000014,,1.0
divvy,1,test,2024-05-02,0.1,CalibratedUncertainty2025,90.0,4.048701160093319,53.59999999999996,73.79999999999995,34.4,,1.0
divvy,1,test,2024-05-02,0.1,MappedPTO2026,90.0,4.064380214783183,54.39999999999997,74.59999999999997,34.4,,1.0
divvy,1,test,2024-05-02,0.1,GroupAware2025,90.0,4.143614370699229,54.39999999999996,74.59999999999997,34.400000000000006,,1.0
divvy,1,test,2024-05-02,0.1,RobustImprovement2025,90.0,3.6904870223750263,55.999999999999964,76.99999999999997,36.00000000000001,,1.0
divvy,1,test,2024-05-02,0.2,StructuralRobust,181.0,0.1148270659298217,64.79999999999995,90.19999999999996,42.400000000000006,0.0,1.0
divvy,1,test,2024-05-02,0.2,ExpectedActionValue,181.0,38.7577453891266,23.20000000000001,31.000000000000014,12.0,,1.0
divvy,1,test,2024-05-02,0.2,PointwiseWorstAction,181.0,38.526424345285236,23.20000000000001,31.000000000000014,12.0,,1.0
divvy,1,test,2024-05-02,0.2,ScenarioCVaR,181.0,38.526424345285236,23.20000000000001,31.000000000000014,12.0,,1.0
divvy,1,test,2024-05-02,0.2,RiskFirst,181.0,7.4122312829560455,61.99999999999996,84.59999999999997,39.20000000000002,,1.0
divvy,1,test,2024-05-02,0.2,TemporalContext2024,181.0,8.75172384468563,66.79999999999995,90.59999999999998,40.8,,1.0
divvy,1,test,2024-05-02,0.2,NetworkPropagation2024,181.0,7.3084727142280865,61.599999999999966,84.19999999999996,39.2,,1.0
divvy,1,test,2024-05-02,0.2,CalibratedUncertainty2025,181.0,10.838044441293617,71.99999999999993,99.59999999999997,46.40000000000002,,1.0
divvy,1,test,2024-05-02,0.2,MappedPTO2026,181.0,8.309111079023413,65.19999999999996,88.39999999999996,40.0,,1.0
divvy,1,test,2024-05-02,0.2,GroupAware2025,181.0,7.686751574989737,60.39999999999996,82.39999999999996,38.400000000000006,,1.0
divvy,1,test,2024-05-02,0.2,RobustImprovement2025,181.0,8.923849280931398,62.799999999999955,86.19999999999997,40.80000000000001,,1.0
divvy,1,test,2024-05-03,0.01,StructuralRobust,9.0,7.679231973583994,9.600000000000001,12.0,4.800000000000001,0.0,1.0
divvy,1,test,2024-05-03,0.01,ExpectedActionValue,9.0,11.955531494784891,0.0,0.0,0.0,,1.0
divvy,1,test,2024-05-03,0.01,PointwiseWorstAction,9.0,11.955531494784891,0.0,0.0,0.0,,1.0
divvy,1,test,2024-05-03,0.01,ScenarioCVaR,9.0,11.955531494784891,0.0,0.0,0.0,,1.0
divvy,1,test,2024-05-03,0.01,RiskFirst,9.0,0.1798341865499874,5.6,9.399999999999999,7.200000000000001,,1.0
divvy,1,test,2024-05-03,0.01,TemporalContext2024,9.0,0.158452442057207,5.6,8.8,6.400000000000002,,1.0
divvy,1,test,2024-05-03,0.01,NetworkPropagation2024,9.0,0.17983418654998742,6.4,10.200000000000001,7.199999999999999,,1.0
divvy,1,test,2024-05-03,0.01,CalibratedUncertainty2025,9.0,0.07646979126173403,7.2,11.0,7.200000000000002,,1.0
divvy,1,test,2024-05-03,0.01,MappedPTO2026,9.0,0.17983418654998742,5.6,9.399999999999999,7.200000000000001,,1.0
divvy,1,test,2024-05-03,0.01,GroupAware2025,9.0,0.1798341865499874,5.6,9.399999999999999,7.200000000000001,,1.0
divvy,1,test,2024-05-03,0.01,RobustImprovement2025,9.0,0.1470549645011835,8.0,10.4,4.8000000000000025,,1.0
divvy,1,test,2024-05-03,0.03,StructuralRobust,27.0,8.276292094770941,15.600000000000001,20.200000000000003,8.8,0.0,1.0
divvy,1,test,2024-05-03,0.03,ExpectedActionValue,27.0,20.590812497346572,0.0,0.0,0.0,,1.0
divvy,1,test,2024-05-03,0.03,PointwiseWorstAction,27.0,20.969565584370482,1.2000000000000002,1.2000000000000002,0.0,,1.0
divvy,1,test,2024-05-03,0.03,ScenarioCVaR,27.0,20.969565584370482,1.2000000000000002,1.2000000000000002,0.0,,1.0
divvy,1,test,2024-05-03,0.03,RiskFirst,27.0,0.40017624529288737,15.200000000000001,20.400000000000006,9.600000000000003,,1.0
divvy,1,test,2024-05-03,0.03,TemporalContext2024,27.0,0.3668378626688148,15.200000000000003,20.400000000000006,9.600000000000001,,1.0
divvy,1,test,2024-05-03,0.03,NetworkPropagation2024,27.0,0.341482553060621,16.0,22.0,11.199999999999996,,1.0
divvy,1,test,2024-05-03,0.03,CalibratedUncertainty2025,27.0,0.6059270533312844,15.200000000000005,21.000000000000007,10.400000000000004,,1.0
divvy,1,test,2024-05-03,0.03,MappedPTO2026,27.0,0.4000979280100076,14.400000000000002,19.6,9.599999999999998,,1.0
divvy,1,test,2024-05-03,0.03,GroupAware2025,27.0,0.40017624529288737,14.4,19.0,8.800000000000002,,1.0
divvy,1,test,2024-05-03,0.03,RobustImprovement2025,27.0,0.38507532739588457,16.400000000000002,21.6,9.600000000000001,,1.0
divvy,1,test,2024-05-03,0.05,StructuralRobust,46.0,21.631329661200674,28.400000000000006,36.2,13.599999999999994,0.0,1.0
divvy,1,test,2024-05-03,0.05,ExpectedActionValue,46.0,26.899097795042234,3.5999999999999996,3.5999999999999996,0.0,,1.0
divvy,1,test,2024-05-03,0.05,PointwiseWorstAction,46.0,27.423234168380898,2.8,2.8,0.0,,1.0
divvy,1,test,2024-05-03,0.05,ScenarioCVaR,46.0,27.423234168380898,2.8,2.8,0.0,,1.0
divvy,1,test,2024-05-03,0.05,RiskFirst,46.0,1.0380732436651137,26.000000000000007,33.20000000000001,12.800000000000004,,1.0
divvy,1,test,2024-05-03,0.05,TemporalContext2024,46.0,1.2382012978710635,27.60000000000001,36.20000000000002,15.200000000000003,,1.0
divvy,1,test,2024-05-03,0.05,NetworkPropagation2024,46.0,1.0455462692465889,26.40000000000001,35.0,15.199999999999992,,1.0
divvy,1,test,2024-05-03,0.05,CalibratedUncertainty2025,46.0,1.0035729167434717,24.40000000000001,33.000000000000014,15.2,,1.0
divvy,1,test,2024-05-03,0.05,MappedPTO2026,46.0,1.0380732436651137,26.00000000000001,33.2,12.799999999999994,,1.0
divvy,1,test,2024-05-03,0.05,GroupAware2025,46.0,1.062637254023502,26.000000000000004,33.20000000000001,12.800000000000008,,1.0
divvy,1,test,2024-05-03,0.05,RobustImprovement2025,46.0,1.366615829384601,25.20000000000001,32.400000000000006,12.79999999999999,,1.0
divvy,1,test,2024-05-03,0.1,StructuralRobust,92.0,0.05255484245467124,34.80000000000001,45.599999999999994,19.19999999999998,0.0,1.0
divvy,1,test,2024-05-03,0.1,ExpectedActionValue,92.0,35.62349883617078,10.8,12.2,2.3999999999999986,,1.0
divvy,1,test,2024-05-03,0.1,PointwiseWorstAction,92.0,35.67562337281818,10.000000000000002,11.4,2.3999999999999986,,1.0
divvy,1,test,2024-05-03,0.1,ScenarioCVaR,92.0,35.67562337281818,10.000000000000002,11.4,2.3999999999999986,,1.0
divvy,1,test,2024-05-03,0.1,RiskFirst,92.0,3.5706055795013607,32.40000000000001,42.60000000000001,18.399999999999984,,1.0
divvy,1,test,2024-05-03,0.1,TemporalContext2024,92.0,3.3710860293374596,33.20000000000001,43.2,17.599999999999987,,1.0
divvy,1,test,2024-05-03,0.1,NetworkPropagation2024,92.0,3.8415711598789084,34.000000000000014,44.0,17.59999999999998,,1.0
divvy,1,test,2024-05-03,0.1,CalibratedUncertainty2025,92.0,3.8309549573756905,34.80000000000001,45.599999999999994,19.19999999999998,,1.0
divvy,1,test,2024-05-03,0.1,MappedPTO2026,92.0,3.3106949598106192,31.600000000000016,41.0,16.799999999999976,,1.0
divvy,1,test,2024-05-03,0.1,GroupAware2025,92.0,3.54000457227489,36.400000000000006,47.2,19.199999999999996,,1.0
divvy,1,test,2024-05-03,0.1,RobustImprovement2025,92.0,3.2208043638790427,34.80000000000001,45.599999999999994,19.199999999999974,,1.0
divvy,1,test,2024-05-03,0.2,StructuralRobust,183.0,0.052702376891905614,43.99999999999999,55.99999999999998,20.79999999999999,0.0,1.0
divvy,1,test,2024-05-03,0.2,ExpectedActionValue,183.0,41.002280606215606,23.200000000000006,27.40000000000001,7.199999999999999,,1.0
divvy,1,test,2024-05-03,0.2,PointwiseWorstAction,183.0,40.898085337598225,22.40000000000001,26.600000000000012,7.199999999999999,,1.0
divvy,1,test,2024-05-03,0.2,ScenarioCVaR,183.0,40.898085337598225,22.40000000000001,26.600000000000012,7.199999999999999,,1.0
divvy,1,test,2024-05-03,0.2,RiskFirst,183.0,7.345102739270728,47.6,64.19999999999999,29.599999999999987,,1.0
divvy,1,test,2024-05-03,0.2,TemporalContext2024,183.0,9.19000454545182,46.0,63.20000000000001,30.400000000000006,,1.0
divvy,1,test,2024-05-03,0.2,NetworkPropagation2024,183.0,8.035827082200132,45.199999999999996,59.59999999999999,25.599999999999987,,1.0
divvy,1,test,2024-05-03,0.2,CalibratedUncertainty2025,183.0,9.437595418237333,47.59999999999999,60.199999999999974,21.599999999999987,,1.0
divvy,1,test,2024-05-03,0.2,MappedPTO2026,183.0,8.603716200710071,46.000000000000014,62.0,28.799999999999983,,1.0
divvy,1,test,2024-05-03,0.2,GroupAware2025,183.0,9.228451862784063,48.39999999999999,65.0,29.599999999999994,,1.0
divvy,1,test,2024-05-03,0.2,RobustImprovement2025,183.0,8.064992275003931,40.400000000000006,54.8,25.59999999999998,,1.0
divvy,1,test,2024-05-04,0.01,StructuralRobust,9.0,4.286079150897495,2.4000000000000004,3.8000000000000003,2.4000000000000004,0.0,1.0
divvy,1,test,2024-05-04,0.01,ExpectedActionValue,9.0,10.467338023961931,0.0,0.0,0.0,,1.0
divvy,1,test,2024-05-04,0.01,PointwiseWorstAction,9.0,10.655092813525906,0.0,0.0,0.0,,1.0
divvy,1,test,2024-05-04,0.01,ScenarioCVaR,9.0,10.655092813525906,0.0,0.0,0.0,,1.0
divvy,1,test,2024-05-04,0.01,RiskFirst,9.0,0.005095604476723507,2.4000000000000004,3.0,0.7999999999999998,,1.0
divvy,1,test,2024-05-04,0.01,TemporalContext2024,9.0,0.004996810295328208,2.4000000000000004,3.0,0.7999999999999998,,1.0
divvy,1,test,2024-05-04,0.01,NetworkPropagation2024,9.0,0.07151038428160202,0.8,0.8,0.0,,1.0
divvy,1,test,2024-05-04,0.01,CalibratedUncertainty2025,9.0,0.15321524639295603,2.4000000000000004,3.8000000000000003,2.4000000000000004,,1.0
divvy,1,test,2024-05-04,0.01,MappedPTO2026,9.0,0.005095604476723507,2.4000000000000004,3.0,0.7999999999999998,,1.0
divvy,1,test,2024-05-04,0.01,GroupAware2025,9.0,0.005095604476723507,2.4000000000000004,3.0,0.7999999999999998,,1.0
divvy,1,test,2024-05-04,0.01,RobustImprovement2025,9.0,0.005095604476723507,1.6,2.2,0.8000000000000003,,1.0
divvy,1,test,2024-05-04,0.03,StructuralRobust,28.0,4.892922974006185,5.6,7.0,2.4000000000000004,0.0,1.0
divvy,1,test,2024-05-04,0.03,ExpectedActionValue,28.0,21.68357867788784,1.6,2.2,0.8000000000000003,,1.0
divvy,1,test,2024-05-04,0.03,PointwiseWorstAction,28.0,21.723292406540033,1.6,2.2,0.8000000000000003,,1.0
divvy,1,test,2024-05-04,0.03,ScenarioCVaR,28.0,21.723292406540033,1.6,2.2,0.8000000000000003,,1.0
divvy,1,test,2024-05-04,0.03,RiskFirst,28.0,0.2731455939931081,5.6,7.0,2.4000000000000004,,1.0
divvy,1,test,2024-05-04,0.03,TemporalContext2024,28.0,0.42432610604455245,6.0,7.4,2.4000000000000004,,1.0
divvy,1,test,2024-05-04,0.03,NetworkPropagation2024,28.0,0.42238873315656705,2.4000000000000004,3.0,0.7999999999999998,,1.0
divvy,1,test,2024-05-04,0.03,CalibratedUncertainty2025,28.0,0.4194226526682092,6.3999999999999995,7.8,2.4000000000000012,,1.0
divvy,1,test,2024-05-04,0.03,MappedPTO2026,28.0,0.28094006696340806,4.0,5.4,2.4000000000000004,,1.0
divvy,1,test,2024-05-04,0.03,GroupAware2025,28.0,0.28094006696340806,5.6,7.0,2.4000000000000004,,1.0
divvy,1,test,2024-05-04,0.03,RobustImprovement2025,28.0,1.0584236724790745,5.6,7.0,2.4000000000000004,,1.0
divvy,1,test,2024-05-04,0.05,StructuralRobust,47.0,12.555952240433397,7.199999999999999,9.4,4.000000000000002,0.0,1.0
divvy,1,test,2024-05-04,0.05,ExpectedActionValue,47.0,28.484035441882416,1.6,2.2,0.8000000000000003,,1.0
divvy,1,test,2024-05-04,0.05,PointwiseWorstAction,47.0,28.55320714990044,1.6,2.2,0.8000000000000003,,1.0
divvy,1,test,2024-05-04,0.05,ScenarioCVaR,47.0,28.55320714990044,1.6,2.2,0.8000000000000003,,1.0
divvy,1,test,2024-05-04,0.05,RiskFirst,47.0,2.0357199374707156,9.2,10.600000000000001,2.400000000000002,,1.0
divvy,1,test,2024-05-04,0.05,TemporalContext2024,47.0,2.0494895785044056,8.4,9.8,2.4000000000000004,,1.0
divvy,1,test,2024-05-04,0.05,NetworkPropagation2024,47.0,1.4021064524553164,4.8,6.2,2.4000000000000004,,1.0
divvy,1,test,2024-05-04,0.05,CalibratedUncertainty2025,47.0,1.4771070582745978,7.199999999999999,8.6,2.400000000000002,,1.0
divvy,1,test,2024-05-04,0.05,MappedPTO2026,47.0,2.2191788083551622,9.200000000000001,10.600000000000001,2.4000000000000004,,1.0
divvy,1,test,2024-05-04,0.05,GroupAware2025,47.0,2.2379645292395285,9.2,10.600000000000001,2.400000000000002,,1.0
divvy,1,test,2024-05-04,0.05,RobustImprovement2025,47.0,1.9619051105061778,7.199999999999999,8.600000000000001,2.400000000000002,,1.0
divvy,1,test,2024-05-04,0.1,StructuralRobust,93.0,0.02728873880758443,12.8,15.8,5.600000000000005,0.0,1.0
divvy,1,test,2024-05-04,0.1,ExpectedActionValue,93.0,37.301659694575,5.6,8.200000000000001,4.000000000000002,,1.0
divvy,1,test,2024-05-04,0.1,PointwiseWorstAction,93.0,37.35660134927764,5.6000000000000005,8.200000000000001,4.000000000000001,,1.0
divvy,1,test,2024-05-04,0.1,ScenarioCVaR,93.0,37.35660134927764,5.6000000000000005,8.200000000000001,4.000000000000001,,1.0
divvy,1,test,2024-05-04,0.1,RiskFirst,93.0,4.26976354285703,14.800000000000002,18.200000000000003,5.600000000000003,,1.0
divvy,1,test,2024-05-04,0.1,TemporalContext2024,93.0,5.069694252153838,13.200000000000003,15.200000000000003,3.1999999999999993,,1.0
divvy,1,test,2024-05-04,0.1,NetworkPropagation2024,93.0,6.201330286134592,13.200000000000003,16.6,5.600000000000001,,1.0
divvy,1,test,2024-05-04,0.1,CalibratedUncertainty2025,93.0,3.8541783198470876,16.0,21.200000000000003,9.600000000000005,,1.0
divvy,1,test,2024-05-04,0.1,MappedPTO2026,93.0,4.1358112146076165,13.200000000000005,16.000000000000004,4.799999999999999,,1.0
divvy,1,test,2024-05-04,0.1,GroupAware2025,93.0,4.548502851367294,11.600000000000001,13.600000000000003,3.200000000000001,,1.0
divvy,1,test,2024-05-04,0.1,RobustImprovement2025,93.0,3.84816458597378,14.400000000000002,19.000000000000007,7.200000000000006,,1.0
divvy,1,test,2024-05-04,0.2,StructuralRobust,186.0,0.02728873880758443,24.800000000000008,33.60000000000001,14.399999999999995,0.0,1.0
divvy,1,test,2024-05-04,0.2,ExpectedActionValue,186.0,42.04018735321531,15.2,20.6,8.8,,1.0
divvy,1,test,2024-05-04,0.2,PointwiseWorstAction,186.0,42.10515518083173,13.600000000000003,18.0,6.399999999999997,,1.0
divvy,1,test,2024-05-04,0.2,ScenarioCVaR,186.0,42.10515518083173,13.600000000000003,18.0,6.399999999999997,,1.0
divvy,1,test,2024-05-04,0.2,RiskFirst,186.0,8.597140979807945,28.400000000000013,37.20000000000001,15.999999999999986,,1.0
divvy,1,test,2024-05-04,0.2,TemporalContext2024,186.0,10.015451627973063,18.800000000000008,23.60000000000001,8.000000000000004,,1.0
divvy,1,test,2024-05-04,0.2,NetworkPropagation2024,186.0,10.951169621494548,22.800000000000008,28.60000000000001,10.400000000000002,,1.0
divvy,1,test,2024-05-04,0.2,CalibratedUncertainty2025,186.0,9.215410045125845,38.39999999999999,48.999999999999986,18.399999999999984,,1.0
divvy,1,test,2024-05-04,0.2,MappedPTO2026,186.0,8.90164817039475,29.200000000000017,37.0,13.59999999999998,,1.0
divvy,1,test,2024-05-04,0.2,GroupAware2025,186.0,11.78330172745753,23.60000000000001,31.000000000000004,13.59999999999998,,1.0
divvy,1,test,2024-05-04,0.2,RobustImprovement2025,186.0,9.412138161942938,19.200000000000006,27.000000000000007,12.000000000000004,,1.0
divvy,1,test,2024-05-05,0.01,StructuralRobust,9.0,5.0884917162634835,6.4,6.999999999999999,0.7999999999999989,0.0,1.0
divvy,1,test,2024-05-05,0.01,ExpectedActionValue,9.0,6.553884153163027,0.0,0.0,0.0,,1.0
divvy,1,test,2024-05-05,0.01,PointwiseWorstAction,9.0,6.934515185128208,0.0,0.0,0.0,,1.0
divvy,1,test,2024-05-05,0.01,ScenarioCVaR,9.0,6.934515185128208,0.0,0.0,0.0,,1.0
divvy,1,test,2024-05-05,0.01,RiskFirst,9.0,0.2333871102414713,4.8,5.3999999999999995,0.7999999999999998,,1.0
divvy,1,test,2024-05-05,0.01,TemporalContext2024,9.0,0.020286765286485386,6.4,7.000000000000002,0.8000000000000007,,1.0
divvy,1,test,2024-05-05,0.01,NetworkPropagation2024,9.0,0.0,4.8,5.3999999999999995,0.7999999999999998,,1.0
divvy,1,test,2024-05-05,0.01,CalibratedUncertainty2025,9.0,0.040405021836618094,4.0,4.6000000000000005,0.7999999999999998,,1.0
divvy,1,test,2024-05-05,0.01,MappedPTO2026,9.0,0.2333871102414713,4.8,5.4,0.8000000000000007,,1.0
divvy,1,test,2024-05-05,0.01,GroupAware2025,9.0,0.00014216726066512112,4.8,5.3999999999999995,0.7999999999999998,,1.0
divvy,1,test,2024-05-05,0.01,RobustImprovement2025,9.0,0.25859004406904984,6.4,7.000000000000002,0.8000000000000007,,1.0
divvy,1,test,2024-05-05,0.03,StructuralRobust,27.0,4.897194984141541,9.6,10.2,0.7999999999999989,0.0,1.0
divvy,1,test,2024-05-05,0.03,ExpectedActionValue,27.0,14.551856759104458,0.8,1.6,1.6000000000000003,,1.0
divvy,1,test,2024-05-05,0.03,PointwiseWorstAction,27.0,14.551856759104457,0.8,1.6,1.6000000000000003,,1.0
divvy,1,test,2024-05-05,0.03,ScenarioCVaR,27.0,14.551856759104457,0.8,1.6,1.6000000000000003,,1.0
divvy,1,test,2024-05-05,0.03,RiskFirst,27.0,0.41002817829695093,8.0,8.599999999999998,0.7999999999999989,,1.0
divvy,1,test,2024-05-05,0.03,TemporalContext2024,27.0,0.5780990253744446,7.2,7.800000000000001,0.8000000000000016,,1.0
divvy,1,test,2024-05-05,0.03,NetworkPropagation2024,27.0,0.4333274116071131,7.2,7.8,0.7999999999999989,,1.0
divvy,1,test,2024-05-05,0.03,CalibratedUncertainty2025,27.0,0.4254669250725255,7.999999999999999,8.599999999999998,0.7999999999999998,,1.0
divvy,1,test,2024-05-05,0.03,MappedPTO2026,27.0,0.4420610825319029,8.0,8.600000000000003,0.8000000000000025,,1.0
divvy,1,test,2024-05-05,0.03,GroupAware2025,27.0,0.5751622278413022,8.0,8.599999999999998,0.7999999999999989,,1.0
divvy,1,test,2024-05-05,0.03,RobustImprovement2025,27.0,0.46726401635948145,8.8,9.400000000000002,0.8000000000000025,,1.0
divvy,1,test,2024-05-05,0.05,StructuralRobust,44.0,11.718686705663663,11.2,11.8,0.8000000000000007,0.0,1.0
divvy,1,test,2024-05-05,0.05,ExpectedActionValue,44.0,18.603240021779865,0.8,1.6,1.6000000000000003,,1.0
divvy,1,test,2024-05-05,0.05,PointwiseWorstAction,44.0,18.747932062081794,0.8,1.6,1.6000000000000003,,1.0
divvy,1,test,2024-05-05,0.05,ScenarioCVaR,44.0,18.747932062081794,0.8,1.6,1.6000000000000003,,1.0
divvy,1,test,2024-05-05,0.05,RiskFirst,44.0,1.8622845414804974,8.8,9.4,0.7999999999999989,,1.0
divvy,1,test,2024-05-05,0.05,TemporalContext2024,44.0,0.8211925305895758,8.8,9.400000000000002,0.8000000000000025,,1.0
divvy,1,test,2024-05-05,0.05,NetworkPropagation2024,44.0,1.5737766163045603,8.0,8.599999999999998,0.7999999999999989,,1.0
divvy,1,test,2024-05-05,0.05,CalibratedUncertainty2025,44.0,1.896320552396637,8.799999999999999,9.4,0.8000000000000007,,1.0
divvy,1,test,2024-05-05,0.05,MappedPTO2026,44.0,1.8590414884678046,8.8,9.400000000000002,0.8000000000000025,,1.0
divvy,1,test,2024-05-05,0.05,GroupAware2025,44.0,2.1996734791300208,9.600000000000001,10.2,0.7999999999999989,,1.0
divvy,1,test,2024-05-05,0.05,RobustImprovement2025,44.0,1.9153726072417663,9.600000000000001,10.200000000000005,0.8000000000000025,,1.0
divvy,1,test,2024-05-05,0.1,StructuralRobust,89.0,0.024420132987528126,14.399999999999999,15.3,1.200000000000001,0.0,1.0
divvy,1,test,2024-05-05,0.1,ExpectedActionValue,89.0,23.567185601808013,0.8,1.6,1.6000000000000003,,1.0
divvy,1,test,2024-05-05,0.1,PointwiseWorstAction,89.0,23.484804129863594,1.6,2.4000000000000004,1.6,,1.0
divvy,1,test,2024-05-05,0.1,ScenarioCVaR,89.0,23.484804129863594,1.6,2.4000000000000004,1.6,,1.0
divvy,1,test,2024-05-05,0.1,RiskFirst,89.0,2.752150738005573,19.200000000000006,25.400000000000006,10.399999999999995,,1.0
divvy,1,test,2024-05-05,0.1,TemporalContext2024,89.0,3.8765701947052027,11.200000000000003,11.800000000000006,0.8000000000000025,,1.0
divvy,1,test,2024-05-05,0.1,NetworkPropagation2024,89.0,3.3571021360688618,9.600000000000001,10.2,0.7999999999999989,,1.0
divvy,1,test,2024-05-05,0.1,CalibratedUncertainty2025,89.0,2.6012729738638143,14.4,15.6,1.5999999999999996,,1.0
divvy,1,test,2024-05-05,0.1,MappedPTO2026,89.0,2.735290477018951,16.000000000000004,21.000000000000007,8.800000000000004,,1.0
divvy,1,test,2024-05-05,0.1,GroupAware2025,89.0,3.793355731487401,15.200000000000003,17.3,2.8000000000000007,,1.0
divvy,1,test,2024-05-05,0.1,RobustImprovement2025,89.0,3.330272553488708,18.400000000000006,22.50000000000001,7.600000000000005,,1.0
divvy,1,test,2024-05-05,0.2,StructuralRobust,178.0,0.024420132987528126,16.8,18.5,2.8000000000000007,0.0,1.0
divvy,1,test,2024-05-05,0.2,ExpectedActionValue,178.0,26.858128175197237,6.800000000000001,11.600000000000001,9.600000000000001,,1.0
divvy,1,test,2024-05-05,0.2,PointwiseWorstAction,178.0,26.80525485575071,3.6000000000000005,5.200000000000001,3.2,,1.0
divvy,1,test,2024-05-05,0.2,ScenarioCVaR,178.0,26.80525485575071,3.6000000000000005,5.200000000000001,3.2,,1.0
divvy,1,test,2024-05-05,0.2,RiskFirst,178.0,4.541085157353932,25.600000000000012,33.7,13.999999999999982,,1.0
divvy,1,test,2024-05-05,0.2,TemporalContext2024,178.0,5.800111915821649,23.20000000000001,32.10000000000001,15.599999999999994,,1.0
divvy,1,test,2024-05-05,0.2,NetworkPropagation2024,178.0,6.777691001769022,24.000000000000007,32.900000000000006,15.600000000000001,,1.0
divvy,1,test,2024-05-05,0.2,CalibratedUncertainty2025,178.0,4.926738020579116,19.200000000000003,22.400000000000002,4.800000000000001,,1.0
divvy,1,test,2024-05-05,0.2,MappedPTO2026,178.0,5.069767238759178,22.800000000000008,28.60000000000001,10.40000000000001,,1.0
divvy,1,test,2024-05-05,0.2,GroupAware2025,178.0,4.873223286622325,23.200000000000006,30.500000000000007,12.400000000000002,,1.0
divvy,1,test,2024-05-05,0.2,RobustImprovement2025,178.0,6.7827655719492554,21.60000000000001,26.50000000000001,9.200000000000006,,1.0
divvy,1,test,2024-05-06,0.01,StructuralRobust,10.0,11.375090279344487,13.6,21.800000000000004,16.800000000000004,0.0,1.0
divvy,1,test,2024-05-06,0.01,ExpectedActionValue,10.0,9.866105130049364,0.0,0.0,0.0,,1.0
divvy,1,test,2024-05-06,0.01,PointwiseWorstAction,10.0,9.986240179537408,0.0,0.0,0.0,,1.0
divvy,1,test,2024-05-06,0.01,ScenarioCVaR,10.0,9.986240179537408,0.0,0.0,0.0,,1.0
divvy,1,test,2024-05-06,0.01,RiskFirst,10.0,0.20391033194461472,9.600000000000001,14.600000000000001,10.399999999999999,,1.0
divvy,1,test,2024-05-06,0.01,TemporalContext2024,10.0,0.2039103319446147,9.600000000000001,14.600000000000001,10.399999999999999,,1.0
divvy,1,test,2024-05-06,0.01,NetworkPropagation2024,10.0,0.15634921245849492,9.600000000000001,15.400000000000002,12.0,,1.0
divvy,1,test,2024-05-06,0.01,CalibratedUncertainty2025,10.0,0.15634921245849492,8.8,13.8,10.400000000000002,,1.0
divvy,1,test,2024-05-06,0.01,MappedPTO2026,10.0,0.2039103319446147,9.600000000000001,14.600000000000001,10.399999999999999,,1.0
divvy,1,test,2024-05-06,0.01,GroupAware2025,10.0,0.20391033194461472,9.600000000000001,14.600000000000001,10.399999999999999,,1.0
divvy,1,test,2024-05-06,0.01,RobustImprovement2025,10.0,0.1783463693055569,12.000000000000002,19.400000000000002,15.200000000000005,,1.0
divvy,1,test,2024-05-06,0.03,StructuralRobust,28.0,11.631186403590286,25.60000000000001,37.00000000000001,23.199999999999996,0.0,1.0
divvy,1,test,2024-05-06,0.03,ExpectedActionValue,28.0,19.483382354332356,1.6,2.2,0.8000000000000003,,1.0
divvy,1,test,2024-05-06,0.03,PointwiseWorstAction,28.0,19.690799814362567,1.6,2.2,0.8000000000000003,,1.0
divvy,1,test,2024-05-06,0.03,ScenarioCVaR,28.0,19.690799814362567,1.6,2.2,0.8000000000000003,,1.0
divvy,1,test,2024-05-06,0.03,RiskFirst,28.0,0.5714703212934554,20.800000000000008,32.800000000000004,23.999999999999996,,1.0
divvy,1,test,2024-05-06,0.03,TemporalContext2024,28.0,0.6268433400779179,19.200000000000006,29.600000000000005,20.799999999999994,,1.0
divvy,1,test,2024-05-06,0.03,NetworkPropagation2024,28.0,0.5714703212934554,20.800000000000008,32.800000000000004,23.999999999999996,,1.0
divvy,1,test,2024-05-06,0.03,CalibratedUncertainty2025,28.0,0.494414002042873,19.200000000000006,30.200000000000006,21.600000000000005,,1.0
divvy,1,test,2024-05-06,0.03,MappedPTO2026,28.0,0.465792575730882,18.400000000000006,29.400000000000006,21.599999999999994,,1.0
divvy,1,test,2024-05-06,0.03,GroupAware2025,28.0,0.5714703212934554,20.800000000000008,32.800000000000004,24.000000000000004,,1.0
divvy,1,test,2024-05-06,0.03,RobustImprovement2025,28.0,0.6035979894957196,20.800000000000008,32.800000000000004,24.000000000000004,,1.0
divvy,1,test,2024-05-06,0.05,StructuralRobust,48.0,30.822446283808134,33.60000000000001,46.8,25.599999999999973,0.0,1.0
divvy,1,test,2024-05-06,0.05,ExpectedActionValue,48.0,26.23480998268419,3.2,4.6000000000000005,2.4000000000000004,,1.0
divvy,1,test,2024-05-06,0.05,PointwiseWorstAction,48.0,26.402829348573317,3.2,4.6000000000000005,2.4000000000000004,,1.0
divvy,1,test,2024-05-06,0.05,ScenarioCVaR,48.0,26.402829348573317,3.2,4.6000000000000005,2.4000000000000004,,1.0
divvy,1,test,2024-05-06,0.05,RiskFirst,48.0,1.045462834876386,31.200000000000017,43.8,24.79999999999997,,1.0
divvy,1,test,2024-05-06,0.05,TemporalContext2024,48.0,1.0478024169185616,31.200000000000017,43.8,24.79999999999997,,1.0
divvy,1,test,2024-05-06,0.05,NetworkPropagation2024,48.0,1.045462834876386,31.200000000000017,43.8,24.79999999999997,,1.0
divvy,1,test,2024-05-06,0.05,CalibratedUncertainty2025,48.0,0.8039664485193039,31.200000000000017,45.0,26.399999999999977,,1.0
divvy,1,test,2024-05-06,0.05,MappedPTO2026,48.0,1.0676507490019522,30.400000000000016,44.2,26.399999999999974,,1.0
divvy,1,test,2024-05-06,0.05,GroupAware2025,48.0,1.1613836141661962,33.600000000000016,47.4,26.399999999999977,,1.0
divvy,1,test,2024-05-06,0.05,RobustImprovement2025,48.0,1.161383614166196,33.60000000000001,47.4,26.399999999999984,,1.0
divvy,1,test,2024-05-06,0.1,StructuralRobust,95.0,0.087206588843517,45.2,61.999999999999986,31.999999999999986,0.0,1.0
divvy,1,test,2024-05-06,0.1,ExpectedActionValue,95.0,33.40723795636182,12.800000000000002,15.400000000000004,4.000000000000002,,1.0
divvy,1,test,2024-05-06,0.1,PointwiseWorstAction,95.0,33.57823511408507,9.600000000000001,11.600000000000001,3.200000000000001,,1.0
divvy,1,test,2024-05-06,0.1,ScenarioCVaR,95.0,33.57823511408507,9.600000000000001,11.600000000000001,3.200000000000001,,1.0
divvy,1,test,2024-05-06,0.1,RiskFirst,95.0,1.7113911222794542,45.99999999999999,62.79999999999997,31.999999999999964,,1.0
divvy,1,test,2024-05-06,0.1,TemporalContext2024,95.0,2.1817145955419894,43.2,59.99999999999998,31.999999999999957,,1.0
divvy,1,test,2024-05-06,0.1,NetworkPropagation2024,95.0,2.415679801608587,44.8,61.59999999999998,31.99999999999997,,1.0
divvy,1,test,2024-05-06,0.1,CalibratedUncertainty2025,95.0,2.2741470858106427,45.2,61.999999999999986,31.999999999999986,,1.0
divvy,1,test,2024-05-06,0.1,MappedPTO2026,95.0,1.9334291403263926,45.999999999999986,62.799999999999976,31.999999999999986,,1.0
divvy,1,test,2024-05-06,0.1,GroupAware2025,95.0,2.4412058828329393,47.599999999999994,64.99999999999997,32.79999999999998,,1.0
divvy,1,test,2024-05-06,0.1,RobustImprovement2025,95.0,1.7666379408237924,49.999999999999986,68.59999999999997,35.999999999999986,,1.0
divvy,1,test,2024-05-06,0.2,StructuralRobust,190.0,0.0886174809694886,61.99999999999998,82.39999999999995,38.39999999999997,0.0,1.0
divvy,1,test,2024-05-06,0.2,ExpectedActionValue,190.0,38.121876726156614,25.60000000000001,32.20000000000001,12.000000000000007,,1.0
divvy,1,test,2024-05-06,0.2,PointwiseWorstAction,190.0,38.11753010979097,25.600000000000005,32.0,11.2,,1.0
divvy,1,test,2024-05-06,0.2,ScenarioCVaR,190.0,38.11753010979097,25.600000000000005,32.0,11.2,,1.0
divvy,1,test,2024-05-06,0.2,RiskFirst,190.0,8.373899461605557,69.99999999999997,91.79999999999995,40.79999999999997,,1.0
divvy,1,test,2024-05-06,0.2,TemporalContext2024,190.0,5.160373142097939,69.19999999999997,92.59999999999995,43.99999999999996,,1.0
divvy,1,test,2024-05-06,0.2,NetworkPropagation2024,190.0,7.544533049676753,65.19999999999996,86.99999999999994,40.79999999999998,,1.0
divvy,1,test,2024-05-06,0.2,CalibratedUncertainty2025,190.0,5.820018322007545,73.99999999999996,99.79999999999994,48.8,,1.0
divvy,1,test,2024-05-06,0.2,MappedPTO2026,190.0,9.017694568324364,64.39999999999998,84.79999999999997,38.39999999999999,,1.0
divvy,1,test,2024-05-06,0.2,GroupAware2025,190.0,8.207879825678717,60.399999999999984,82.19999999999996,40.799999999999976,,1.0
divvy,1,test,2024-05-06,0.2,RobustImprovement2025,190.0,9.103822720724803,60.799999999999976,79.99999999999996,36.799999999999976,,1.0
divvy,1,test,2024-05-07,0.01,StructuralRobust,8.0,11.954539695009627,16.0,26.4,22.4,0.0,1.0
divvy,1,test,2024-05-07,0.01,ExpectedActionValue,8.0,9.763366029665736,0.8,1.4,0.8,,1.0
divvy,1,test,2024-05-07,0.01,PointwiseWorstAction,8.0,9.849964862297005,1.6,2.2,0.8000000000000003,,1.0
divvy,1,test,2024-05-07,0.01,ScenarioCVaR,8.0,9.849964862297005,1.6,2.2,0.8000000000000003,,1.0
divvy,1,test,2024-05-07,0.01,RiskFirst,8.0,0.1777728943265442,16.0,27.000000000000004,23.200000000000003,,1.0
divvy,1,test,2024-05-07,0.01,TemporalContext2024,8.0,0.1777728943265442,16.0,27.000000000000004,23.200000000000003,,1.0
divvy,1,test,2024-05-07,0.01,NetworkPropagation2024,8.0,0.1364028652991164,15.200000000000001,24.8,20.799999999999997,,1.0
divvy,1,test,2024-05-07,0.01,CalibratedUncertainty2025,8.0,0.1525699604989657,14.4,24.200000000000003,20.000000000000007,,1.0
divvy,1,test,2024-05-07,0.01,MappedPTO2026,8.0,0.1525699604989657,15.2,25.4,21.599999999999998,,1.0
divvy,1,test,2024-05-07,0.01,GroupAware2025,8.0,0.1777728943265442,16.0,27.000000000000004,23.200000000000003,,1.0
divvy,1,test,2024-05-07,0.01,RobustImprovement2025,8.0,0.17777289432654422,16.0,27.0,23.199999999999996,,1.0
divvy,1,test,2024-05-07,0.03,StructuralRobust,25.0,12.194797205183805,25.600000000000005,40.2,29.59999999999999,0.0,1.0
divvy,1,test,2024-05-07,0.03,ExpectedActionValue,25.0,18.721380352949936,4.8,6.0,1.6000000000000005,,1.0
divvy,1,test,2024-05-07,0.03,PointwiseWorstAction,25.0,19.137499161807774,4.0,5.200000000000001,1.6000000000000005,,1.0
divvy,1,test,2024-05-07,0.03,ScenarioCVaR,25.0,19.137499161807774,4.0,5.200000000000001,1.6000000000000005,,1.0
divvy,1,test,2024-05-07,0.03,RiskFirst,25.0,0.7576375125765235,24.800000000000008,39.0,29.599999999999984,,1.0
divvy,1,test,2024-05-07,0.03,TemporalContext2024,25.0,0.7576375125765236,24.800000000000008,39.0,29.599999999999984,,1.0
divvy,1,test,2024-05-07,0.03,NetworkPropagation2024,25.0,0.7580334719881253,23.200000000000006,36.599999999999994,27.999999999999982,,1.0
divvy,1,test,2024-05-07,0.03,CalibratedUncertainty2025,25.0,0.6445209234551266,25.60000000000001,39.599999999999994,28.799999999999983,,1.0
divvy,1,test,2024-05-07,0.03,MappedPTO2026,25.0,0.7404134672995246,24.800000000000008,38.99999999999999,29.599999999999977,,1.0
divvy,1,test,2024-05-07,0.03,GroupAware2025,25.0,0.6377173445827683,24.800000000000008,39.400000000000006,29.599999999999984,,1.0
divvy,1,test,2024-05-07,0.03,RobustImprovement2025,25.0,0.6360659659115457,24.000000000000007,37.8,27.99999999999998,,1.0
divvy,1,test,2024-05-07,0.05,StructuralRobust,41.0,30.5214678393568,29.20000000000001,45.60000000000001,31.999999999999993,0.0,1.0
divvy,1,test,2024-05-07,0.05,ExpectedActionValue,41.0,24.101622803203455,7.199999999999999,8.4,1.6000000000000014,,1.0
divvy,1,test,2024-05-07,0.05,PointwiseWorstAction,41.0,24.309484585953506,7.199999999999999,8.4,1.6000000000000014,,1.0
divvy,1,test,2024-05-07,0.05,ScenarioCVaR,41.0,24.309484585953506,7.199999999999999,8.4,1.6000000000000014,,1.0
divvy,1,test,2024-05-07,0.05,RiskFirst,41.0,1.1771871460712107,29.600000000000012,46.800000000000004,33.59999999999998,,1.0
divvy,1,test,2024-05-07,0.05,TemporalContext2024,41.0,1.5322167935466209,29.20000000000001,45.800000000000004,32.79999999999998,,1.0
divvy,1,test,2024-05-07,0.05,NetworkPropagation2024,41.0,1.1780047503652615,28.80000000000001,45.4,32.79999999999998,,1.0
divvy,1,test,2024-05-07,0.05,CalibratedUncertainty2025,41.0,1.233370940635957,28.80000000000001,45.2,31.999999999999986,,1.0
divvy,1,test,2024-05-07,0.05,MappedPTO2026,41.0,1.3707066240865455,30.80000000000001,48.599999999999994,34.39999999999998,,1.0
divvy,1,test,2024-05-07,0.05,GroupAware2025,41.0,1.357946401032279,29.600000000000012,46.800000000000004,33.59999999999998,,1.0
divvy,1,test,2024-05-07,0.05,RobustImprovement2025,41.0,1.407269228900475,29.600000000000012,46.800000000000004,33.59999999999998,,1.0
divvy,1,test,2024-05-07,0.1,StructuralRobust,82.0,0.0783368915847005,36.40000000000001,56.8,38.39999999999997,0.0,1.0
divvy,1,test,2024-05-07,0.1,ExpectedActionValue,82.0,32.31844666890067,15.6,20.0,8.000000000000002,,1.0
divvy,1,test,2024-05-07,0.1,PointwiseWorstAction,82.0,32.457654277304414,15.6,19.400000000000002,7.200000000000001,,1.0
divvy,1,test,2024-05-07,0.1,ScenarioCVaR,82.0,32.457654277304414,15.6,19.400000000000002,7.200000000000001,,1.0
divvy,1,test,2024-05-07,0.1,RiskFirst,82.0,3.3803595307349896,32.40000000000001,51.400000000000006,35.99999999999998,,1.0
divvy,1,test,2024-05-07,0.1,TemporalContext2024,82.0,3.6816623604322127,35.60000000000001,56.39999999999999,39.99999999999997,,1.0
divvy,1,test,2024-05-07,0.1,NetworkPropagation2024,82.0,3.4331476704378576,34.00000000000001,52.99999999999999,35.999999999999964,,1.0
divvy,1,test,2024-05-07,0.1,CalibratedUncertainty2025,82.0,3.8648053553233535,36.40000000000001,56.8,38.39999999999997,,1.0
divvy,1,test,2024-05-07,0.1,MappedPTO2026,82.0,3.4070604985344666,34.00000000000001,52.99999999999999,35.999999999999964,,1.0
divvy,1,test,2024-05-07,0.1,GroupAware2025,82.0,3.4055478284897736,34.00000000000001,53.0,35.99999999999998,,1.0
divvy,1,test,2024-05-07,0.1,RobustImprovement2025,82.0,3.6250179489003207,35.60000000000001,56.400000000000006,39.99999999999997,,1.0
divvy,1,test,2024-05-07,0.2,StructuralRobust,165.0,0.07895355475720099,55.19999999999999,82.59999999999997,50.39999999999995,0.0,1.0
divvy,1,test,2024-05-07,0.2,ExpectedActionValue,165.0,37.610966667995925,20.400000000000002,25.6,9.600000000000001,,1.0
divvy,1,test,2024-05-07,0.2,PointwiseWorstAction,165.0,37.63164277418318,22.0,27.200000000000003,9.600000000000001,,1.0
divvy,1,test,2024-05-07,0.2,ScenarioCVaR,165.0,37.63164277418318,22.0,27.200000000000003,9.600000000000001,,1.0
divvy,1,test,2024-05-07,0.2,RiskFirst,165.0,6.549974903110305,47.599999999999994,72.59999999999998,47.199999999999974,,1.0
divvy,1,test,2024-05-07,0.2,TemporalContext2024,165.0,7.557161842570191,53.19999999999999,78.19999999999999,47.19999999999996,,1.0
divvy,1,test,2024-05-07,0.2,NetworkPropagation2024,165.0,5.313640505880553,45.19999999999999,68.79999999999997,44.79999999999997,,1.0
divvy,1,test,2024-05-07,0.2,CalibratedUncertainty2025,165.0,9.09498105663127,61.99999999999996,92.59999999999994,56.79999999999997,,1.0
divvy,1,test,2024-05-07,0.2,MappedPTO2026,165.0,7.783420145294821,49.19999999999999,72.99999999999997,45.599999999999966,,1.0
divvy,1,test,2024-05-07,0.2,GroupAware2025,165.0,6.119626682633384,45.199999999999996,70.19999999999999,47.19999999999998,,1.0
divvy,1,test,2024-05-07,0.2,RobustImprovement2025,165.0,7.398838139532479,45.19999999999999,68.99999999999999,45.59999999999998,,1.0
divvy,1,test,2024-05-08,0.01,StructuralRobust,10.0,12.388600297717757,12.8,18.4,11.200000000000006,0.0,1.0
divvy,1,test,2024-05-08,0.01,ExpectedActionValue,10.0,8.475037521915116,0.8,0.8,0.0,,1.0
divvy,1,test,2024-05-08,0.01,PointwiseWorstAction,10.0,9.064315675241215,0.0,0.0,0.0,,1.0
divvy,1,test,2024-05-08,0.01,ScenarioCVaR,10.0,9.064315675241215,0.0,0.0,0.0,,1.0
divvy,1,test,2024-05-08,0.01,RiskFirst,10.0,1.4725430720539603,11.200000000000001,17.400000000000002,12.000000000000002,,1.0
divvy,1,test,2024-05-08,0.01,TemporalContext2024,10.0,1.4725430720539603,11.200000000000001,17.400000000000002,12.000000000000002,,1.0
divvy,1,test,2024-05-08,0.01,NetworkPropagation2024,10.0,1.4914210252232343,10.4,16.6,12.000000000000002,,1.0
divvy,1,test,2024-05-08,0.01,CalibratedUncertainty2025,10.0,1.0650294926385193,11.200000000000001,17.400000000000002,12.000000000000002,,1.0
divvy,1,test,2024-05-08,0.01,MappedPTO2026,10.0,1.473778063874454,11.200000000000001,17.400000000000002,12.000000000000002,,1.0
divvy,1,test,2024-05-08,0.01,GroupAware2025,10.0,1.4725430720539603,11.200000000000001,17.400000000000002,12.000000000000002,,1.0
divvy,1,test,2024-05-08,0.01,RobustImprovement2025,10.0,1.473778063874454,11.200000000000001,17.400000000000002,12.000000000000005,,1.0
divvy,1,test,2024-05-08,0.03,StructuralRobust,30.0,13.435950128798057,24.800000000000008,35.7,21.199999999999992,0.0,1.0
divvy,1,test,2024-05-08,0.03,ExpectedActionValue,30.0,20.754064301046792,2.4000000000000004,3.8000000000000003,2.4000000000000004,,1.0
divvy,1,test,2024-05-08,0.03,PointwiseWorstAction,30.0,20.908047275084076,2.4000000000000004,3.8000000000000003,2.4000000000000004,,1.0
divvy,1,test,2024-05-08,0.03,ScenarioCVaR,30.0,20.908047275084076,2.4000000000000004,3.8000000000000003,2.4000000000000004,,1.0
divvy,1,test,2024-05-08,0.03,RiskFirst,30.0,1.694738764193846,24.800000000000008,36.5,21.99999999999999,,1.0
divvy,1,test,2024-05-08,0.03,TemporalContext2024,30.0,1.694738764193846,24.800000000000008,35.9,21.199999999999985,,1.0
divvy,1,test,2024-05-08,0.03,NetworkPropagation2024,30.0,1.914771088453365,24.000000000000007,34.3,19.599999999999987,,1.0
divvy,1,test,2024-05-08,0.03,CalibratedUncertainty2025,30.0,1.7387951550245009,24.00000000000001,36.10000000000001,22.799999999999986,,1.0
divvy,1,test,2024-05-08,0.03,MappedPTO2026,30.0,1.914771088453365,26.40000000000001,37.3,20.399999999999988,,1.0
divvy,1,test,2024-05-08,0.03,GroupAware2025,30.0,1.694738764193846,24.800000000000008,36.5,21.99999999999999,,1.0
divvy,1,test,2024-05-08,0.03,RobustImprovement2025,30.0,2.0266247054384774,26.40000000000001,37.4,20.799999999999986,,1.0
divvy,1,test,2024-05-08,0.05,StructuralRobust,51.0,35.44972842609834,34.400000000000006,49.00000000000001,27.19999999999999,0.0,1.0
divvy,1,test,2024-05-08,0.05,ExpectedActionValue,51.0,28.75553483683842,11.2,18.2,13.600000000000001,,1.0
divvy,1,test,2024-05-08,0.05,PointwiseWorstAction,51.0,29.010017307401256,11.200000000000001,18.2,13.6,,1.0
divvy,1,test,2024-05-08,0.05,ScenarioCVaR,51.0,29.010017307401256,11.200000000000001,18.2,13.6,,1.0
divvy,1,test,2024-05-08,0.05,RiskFirst,51.0,2.4684326764452185,32.000000000000014,45.9,25.99999999999997,,1.0
divvy,1,test,2024-05-08,0.05,TemporalContext2024,51.0,2.4684326764452185,32.000000000000014,45.9,25.99999999999997,,1.0
divvy,1,test,2024-05-08,0.05,NetworkPropagation2024,51.0,2.4679727218622007,32.000000000000014,45.9,25.99999999999997,,1.0
divvy,1,test,2024-05-08,0.05,CalibratedUncertainty2025,51.0,2.428560963953907,32.000000000000014,45.9,25.99999999999997,,1.0
divvy,1,test,2024-05-08,0.05,MappedPTO2026,51.0,2.44325518063738,32.000000000000014,45.9,25.99999999999997,,1.0
divvy,1,test,2024-05-08,0.05,GroupAware2025,51.0,2.4684326764452185,32.000000000000014,45.9,25.99999999999997,,1.0
divvy,1,test,2024-05-08,0.05,RobustImprovement2025,51.0,2.4537384597617455,32.000000000000014,45.9,25.99999999999998,,1.0
divvy,1,test,2024-05-08,0.1,StructuralRobust,101.0,0.1059360237160655,43.2,61.39999999999999,33.599999999999966,0.0,1.0
divvy,1,test,2024-05-08,0.1,ExpectedActionValue,101.0,37.783884354851644,23.200000000000003,35.8,24.79999999999999,,1.0
divvy,1,test,2024-05-08,0.1,PointwiseWorstAction,101.0,37.79670382783262,24.000000000000007,36.599999999999994,24.79999999999999,,1.0
divvy,1,test,2024-05-08,0.1,ScenarioCVaR,101.0,37.79670382783262,24.000000000000007,36.599999999999994,24.79999999999999,,1.0
divvy,1,test,2024-05-08,0.1,RiskFirst,101.0,4.232487433090083,48.800000000000004,68.19999999999999,35.19999999999997,,1.0
divvy,1,test,2024-05-08,0.1,TemporalContext2024,101.0,5.72594721336132,48.0,69.19999999999999,39.19999999999996,,1.0
divvy,1,test,2024-05-08,0.1,NetworkPropagation2024,101.0,3.7721920890616034,42.400000000000006,60.599999999999994,33.599999999999966,,1.0
divvy,1,test,2024-05-08,0.1,CalibratedUncertainty2025,101.0,4.600570340244435,43.2,61.39999999999999,33.599999999999966,,1.0
divvy,1,test,2024-05-08,0.1,MappedPTO2026,101.0,4.483272016583926,48.800000000000004,68.19999999999999,35.19999999999997,,1.0
divvy,1,test,2024-05-08,0.1,GroupAware2025,101.0,4.9542627232356455,44.800000000000004,64.19999999999999,35.19999999999997,,1.0
divvy,1,test,2024-05-08,0.1,RobustImprovement2025,101.0,5.185847662600018,47.2,66.99999999999999,36.799999999999955,,1.0
divvy,1,test,2024-05-08,0.2,StructuralRobust,202.0,0.10888869136382184,67.99999999999994,93.59999999999992,47.199999999999974,0.0,1.0
divvy,1,test,2024-05-08,0.2,ExpectedActionValue,202.0,43.389376378497566,36.8,52.499999999999986,30.39999999999999,,1.0
divvy,1,test,2024-05-08,0.2,PointwiseWorstAction,202.0,43.35230834829757,36.00000000000001,51.69999999999998,30.39999999999997,,1.0
divvy,1,test,2024-05-08,0.2,ScenarioCVaR,202.0,43.35230834829757,36.00000000000001,51.69999999999998,30.39999999999997,,1.0
divvy,1,test,2024-05-08,0.2,RiskFirst,202.0,9.452842605198112,67.19999999999997,90.99999999999997,43.599999999999966,,1.0
divvy,1,test,2024-05-08,0.2,TemporalContext2024,202.0,10.606838547610641,69.59999999999997,93.79999999999995,44.799999999999955,,1.0
divvy,1,test,2024-05-08,0.2,NetworkPropagation2024,202.0,9.960901776457211,62.39999999999999,84.69999999999997,39.99999999999996,,1.0
divvy,1,test,2024-05-08,0.2,CalibratedUncertainty2025,202.0,7.400669792008195,76.79999999999994,104.59999999999992,51.19999999999999,,1.0
divvy,1,test,2024-05-08,0.2,MappedPTO2026,202.0,8.544321198603782,66.39999999999998,91.49999999999997,45.99999999999997,,1.0
divvy,1,test,2024-05-08,0.2,GroupAware2025,202.0,8.797977394202547,56.8,78.49999999999997,39.199999999999946,,1.0
divvy,1,test,2024-05-08,0.2,RobustImprovement2025,202.0,7.448894761015852,55.99999999999999,77.6,39.19999999999997,,1.0
divvy,1,test,2024-05-09,0.01,StructuralRobust,7.0,5.908310081357743,4.0,4.800000000000001,1.6000000000000005,0.0,1.0
divvy,1,test,2024-05-09,0.01,ExpectedActionValue,7.0,8.524619088188944,0.0,0.0,0.0,,1.0
divvy,1,test,2024-05-09,0.01,PointwiseWorstAction,7.0,8.668411848306695,0.0,0.0,0.0,,1.0
divvy,1,test,2024-05-09,0.01,ScenarioCVaR,7.0,8.668411848306695,0.0,0.0,0.0,,1.0
divvy,1,test,2024-05-09,0.01,RiskFirst,7.0,0.23943107454378218,0.8,0.8,0.0,,1.0
divvy,1,test,2024-05-09,0.01,TemporalContext2024,7.0,0.23943107454378218,0.8,0.8,0.0,,1.0
divvy,1,test,2024-05-09,0.01,NetworkPropagation2024,7.0,0.23943107454378218,0.8,0.8,0.0,,1.0
divvy,1,test,2024-05-09,0.01,CalibratedUncertainty2025,7.0,0.25045624494210966,2.4000000000000004,2.4000000000000004,0.0,,1.0
divvy,1,test,2024-05-09,0.01,MappedPTO2026,7.0,0.26275782618099724,0.8,0.8,0.0,,1.0
divvy,1,test,2024-05-09,0.01,GroupAware2025,7.0,0.26275782618099724,0.8,0.8,0.0,,1.0
divvy,1,test,2024-05-09,0.01,RobustImprovement2025,7.0,0.26275782618099724,0.8,0.8,0.0,,1.0
divvy,1,test,2024-05-09,0.03,StructuralRobust,22.0,6.880258861400963,6.3999999999999995,8.0,3.200000000000002,0.0,1.0
divvy,1,test,2024-05-09,0.03,ExpectedActionValue,22.0,17.164755359498663,3.2,4.199999999999999,2.3999999999999995,,1.0
divvy,1,test,2024-05-09,0.03,PointwiseWorstAction,22.0,17.321473410776644,3.2,4.199999999999999,2.3999999999999995,,1.0
divvy,1,test,2024-05-09,0.03,ScenarioCVaR,22.0,17.321473410776644,3.2,4.199999999999999,2.3999999999999995,,1.0
divvy,1,test,2024-05-09,0.03,RiskFirst,22.0,1.1960374238356812,6.4,8.0,3.200000000000001,,1.0
divvy,1,test,2024-05-09,0.03,TemporalContext2024,22.0,1.1960374238356812,6.3999999999999995,8.0,3.200000000000002,,1.0
divvy,1,test,2024-05-09,0.03,NetworkPropagation2024,22.0,0.6784456321371378,5.6,7.2,3.200000000000001,,1.0
divvy,1,test,2024-05-09,0.03,CalibratedUncertainty2025,22.0,1.170547704245567,7.199999999999999,8.8,3.200000000000003,,1.0
divvy,1,test,2024-05-09,0.03,MappedPTO2026,22.0,1.2000802444978056,7.2,8.8,3.200000000000002,,1.0
divvy,1,test,2024-05-09,0.03,GroupAware2025,22.0,1.2012739655576945,7.2,8.8,3.200000000000002,,1.0
divvy,1,test,2024-05-09,0.03,RobustImprovement2025,22.0,1.2000802444978056,7.2,8.8,3.200000000000002,,1.0
divvy,1,test,2024-05-09,0.05,StructuralRobust,37.0,18.673771374089657,11.200000000000001,13.4,4.0,0.0,1.0
divvy,1,test,2024-05-09,0.05,ExpectedActionValue,37.0,22.592971361945157,3.2,4.199999999999999,2.3999999999999995,,1.0
divvy,1,test,2024-05-09,0.05,PointwiseWorstAction,37.0,22.843795699182685,3.2,4.199999999999999,2.3999999999999995,,1.0
divvy,1,test,2024-05-09,0.05,ScenarioCVaR,37.0,22.843795699182685,3.2,4.199999999999999,2.3999999999999995,,1.0
divvy,1,test,2024-05-09,0.05,RiskFirst,37.0,2.280355456143076,11.200000000000001,13.400000000000002,4.000000000000002,,1.0
divvy,1,test,2024-05-09,0.05,TemporalContext2024,37.0,2.323195241640477,11.2,13.400000000000002,4.0000000000000036,,1.0
divvy,1,test,2024-05-09,0.05,NetworkPropagation2024,37.0,2.0484616654378076,8.799999999999999,11.000000000000002,4.0000000000000036,,1.0
divvy,1,test,2024-05-09,0.05,CalibratedUncertainty2025,37.0,1.7275042068048279,11.200000000000001,13.400000000000002,4.0000000000000036,,1.0
divvy,1,test,2024-05-09,0.05,MappedPTO2026,37.0,2.4650190265712277,10.400000000000002,12.600000000000003,4.000000000000002,,1.0
divvy,1,test,2024-05-09,0.05,GroupAware2025,37.0,2.2784642129498294,11.200000000000001,13.400000000000002,4.000000000000002,,1.0
divvy,1,test,2024-05-09,0.05,RobustImprovement2025,37.0,1.9601639311604078,10.400000000000002,12.600000000000003,4.000000000000002,,1.0
divvy,1,test,2024-05-09,0.1,StructuralRobust,74.0,0.06515837281366306,18.400000000000006,21.60000000000001,6.400000000000002,0.0,1.0
divvy,1,test,2024-05-09,0.1,ExpectedActionValue,74.0,30.814204686705374,4.8,6.6000000000000005,4.000000000000001,,1.0
divvy,1,test,2024-05-09,0.1,PointwiseWorstAction,74.0,30.85525213642565,4.8,6.6000000000000005,4.000000000000001,,1.0
divvy,1,test,2024-05-09,0.1,ScenarioCVaR,74.0,30.85525213642565,4.8,6.6000000000000005,4.000000000000001,,1.0
divvy,1,test,2024-05-09,0.1,RiskFirst,74.0,4.321084124288363,16.000000000000004,18.200000000000003,4.0000000000000036,,1.0
divvy,1,test,2024-05-09,0.1,TemporalContext2024,74.0,4.495620084253893,16.000000000000004,18.200000000000003,4.0000000000000036,,1.0
divvy,1,test,2024-05-09,0.1,NetworkPropagation2024,74.0,4.220173734701132,16.000000000000004,18.200000000000003,4.0000000000000036,,1.0
divvy,1,test,2024-05-09,0.1,CalibratedUncertainty2025,74.0,4.725566259009755,18.400000000000006,21.60000000000001,6.400000000000002,,1.0
divvy,1,test,2024-05-09,0.1,MappedPTO2026,74.0,4.520501818348661,17.600000000000005,19.800000000000004,4.0000000000000036,,1.0
divvy,1,test,2024-05-09,0.1,GroupAware2025,74.0,4.388504902066245,16.800000000000004,19.000000000000007,4.0000000000000036,,1.0
divvy,1,test,2024-05-09,0.1,RobustImprovement2025,74.0,5.014421415207061,17.600000000000005,20.800000000000004,6.400000000000002,,1.0
divvy,1,test,2024-05-09,0.2,StructuralRobust,149.0,0.0670088817908248,20.800000000000008,24.80000000000001,8.000000000000004,0.0,1.0
divvy,1,test,2024-05-09,0.2,ExpectedActionValue,149.0,36.65233161424859,9.6,11.4,4.000000000000002,,1.0
divvy,1,test,2024-05-09,0.2,PointwiseWorstAction,149.0,36.60803037238926,11.2,13.0,4.000000000000002,,1.0
divvy,1,test,2024-05-09,0.2,ScenarioCVaR,149.0,36.60803037238926,11.2,13.0,4.000000000000002,,1.0
divvy,1,test,2024-05-09,0.2,RiskFirst,149.0,8.786883447683989,22.40000000000001,25.60000000000001,6.400000000000002,,1.0
divvy,1,test,2024-05-09,0.2,TemporalContext2024,149.0,7.833619790117107,24.00000000000001,27.80000000000001,7.199999999999999,,1.0
divvy,1,test,2024-05-09,0.2,NetworkPropagation2024,149.0,8.428483778021844,21.60000000000001,24.80000000000001,6.400000000000002,,1.0
divvy,1,test,2024-05-09,0.2,CalibratedUncertainty2025,149.0,8.03182926797952,28.800000000000015,32.80000000000001,7.9999999999999964,,1.0
divvy,1,test,2024-05-09,0.2,MappedPTO2026,149.0,8.88264449528184,23.20000000000001,26.40000000000001,6.400000000000002,,1.0
divvy,1,test,2024-05-09,0.2,GroupAware2025,149.0,7.821281624027986,18.400000000000006,20.60000000000001,4.0000000000000036,,1.0
divvy,1,test,2024-05-09,0.2,RobustImprovement2025,149.0,8.08351186173328,24.00000000000001,27.20000000000001,6.400000000000002,,1.0
divvy,1,test,2024-05-10,0.01,StructuralRobust,10.0,9.067169126399378,10.4,14.200000000000001,7.200000000000001,0.0,1.0
divvy,1,test,2024-05-10,0.01,ExpectedActionValue,10.0,12.821935868768795,0.0,0.0,0.0,,1.0
divvy,1,test,2024-05-10,0.01,PointwiseWorstAction,10.0,12.983638081580866,1.6,1.6,0.0,,1.0
divvy,1,test,2024-05-10,0.01,ScenarioCVaR,10.0,12.983638081580866,1.6,1.6,0.0,,1.0
divvy,1,test,2024-05-10,0.01,RiskFirst,10.0,0.0925633248964317,11.200000000000001,17.0,10.399999999999997,,1.0
divvy,1,test,2024-05-10,0.01,TemporalContext2024,10.0,0.0925633248964317,11.200000000000001,17.0,10.399999999999997,,1.0
divvy,1,test,2024-05-10,0.01,NetworkPropagation2024,10.0,0.0925633248964317,11.200000000000001,17.000000000000004,10.400000000000004,,1.0
divvy,1,test,2024-05-10,0.01,CalibratedUncertainty2025,10.0,0.13885519288790518,10.4,16.0,9.600000000000003,,1.0
divvy,1,test,2024-05-10,0.01,MappedPTO2026,10.0,0.08664377019370717,11.200000000000001,17.8,12.000000000000002,,1.0
divvy,1,test,2024-05-10,0.01,GroupAware2025,10.0,0.0925633248964317,11.200000000000001,17.0,10.399999999999997,,1.0
divvy,1,test,2024-05-10,0.01,RobustImprovement2025,10.0,0.0925633248964317,9.6,14.0,8.000000000000002,,1.0
divvy,1,test,2024-05-10,0.03,StructuralRobust,31.0,10.597533939412415,22.000000000000007,31.6,17.599999999999994,0.0,1.0
divvy,1,test,2024-05-10,0.03,ExpectedActionValue,31.0,24.826720987255406,4.800000000000001,4.800000000000001,0.0,,1.0
divvy,1,test,2024-05-10,0.03,PointwiseWorstAction,31.0,25.300861829564433,4.800000000000001,4.800000000000001,0.0,,1.0
divvy,1,test,2024-05-10,0.03,ScenarioCVaR,31.0,25.300861829564433,4.800000000000001,4.800000000000001,0.0,,1.0
divvy,1,test,2024-05-10,0.03,RiskFirst,31.0,1.2801429526950177,21.60000000000001,30.400000000000006,15.999999999999979,,1.0
divvy,1,test,2024-05-10,0.03,TemporalContext2024,31.0,1.8549375486025677,21.60000000000001,30.400000000000006,15.999999999999979,,1.0
divvy,1,test,2024-05-10,0.03,NetworkPropagation2024,31.0,1.2801429526950174,20.800000000000008,29.60000000000001,15.999999999999996,,1.0
divvy,1,test,2024-05-10,0.03,CalibratedUncertainty2025,31.0,1.7051846927005208,22.00000000000001,31.20000000000001,15.999999999999996,,1.0
divvy,1,test,2024-05-10,0.03,MappedPTO2026,31.0,0.8975973189927015,17.600000000000005,26.40000000000001,16.000000000000004,,1.0
divvy,1,test,2024-05-10,0.03,GroupAware2025,31.0,1.2796981454193492,22.400000000000006,31.200000000000003,15.999999999999979,,1.0
divvy,1,test,2024-05-10,0.03,RobustImprovement2025,31.0,1.3161602198158708,22.800000000000004,31.6,15.999999999999986,,1.0
divvy,1,test,2024-05-10,0.05,StructuralRobust,51.0,27.798943924451603,28.400000000000013,38.600000000000016,18.39999999999999,0.0,1.0
divvy,1,test,2024-05-10,0.05,ExpectedActionValue,51.0,31.72101568254572,6.800000000000001,7.400000000000001,0.8000000000000007,,1.0
divvy,1,test,2024-05-10,0.05,PointwiseWorstAction,51.0,32.23644351180314,7.6000000000000005,8.400000000000002,1.6000000000000023,,1.0
divvy,1,test,2024-05-10,0.05,ScenarioCVaR,51.0,32.23644351180314,7.6000000000000005,8.400000000000002,1.6000000000000023,,1.0
divvy,1,test,2024-05-10,0.05,RiskFirst,51.0,3.316732858582494,26.80000000000001,36.4,17.599999999999966,,1.0
divvy,1,test,2024-05-10,0.05,TemporalContext2024,51.0,3.3167328585824936,28.400000000000013,39.2,19.199999999999967,,1.0
divvy,1,test,2024-05-10,0.05,NetworkPropagation2024,51.0,2.8804709355806892,26.00000000000001,35.6,17.599999999999977,,1.0
divvy,1,test,2024-05-10,0.05,CalibratedUncertainty2025,51.0,2.2066949566943057,32.40000000000002,45.00000000000001,21.599999999999973,,1.0
divvy,1,test,2024-05-10,0.05,MappedPTO2026,51.0,3.3407917897474104,27.60000000000001,37.800000000000004,18.399999999999984,,1.0
divvy,1,test,2024-05-10,0.05,GroupAware2025,51.0,3.3167328585824936,26.800000000000008,36.4,17.59999999999997,,1.0
divvy,1,test,2024-05-10,0.05,RobustImprovement2025,51.0,3.3474898212254014,26.800000000000008,36.4,17.599999999999977,,1.0
divvy,1,test,2024-05-10,0.1,StructuralRobust,102.0,0.07862587741821914,44.39999999999999,58.59999999999998,24.799999999999983,0.0,1.0
divvy,1,test,2024-05-10,0.1,ExpectedActionValue,102.0,42.43572944752777,14.800000000000004,17.000000000000004,4.0000000000000036,,1.0
divvy,1,test,2024-05-10,0.1,PointwiseWorstAction,102.0,42.59035849959275,14.800000000000004,17.000000000000004,4.0,,1.0
divvy,1,test,2024-05-10,0.1,ScenarioCVaR,102.0,42.59035849959275,14.800000000000004,17.000000000000004,4.0,,1.0
divvy,1,test,2024-05-10,0.1,RiskFirst,102.0,4.727394745120122,44.39999999999999,56.99999999999997,21.59999999999995,,1.0
divvy,1,test,2024-05-10,0.1,TemporalContext2024,102.0,4.709062766091218,45.99999999999998,59.39999999999998,23.199999999999967,,1.0
divvy,1,test,2024-05-10,0.1,NetworkPropagation2024,102.0,4.675238934372913,43.19999999999999,56.59999999999998,23.19999999999999,,1.0
divvy,1,test,2024-05-10,0.1,CalibratedUncertainty2025,102.0,4.13215530869876,44.39999999999999,58.59999999999998,24.799999999999983,,1.0
divvy,1,test,2024-05-10,0.1,MappedPTO2026,102.0,4.764417185126209,45.19999999999998,58.59999999999998,23.199999999999996,,1.0
divvy,1,test,2024-05-10,0.1,GroupAware2025,102.0,4.740884562035681,44.39999999999999,56.999999999999986,21.599999999999966,,1.0
divvy,1,test,2024-05-10,0.1,RobustImprovement2025,102.0,4.408195664145917,41.999999999999986,54.59999999999998,21.59999999999998,,1.0
divvy,1,test,2024-05-10,0.2,StructuralRobust,204.0,0.0806060245293503,57.599999999999966,73.99999999999994,28.799999999999983,0.0,1.0
divvy,1,test,2024-05-10,0.2,ExpectedActionValue,204.0,49.37948031185706,20.40000000000001,23.40000000000001,5.600000000000001,,1.0
divvy,1,test,2024-05-10,0.2,PointwiseWorstAction,204.0,49.30682517250344,22.00000000000001,25.000000000000007,5.599999999999994,,1.0
divvy,1,test,2024-05-10,0.2,ScenarioCVaR,204.0,49.30682517250344,22.00000000000001,25.000000000000007,5.599999999999994,,1.0
divvy,1,test,2024-05-10,0.2,RiskFirst,204.0,7.948600658859638,53.99999999999998,68.99999999999996,26.399999999999956,,1.0
divvy,1,test,2024-05-10,0.2,TemporalContext2024,204.0,7.841044548230483,55.19999999999996,71.79999999999995,29.599999999999994,,1.0
divvy,1,test,2024-05-10,0.2,NetworkPropagation2024,204.0,7.861525888119929,54.39999999999998,69.39999999999996,26.399999999999977,,1.0
divvy,1,test,2024-05-10,0.2,CalibratedUncertainty2025,204.0,7.253090903994048,64.79999999999995,83.59999999999994,31.99999999999997,,1.0
divvy,1,test,2024-05-10,0.2,MappedPTO2026,204.0,8.792994372325676,53.99999999999996,69.39999999999995,26.39999999999999,,1.0
divvy,1,test,2024-05-10,0.2,GroupAware2025,204.0,9.27221128849664,48.399999999999984,62.59999999999999,24.799999999999976,,1.0
divvy,1,test,2024-05-10,0.2,RobustImprovement2025,204.0,12.247649854420048,50.79999999999996,65.79999999999995,26.4,,1.0
divvy,1,test,2024-05-11,0.01,StructuralRobust,9.0,5.699887367073915,5.6,5.6,0.0,0.0,1.0
divvy,1,test,2024-05-11,0.01,ExpectedActionValue,9.0,8.10711471559057,0.8,0.8,0.0,,1.0
divvy,1,test,2024-05-11,0.01,PointwiseWorstAction,9.0,8.725653907659378,2.4000000000000004,2.4000000000000004,0.0,,1.0
divvy,1,test,2024-05-11,0.01,ScenarioCVaR,9.0,8.725653907659378,2.4000000000000004,2.4000000000000004,0.0,,1.0
divvy,1,test,2024-05-11,0.01,RiskFirst,9.0,0.7945588240573402,4.0,4.800000000000001,1.6000000000000005,,1.0
divvy,1,test,2024-05-11,0.01,TemporalContext2024,9.0,0.7945588240573402,4.0,4.800000000000001,1.6000000000000005,,1.0
divvy,1,test,2024-05-11,0.01,NetworkPropagation2024,9.0,0.9016226113637004,4.0,4.800000000000001,1.6000000000000005,,1.0
divvy,1,test,2024-05-11,0.01,CalibratedUncertainty2025,9.0,0.8304091306418019,6.4,7.199999999999999,1.5999999999999996,,1.0
divvy,1,test,2024-05-11,0.01,MappedPTO2026,9.0,0.8752922684280504,5.6000000000000005,5.6000000000000005,0.0,,1.0
divvy,1,test,2024-05-11,0.01,GroupAware2025,9.0,0.8244471470481671,5.6,6.4,1.6000000000000014,,1.0
divvy,1,test,2024-05-11,0.01,RobustImprovement2025,9.0,0.8244471470481671,5.6,6.4,1.6000000000000014,,1.0
divvy,1,test,2024-05-11,0.03,StructuralRobust,28.0,5.941386360542291,8.0,9.400000000000002,2.400000000000002,0.0,1.0
divvy,1,test,2024-05-11,0.03,ExpectedActionValue,28.0,17.98042835588506,5.6000000000000005,7.2,3.2,,1.0
divvy,1,test,2024-05-11,0.03,PointwiseWorstAction,28.0,18.54620702522465,4.800000000000001,6.4,3.1999999999999993,,1.0
divvy,1,test,2024-05-11,0.03,ScenarioCVaR,28.0,18.54620702522465,4.800000000000001,6.4,3.1999999999999993,,1.0
divvy,1,test,2024-05-11,0.03,RiskFirst,28.0,1.71745832705507,7.999999999999999,9.399999999999999,2.400000000000003,,1.0
divvy,1,test,2024-05-11,0.03,TemporalContext2024,28.0,1.3965253582948374,7.999999999999999,9.399999999999999,2.400000000000003,,1.0
divvy,1,test,2024-05-11,0.03,NetworkPropagation2024,28.0,2.211677122098554,10.399999999999999,12.4,3.200000000000003,,1.0
divvy,1,test,2024-05-11,0.03,CalibratedUncertainty2025,28.0,1.3966717143120022,9.600000000000001,11.0,2.3999999999999986,,1.0
divvy,1,test,2024-05-11,0.03,MappedPTO2026,28.0,1.4774736946770033,10.4,12.4,3.200000000000001,,1.0
divvy,1,test,2024-05-11,0.03,GroupAware2025,28.0,1.782140000978774,10.399999999999999,12.4,3.200000000000003,,1.0
divvy,1,test,2024-05-11,0.03,RobustImprovement2025,28.0,1.8380109750435167,10.399999999999999,12.4,3.200000000000003,,1.0
divvy,1,test,2024-05-11,0.05,StructuralRobust,47.0,15.00707518169834,15.200000000000005,17.200000000000003,3.1999999999999975,0.0,1.0
divvy,1,test,2024-05-11,0.05,ExpectedActionValue,47.0,24.649662282852624,7.6000000000000005,9.2,3.2,,1.0
divvy,1,test,2024-05-11,0.05,PointwiseWorstAction,47.0,24.758534047041298,7.2,8.8,3.200000000000002,,1.0
divvy,1,test,2024-05-11,0.05,ScenarioCVaR,47.0,24.758534047041298,7.2,8.8,3.200000000000002,,1.0
divvy,1,test,2024-05-11,0.05,RiskFirst,47.0,3.0858550534081,15.200000000000001,17.800000000000004,4.000000000000005,,1.0
divvy,1,test,2024-05-11,0.05,TemporalContext2024,47.0,3.142512192275873,14.4,17.0,4.000000000000002,,1.0
divvy,1,test,2024-05-11,0.05,NetworkPropagation2024,47.0,3.3374300923199236,11.2,13.8,4.000000000000002,,1.0
divvy,1,test,2024-05-11,0.05,CalibratedUncertainty2025,47.0,2.0335653019376903,12.800000000000004,14.200000000000003,2.3999999999999986,,1.0
divvy,1,test,2024-05-11,0.05,MappedPTO2026,47.0,2.996476827208159,16.000000000000004,18.6,4.0000000000000036,,1.0
divvy,1,test,2024-05-11,0.05,GroupAware2025,47.0,3.065385170421606,13.600000000000001,16.200000000000003,4.0000000000000036,,1.0
divvy,1,test,2024-05-11,0.05,RobustImprovement2025,47.0,2.201218458602553,16.0,18.000000000000004,3.2000000000000064,,1.0
divvy,1,test,2024-05-11,0.1,StructuralRobust,95.0,0.03333893612383713,18.000000000000007,21.600000000000005,6.399999999999999,0.0,1.0
divvy,1,test,2024-05-11,0.1,ExpectedActionValue,95.0,32.19173418278349,14.800000000000004,17.600000000000005,4.800000000000001,,1.0
divvy,1,test,2024-05-11,0.1,PointwiseWorstAction,95.0,32.34364944243865,14.800000000000002,17.600000000000005,4.8000000000000025,,1.0
divvy,1,test,2024-05-11,0.1,ScenarioCVaR,95.0,32.34364944243865,14.800000000000002,17.600000000000005,4.8000000000000025,,1.0
divvy,1,test,2024-05-11,0.1,RiskFirst,95.0,4.396601901972656,20.000000000000004,23.800000000000008,5.600000000000005,,1.0
divvy,1,test,2024-05-11,0.1,TemporalContext2024,95.0,4.53209783978627,18.400000000000002,21.000000000000004,4.0000000000000036,,1.0
divvy,1,test,2024-05-11,0.1,NetworkPropagation2024,95.0,4.643754680972531,17.6,20.200000000000003,4.0000000000000036,,1.0
divvy,1,test,2024-05-11,0.1,CalibratedUncertainty2025,95.0,4.493616057279353,18.800000000000008,22.400000000000002,6.399999999999999,,1.0
divvy,1,test,2024-05-11,0.1,MappedPTO2026,95.0,4.778113635162645,19.200000000000006,22.40000000000001,4.800000000000004,,1.0
divvy,1,test,2024-05-11,0.1,GroupAware2025,95.0,5.005192789414109,16.800000000000004,19.400000000000006,4.0000000000000036,,1.0
divvy,1,test,2024-05-11,0.1,RobustImprovement2025,95.0,5.458914773377427,18.400000000000002,21.000000000000007,4.000000000000007,,1.0
divvy,1,test,2024-05-11,0.2,StructuralRobust,190.0,0.03333893612383713,28.000000000000007,35.1,11.599999999999994,0.0,1.0
divvy,1,test,2024-05-11,0.2,ExpectedActionValue,190.0,37.021504112499805,23.600000000000012,29.000000000000007,8.799999999999994,,1.0
divvy,1,test,2024-05-11,0.2,PointwiseWorstAction,190.0,36.95715646922227,26.00000000000001,31.200000000000014,8.000000000000004,,1.0
divvy,1,test,2024-05-11,0.2,ScenarioCVaR,190.0,36.95715646922227,26.00000000000001,31.200000000000014,8.000000000000004,,1.0
divvy,1,test,2024-05-11,0.2,RiskFirst,190.0,11.109812379949114,26.40000000000001,31.60000000000001,8.000000000000004,,1.0
divvy,1,test,2024-05-11,0.2,TemporalContext2024,190.0,10.12679641210432,28.80000000000001,35.0,10.399999999999991,,1.0
divvy,1,test,2024-05-11,0.2,NetworkPropagation2024,190.0,10.461633431119404,24.800000000000008,30.000000000000007,8.000000000000004,,1.0
divvy,1,test,2024-05-11,0.2,CalibratedUncertainty2025,190.0,6.373021368749937,40.400000000000006,50.300000000000004,16.4,,1.0
divvy,1,test,2024-05-11,0.2,MappedPTO2026,190.0,9.464481789328737,37.600000000000016,44.00000000000002,9.600000000000001,,1.0
divvy,1,test,2024-05-11,0.2,GroupAware2025,190.0,8.966494520777726,23.20000000000001,27.000000000000014,5.600000000000001,,1.0
divvy,1,test,2024-05-11,0.2,RobustImprovement2025,190.0,8.003669987364429,25.600000000000005,31.70000000000001,9.200000000000006,,1.0
divvy,1,test,2024-05-12,0.01,StructuralRobust,9.0,6.131914307527967,8.0,11.4,5.600000000000001,0.0,1.0
divvy,1,test,2024-05-12,0.01,ExpectedActionValue,9.0,10.612714832425137,0.4,0.4,0.0,,1.0
divvy,1,test,2024-05-12,0.01,PointwiseWorstAction,9.0,10.71238040038939,0.4,0.4,0.0,,1.0
divvy,1,test,2024-05-12,0.01,ScenarioCVaR,9.0,10.71238040038939,0.4,0.4,0.0,,1.0
divvy,1,test,2024-05-12,0.01,RiskFirst,9.0,0.13029114036319445,6.3999999999999995,9.200000000000001,4.800000000000002,,1.0
divvy,1,test,2024-05-12,0.01,TemporalContext2024,9.0,0.13029114036319445,6.3999999999999995,9.200000000000001,4.800000000000002,,1.0
divvy,1,test,2024-05-12,0.01,NetworkPropagation2024,9.0,0.10709695536573668,5.6,7.800000000000001,4.000000000000002,,1.0
divvy,1,test,2024-05-12,0.01,CalibratedUncertainty2025,9.0,0.11855964867843223,4.0,5.4,2.4000000000000004,,1.0
divvy,1,test,2024-05-12,0.01,MappedPTO2026,9.0,0.14532907375596055,4.0,5.4,2.4000000000000004,,1.0
divvy,1,test,2024-05-12,0.01,GroupAware2025,9.0,0.13029114036319445,5.6000000000000005,8.400000000000002,4.800000000000002,,1.0
divvy,1,test,2024-05-12,0.01,RobustImprovement2025,9.0,0.1562795042275895,7.200000000000001,10.0,4.800000000000001,,1.0
divvy,1,test,2024-05-12,0.03,StructuralRobust,28.0,6.319794738839038,14.400000000000002,18.600000000000005,7.200000000000003,0.0,1.0
divvy,1,test,2024-05-12,0.03,ExpectedActionValue,28.0,21.246589889019287,0.4,0.4,0.0,,1.0
divvy,1,test,2024-05-12,0.03,PointwiseWorstAction,28.0,21.59471220698848,0.4,0.4,0.0,,1.0
divvy,1,test,2024-05-12,0.03,ScenarioCVaR,28.0,21.59471220698848,0.4,0.4,0.0,,1.0
divvy,1,test,2024-05-12,0.03,RiskFirst,28.0,0.18028052725839186,12.8,16.200000000000003,5.600000000000005,,1.0
divvy,1,test,2024-05-12,0.03,TemporalContext2024,28.0,0.20287020096204808,12.0,15.400000000000002,5.600000000000005,,1.0
divvy,1,test,2024-05-12,0.03,NetworkPropagation2024,28.0,0.2666010017163257,12.0,15.400000000000002,5.600000000000005,,1.0
divvy,1,test,2024-05-12,0.03,CalibratedUncertainty2025,28.0,0.3386941293845008,12.000000000000002,16.200000000000003,7.200000000000001,,1.0
divvy,1,test,2024-05-12,0.03,MappedPTO2026,28.0,0.19622990513026453,13.600000000000003,17.8,7.1999999999999975,,1.0
divvy,1,test,2024-05-12,0.03,GroupAware2025,28.0,0.2214910516613417,13.600000000000005,17.800000000000004,7.199999999999999,,1.0
divvy,1,test,2024-05-12,0.03,RobustImprovement2025,28.0,0.20287020096204808,12.800000000000004,16.200000000000003,5.600000000000001,,1.0
divvy,1,test,2024-05-12,0.05,StructuralRobust,47.0,15.973409202340655,16.800000000000004,21.800000000000004,8.800000000000004,0.0,1.0
divvy,1,test,2024-05-12,0.05,ExpectedActionValue,47.0,28.910675646142934,1.2000000000000002,1.8,0.7999999999999998,,1.0
divvy,1,test,2024-05-12,0.05,PointwiseWorstAction,47.0,29.102288384195127,2.0,2.5999999999999996,0.7999999999999998,,1.0
divvy,1,test,2024-05-12,0.05,ScenarioCVaR,47.0,29.102288384195127,2.0,2.5999999999999996,0.7999999999999998,,1.0
divvy,1,test,2024-05-12,0.05,RiskFirst,47.0,0.6425835208781598,17.6,22.600000000000005,8.800000000000004,,1.0
divvy,1,test,2024-05-12,0.05,TemporalContext2024,47.0,1.8191934134059744,16.0,21.000000000000007,8.800000000000004,,1.0
divvy,1,test,2024-05-12,0.05,NetworkPropagation2024,47.0,0.6095885632664709,16.000000000000004,21.000000000000004,8.8,,1.0
divvy,1,test,2024-05-12,0.05,CalibratedUncertainty2025,47.0,0.6421207579805698,16.000000000000004,21.000000000000007,8.8,,1.0
divvy,1,test,2024-05-12,0.05,MappedPTO2026,47.0,0.6425835208781597,17.600000000000005,22.600000000000005,8.799999999999997,,1.0
divvy,1,test,2024-05-12,0.05,GroupAware2025,47.0,0.7305401718646097,16.800000000000008,21.800000000000008,8.799999999999997,,1.0
divvy,1,test,2024-05-12,0.05,RobustImprovement2025,47.0,1.8900736145843136,16.800000000000004,21.800000000000004,8.8,,1.0
divvy,1,test,2024-05-12,0.1,StructuralRobust,94.0,0.03429184372768962,21.60000000000001,28.000000000000007,11.199999999999996,0.0,1.0
divvy,1,test,2024-05-12,0.1,ExpectedActionValue,94.0,37.71886824079851,5.199999999999999,6.6,2.4000000000000004,,1.0
divvy,1,test,2024-05-12,0.1,PointwiseWorstAction,94.0,37.79996309898702,4.3999999999999995,4.999999999999999,0.7999999999999998,,1.0
divvy,1,test,2024-05-12,0.1,ScenarioCVaR,94.0,37.79996309898702,4.3999999999999995,4.999999999999999,0.7999999999999998,,1.0
divvy,1,test,2024-05-12,0.1,RiskFirst,94.0,4.108055629187213,20.000000000000004,25.000000000000007,8.800000000000004,,1.0
divvy,1,test,2024-05-12,0.1,TemporalContext2024,94.0,3.4751927653784342,19.200000000000003,24.20000000000001,8.800000000000004,,1.0
divvy,1,test,2024-05-12,0.1,NetworkPropagation2024,94.0,2.7875266540496106,17.600000000000005,22.600000000000005,8.8,,1.0
divvy,1,test,2024-05-12,0.1,CalibratedUncertainty2025,94.0,4.25857729893915,21.60000000000001,28.000000000000007,11.199999999999996,,1.0
divvy,1,test,2024-05-12,0.1,MappedPTO2026,94.0,3.9947371979009056,20.000000000000007,25.000000000000007,8.799999999999997,,1.0
divvy,1,test,2024-05-12,0.1,GroupAware2025,94.0,6.230881876318155,18.40000000000001,23.40000000000001,8.799999999999997,,1.0
divvy,1,test,2024-05-12,0.1,RobustImprovement2025,94.0,3.861725375369923,20.000000000000007,25.000000000000007,8.8,,1.0
divvy,1,test,2024-05-12,0.2,StructuralRobust,189.0,0.03429184372768962,27.600000000000012,35.5,13.199999999999985,0.0,1.0
divvy,1,test,2024-05-12,0.2,ExpectedActionValue,189.0,43.37020794051309,17.2,21.200000000000003,6.400000000000006,,1.0
divvy,1,test,2024-05-12,0.2,PointwiseWorstAction,189.0,43.3053695733397,16.400000000000002,20.400000000000006,6.400000000000006,,1.0
divvy,1,test,2024-05-12,0.2,ScenarioCVaR,189.0,43.3053695733397,16.400000000000002,20.400000000000006,6.400000000000006,,1.0
divvy,1,test,2024-05-12,0.2,RiskFirst,189.0,8.224165020035263,26.000000000000007,33.400000000000006,12.000000000000007,,1.0
divvy,1,test,2024-05-12,0.2,TemporalContext2024,189.0,7.912396116559537,28.40000000000001,36.20000000000001,13.599999999999998,,1.0
divvy,1,test,2024-05-12,0.2,NetworkPropagation2024,189.0,8.105404696678855,26.400000000000013,35.30000000000001,15.599999999999994,,1.0
divvy,1,test,2024-05-12,0.2,CalibratedUncertainty2025,189.0,7.046406801602931,34.400000000000006,45.2,19.199999999999974,,1.0
divvy,1,test,2024-05-12,0.2,MappedPTO2026,189.0,8.395937518006107,29.200000000000014,36.800000000000004,12.79999999999998,,1.0
divvy,1,test,2024-05-12,0.2,GroupAware2025,189.0,11.049491066224418,21.600000000000012,27.20000000000001,9.599999999999998,,1.0
divvy,1,test,2024-05-12,0.2,RobustImprovement2025,189.0,6.652845880310915,26.400000000000013,32.000000000000014,9.600000000000001,,1.0
divvy,1,test,2024-05-13,0.01,StructuralRobust,9.0,9.994768722012227,13.600000000000001,20.5,14.0,0.0,1.0
divvy,1,test,2024-05-13,0.01,ExpectedActionValue,9.0,7.710557832509766,0.0,0.0,0.0,,1.0
divvy,1,test,2024-05-13,0.01,PointwiseWorstAction,9.0,7.790427014007617,0.0,0.0,0.0,,1.0
divvy,1,test,2024-05-13,0.01,ScenarioCVaR,9.0,7.790427014007617,0.0,0.0,0.0,,1.0
divvy,1,test,2024-05-13,0.01,RiskFirst,9.0,0.22860090536859448,11.2,17.800000000000004,13.600000000000005,,1.0
divvy,1,test,2024-05-13,0.01,TemporalContext2024,9.0,0.22860090536859448,11.2,17.800000000000004,13.600000000000005,,1.0
divvy,1,test,2024-05-13,0.01,NetworkPropagation2024,9.0,0.22860090536859448,11.2,17.800000000000004,13.600000000000005,,1.0
divvy,1,test,2024-05-13,0.01,CalibratedUncertainty2025,9.0,0.20590050656309422,10.4,16.4,12.800000000000002,,1.0
divvy,1,test,2024-05-13,0.01,MappedPTO2026,9.0,0.22860090536859448,11.200000000000001,17.800000000000004,13.600000000000003,,1.0
divvy,1,test,2024-05-13,0.01,GroupAware2025,9.0,0.22860090536859448,11.2,17.800000000000004,13.600000000000005,,1.0
divvy,1,test,2024-05-13,0.01,RobustImprovement2025,9.0,0.22818680797400204,9.6,16.200000000000003,13.600000000000003,,1.0
divvy,1,test,2024-05-13,0.03,StructuralRobust,27.0,11.037542992984907,24.000000000000007,32.900000000000006,17.199999999999996,0.0,1.0
divvy,1,test,2024-05-13,0.03,ExpectedActionValue,27.0,16.97343299826713,0.0,0.0,0.0,,1.0
divvy,1,test,2024-05-13,0.03,PointwiseWorstAction,27.0,17.318915134905623,0.0,0.0,0.0,,1.0
divvy,1,test,2024-05-13,0.03,ScenarioCVaR,27.0,17.318915134905623,0.0,0.0,0.0,,1.0
divvy,1,test,2024-05-13,0.03,RiskFirst,27.0,0.5506342120721252,21.60000000000001,31.300000000000004,18.79999999999999,,1.0
divvy,1,test,2024-05-13,0.03,TemporalContext2024,27.0,0.5922333591716399,20.800000000000008,30.500000000000007,18.799999999999994,,1.0
divvy,1,test,2024-05-13,0.03,NetworkPropagation2024,27.0,0.5737559599916309,21.60000000000001,31.300000000000004,18.79999999999999,,1.0
divvy,1,test,2024-05-13,0.03,CalibratedUncertainty2025,27.0,0.7141458501200859,19.200000000000003,28.300000000000008,18.0,,1.0
divvy,1,test,2024-05-13,0.03,MappedPTO2026,27.0,0.5512531132569566,22.400000000000006,32.10000000000001,18.799999999999997,,1.0
divvy,1,test,2024-05-13,0.03,GroupAware2025,27.0,0.5172958294480526,22.40000000000001,31.300000000000008,17.199999999999985,,1.0
divvy,1,test,2024-05-13,0.03,RobustImprovement2025,27.0,0.39847393933407027,21.60000000000001,31.300000000000008,18.799999999999997,,1.0
divvy,1,test,2024-05-13,0.05,StructuralRobust,45.0,28.198882041557543,31.20000000000001,44.0,24.79999999999999,0.0,1.0
divvy,1,test,2024-05-13,0.05,ExpectedActionValue,45.0,23.466592683342945,0.8,0.8,0.0,,1.0
divvy,1,test,2024-05-13,0.05,PointwiseWorstAction,45.0,23.47268705073832,1.6,2.2,0.8000000000000003,,1.0
divvy,1,test,2024-05-13,0.05,ScenarioCVaR,45.0,23.47268705073832,1.6,2.2,0.8000000000000003,,1.0
divvy,1,test,2024-05-13,0.05,RiskFirst,45.0,1.542801036712606,28.000000000000014,39.70000000000001,21.99999999999998,,1.0
divvy,1,test,2024-05-13,0.05,TemporalContext2024,45.0,1.8610844593528222,27.200000000000014,37.7,20.399999999999974,,1.0
divvy,1,test,2024-05-13,0.05,NetworkPropagation2024,45.0,1.6128777924988786,27.200000000000014,37.7,20.399999999999974,,1.0
divvy,1,test,2024-05-13,0.05,CalibratedUncertainty2025,45.0,1.5811789249707475,26.40000000000001,36.9,20.39999999999998,,1.0
divvy,1,test,2024-05-13,0.05,MappedPTO2026,45.0,1.5175463945003602,27.20000000000001,38.10000000000001,20.399999999999984,,1.0
divvy,1,test,2024-05-13,0.05,GroupAware2025,45.0,1.51754639450036,27.200000000000014,38.10000000000001,20.39999999999998,,1.0
divvy,1,test,2024-05-13,0.05,RobustImprovement2025,45.0,1.8936373201510333,28.000000000000014,38.5,20.399999999999977,,1.0
divvy,1,test,2024-05-13,0.1,StructuralRobust,90.0,0.07673052691953512,39.20000000000001,53.8,27.199999999999967,0.0,1.0
divvy,1,test,2024-05-13,0.1,ExpectedActionValue,90.0,31.40878457931376,7.6000000000000005,9.999999999999998,3.1999999999999984,,1.0
divvy,1,test,2024-05-13,0.1,PointwiseWorstAction,90.0,31.413661604392423,7.6,10.0,3.200000000000001,,1.0
divvy,1,test,2024-05-13,0.1,ScenarioCVaR,90.0,31.413661604392423,7.6,10.0,3.200000000000001,,1.0
divvy,1,test,2024-05-13,0.1,RiskFirst,90.0,2.9719061645911564,40.0,54.29999999999999,25.99999999999997,,1.0
divvy,1,test,2024-05-13,0.1,TemporalContext2024,90.0,2.8855567719922903,38.400000000000006,52.4,26.399999999999977,,1.0
divvy,1,test,2024-05-13,0.1,NetworkPropagation2024,90.0,3.7740192538243793,34.40000000000001,46.699999999999996,22.79999999999997,,1.0
divvy,1,test,2024-05-13,0.1,CalibratedUncertainty2025,90.0,2.6427509776606946,39.20000000000001,53.8,27.199999999999967,,1.0
divvy,1,test,2024-05-13,0.1,MappedPTO2026,90.0,2.9719061645911564,40.0,54.29999999999999,25.99999999999997,,1.0
divvy,1,test,2024-05-13,0.1,GroupAware2025,90.0,2.8549627291777733,37.60000000000001,51.89999999999999,25.99999999999997,,1.0
divvy,1,test,2024-05-13,0.1,RobustImprovement2025,90.0,2.9045641153373527,40.8,56.8,29.599999999999994,,1.0
divvy,1,test,2024-05-13,0.2,StructuralRobust,181.0,0.07794126018588102,53.59999999999997,72.69999999999996,33.999999999999964,0.0,1.0
divvy,1,test,2024-05-13,0.2,ExpectedActionValue,181.0,36.271860043642405,20.000000000000007,24.800000000000004,6.399999999999999,,1.0
divvy,1,test,2024-05-13,0.2,PointwiseWorstAction,181.0,36.18036236739214,20.400000000000006,26.000000000000007,8.0,,1.0
divvy,1,test,2024-05-13,0.2,ScenarioCVaR,181.0,36.18036236739214,20.400000000000006,26.000000000000007,8.0,,1.0
divvy,1,test,2024-05-13,0.2,RiskFirst,181.0,7.197203220097383,48.39999999999999,63.999999999999986,27.99999999999997,,1.0
divvy,1,test,2024-05-13,0.2,TemporalContext2024,181.0,6.884133677582551,45.59999999999999,61.59999999999998,29.599999999999973,,1.0
divvy,1,test,2024-05-13,0.2,NetworkPropagation2024,181.0,6.840346148876614,44.4,58.69999999999999,25.999999999999964,,1.0
divvy,1,test,2024-05-13,0.2,CalibratedUncertainty2025,181.0,7.52056227422566,62.79999999999996,85.29999999999994,39.59999999999996,,1.0
divvy,1,test,2024-05-13,0.2,MappedPTO2026,181.0,8.281189307812092,45.99999999999999,61.499999999999986,27.599999999999973,,1.0
divvy,1,test,2024-05-13,0.2,GroupAware2025,181.0,7.22224702932318,45.599999999999994,61.09999999999998,27.599999999999966,,1.0
divvy,1,test,2024-05-13,0.2,RobustImprovement2025,181.0,5.754495580088874,45.199999999999996,61.199999999999996,29.599999999999987,,1.0
divvy,1,test,2024-05-14,0.01,StructuralRobust,9.0,10.796757148111617,8.8,13.000000000000002,8.8,0.0,1.0
divvy,1,test,2024-05-14,0.01,ExpectedActionValue,9.0,7.86002058909146,0.0,0.0,0.0,,1.0
divvy,1,test,2024-05-14,0.01,PointwiseWorstAction,9.0,7.86002058909146,0.0,0.0,0.0,,1.0
divvy,1,test,2024-05-14,0.01,ScenarioCVaR,9.0,7.86002058909146,0.0,0.0,0.0,,1.0
divvy,1,test,2024-05-14,0.01,RiskFirst,9.0,0.16612956229862516,8.8,13.0,8.8,,1.0
divvy,1,test,2024-05-14,0.01,TemporalContext2024,9.0,0.16612956229862516,8.8,13.0,8.8,,1.0
divvy,1,test,2024-05-14,0.01,NetworkPropagation2024,9.0,0.16612956229862516,8.8,13.0,8.8,,1.0
divvy,1,test,2024-05-14,0.01,CalibratedUncertainty2025,9.0,0.16541976173075598,9.600000000000001,13.8,8.8,,1.0
divvy,1,test,2024-05-14,0.01,MappedPTO2026,9.0,0.16612956229862516,8.0,12.200000000000001,8.800000000000004,,1.0
divvy,1,test,2024-05-14,0.01,GroupAware2025,9.0,0.16612956229862516,8.8,13.0,8.8,,1.0
divvy,1,test,2024-05-14,0.01,RobustImprovement2025,9.0,0.16612956229862516,8.0,12.200000000000001,8.800000000000004,,1.0
divvy,1,test,2024-05-14,0.03,StructuralRobust,28.0,11.876924841893944,16.4,21.200000000000003,9.600000000000009,0.0,1.0
divvy,1,test,2024-05-14,0.03,ExpectedActionValue,28.0,16.841801621638037,0.8,0.8,0.0,,1.0
divvy,1,test,2024-05-14,0.03,PointwiseWorstAction,28.0,16.891266054639512,0.8,0.8,0.0,,1.0
divvy,1,test,2024-05-14,0.03,ScenarioCVaR,28.0,16.891266054639512,0.8,0.8,0.0,,1.0
divvy,1,test,2024-05-14,0.03,RiskFirst,28.0,0.26722181958485747,15.200000000000005,19.400000000000002,8.799999999999999,,1.0
divvy,1,test,2024-05-14,0.03,TemporalContext2024,28.0,0.28667571868105024,13.600000000000005,17.800000000000004,8.799999999999997,,1.0
divvy,1,test,2024-05-14,0.03,NetworkPropagation2024,28.0,0.3480941665691748,13.600000000000005,17.800000000000004,8.799999999999997,,1.0
divvy,1,test,2024-05-14,0.03,CalibratedUncertainty2025,28.0,0.2623101825582764,14.000000000000004,18.200000000000003,8.799999999999997,,1.0
divvy,1,test,2024-05-14,0.03,MappedPTO2026,28.0,0.305317636675947,13.600000000000003,18.400000000000006,9.600000000000007,,1.0
divvy,1,test,2024-05-14,0.03,GroupAware2025,28.0,0.2672218195848575,15.200000000000005,19.400000000000002,8.799999999999999,,1.0
divvy,1,test,2024-05-14,0.03,RobustImprovement2025,28.0,0.2934006407330417,17.200000000000006,22.000000000000007,9.600000000000005,,1.0
divvy,1,test,2024-05-14,0.05,StructuralRobust,46.0,30.806424252710233,25.200000000000006,31.400000000000006,11.999999999999996,0.0,1.0
divvy,1,test,2024-05-14,0.05,ExpectedActionValue,46.0,21.012605555072938,0.8,0.8,0.0,,1.0
divvy,1,test,2024-05-14,0.05,PointwiseWorstAction,46.0,21.04510274353931,0.8,0.8,0.0,,1.0
divvy,1,test,2024-05-14,0.05,ScenarioCVaR,46.0,21.04510274353931,0.8,0.8,0.0,,1.0
divvy,1,test,2024-05-14,0.05,RiskFirst,46.0,0.5719315119787561,23.20000000000001,29.20000000000001,11.200000000000003,,1.0
divvy,1,test,2024-05-14,0.05,TemporalContext2024,46.0,0.5719315119787561,23.20000000000001,29.20000000000001,11.200000000000003,,1.0
divvy,1,test,2024-05-14,0.05,NetworkPropagation2024,46.0,1.4368401049834705,22.000000000000007,28.000000000000004,11.199999999999996,,1.0
divvy,1,test,2024-05-14,0.05,CalibratedUncertainty2025,46.0,0.556387837059469,20.800000000000004,26.200000000000006,10.400000000000002,,1.0
divvy,1,test,2024-05-14,0.05,MappedPTO2026,46.0,0.5467669408097708,25.20000000000001,31.400000000000013,12.000000000000007,,1.0
divvy,1,test,2024-05-14,0.05,GroupAware2025,46.0,0.5719315119787562,23.20000000000001,29.20000000000001,11.199999999999996,,1.0
divvy,1,test,2024-05-14,0.05,RobustImprovement2025,46.0,0.5096117345823434,22.800000000000008,28.20000000000001,10.400000000000002,,1.0
divvy,1,test,2024-05-14,0.1,StructuralRobust,93.0,0.07949343834783133,35.60000000000001,43.60000000000001,14.399999999999999,0.0,1.0
divvy,1,test,2024-05-14,0.1,ExpectedActionValue,93.0,26.335561890360434,8.8,11.799999999999999,5.6,,1.0
divvy,1,test,2024-05-14,0.1,PointwiseWorstAction,93.0,26.402280046015846,8.0,10.399999999999999,4.800000000000001,,1.0
divvy,1,test,2024-05-14,0.1,ScenarioCVaR,93.0,26.402280046015846,8.0,10.399999999999999,4.800000000000001,,1.0
divvy,1,test,2024-05-14,0.1,RiskFirst,93.0,2.896388288871472,32.40000000000001,39.80000000000001,13.600000000000001,,1.0
divvy,1,test,2024-05-14,0.1,TemporalContext2024,93.0,2.7126635273666064,30.800000000000015,38.20000000000001,13.599999999999998,,1.0
divvy,1,test,2024-05-14,0.1,NetworkPropagation2024,93.0,2.738326257968108,30.80000000000001,38.2,13.599999999999994,,1.0
divvy,1,test,2024-05-14,0.1,CalibratedUncertainty2025,93.0,3.102082518946094,35.60000000000001,43.60000000000001,14.399999999999999,,1.0
divvy,1,test,2024-05-14,0.1,MappedPTO2026,93.0,3.512960260438118,33.20000000000001,40.60000000000001,13.600000000000001,,1.0
divvy,1,test,2024-05-14,0.1,GroupAware2025,93.0,3.5364319146909122,31.600000000000016,38.400000000000006,12.79999999999999,,1.0
divvy,1,test,2024-05-14,0.1,RobustImprovement2025,93.0,2.7049876365536227,31.600000000000016,38.400000000000006,12.79999999999999,,1.0
divvy,1,test,2024-05-14,0.2,StructuralRobust,185.0,0.08117115504224946,46.399999999999984,57.8,20.000000000000007,0.0,1.0
divvy,1,test,2024-05-14,0.2,ExpectedActionValue,185.0,29.84955700399922,19.200000000000006,24.000000000000004,8.0,,1.0
divvy,1,test,2024-05-14,0.2,PointwiseWorstAction,185.0,29.73143236664467,17.200000000000006,21.400000000000006,7.199999999999999,,1.0
divvy,1,test,2024-05-14,0.2,ScenarioCVaR,185.0,29.73143236664467,17.200000000000006,21.400000000000006,7.199999999999999,,1.0
divvy,1,test,2024-05-14,0.2,RiskFirst,185.0,6.70321361897642,42.8,50.899999999999984,14.799999999999997,,1.0
divvy,1,test,2024-05-14,0.2,TemporalContext2024,185.0,7.693798795735016,44.39999999999999,52.399999999999984,14.399999999999999,,1.0
divvy,1,test,2024-05-14,0.2,NetworkPropagation2024,185.0,7.009119261266572,38.0,45.39999999999999,13.599999999999994,,1.0
divvy,1,test,2024-05-14,0.2,CalibratedUncertainty2025,185.0,6.846447998480684,53.99999999999996,67.99999999999997,24.0,,1.0
divvy,1,test,2024-05-14,0.2,MappedPTO2026,185.0,5.761247781853078,45.999999999999986,56.899999999999984,19.60000000000001,,1.0
divvy,1,test,2024-05-14,0.2,GroupAware2025,185.0,7.669299059476618,40.4,48.49999999999999,14.79999999999999,,1.0
divvy,1,test,2024-05-14,0.2,RobustImprovement2025,185.0,7.796015338941568,38.80000000000001,46.8,14.399999999999984,,1.0
divvy,1,test,2024-05-15,0.01,StructuralRobust,9.0,10.479227500638041,12.8,21.000000000000004,16.8,0.0,1.0
divvy,1,test,2024-05-15,0.01,ExpectedActionValue,9.0,7.2322584608250855,0.0,0.0,0.0,,1.0
divvy,1,test,2024-05-15,0.01,PointwiseWorstAction,9.0,7.387240982941159,0.0,0.0,0.0,,1.0
divvy,1,test,2024-05-15,0.01,ScenarioCVaR,9.0,7.387240982941159,0.0,0.0,0.0,,1.0
divvy,1,test,2024-05-15,0.01,RiskFirst,9.0,0.3491673558950028,10.400000000000004,17.200000000000003,14.4,,1.0
divvy,1,test,2024-05-15,0.01,TemporalContext2024,9.0,0.3491673558950028,10.400000000000004,17.200000000000003,14.4,,1.0
divvy,1,test,2024-05-15,0.01,NetworkPropagation2024,9.0,0.3491673558950028,10.400000000000004,17.200000000000003,14.4,,1.0
divvy,1,test,2024-05-15,0.01,CalibratedUncertainty2025,9.0,0.7048358712721111,11.200000000000003,18.200000000000003,15.2,,1.0
divvy,1,test,2024-05-15,0.01,MappedPTO2026,9.0,0.3491673558950028,10.400000000000004,16.6,13.6,,1.0
divvy,1,test,2024-05-15,0.01,GroupAware2025,9.0,0.3491673558950028,10.400000000000004,17.200000000000003,14.4,,1.0
divvy,1,test,2024-05-15,0.01,RobustImprovement2025,9.0,0.6646149054488466,12.000000000000004,19.6,16.0,,1.0
divvy,1,test,2024-05-15,0.03,StructuralRobust,27.0,11.200890107347657,24.000000000000007,36.4,23.999999999999986,0.0,1.0
divvy,1,test,2024-05-15,0.03,ExpectedActionValue,27.0,16.696516376637575,2.4000000000000004,3.2,1.5999999999999996,,1.0
divvy,1,test,2024-05-15,0.03,PointwiseWorstAction,27.0,17.02771015918919,1.6,2.4000000000000004,1.6,,1.0
divvy,1,test,2024-05-15,0.03,ScenarioCVaR,27.0,17.02771015918919,1.6,2.4000000000000004,1.6,,1.0
divvy,1,test,2024-05-15,0.03,RiskFirst,27.0,1.9362753715708991,21.600000000000012,33.20000000000001,22.399999999999995,,1.0
divvy,1,test,2024-05-15,0.03,TemporalContext2024,27.0,1.9120058248033214,22.400000000000013,34.2,23.199999999999996,,1.0
divvy,1,test,2024-05-15,0.03,NetworkPropagation2024,27.0,1.9683391736941318,22.400000000000013,34.2,23.199999999999996,,1.0
divvy,1,test,2024-05-15,0.03,CalibratedUncertainty2025,27.0,1.3986356509561306,24.00000000000001,36.80000000000001,25.599999999999998,,1.0
divvy,1,test,2024-05-15,0.03,MappedPTO2026,27.0,0.8116196881597152,22.400000000000013,34.80000000000001,22.4,,1.0
divvy,1,test,2024-05-15,0.03,GroupAware2025,27.0,1.9110724377433206,21.600000000000012,32.400000000000006,20.799999999999994,,1.0
divvy,1,test,2024-05-15,0.03,RobustImprovement2025,27.0,1.9110724377433201,20.80000000000001,31.60000000000001,20.79999999999999,,1.0
divvy,1,test,2024-05-15,0.05,StructuralRobust,45.0,29.83922479822829,35.2,52.19999999999999,31.19999999999999,0.0,1.0
divvy,1,test,2024-05-15,0.05,ExpectedActionValue,45.0,23.163144575435812,5.6,7.2,3.200000000000001,,1.0
divvy,1,test,2024-05-15,0.05,PointwiseWorstAction,45.0,23.442279285708686,8.0,11.4,7.200000000000001,,1.0
divvy,1,test,2024-05-15,0.05,ScenarioCVaR,45.0,23.442279285708686,8.0,11.4,7.200000000000001,,1.0
divvy,1,test,2024-05-15,0.05,RiskFirst,45.0,2.27533301772982,32.000000000000014,48.60000000000001,31.19999999999999,,1.0
divvy,1,test,2024-05-15,0.05,TemporalContext2024,45.0,2.2304265014226967,32.80000000000002,49.400000000000006,31.19999999999998,,1.0
divvy,1,test,2024-05-15,0.05,NetworkPropagation2024,45.0,2.367328876100183,31.20000000000002,47.2,30.39999999999998,,1.0
divvy,1,test,2024-05-15,0.05,CalibratedUncertainty2025,45.0,2.453398522579203,34.400000000000006,51.599999999999994,31.999999999999986,,1.0
divvy,1,test,2024-05-15,0.05,MappedPTO2026,45.0,2.27533301772982,32.00000000000002,48.60000000000001,31.19999999999998,,1.0
divvy,1,test,2024-05-15,0.05,GroupAware2025,45.0,2.27533301772982,32.000000000000014,48.60000000000001,31.19999999999999,,1.0
divvy,1,test,2024-05-15,0.05,RobustImprovement2025,45.0,2.25102994309437,32.000000000000014,48.2,29.59999999999998,,1.0
divvy,1,test,2024-05-15,0.1,StructuralRobust,90.0,0.09292532239225944,49.19999999999997,70.39999999999998,38.4,0.0,1.0
divvy,1,test,2024-05-15,0.1,ExpectedActionValue,90.0,32.066569272331826,12.000000000000002,17.000000000000004,10.400000000000004,,1.0
divvy,1,test,2024-05-15,0.1,PointwiseWorstAction,90.0,32.081728725453374,11.200000000000001,16.200000000000003,10.4,,1.0
divvy,1,test,2024-05-15,0.1,ScenarioCVaR,90.0,32.081728725453374,11.200000000000001,16.200000000000003,10.4,,1.0
divvy,1,test,2024-05-15,0.1,RiskFirst,90.0,3.467577735068235,49.99999999999997,72.89999999999998,41.19999999999999,,1.0
divvy,1,test,2024-05-15,0.1,TemporalContext2024,90.0,3.921209930122727,45.99999999999998,66.59999999999997,37.59999999999999,,1.0
divvy,1,test,2024-05-15,0.1,NetworkPropagation2024,90.0,3.4712164133657675,47.59999999999998,68.49999999999997,37.999999999999986,,1.0
divvy,1,test,2024-05-15,0.1,CalibratedUncertainty2025,90.0,3.4250128049252955,49.19999999999997,70.39999999999998,38.4,,1.0
divvy,1,test,2024-05-15,0.1,MappedPTO2026,90.0,3.477169005462309,49.199999999999974,71.79999999999997,40.79999999999998,,1.0
divvy,1,test,2024-05-15,0.1,GroupAware2025,90.0,3.433407084423086,45.99999999999997,66.59999999999998,37.599999999999994,,1.0
divvy,1,test,2024-05-15,0.1,RobustImprovement2025,90.0,3.464062949060014,45.99999999999997,66.19999999999997,35.999999999999986,,1.0
divvy,1,test,2024-05-15,0.2,StructuralRobust,179.0,0.09611980111459228,68.39999999999995,94.79999999999994,46.39999999999999,0.0,1.0
divvy,1,test,2024-05-15,0.2,ExpectedActionValue,179.0,38.107758456723026,20.800000000000008,28.200000000000006,13.599999999999998,,1.0
divvy,1,test,2024-05-15,0.2,PointwiseWorstAction,179.0,38.12852659745732,22.40000000000001,30.70000000000001,15.599999999999998,,1.0
divvy,1,test,2024-05-15,0.2,ScenarioCVaR,179.0,38.12852659745732,22.40000000000001,30.70000000000001,15.599999999999998,,1.0
divvy,1,test,2024-05-15,0.2,RiskFirst,179.0,6.694142912666233,61.99999999999996,88.29999999999997,46.79999999999998,,1.0
divvy,1,test,2024-05-15,0.2,TemporalContext2024,179.0,7.220914595278499,63.599999999999966,91.49999999999997,49.99999999999997,,1.0
divvy,1,test,2024-05-15,0.2,NetworkPropagation2024,179.0,5.490840295157278,61.19999999999997,87.49999999999996,46.799999999999976,,1.0
divvy,1,test,2024-05-15,0.2,CalibratedUncertainty2025,179.0,6.997479057309319,73.19999999999992,103.09999999999992,53.20000000000002,,1.0
divvy,1,test,2024-05-15,0.2,MappedPTO2026,179.0,7.959558657747184,69.99999999999997,97.79999999999997,48.79999999999998,,1.0
divvy,1,test,2024-05-15,0.2,GroupAware2025,179.0,5.583811033011132,65.19999999999996,92.69999999999996,48.39999999999998,,1.0
divvy,1,test,2024-05-15,0.2,RobustImprovement2025,179.0,7.271472040402876,61.19999999999997,89.19999999999996,50.39999999999997,,1.0
divvy,1,test,2024-05-16,0.01,StructuralRobust,11.0,16.262915973363302,15.6,24.200000000000003,16.799999999999997,0.0,1.0
divvy,1,test,2024-05-16,0.01,ExpectedActionValue,11.0,9.992211658065363,1.2000000000000002,1.2000000000000002,0.0,,1.0
divvy,1,test,2024-05-16,0.01,PointwiseWorstAction,11.0,10.453240233857038,1.6,1.6,0.0,,1.0
divvy,1,test,2024-05-16,0.01,ScenarioCVaR,11.0,10.453240233857038,1.6,1.6,0.0,,1.0
divvy,1,test,2024-05-16,0.01,RiskFirst,11.0,0.3299080257081991,16.400000000000002,25.6,17.600000000000005,,1.0
divvy,1,test,2024-05-16,0.01,TemporalContext2024,11.0,0.3299080257081991,16.400000000000002,25.6,17.600000000000005,,1.0
divvy,1,test,2024-05-16,0.01,NetworkPropagation2024,11.0,0.4440469862216632,15.600000000000003,24.200000000000003,16.800000000000004,,1.0
divvy,1,test,2024-05-16,0.01,CalibratedUncertainty2025,11.0,0.4440469862216633,15.600000000000001,24.200000000000003,16.799999999999997,,1.0
divvy,1,test,2024-05-16,0.01,MappedPTO2026,11.0,0.3299080257081991,16.400000000000002,25.6,17.600000000000005,,1.0
divvy,1,test,2024-05-16,0.01,GroupAware2025,11.0,0.3299080257081991,16.400000000000002,25.6,17.600000000000005,,1.0
divvy,1,test,2024-05-16,0.01,RobustImprovement2025,11.0,0.3299080257081991,16.400000000000002,25.6,17.599999999999998,,1.0
divvy,1,test,2024-05-16,0.03,StructuralRobust,32.0,17.18514205113878,30.800000000000008,46.20000000000001,29.600000000000005,0.0,1.0
divvy,1,test,2024-05-16,0.03,ExpectedActionValue,32.0,22.583833021638746,2.0,2.0,0.0,,1.0
divvy,1,test,2024-05-16,0.03,PointwiseWorstAction,32.0,22.767342838256514,2.0,2.0,0.0,,1.0
divvy,1,test,2024-05-16,0.03,ScenarioCVaR,32.0,22.767342838256514,2.0,2.0,0.0,,1.0
divvy,1,test,2024-05-16,0.03,RiskFirst,32.0,0.6817097143890019,31.60000000000001,48.199999999999996,31.19999999999998,,1.0
divvy,1,test,2024-05-16,0.03,TemporalContext2024,32.0,0.6854357082878166,30.80000000000001,46.6,29.599999999999987,,1.0
divvy,1,test,2024-05-16,0.03,NetworkPropagation2024,32.0,0.6817097143890019,31.600000000000012,48.2,31.199999999999985,,1.0
divvy,1,test,2024-05-16,0.03,CalibratedUncertainty2025,32.0,1.073938189303699,28.400000000000013,42.800000000000004,27.19999999999998,,1.0
divvy,1,test,2024-05-16,0.03,MappedPTO2026,32.0,0.7755335618512723,29.200000000000014,45.8,31.199999999999978,,1.0
divvy,1,test,2024-05-16,0.03,GroupAware2025,32.0,0.6817097143890019,31.60000000000001,48.199999999999996,31.19999999999998,,1.0
divvy,1,test,2024-05-16,0.03,RobustImprovement2025,32.0,0.7450796489415319,30.000000000000007,45.8,29.59999999999998,,1.0
divvy,1,test,2024-05-16,0.05,StructuralRobust,53.0,44.163235608676054,39.599999999999994,57.8,34.39999999999998,0.0,1.0
divvy,1,test,2024-05-16,0.05,ExpectedActionValue,53.0,30.746789392404764,4.4,6.199999999999999,4.0,,1.0
divvy,1,test,2024-05-16,0.05,PointwiseWorstAction,53.0,30.981978962855532,4.4,6.199999999999999,4.0,,1.0
divvy,1,test,2024-05-16,0.05,ScenarioCVaR,53.0,30.981978962855532,4.4,6.199999999999999,4.0,,1.0
divvy,1,test,2024-05-16,0.05,RiskFirst,53.0,3.131602211234325,41.19999999999998,60.199999999999974,35.99999999999999,,1.0
divvy,1,test,2024-05-16,0.05,TemporalContext2024,53.0,2.8522043977612226,42.79999999999999,62.599999999999994,37.600000000000016,,1.0
divvy,1,test,2024-05-16,0.05,NetworkPropagation2024,53.0,2.7581658723093136,40.39999999999999,59.999999999999986,36.79999999999998,,1.0
divvy,1,test,2024-05-16,0.05,CalibratedUncertainty2025,53.0,2.4164689325750923,41.2,61.0,37.599999999999994,,1.0
divvy,1,test,2024-05-16,0.05,MappedPTO2026,53.0,2.2919848754643124,40.4,59.39999999999998,35.999999999999964,,1.0
divvy,1,test,2024-05-16,0.05,GroupAware2025,53.0,2.3165606653305577,40.399999999999984,59.999999999999986,36.79999999999999,,1.0
divvy,1,test,2024-05-16,0.05,RobustImprovement2025,53.0,2.763846180789019,41.19999999999998,61.59999999999998,38.4,,1.0
divvy,1,test,2024-05-16,0.1,StructuralRobust,107.0,0.1265189926054401,61.59999999999997,85.19999999999996,44.79999999999999,0.0,1.0
divvy,1,test,2024-05-16,0.1,ExpectedActionValue,107.0,42.623978158533724,8.4,10.200000000000003,4.000000000000002,,1.0
divvy,1,test,2024-05-16,0.1,PointwiseWorstAction,107.0,42.612402960040306,9.200000000000001,12.600000000000001,7.200000000000001,,1.0
divvy,1,test,2024-05-16,0.1,ScenarioCVaR,107.0,42.612402960040306,9.200000000000001,12.600000000000001,7.200000000000001,,1.0
divvy,1,test,2024-05-16,0.1,RiskFirst,107.0,4.907263892366815,55.59999999999996,77.39999999999995,40.79999999999999,,1.0
divvy,1,test,2024-05-16,0.1,TemporalContext2024,107.0,4.905636395401984,55.599999999999966,77.39999999999996,40.8,,1.0
divvy,1,test,2024-05-16,0.1,NetworkPropagation2024,107.0,4.91220549546532,55.599999999999966,77.39999999999995,40.79999999999998,,1.0
divvy,1,test,2024-05-16,0.1,CalibratedUncertainty2025,107.0,4.509695722269505,61.59999999999997,85.19999999999996,44.79999999999999,,1.0
divvy,1,test,2024-05-16,0.1,MappedPTO2026,107.0,4.907263892366813,56.39999999999997,78.79999999999994,41.59999999999996,,1.0
divvy,1,test,2024-05-16,0.1,GroupAware2025,107.0,4.886534511347431,56.399999999999956,78.79999999999994,41.59999999999999,,1.0
divvy,1,test,2024-05-16,0.1,RobustImprovement2025,107.0,5.135026426473198,61.99999999999995,87.19999999999995,47.99999999999999,,1.0
divvy,1,test,2024-05-16,0.2,StructuralRobust,214.0,0.1296871808133486,72.79999999999994,99.79999999999991,50.39999999999999,0.0,1.0
divvy,1,test,2024-05-16,0.2,ExpectedActionValue,214.0,48.91130798599967,23.200000000000003,30.800000000000008,14.400000000000006,,1.0
divvy,1,test,2024-05-16,0.2,PointwiseWorstAction,214.0,48.920116002880846,26.40000000000001,34.00000000000001,14.399999999999995,,1.0
divvy,1,test,2024-05-16,0.2,ScenarioCVaR,214.0,48.920116002880846,26.40000000000001,34.00000000000001,14.399999999999995,,1.0
divvy,1,test,2024-05-16,0.2,RiskFirst,214.0,11.40113463869861,77.59999999999991,105.5999999999999,52.80000000000001,,1.0
divvy,1,test,2024-05-16,0.2,TemporalContext2024,214.0,10.503847514481444,78.39999999999992,106.9999999999999,53.60000000000002,,1.0
divvy,1,test,2024-05-16,0.2,NetworkPropagation2024,214.0,12.939262612177828,71.99999999999994,100.59999999999991,53.59999999999998,,1.0
divvy,1,test,2024-05-16,0.2,CalibratedUncertainty2025,214.0,10.150235481800685,77.59999999999992,104.59999999999991,50.39999999999999,,1.0
divvy,1,test,2024-05-16,0.2,MappedPTO2026,214.0,11.674480835514707,80.7999999999999,110.0999999999999,54.80000000000001,,1.0
divvy,1,test,2024-05-16,0.2,GroupAware2025,214.0,11.276182932866275,73.59999999999994,101.59999999999991,52.79999999999998,,1.0
divvy,1,test,2024-05-16,0.2,RobustImprovement2025,214.0,11.115370117352906,72.79999999999993,100.7999999999999,52.8,,1.0
divvy,1,test,2024-05-17,0.01,StructuralRobust,11.0,7.057659980829204,5.6000000000000005,8.799999999999999,4.8,0.0,1.0
divvy,1,test,2024-05-17,0.01,ExpectedActionValue,11.0,14.935358440359101,3.2,3.2,0.0,,1.0
divvy,1,test,2024-05-17,0.01,PointwiseWorstAction,11.0,15.098323105283246,3.2,3.2,0.0,,1.0
divvy,1,test,2024-05-17,0.01,ScenarioCVaR,11.0,15.098323105283246,3.2,3.2,0.0,,1.0
divvy,1,test,2024-05-17,0.01,RiskFirst,11.0,0.18979184851295666,6.4,11.4,8.800000000000002,,1.0
divvy,1,test,2024-05-17,0.01,TemporalContext2024,11.0,0.18979184851295666,6.3999999999999995,11.4,8.8,,1.0
divvy,1,test,2024-05-17,0.01,NetworkPropagation2024,11.0,0.18979184851295663,5.6000000000000005,10.0,8.0,,1.0
divvy,1,test,2024-05-17,0.01,CalibratedUncertainty2025,11.0,0.2063923838484548,4.0,6.8,4.800000000000001,,1.0
divvy,1,test,2024-05-17,0.01,MappedPTO2026,11.0,0.2446464147198183,4.800000000000001,8.200000000000001,5.600000000000001,,1.0
divvy,1,test,2024-05-17,0.01,GroupAware2025,11.0,0.2194689189119796,3.2,5.4,4.000000000000001,,1.0
divvy,1,test,2024-05-17,0.01,RobustImprovement2025,11.0,0.2446464147198183,4.8,8.200000000000001,5.6000000000000005,,1.0
divvy,1,test,2024-05-17,0.03,StructuralRobust,32.0,8.228331985874759,11.200000000000001,17.1,9.200000000000001,0.0,1.0
divvy,1,test,2024-05-17,0.03,ExpectedActionValue,32.0,29.26771014757592,3.2,3.2,0.0,,1.0
divvy,1,test,2024-05-17,0.03,PointwiseWorstAction,32.0,29.37310930200417,3.2,3.2,0.0,,1.0
divvy,1,test,2024-05-17,0.03,ScenarioCVaR,32.0,29.37310930200417,3.2,3.2,0.0,,1.0
divvy,1,test,2024-05-17,0.03,RiskFirst,32.0,0.8615119891117101,12.800000000000002,20.300000000000004,12.400000000000004,,1.0
divvy,1,test,2024-05-17,0.03,TemporalContext2024,32.0,0.867746224307535,12.800000000000002,20.300000000000004,12.400000000000004,,1.0
divvy,1,test,2024-05-17,0.03,NetworkPropagation2024,32.0,0.8399210792577984,14.400000000000004,21.900000000000006,12.400000000000004,,1.0
divvy,1,test,2024-05-17,0.03,CalibratedUncertainty2025,32.0,1.734056459378949,12.000000000000002,18.200000000000003,10.400000000000004,,1.0
divvy,1,test,2024-05-17,0.03,MappedPTO2026,32.0,1.7485310141354475,13.600000000000001,21.1,12.400000000000002,,1.0
divvy,1,test,2024-05-17,0.03,GroupAware2025,32.0,1.7485310141354478,13.600000000000003,21.100000000000005,12.400000000000004,,1.0
divvy,1,test,2024-05-17,0.03,RobustImprovement2025,32.0,1.7270666406757593,13.600000000000003,21.100000000000005,12.400000000000004,,1.0
divvy,1,test,2024-05-17,0.05,StructuralRobust,54.0,21.946535459349207,20.000000000000004,28.100000000000005,13.2,0.0,1.0
divvy,1,test,2024-05-17,0.05,ExpectedActionValue,54.0,37.98163871914392,5.6,6.199999999999999,0.8000000000000007,,1.0
divvy,1,test,2024-05-17,0.05,PointwiseWorstAction,54.0,38.40506726665532,7.200000000000001,8.5,2.0,,1.0
divvy,1,test,2024-05-17,0.05,ScenarioCVaR,54.0,38.40506726665532,7.200000000000001,8.5,2.0,,1.0
divvy,1,test,2024-05-17,0.05,RiskFirst,54.0,2.935110537490552,20.000000000000007,27.500000000000007,12.400000000000006,,1.0
divvy,1,test,2024-05-17,0.05,TemporalContext2024,54.0,3.4178893038829905,19.200000000000006,26.70000000000001,12.400000000000006,,1.0
divvy,1,test,2024-05-17,0.05,NetworkPropagation2024,54.0,2.959841564066287,19.200000000000006,26.70000000000001,12.400000000000006,,1.0
divvy,1,test,2024-05-17,0.05,CalibratedUncertainty2025,54.0,2.637950849659215,18.400000000000006,27.00000000000001,13.600000000000009,,1.0
divvy,1,test,2024-05-17,0.05,MappedPTO2026,54.0,3.0305056626991442,20.800000000000008,28.900000000000006,13.199999999999992,,1.0
divvy,1,test,2024-05-17,0.05,GroupAware2025,54.0,3.2019719221256557,20.800000000000008,28.90000000000001,13.200000000000006,,1.0
divvy,1,test,2024-05-17,0.05,RobustImprovement2025,54.0,3.3052004942402493,20.000000000000007,27.500000000000007,12.400000000000006,,1.0
divvy,1,test,2024-05-17,0.1,StructuralRobust,108.0,0.05972678435239308,29.600000000000016,40.3,17.199999999999974,0.0,1.0
divvy,1,test,2024-05-17,0.1,ExpectedActionValue,108.0,49.51935917036955,11.200000000000001,12.500000000000002,2.0,,1.0
divvy,1,test,2024-05-17,0.1,PointwiseWorstAction,108.0,49.47976227196496,13.600000000000003,15.500000000000004,2.799999999999999,,1.0
divvy,1,test,2024-05-17,0.1,ScenarioCVaR,108.0,49.47976227196496,13.600000000000003,15.500000000000004,2.799999999999999,,1.0
divvy,1,test,2024-05-17,0.1,RiskFirst,108.0,8.049760652695605,33.600000000000016,44.9,17.99999999999998,,1.0
divvy,1,test,2024-05-17,0.1,TemporalContext2024,108.0,8.105389021256531,32.80000000000001,42.9,16.399999999999977,,1.0
divvy,1,test,2024-05-17,0.1,NetworkPropagation2024,108.0,5.561954489068468,28.800000000000015,39.50000000000001,17.199999999999985,,1.0
divvy,1,test,2024-05-17,0.1,CalibratedUncertainty2025,108.0,5.59825043650435,29.600000000000016,40.3,17.199999999999974,,1.0
divvy,1,test,2024-05-17,0.1,MappedPTO2026,108.0,8.069526316837704,32.000000000000014,43.3,17.99999999999997,,1.0
divvy,1,test,2024-05-17,0.1,GroupAware2025,108.0,6.5987611655665415,32.000000000000014,42.7,17.199999999999974,,1.0
divvy,1,test,2024-05-17,0.1,RobustImprovement2025,108.0,6.132616497784882,30.400000000000016,41.70000000000001,17.999999999999982,,1.0
divvy,1,test,2024-05-17,0.2,StructuralRobust,216.0,0.06042627157775203,42.399999999999984,56.69999999999998,21.999999999999993,0.0,1.0
divvy,1,test,2024-05-17,0.2,ExpectedActionValue,216.0,57.02536310206408,23.200000000000006,28.700000000000006,9.2,,1.0
divvy,1,test,2024-05-17,0.2,PointwiseWorstAction,216.0,57.04229022844722,23.20000000000001,28.70000000000001,9.199999999999996,,1.0
divvy,1,test,2024-05-17,0.2,ScenarioCVaR,216.0,57.04229022844722,23.20000000000001,28.70000000000001,9.199999999999996,,1.0
divvy,1,test,2024-05-17,0.2,RiskFirst,216.0,12.174687345101779,46.800000000000004,60.39999999999999,21.599999999999987,,1.0
divvy,1,test,2024-05-17,0.2,TemporalContext2024,216.0,13.71104369686943,44.8,57.199999999999996,19.999999999999986,,1.0
divvy,1,test,2024-05-17,0.2,NetworkPropagation2024,216.0,11.0709707223852,43.99999999999999,58.89999999999999,24.399999999999984,,1.0
divvy,1,test,2024-05-17,0.2,CalibratedUncertainty2025,216.0,14.377679725020425,47.59999999999998,61.89999999999996,21.99999999999997,,1.0
divvy,1,test,2024-05-17,0.2,MappedPTO2026,216.0,11.128333549932995,49.59999999999998,66.59999999999998,27.199999999999974,,1.0
divvy,1,test,2024-05-17,0.2,GroupAware2025,216.0,12.411137810027533,37.6,50.099999999999994,19.599999999999987,,1.0
divvy,1,test,2024-05-17,0.2,RobustImprovement2025,216.0,11.6999646799337,45.6,60.3,23.599999999999987,,1.0
divvy,1,test,2024-05-18,0.01,StructuralRobust,11.0,6.859903064007328,10.399999999999999,15.000000000000002,8.800000000000004,0.0,1.0
divvy,1,test,2024-05-18,0.01,ExpectedActionValue,11.0,11.831079503708589,0.8,0.8,0.0,,1.0
divvy,1,test,2024-05-18,0.01,PointwiseWorstAction,11.0,11.866141833204084,0.8,0.8,0.0,,1.0
divvy,1,test,2024-05-18,0.01,ScenarioCVaR,11.0,11.866141833204084,0.8,0.8,0.0,,1.0
divvy,1,test,2024-05-18,0.01,RiskFirst,11.0,0.9443303537572902,6.4,9.600000000000001,6.4,,1.0
divvy,1,test,2024-05-18,0.01,TemporalContext2024,11.0,0.919165782588305,8.0,12.8,9.600000000000001,,1.0
divvy,1,test,2024-05-18,0.01,NetworkPropagation2024,11.0,0.9119345441341068,7.2,10.4,6.400000000000001,,1.0
divvy,1,test,2024-05-18,0.01,CalibratedUncertainty2025,11.0,0.4032684970527768,7.199999999999999,11.0,7.200000000000001,,1.0
divvy,1,test,2024-05-18,0.01,MappedPTO2026,11.0,1.285636202692179,7.200000000000001,9.400000000000002,4.0,,1.0
divvy,1,test,2024-05-18,0.01,GroupAware2025,11.0,0.9443303537572902,5.6,7.800000000000001,4.000000000000002,,1.0
divvy,1,test,2024-05-18,0.01,RobustImprovement2025,11.0,1.0489680158195993,8.0,12.0,8.0,,1.0
divvy,1,test,2024-05-18,0.03,StructuralRobust,33.0,7.712521455471439,16.800000000000004,26.000000000000007,17.599999999999994,0.0,1.0
divvy,1,test,2024-05-18,0.03,ExpectedActionValue,33.0,23.147593534123413,2.4000000000000004,3.2,1.5999999999999996,,1.0
divvy,1,test,2024-05-18,0.03,PointwiseWorstAction,33.0,23.091805566778138,2.4000000000000004,3.2,1.5999999999999996,,1.0
divvy,1,test,2024-05-18,0.03,ScenarioCVaR,33.0,23.091805566778138,2.4000000000000004,3.2,1.5999999999999996,,1.0
divvy,1,test,2024-05-18,0.03,RiskFirst,33.0,1.5609854800372327,17.600000000000005,26.800000000000004,17.59999999999999,,1.0
divvy,1,test,2024-05-18,0.03,TemporalContext2024,33.0,1.5645965557012211,17.600000000000005,26.800000000000004,17.59999999999999,,1.0
divvy,1,test,2024-05-18,0.03,NetworkPropagation2024,33.0,1.4923941768698503,18.400000000000006,27.6,17.599999999999987,,1.0
divvy,1,test,2024-05-18,0.03,CalibratedUncertainty2025,33.0,0.9920028536398836,19.200000000000003,30.200000000000003,21.6,,1.0
divvy,1,test,2024-05-18,0.03,MappedPTO2026,33.0,1.4641810734677199,18.40000000000001,28.400000000000006,19.199999999999992,,1.0
divvy,1,test,2024-05-18,0.03,GroupAware2025,33.0,1.5618108266595363,20.000000000000007,30.60000000000001,19.999999999999993,,1.0
divvy,1,test,2024-05-18,0.03,RobustImprovement2025,33.0,1.556360162223157,16.8,26.0,17.599999999999998,,1.0
divvy,1,test,2024-05-18,0.05,StructuralRobust,54.0,20.02994644204812,24.800000000000008,37.6,23.999999999999996,0.0,1.0
divvy,1,test,2024-05-18,0.05,ExpectedActionValue,54.0,29.13172981511279,7.999999999999999,12.200000000000001,7.200000000000002,,1.0
divvy,1,test,2024-05-18,0.05,PointwiseWorstAction,54.0,29.161860617760123,7.999999999999999,12.399999999999999,8.0,,1.0
divvy,1,test,2024-05-18,0.05,ScenarioCVaR,54.0,29.161860617760123,7.999999999999999,12.399999999999999,8.0,,1.0
divvy,1,test,2024-05-18,0.05,RiskFirst,54.0,2.6098732552524657,26.400000000000013,40.2,26.399999999999977,,1.0
divvy,1,test,2024-05-18,0.05,TemporalContext2024,54.0,2.016232727775074,28.000000000000014,43.00000000000001,27.99999999999998,,1.0
divvy,1,test,2024-05-18,0.05,NetworkPropagation2024,54.0,2.3912487132243436,24.00000000000001,36.800000000000004,23.999999999999975,,1.0
divvy,1,test,2024-05-18,0.05,CalibratedUncertainty2025,54.0,2.920168634671033,25.60000000000001,39.2,25.599999999999987,,1.0
divvy,1,test,2024-05-18,0.05,MappedPTO2026,54.0,2.6208789250074656,25.600000000000016,38.8,25.599999999999973,,1.0
divvy,1,test,2024-05-18,0.05,GroupAware2025,54.0,2.432521559950142,24.80000000000001,37.6,23.99999999999998,,1.0
divvy,1,test,2024-05-18,0.05,RobustImprovement2025,54.0,2.6851474788068788,27.20000000000001,41.599999999999994,27.19999999999998,,1.0
divvy,1,test,2024-05-18,0.1,StructuralRobust,109.0,0.046166612281650976,37.599999999999994,54.99999999999998,32.79999999999998,0.0,1.0
divvy,1,test,2024-05-18,0.1,ExpectedActionValue,109.0,37.28174008817374,19.200000000000003,26.8,12.799999999999997,,1.0
divvy,1,test,2024-05-18,0.1,PointwiseWorstAction,109.0,37.27937316533963,19.200000000000003,26.800000000000004,12.800000000000004,,1.0
divvy,1,test,2024-05-18,0.1,ScenarioCVaR,109.0,37.27937316533963,19.200000000000003,26.800000000000004,12.800000000000004,,1.0
divvy,1,test,2024-05-18,0.1,RiskFirst,109.0,4.264243907723465,40.000000000000014,59.0,34.39999999999996,,1.0
divvy,1,test,2024-05-18,0.1,TemporalContext2024,109.0,4.583819456946965,35.20000000000001,53.0,32.799999999999976,,1.0
divvy,1,test,2024-05-18,0.1,NetworkPropagation2024,109.0,3.651947141383972,36.0,53.79999999999998,32.79999999999997,,1.0
divvy,1,test,2024-05-18,0.1,CalibratedUncertainty2025,109.0,4.897968034619203,37.599999999999994,54.99999999999998,32.79999999999998,,1.0
divvy,1,test,2024-05-18,0.1,MappedPTO2026,109.0,4.212186299531498,39.20000000000002,58.800000000000004,35.19999999999996,,1.0
divvy,1,test,2024-05-18,0.1,GroupAware2025,109.0,4.911242680311412,33.60000000000001,50.199999999999996,31.199999999999974,,1.0
divvy,1,test,2024-05-18,0.1,RobustImprovement2025,109.0,5.89703643426122,35.20000000000001,53.2,33.59999999999999,,1.0
divvy,1,test,2024-05-18,0.2,StructuralRobust,217.0,0.04616830653210034,56.799999999999976,79.19999999999996,39.999999999999964,0.0,1.0
divvy,1,test,2024-05-18,0.2,ExpectedActionValue,217.0,42.23262486621764,35.60000000000001,48.599999999999994,21.599999999999994,,1.0
divvy,1,test,2024-05-18,0.2,PointwiseWorstAction,217.0,42.16557414441278,34.400000000000006,47.4,21.599999999999994,,1.0
divvy,1,test,2024-05-18,0.2,ScenarioCVaR,217.0,42.16557414441278,34.400000000000006,47.4,21.599999999999994,,1.0
divvy,1,test,2024-05-18,0.2,RiskFirst,217.0,8.421099034334157,50.79999999999999,72.59999999999997,39.19999999999997,,1.0
divvy,1,test,2024-05-18,0.2,TemporalContext2024,217.0,12.508970412527416,50.399999999999984,72.59999999999997,39.19999999999995,,1.0
divvy,1,test,2024-05-18,0.2,NetworkPropagation2024,217.0,9.837700993092923,49.99999999999999,70.99999999999997,37.599999999999945,,1.0
divvy,1,test,2024-05-18,0.2,CalibratedUncertainty2025,217.0,8.553913933519851,63.59999999999996,87.59999999999992,43.19999999999995,,1.0
divvy,1,test,2024-05-18,0.2,MappedPTO2026,217.0,12.55646674517246,55.99999999999998,80.59999999999997,43.999999999999964,,1.0
divvy,1,test,2024-05-18,0.2,GroupAware2025,217.0,7.837849964133896,49.59999999999998,71.39999999999996,39.199999999999974,,1.0
divvy,1,test,2024-05-18,0.2,RobustImprovement2025,217.0,11.264791573579888,54.39999999999999,76.99999999999997,40.79999999999997,,1.0
divvy,1,test,2024-05-19,0.01,StructuralRobust,11.0,5.986121415555842,7.6,10.2,4.000000000000002,0.0,1.0
divvy,1,test,2024-05-19,0.01,ExpectedActionValue,11.0,12.743515149437776,1.2000000000000002,1.2000000000000002,0.0,,1.0
divvy,1,test,2024-05-19,0.01,PointwiseWorstAction,11.0,13.056820087618004,2.0,2.8000000000000007,1.6000000000000005,,1.0
divvy,1,test,2024-05-19,0.01,ScenarioCVaR,11.0,13.056820087618004,2.0,2.8000000000000007,1.6000000000000005,,1.0
divvy,1,test,2024-05-19,0.01,RiskFirst,11.0,0.4459783832294867,6.8,9.4,4.000000000000001,,1.0
divvy,1,test,2024-05-19,0.01,TemporalContext2024,11.0,0.4459783832294867,6.8,9.4,4.000000000000001,,1.0
divvy,1,test,2024-05-19,0.01,NetworkPropagation2024,11.0,0.07112047198470713,4.0,5.800000000000001,2.4000000000000004,,1.0
divvy,1,test,2024-05-19,0.01,CalibratedUncertainty2025,11.0,0.13318789250504948,4.0,5.800000000000001,2.4000000000000004,,1.0
divvy,1,test,2024-05-19,0.01,MappedPTO2026,11.0,0.4459783832294867,6.8,9.4,4.000000000000001,,1.0
divvy,1,test,2024-05-19,0.01,GroupAware2025,11.0,0.4459783832294867,6.8,9.4,4.000000000000001,,1.0
divvy,1,test,2024-05-19,0.01,RobustImprovement2025,11.0,0.4243891730651473,5.6,8.799999999999999,4.800000000000001,,1.0
divvy,1,test,2024-05-19,0.03,StructuralRobust,34.0,6.255724515036277,15.600000000000003,21.000000000000004,8.799999999999999,0.0,1.0
divvy,1,test,2024-05-19,0.03,ExpectedActionValue,34.0,27.645479639916744,5.6,7.0,2.4000000000000004,,1.0
divvy,1,test,2024-05-19,0.03,PointwiseWorstAction,34.0,27.860524690508953,5.6,7.0,2.4000000000000004,,1.0
divvy,1,test,2024-05-19,0.03,ScenarioCVaR,34.0,27.860524690508953,5.6,7.0,2.4000000000000004,,1.0
divvy,1,test,2024-05-19,0.03,RiskFirst,34.0,1.3310222561763108,15.600000000000005,21.800000000000004,10.400000000000002,,1.0
divvy,1,test,2024-05-19,0.03,TemporalContext2024,34.0,0.8470591820482957,15.600000000000003,21.600000000000005,9.600000000000003,,1.0
divvy,1,test,2024-05-19,0.03,NetworkPropagation2024,34.0,1.447733964408971,12.400000000000004,17.000000000000004,7.200000000000001,,1.0
divvy,1,test,2024-05-19,0.03,CalibratedUncertainty2025,34.0,0.9214200057075906,16.8,23.800000000000004,12.000000000000007,,1.0
divvy,1,test,2024-05-19,0.03,MappedPTO2026,34.0,1.4228343767356806,14.800000000000004,20.800000000000004,9.600000000000001,,1.0
divvy,1,test,2024-05-19,0.03,GroupAware2025,34.0,1.387179663038005,17.200000000000006,23.40000000000001,10.400000000000002,,1.0
divvy,1,test,2024-05-19,0.03,RobustImprovement2025,34.0,1.8147873490432231,15.600000000000003,21.000000000000007,8.800000000000002,,1.0
divvy,1,test,2024-05-19,0.05,StructuralRobust,56.0,15.948497987261902,19.60000000000001,26.40000000000001,11.2,0.0,1.0
divvy,1,test,2024-05-19,0.05,ExpectedActionValue,56.0,37.06076197656964,10.4,15.600000000000001,9.6,,1.0
divvy,1,test,2024-05-19,0.05,PointwiseWorstAction,56.0,37.23863259478391,10.4,15.600000000000001,9.6,,1.0
divvy,1,test,2024-05-19,0.05,ScenarioCVaR,56.0,37.23863259478391,10.4,15.600000000000001,9.6,,1.0
divvy,1,test,2024-05-19,0.05,RiskFirst,56.0,1.754458343897856,22.000000000000007,28.80000000000001,11.200000000000003,,1.0
divvy,1,test,2024-05-19,0.05,TemporalContext2024,56.0,2.620886671982602,22.800000000000008,30.40000000000001,12.8,,1.0
divvy,1,test,2024-05-19,0.05,NetworkPropagation2024,56.0,2.324137765446664,18.800000000000004,25.60000000000001,11.200000000000003,,1.0
divvy,1,test,2024-05-19,0.05,CalibratedUncertainty2025,56.0,1.056766476936881,19.6,26.600000000000005,12.000000000000007,,1.0
divvy,1,test,2024-05-19,0.05,MappedPTO2026,56.0,2.2502572638882614,22.80000000000001,30.400000000000006,12.79999999999999,,1.0
divvy,1,test,2024-05-19,0.05,GroupAware2025,56.0,1.7119898114338565,19.60000000000001,26.40000000000001,11.200000000000003,,1.0
divvy,1,test,2024-05-19,0.05,RobustImprovement2025,56.0,2.504537511275559,19.600000000000005,26.40000000000001,11.200000000000003,,1.0
divvy,1,test,2024-05-19,0.1,StructuralRobust,112.0,0.03504440235260782,32.40000000000001,44.00000000000001,19.19999999999999,0.0,1.0
divvy,1,test,2024-05-19,0.1,ExpectedActionValue,112.0,44.650780574486966,19.600000000000005,25.900000000000006,11.600000000000001,,1.0
divvy,1,test,2024-05-19,0.1,PointwiseWorstAction,112.0,44.78974947819614,19.600000000000005,25.900000000000006,11.600000000000001,,1.0
divvy,1,test,2024-05-19,0.1,ScenarioCVaR,112.0,44.78974947819614,19.600000000000005,25.900000000000006,11.600000000000001,,1.0
divvy,1,test,2024-05-19,0.1,RiskFirst,112.0,4.440080919982128,31.600000000000016,41.2,15.999999999999979,,1.0
divvy,1,test,2024-05-19,0.1,TemporalContext2024,112.0,6.1624739835376925,28.400000000000013,38.00000000000001,15.999999999999986,,1.0
divvy,1,test,2024-05-19,0.1,NetworkPropagation2024,112.0,4.169541385185408,26.00000000000001,33.60000000000001,12.799999999999986,,1.0
divvy,1,test,2024-05-19,0.1,CalibratedUncertainty2025,112.0,4.832663728677894,32.40000000000001,44.00000000000001,19.19999999999999,,1.0
divvy,1,test,2024-05-19,0.1,MappedPTO2026,112.0,4.469993200515078,31.60000000000002,41.2,15.999999999999968,,1.0
divvy,1,test,2024-05-19,0.1,GroupAware2025,112.0,4.480616880442508,31.600000000000016,42.80000000000001,19.19999999999999,,1.0
divvy,1,test,2024-05-19,0.1,RobustImprovement2025,112.0,5.988217688548111,32.40000000000001,43.2,19.199999999999974,,1.0
divvy,1,test,2024-05-19,0.2,StructuralRobust,224.0,0.03504440235260782,48.39999999999999,64.09999999999997,27.59999999999998,0.0,1.0
divvy,1,test,2024-05-19,0.2,ExpectedActionValue,224.0,49.89510063128593,34.80000000000001,46.7,22.79999999999999,,1.0
divvy,1,test,2024-05-19,0.2,PointwiseWorstAction,224.0,49.74580048172794,32.40000000000001,43.30000000000001,20.399999999999984,,1.0
divvy,1,test,2024-05-19,0.2,ScenarioCVaR,224.0,49.74580048172794,32.40000000000001,43.30000000000001,20.399999999999984,,1.0
divvy,1,test,2024-05-19,0.2,RiskFirst,224.0,11.652598421685815,46.0,60.19999999999998,24.799999999999983,,1.0
divvy,1,test,2024-05-19,0.2,TemporalContext2024,224.0,9.93753252334496,45.19999999999999,60.59999999999998,26.39999999999999,,1.0
divvy,1,test,2024-05-19,0.2,NetworkPropagation2024,224.0,10.585931075415434,39.60000000000001,52.199999999999996,21.59999999999998,,1.0
divvy,1,test,2024-05-19,0.2,CalibratedUncertainty2025,224.0,9.103450965674389,54.79999999999997,72.99999999999996,32.8,,1.0
divvy,1,test,2024-05-19,0.2,MappedPTO2026,224.0,8.652169056051713,44.000000000000014,58.199999999999996,24.79999999999997,,1.0
divvy,1,test,2024-05-19,0.2,GroupAware2025,224.0,10.189850261320194,39.60000000000001,52.2,21.599999999999987,,1.0
divvy,1,test,2024-05-19,0.2,RobustImprovement2025,224.0,10.986951270714252,46.800000000000004,59.29999999999998,22.799999999999976,,1.0
divvy,1,test,2024-05-20,0.01,StructuralRobust,10.0,10.33396246102957,10.400000000000002,17.200000000000003,12.8,0.0,1.0
divvy,1,test,2024-05-20,0.01,ExpectedActionValue,10.0,13.120465418605903,2.4000000000000004,3.2,1.5999999999999996,,1.0
divvy,1,test,2024-05-20,0.01,PointwiseWorstAction,10.0,13.233920046499179,2.4000000000000004,3.2,1.5999999999999996,,1.0
divvy,1,test,2024-05-20,0.01,ScenarioCVaR,10.0,13.233920046499179,2.4000000000000004,3.2,1.5999999999999996,,1.0
divvy,1,test,2024-05-20,0.01,RiskFirst,10.0,0.12974296388941947,10.4,17.200000000000003,12.800000000000002,,1.0
divvy,1,test,2024-05-20,0.01,TemporalContext2024,10.0,0.14623410321160213,10.400000000000002,17.200000000000003,12.8,,1.0
divvy,1,test,2024-05-20,0.01,NetworkPropagation2024,10.0,0.12974296388941947,10.4,17.200000000000003,12.800000000000002,,1.0
divvy,1,test,2024-05-20,0.01,CalibratedUncertainty2025,10.0,0.14623410321160213,11.200000000000001,18.799999999999997,14.399999999999997,,1.0
divvy,1,test,2024-05-20,0.01,MappedPTO2026,10.0,0.23208325796433696,11.200000000000001,18.0,12.800000000000002,,1.0
divvy,1,test,2024-05-20,0.01,GroupAware2025,10.0,0.12974296388941947,10.4,17.200000000000003,12.800000000000002,,1.0
divvy,1,test,2024-05-20,0.01,RobustImprovement2025,10.0,0.24703820249853622,11.200000000000001,18.0,12.800000000000002,,1.0
divvy,1,test,2024-05-20,0.03,StructuralRobust,30.0,11.783728937367863,24.000000000000007,34.60000000000001,19.999999999999993,0.0,1.0
divvy,1,test,2024-05-20,0.03,ExpectedActionValue,30.0,24.105504445299886,4.0,4.800000000000001,1.5999999999999996,,1.0
divvy,1,test,2024-05-20,0.03,PointwiseWorstAction,30.0,24.400729056603772,4.0,4.800000000000001,1.5999999999999996,,1.0
divvy,1,test,2024-05-20,0.03,ScenarioCVaR,30.0,24.400729056603772,4.0,4.800000000000001,1.5999999999999996,,1.0
divvy,1,test,2024-05-20,0.03,RiskFirst,30.0,3.2490103909299646,24.00000000000001,34.60000000000001,19.999999999999982,,1.0
divvy,1,test,2024-05-20,0.03,TemporalContext2024,30.0,3.2326973417528673,22.40000000000001,32.400000000000006,19.199999999999992,,1.0
divvy,1,test,2024-05-20,0.03,NetworkPropagation2024,30.0,3.168817598030056,21.60000000000001,31.600000000000005,19.19999999999999,,1.0
divvy,1,test,2024-05-20,0.03,CalibratedUncertainty2025,30.0,2.5533265196698327,24.80000000000001,36.00000000000001,20.79999999999999,,1.0
divvy,1,test,2024-05-20,0.03,MappedPTO2026,30.0,2.761322756925886,23.20000000000001,33.800000000000004,19.999999999999986,,1.0
divvy,1,test,2024-05-20,0.03,GroupAware2025,30.0,3.2905413201844644,24.000000000000007,35.2,20.799999999999976,,1.0
divvy,1,test,2024-05-20,0.03,RobustImprovement2025,30.0,3.1684561503560915,22.400000000000006,32.400000000000006,19.19999999999999,,1.0
divvy,1,test,2024-05-20,0.05,StructuralRobust,49.0,30.134688784552676,32.80000000000001,46.000000000000014,23.999999999999986,0.0,1.0
divvy,1,test,2024-05-20,0.05,ExpectedActionValue,49.0,31.363534665979348,7.199999999999999,8.0,1.5999999999999996,,1.0
divvy,1,test,2024-05-20,0.05,PointwiseWorstAction,49.0,31.476049226756768,7.199999999999999,8.0,1.5999999999999996,,1.0
divvy,1,test,2024-05-20,0.05,ScenarioCVaR,49.0,31.476049226756768,7.199999999999999,8.0,1.5999999999999996,,1.0
divvy,1,test,2024-05-20,0.05,RiskFirst,49.0,4.0736862331006405,31.200000000000017,42.40000000000001,20.799999999999976,,1.0
divvy,1,test,2024-05-20,0.05,TemporalContext2024,49.0,4.132058078718085,31.200000000000017,42.400000000000006,20.799999999999983,,1.0
divvy,1,test,2024-05-20,0.05,NetworkPropagation2024,49.0,4.265043878860524,31.200000000000017,42.400000000000006,20.799999999999976,,1.0
divvy,1,test,2024-05-20,0.05,CalibratedUncertainty2025,49.0,3.401890954238507,28.800000000000015,40.0,20.799999999999972,,1.0
divvy,1,test,2024-05-20,0.05,MappedPTO2026,49.0,4.07368623310064,31.200000000000017,42.400000000000006,20.799999999999976,,1.0
divvy,1,test,2024-05-20,0.05,GroupAware2025,49.0,3.8728295915811835,29.600000000000012,40.800000000000004,20.799999999999972,,1.0
divvy,1,test,2024-05-20,0.05,RobustImprovement2025,49.0,4.269774181405737,32.000000000000014,43.2,20.799999999999976,,1.0
divvy,1,test,2024-05-20,0.1,StructuralRobust,99.0,0.08146208840056526,36.800000000000004,47.999999999999986,20.79999999999997,0.0,1.0
divvy,1,test,2024-05-20,0.1,ExpectedActionValue,99.0,41.05900449666151,8.799999999999999,9.6,1.6000000000000014,,1.0
divvy,1,test,2024-05-20,0.1,PointwiseWorstAction,99.0,41.135126999809536,8.799999999999999,9.6,1.6000000000000014,,1.0
divvy,1,test,2024-05-20,0.1,ScenarioCVaR,99.0,41.135126999809536,8.799999999999999,9.6,1.6000000000000014,,1.0
divvy,1,test,2024-05-20,0.1,RiskFirst,99.0,6.711495430149904,43.99999999999999,58.59999999999999,26.399999999999984,,1.0
divvy,1,test,2024-05-20,0.1,TemporalContext2024,99.0,6.317616742638906,40.8,55.599999999999994,27.19999999999999,,1.0
divvy,1,test,2024-05-20,0.1,NetworkPropagation2024,99.0,6.330967579942416,39.199999999999996,52.39999999999999,23.99999999999998,,1.0
divvy,1,test,2024-05-20,0.1,CalibratedUncertainty2025,99.0,6.229671369386572,36.800000000000004,47.999999999999986,20.79999999999997,,1.0
divvy,1,test,2024-05-20,0.1,MappedPTO2026,99.0,6.7114954301499035,43.99999999999999,58.59999999999998,26.399999999999984,,1.0
divvy,1,test,2024-05-20,0.1,GroupAware2025,99.0,6.256048457616071,43.199999999999996,57.8,26.399999999999984,,1.0
divvy,1,test,2024-05-20,0.1,RobustImprovement2025,99.0,6.644370099737787,41.599999999999994,55.59999999999998,25.59999999999998,,1.0
divvy,1,test,2024-05-20,0.2,StructuralRobust,198.0,0.08224072974104057,47.99999999999998,63.19999999999996,27.199999999999967,0.0,1.0
divvy,1,test,2024-05-20,0.2,ExpectedActionValue,198.0,46.369207740217554,16.000000000000004,18.000000000000004,3.200000000000003,,1.0
divvy,1,test,2024-05-20,0.2,PointwiseWorstAction,198.0,46.39891680888987,19.6,23.6,6.400000000000006,,1.0
divvy,1,test,2024-05-20,0.2,ScenarioCVaR,198.0,46.39891680888987,19.6,23.6,6.400000000000006,,1.0
divvy,1,test,2024-05-20,0.2,RiskFirst,198.0,10.057917059891201,53.59999999999999,70.79999999999998,30.399999999999984,,1.0
divvy,1,test,2024-05-20,0.2,TemporalContext2024,198.0,9.81126869076061,53.59999999999997,70.99999999999996,31.199999999999996,,1.0
divvy,1,test,2024-05-20,0.2,NetworkPropagation2024,198.0,9.520443202332334,48.79999999999998,64.79999999999998,28.799999999999983,,1.0
divvy,1,test,2024-05-20,0.2,CalibratedUncertainty2025,198.0,9.004641741012898,57.99999999999996,76.99999999999996,32.79999999999998,,1.0
divvy,1,test,2024-05-20,0.2,MappedPTO2026,198.0,10.367042820909033,49.99999999999997,65.99999999999997,28.799999999999997,,1.0
divvy,1,test,2024-05-20,0.2,GroupAware2025,198.0,11.349933767634566,48.79999999999999,65.39999999999999,29.6,,1.0
divvy,1,test,2024-05-20,0.2,RobustImprovement2025,198.0,9.397356745679295,50.399999999999984,66.19999999999997,27.99999999999998,,1.0
divvy,1,test,2024-05-21,0.01,StructuralRobust,10.0,10.657485007576078,11.200000000000001,18.6,15.200000000000001,0.0,1.0
divvy,1,test,2024-05-21,0.01,ExpectedActionValue,10.0,12.962081053039453,3.2,3.8,0.7999999999999998,,1.0
divvy,1,test,2024-05-21,0.01,PointwiseWorstAction,10.0,12.996723698051191,3.2,3.8,0.7999999999999998,,1.0
divvy,1,test,2024-05-21,0.01,ScenarioCVaR,10.0,12.996723698051191,3.2,3.8,0.7999999999999998,,1.0
divvy,1,test,2024-05-21,0.01,RiskFirst,10.0,0.3408162662287115,9.6,16.8,14.400000000000004,,1.0
divvy,1,test,2024-05-21,0.01,TemporalContext2024,10.0,0.3408162662287115,9.6,16.8,14.400000000000004,,1.0
divvy,1,test,2024-05-21,0.01,NetworkPropagation2024,10.0,0.3408162662287115,9.6,16.8,14.400000000000004,,1.0
divvy,1,test,2024-05-21,0.01,CalibratedUncertainty2025,10.0,0.7501192184143266,10.4,17.6,14.400000000000004,,1.0
divvy,1,test,2024-05-21,0.01,MappedPTO2026,10.0,0.3408162662287115,9.6,16.8,14.400000000000004,,1.0
divvy,1,test,2024-05-21,0.01,GroupAware2025,10.0,0.3408162662287115,9.6,16.8,14.400000000000004,,1.0
divvy,1,test,2024-05-21,0.01,RobustImprovement2025,10.0,1.7017424198879516,12.0,20.0,16.000000000000004,,1.0
divvy,1,test,2024-05-21,0.03,StructuralRobust,31.0,11.196237693323374,22.80000000000001,34.300000000000004,23.599999999999987,0.0,1.0
divvy,1,test,2024-05-21,0.03,ExpectedActionValue,31.0,23.381873885441014,5.6000000000000005,7.4,2.3999999999999995,,1.0
divvy,1,test,2024-05-21,0.03,PointwiseWorstAction,31.0,23.57127111463527,5.6000000000000005,7.4,2.3999999999999995,,1.0
divvy,1,test,2024-05-21,0.03,ScenarioCVaR,31.0,23.57127111463527,5.6000000000000005,7.4,2.3999999999999995,,1.0
divvy,1,test,2024-05-21,0.03,RiskFirst,31.0,2.345397192297075,19.200000000000006,30.100000000000005,21.199999999999985,,1.0
divvy,1,test,2024-05-21,0.03,TemporalContext2024,31.0,3.0504767802849946,17.600000000000005,27.800000000000004,19.999999999999996,,1.0
divvy,1,test,2024-05-21,0.03,NetworkPropagation2024,31.0,2.341951004933405,19.200000000000006,30.10000000000001,21.199999999999992,,1.0
divvy,1,test,2024-05-21,0.03,CalibratedUncertainty2025,31.0,3.206479663344154,20.000000000000007,31.100000000000005,21.999999999999993,,1.0
divvy,1,test,2024-05-21,0.03,MappedPTO2026,31.0,3.0640787891597387,19.200000000000003,30.1,21.199999999999996,,1.0
divvy,1,test,2024-05-21,0.03,GroupAware2025,31.0,2.318542276834033,17.600000000000005,27.800000000000004,19.99999999999999,,1.0
divvy,1,test,2024-05-21,0.03,RobustImprovement2025,31.0,3.34502242505296,20.800000000000008,31.50000000000001,20.399999999999995,,1.0
divvy,1,test,2024-05-21,0.05,StructuralRobust,52.0,29.710369771633385,31.600000000000016,48.7,34.799999999999976,0.0,1.0
divvy,1,test,2024-05-21,0.05,ExpectedActionValue,52.0,30.281782655805976,11.200000000000001,16.0,8.000000000000002,,1.0
divvy,1,test,2024-05-21,0.05,PointwiseWorstAction,52.0,30.454408416682785,12.000000000000004,17.400000000000006,8.8,,1.0
divvy,1,test,2024-05-21,0.05,ScenarioCVaR,52.0,30.454408416682785,12.000000000000004,17.400000000000006,8.8,,1.0
divvy,1,test,2024-05-21,0.05,RiskFirst,52.0,3.8277054010445486,30.000000000000014,45.10000000000001,29.99999999999997,,1.0
divvy,1,test,2024-05-21,0.05,TemporalContext2024,52.0,3.8252522775472664,30.000000000000014,45.10000000000001,29.99999999999998,,1.0
divvy,1,test,2024-05-21,0.05,NetworkPropagation2024,52.0,4.106496484665485,27.600000000000012,40.900000000000006,25.999999999999982,,1.0
divvy,1,test,2024-05-21,0.05,CalibratedUncertainty2025,52.0,6.112075653071267,31.200000000000017,46.300000000000004,29.99999999999997,,1.0
divvy,1,test,2024-05-21,0.05,MappedPTO2026,52.0,3.827705401044549,30.00000000000001,45.1,29.999999999999982,,1.0
divvy,1,test,2024-05-21,0.05,GroupAware2025,52.0,4.0492151794614575,28.400000000000013,42.5,27.599999999999973,,1.0
divvy,1,test,2024-05-21,0.05,RobustImprovement2025,52.0,4.596039958197121,28.400000000000013,42.50000000000001,27.59999999999998,,1.0
divvy,1,test,2024-05-21,0.1,StructuralRobust,104.0,0.07842887865606517,41.20000000000002,59.9,37.99999999999997,0.0,1.0
divvy,1,test,2024-05-21,0.1,ExpectedActionValue,104.0,39.0784378093681,24.800000000000008,34.400000000000006,15.999999999999996,,1.0
divvy,1,test,2024-05-21,0.1,PointwiseWorstAction,104.0,39.110414105764086,24.000000000000007,33.60000000000001,16.0,,1.0
divvy,1,test,2024-05-21,0.1,ScenarioCVaR,104.0,39.110414105764086,24.000000000000007,33.60000000000001,16.0,,1.0
divvy,1,test,2024-05-21,0.1,RiskFirst,104.0,8.998485463316444,47.6,66.1,37.19999999999995,,1.0
divvy,1,test,2024-05-21,0.1,TemporalContext2024,104.0,9.868469277971993,47.600000000000016,67.1,39.59999999999996,,1.0
divvy,1,test,2024-05-21,0.1,NetworkPropagation2024,104.0,8.513670732632296,46.800000000000004,66.89999999999998,40.399999999999956,,1.0
divvy,1,test,2024-05-21,0.1,CalibratedUncertainty2025,104.0,8.916429868726206,41.20000000000002,59.9,37.99999999999997,,1.0
divvy,1,test,2024-05-21,0.1,MappedPTO2026,104.0,9.969747230338678,51.2,70.69999999999999,39.599999999999966,,1.0
divvy,1,test,2024-05-21,0.1,GroupAware2025,104.0,10.206514711476974,49.60000000000001,68.09999999999998,37.199999999999946,,1.0
divvy,1,test,2024-05-21,0.1,RobustImprovement2025,104.0,8.95475778573029,44.4,63.89999999999999,39.59999999999997,,1.0
divvy,1,test,2024-05-21,0.2,StructuralRobust,208.0,0.08065171582700441,67.99999999999999,93.19999999999997,50.400000000000006,0.0,1.0
divvy,1,test,2024-05-21,0.2,ExpectedActionValue,208.0,43.72994835296294,39.600000000000016,50.0,17.59999999999998,,1.0
divvy,1,test,2024-05-21,0.2,PointwiseWorstAction,208.0,43.62565230535315,39.6,50.6,18.39999999999999,,1.0
divvy,1,test,2024-05-21,0.2,ScenarioCVaR,208.0,43.62565230535315,39.6,50.6,18.39999999999999,,1.0
divvy,1,test,2024-05-21,0.2,RiskFirst,208.0,13.28554093312477,64.8,89.29999999999998,48.39999999999996,,1.0
divvy,1,test,2024-05-21,0.2,TemporalContext2024,208.0,14.0147203419373,69.59999999999998,97.49999999999997,53.99999999999997,,1.0
divvy,1,test,2024-05-21,0.2,NetworkPropagation2024,208.0,12.332786295843317,63.19999999999999,88.89999999999998,49.99999999999997,,1.0
divvy,1,test,2024-05-21,0.2,CalibratedUncertainty2025,208.0,14.824132884212649,79.59999999999995,107.79999999999994,54.39999999999999,,1.0
divvy,1,test,2024-05-21,0.2,MappedPTO2026,208.0,13.152662151555674,69.19999999999999,93.69999999999997,48.39999999999998,,1.0
divvy,1,test,2024-05-21,0.2,GroupAware2025,208.0,13.616295520140898,62.400000000000006,87.29999999999998,48.39999999999995,,1.0
divvy,1,test,2024-05-21,0.2,RobustImprovement2025,208.0,12.928632176781257,63.199999999999996,85.49999999999997,44.39999999999997,,1.0
divvy,1,test,2024-05-22,0.01,StructuralRobust,11.0,14.868500120089717,16.0,21.400000000000002,10.400000000000006,0.0,1.0
divvy,1,test,2024-05-22,0.01,ExpectedActionValue,11.0,11.983494490300853,1.6,1.6,0.0,,1.0
divvy,1,test,2024-05-22,0.01,PointwiseWorstAction,11.0,12.185063094331966,1.6,1.6,0.0,,1.0
divvy,1,test,2024-05-22,0.01,ScenarioCVaR,11.0,12.185063094331966,1.6,1.6,0.0,,1.0
divvy,1,test,2024-05-22,0.01,RiskFirst,11.0,1.3578588385515604,15.200000000000001,21.400000000000002,11.999999999999998,,1.0
divvy,1,test,2024-05-22,0.01,TemporalContext2024,11.0,1.749382977979223,13.600000000000001,19.8,11.999999999999996,,1.0
divvy,1,test,2024-05-22,0.01,NetworkPropagation2024,11.0,1.3578588385515604,13.600000000000001,19.8,11.999999999999996,,1.0
divvy,1,test,2024-05-22,0.01,CalibratedUncertainty2025,11.0,1.3578588385515604,13.600000000000001,19.8,11.999999999999996,,1.0
divvy,1,test,2024-05-22,0.01,MappedPTO2026,11.0,2.377233893344472,15.200000000000001,21.400000000000002,11.999999999999998,,1.0
divvy,1,test,2024-05-22,0.01,GroupAware2025,11.0,1.3578588385515604,15.200000000000001,21.400000000000002,11.999999999999998,,1.0
divvy,1,test,2024-05-22,0.01,RobustImprovement2025,11.0,1.229794812893367,15.200000000000001,21.400000000000002,11.999999999999998,,1.0
divvy,1,test,2024-05-22,0.03,StructuralRobust,32.0,15.330588029516552,28.800000000000008,40.6,21.599999999999998,0.0,1.0
divvy,1,test,2024-05-22,0.03,ExpectedActionValue,32.0,24.220543440359233,7.199999999999999,7.8,0.8000000000000007,,1.0
divvy,1,test,2024-05-22,0.03,PointwiseWorstAction,32.0,24.570010320914864,4.8,4.8,0.0,,1.0
divvy,1,test,2024-05-22,0.03,ScenarioCVaR,32.0,24.570010320914864,4.8,4.8,0.0,,1.0
divvy,1,test,2024-05-22,0.03,RiskFirst,32.0,4.512420953589041,26.40000000000001,36.4,19.199999999999985,,1.0
divvy,1,test,2024-05-22,0.03,TemporalContext2024,32.0,4.512420953589041,26.40000000000001,36.4,19.199999999999985,,1.0
divvy,1,test,2024-05-22,0.03,NetworkPropagation2024,32.0,4.512420953589041,26.40000000000001,36.4,19.199999999999985,,1.0
divvy,1,test,2024-05-22,0.03,CalibratedUncertainty2025,32.0,4.885786998298569,27.200000000000006,37.199999999999996,19.199999999999985,,1.0
divvy,1,test,2024-05-22,0.03,MappedPTO2026,32.0,4.6335389815400525,27.200000000000006,37.199999999999996,19.199999999999985,,1.0
divvy,1,test,2024-05-22,0.03,GroupAware2025,32.0,4.512420953589041,26.40000000000001,36.4,19.199999999999985,,1.0
divvy,1,test,2024-05-22,0.03,RobustImprovement2025,32.0,4.266816227874043,28.00000000000001,38.800000000000004,20.799999999999986,,1.0
divvy,1,test,2024-05-22,0.05,StructuralRobust,54.0,40.67301930463576,42.0,57.8,29.599999999999994,0.0,1.0
divvy,1,test,2024-05-22,0.05,ExpectedActionValue,54.0,32.96100076923836,7.999999999999999,8.600000000000001,0.8000000000000016,,1.0
divvy,1,test,2024-05-22,0.05,PointwiseWorstAction,54.0,33.47139991543817,7.199999999999999,7.8,0.8000000000000007,,1.0
divvy,1,test,2024-05-22,0.05,ScenarioCVaR,54.0,33.47139991543817,7.199999999999999,7.8,0.8000000000000007,,1.0
divvy,1,test,2024-05-22,0.05,RiskFirst,54.0,6.5832349061239075,36.0,48.999999999999986,24.799999999999983,,1.0
divvy,1,test,2024-05-22,0.05,TemporalContext2024,54.0,6.605423613533367,39.199999999999996,54.19999999999999,27.99999999999998,,1.0
divvy,1,test,2024-05-22,0.05,NetworkPropagation2024,54.0,6.559451313585254,35.2,48.79999999999999,25.599999999999987,,1.0
divvy,1,test,2024-05-22,0.05,CalibratedUncertainty2025,54.0,6.612709177714543,36.0,49.79999999999998,26.39999999999999,,1.0
divvy,1,test,2024-05-22,0.05,MappedPTO2026,54.0,6.520792900893847,36.0,50.19999999999999,26.39999999999999,,1.0
divvy,1,test,2024-05-22,0.05,GroupAware2025,54.0,6.561775841470883,36.0,48.999999999999986,24.799999999999983,,1.0
divvy,1,test,2024-05-22,0.05,RobustImprovement2025,54.0,6.553040723640487,39.2,54.19999999999999,27.999999999999986,,1.0
divvy,1,test,2024-05-22,0.1,StructuralRobust,108.0,0.11500338118144322,52.39999999999998,70.59999999999997,32.79999999999998,0.0,1.0
divvy,1,test,2024-05-22,0.1,ExpectedActionValue,108.0,44.46477466463626,16.8,19.6,4.800000000000001,,1.0
divvy,1,test,2024-05-22,0.1,PointwiseWorstAction,108.0,44.61381203272821,17.6,20.400000000000002,4.800000000000001,,1.0
divvy,1,test,2024-05-22,0.1,ScenarioCVaR,108.0,44.61381203272821,17.6,20.400000000000002,4.800000000000001,,1.0
divvy,1,test,2024-05-22,0.1,RiskFirst,108.0,8.047756895113281,53.99999999999998,73.59999999999997,35.19999999999998,,1.0
divvy,1,test,2024-05-22,0.1,TemporalContext2024,108.0,7.94234099334301,54.799999999999976,74.39999999999996,35.19999999999998,,1.0
divvy,1,test,2024-05-22,0.1,NetworkPropagation2024,108.0,8.001066287168825,54.39999999999998,73.39999999999996,34.39999999999998,,1.0
divvy,1,test,2024-05-22,0.1,CalibratedUncertainty2025,108.0,7.8427987977418825,52.39999999999998,70.59999999999997,32.79999999999998,,1.0
divvy,1,test,2024-05-22,0.1,MappedPTO2026,108.0,8.028270002675805,53.999999999999964,72.99999999999996,34.399999999999984,,1.0
divvy,1,test,2024-05-22,0.1,GroupAware2025,108.0,7.866165898833877,53.199999999999974,72.19999999999996,34.39999999999998,,1.0
divvy,1,test,2024-05-22,0.1,RobustImprovement2025,108.0,8.047756895113283,53.99999999999998,73.59999999999997,35.19999999999998,,1.0
divvy,1,test,2024-05-22,0.2,StructuralRobust,216.0,0.1221315474781088,87.99999999999989,115.79999999999993,48.8000000000001,0.0,1.0
divvy,1,test,2024-05-22,0.2,ExpectedActionValue,216.0,50.89224227553871,40.4,49.900000000000006,14.800000000000004,,1.0
divvy,1,test,2024-05-22,0.2,PointwiseWorstAction,216.0,50.77319457509744,40.400000000000006,50.7,16.39999999999999,,1.0
divvy,1,test,2024-05-22,0.2,ScenarioCVaR,216.0,50.77319457509744,40.400000000000006,50.7,16.39999999999999,,1.0
divvy,1,test,2024-05-22,0.2,RiskFirst,216.0,12.643587707520743,73.59999999999997,96.39999999999993,39.99999999999996,,1.0
divvy,1,test,2024-05-22,0.2,TemporalContext2024,216.0,12.31354690902435,79.19999999999992,106.39999999999992,48.000000000000014,,1.0
divvy,1,test,2024-05-22,0.2,NetworkPropagation2024,216.0,11.975702350200025,74.39999999999995,97.99999999999994,41.599999999999994,,1.0
divvy,1,test,2024-05-22,0.2,CalibratedUncertainty2025,216.0,11.633300682461604,95.99999999999986,127.19999999999995,54.400000000000176,,1.0
divvy,1,test,2024-05-22,0.2,MappedPTO2026,216.0,11.77957710618479,78.79999999999994,105.99999999999994,47.999999999999986,,1.0
divvy,1,test,2024-05-22,0.2,GroupAware2025,216.0,13.175992367443532,71.99999999999996,94.79999999999994,39.99999999999997,,1.0
divvy,1,test,2024-05-22,0.2,RobustImprovement2025,216.0,11.529199533808379,77.19999999999995,100.59999999999995,40.79999999999998,,1.0
divvy,1,test,2024-05-23,0.01,StructuralRobust,11.0,13.860638537144284,14.4,20.200000000000003,10.400000000000004,0.0,1.0
divvy,1,test,2024-05-23,0.01,ExpectedActionValue,11.0,9.656006485189994,1.6,2.2,0.8000000000000003,,1.0
divvy,1,test,2024-05-23,0.01,PointwiseWorstAction,11.0,9.798712805400442,1.6,2.2,0.8000000000000003,,1.0
divvy,1,test,2024-05-23,0.01,ScenarioCVaR,11.0,9.798712805400442,1.6,2.2,0.8000000000000003,,1.0
divvy,1,test,2024-05-23,0.01,RiskFirst,11.0,0.18808773262278303,14.400000000000002,22.200000000000003,13.600000000000001,,1.0
divvy,1,test,2024-05-23,0.01,TemporalContext2024,11.0,0.18808773262278305,14.400000000000002,22.200000000000003,13.600000000000001,,1.0
divvy,1,test,2024-05-23,0.01,NetworkPropagation2024,11.0,0.18808773262278303,14.400000000000002,22.200000000000003,13.600000000000001,,1.0
divvy,1,test,2024-05-23,0.01,CalibratedUncertainty2025,11.0,0.1063513345655608,13.600000000000003,19.8,10.4,,1.0
divvy,1,test,2024-05-23,0.01,MappedPTO2026,11.0,0.18859556570662694,14.400000000000002,23.200000000000003,16.0,,1.0
divvy,1,test,2024-05-23,0.01,GroupAware2025,11.0,0.21702471446868682,14.400000000000002,21.6,12.8,,1.0
divvy,1,test,2024-05-23,0.01,RobustImprovement2025,11.0,0.1537190660037841,14.400000000000002,21.600000000000005,12.8,,1.0
divvy,1,test,2024-05-23,0.03,StructuralRobust,32.0,14.147823206927704,24.80000000000001,36.4,20.79999999999999,0.0,1.0
divvy,1,test,2024-05-23,0.03,ExpectedActionValue,32.0,19.801611330475154,7.999999999999999,10.0,3.2,,1.0
divvy,1,test,2024-05-23,0.03,PointwiseWorstAction,32.0,20.036613657078917,7.999999999999999,9.200000000000001,1.6000000000000023,,1.0
divvy,1,test,2024-05-23,0.03,ScenarioCVaR,32.0,20.036613657078917,7.999999999999999,9.200000000000001,1.6000000000000023,,1.0
divvy,1,test,2024-05-23,0.03,RiskFirst,32.0,1.89228581726359,24.800000000000008,37.2,22.399999999999988,,1.0
divvy,1,test,2024-05-23,0.03,TemporalContext2024,32.0,1.8999539081936698,24.000000000000007,35.800000000000004,21.599999999999987,,1.0
divvy,1,test,2024-05-23,0.03,NetworkPropagation2024,32.0,1.9114318133730952,23.200000000000006,34.2,19.99999999999999,,1.0
divvy,1,test,2024-05-23,0.03,CalibratedUncertainty2025,32.0,1.8538007818900686,24.80000000000001,37.00000000000001,21.599999999999994,,1.0
divvy,1,test,2024-05-23,0.03,MappedPTO2026,32.0,1.9339218249086838,24.000000000000007,35.6,20.799999999999983,,1.0
divvy,1,test,2024-05-23,0.03,GroupAware2025,32.0,1.9857944672356058,24.000000000000007,35.60000000000001,20.79999999999999,,1.0
divvy,1,test,2024-05-23,0.03,RobustImprovement2025,32.0,1.87671988437,25.60000000000001,38.0,22.399999999999984,,1.0
divvy,1,test,2024-05-23,0.05,StructuralRobust,54.0,36.044202234602665,30.800000000000015,44.2,24.799999999999986,0.0,1.0
divvy,1,test,2024-05-23,0.05,ExpectedActionValue,54.0,26.03192495458106,10.4,13.200000000000001,4.800000000000001,,1.0
divvy,1,test,2024-05-23,0.05,PointwiseWorstAction,54.0,26.1869900940585,9.6,11.600000000000001,3.200000000000003,,1.0
divvy,1,test,2024-05-23,0.05,ScenarioCVaR,54.0,26.1869900940585,9.6,11.600000000000001,3.200000000000003,,1.0
divvy,1,test,2024-05-23,0.05,RiskFirst,54.0,2.414771169167166,30.400000000000013,45.0,26.399999999999977,,1.0
divvy,1,test,2024-05-23,0.05,TemporalContext2024,54.0,2.414849486450046,31.200000000000014,46.6,27.999999999999975,,1.0
divvy,1,test,2024-05-23,0.05,NetworkPropagation2024,54.0,2.5172814004749178,28.00000000000001,41.0,23.199999999999978,,1.0
divvy,1,test,2024-05-23,0.05,CalibratedUncertainty2025,54.0,2.37058702929863,31.200000000000017,45.60000000000001,25.59999999999998,,1.0
divvy,1,test,2024-05-23,0.05,MappedPTO2026,54.0,2.4686511126197233,31.200000000000014,46.4,27.19999999999997,,1.0
divvy,1,test,2024-05-23,0.05,GroupAware2025,54.0,2.5016262595077707,29.600000000000012,44.0,25.599999999999977,,1.0
divvy,1,test,2024-05-23,0.05,RobustImprovement2025,54.0,2.6100419611145598,32.40000000000001,48.4,28.799999999999976,,1.0
divvy,1,test,2024-05-23,0.1,StructuralRobust,107.0,0.0945865827393349,42.0,60.19999999999999,32.8,0.0,1.0
divvy,1,test,2024-05-23,0.1,ExpectedActionValue,107.0,34.14140486636919,15.200000000000001,20.400000000000002,9.599999999999996,,1.0
divvy,1,test,2024-05-23,0.1,PointwiseWorstAction,107.0,34.22365480675873,13.600000000000001,18.200000000000003,8.800000000000004,,1.0
divvy,1,test,2024-05-23,0.1,ScenarioCVaR,107.0,34.22365480675873,13.600000000000001,18.200000000000003,8.800000000000004,,1.0
divvy,1,test,2024-05-23,0.1,RiskFirst,107.0,3.8098489815039374,41.199999999999996,59.59999999999999,33.59999999999999,,1.0
divvy,1,test,2024-05-23,0.1,TemporalContext2024,107.0,4.151285126886965,42.0,60.39999999999999,33.59999999999998,,1.0
divvy,1,test,2024-05-23,0.1,NetworkPropagation2024,107.0,3.7911307303079114,39.599999999999994,57.19999999999999,31.999999999999986,,1.0
divvy,1,test,2024-05-23,0.1,CalibratedUncertainty2025,107.0,3.699130132220651,42.0,60.19999999999999,32.8,,1.0
divvy,1,test,2024-05-23,0.1,MappedPTO2026,107.0,3.674319658670383,41.199999999999996,59.59999999999998,33.59999999999997,,1.0
divvy,1,test,2024-05-23,0.1,GroupAware2025,107.0,3.8543525464048516,41.199999999999996,59.59999999999999,33.59999999999999,,1.0
divvy,1,test,2024-05-23,0.1,RobustImprovement2025,107.0,3.7601576592648804,42.8,61.79999999999999,34.39999999999999,,1.0
divvy,1,test,2024-05-23,0.2,StructuralRobust,214.0,0.0963032184131319,68.39999999999996,96.99999999999996,48.80000000000001,0.0,1.0
divvy,1,test,2024-05-23,0.2,ExpectedActionValue,214.0,39.82066958859641,31.600000000000012,40.399999999999984,15.999999999999961,,1.0
divvy,1,test,2024-05-23,0.2,PointwiseWorstAction,214.0,39.92611529128664,31.600000000000012,41.6,17.599999999999984,,1.0
divvy,1,test,2024-05-23,0.2,ScenarioCVaR,214.0,39.92611529128664,31.600000000000012,41.6,17.599999999999984,,1.0
divvy,1,test,2024-05-23,0.2,RiskFirst,214.0,9.002741477728888,67.59999999999998,94.6,47.2,,1.0
divvy,1,test,2024-05-23,0.2,TemporalContext2024,214.0,6.402628598993015,69.19999999999997,97.19999999999997,48.0,,1.0
divvy,1,test,2024-05-23,0.2,NetworkPropagation2024,214.0,7.365242433792735,60.39999999999998,84.09999999999997,41.199999999999974,,1.0
divvy,1,test,2024-05-23,0.2,CalibratedUncertainty2025,214.0,8.455323080202845,81.19999999999996,113.29999999999995,55.60000000000002,,1.0
divvy,1,test,2024-05-23,0.2,MappedPTO2026,214.0,8.995656805350961,66.79999999999998,92.99999999999997,45.599999999999966,,1.0
divvy,1,test,2024-05-23,0.2,GroupAware2025,214.0,8.621404196169772,58.79999999999999,82.99999999999999,42.399999999999984,,1.0
divvy,1,test,2024-05-23,0.2,RobustImprovement2025,214.0,7.283840482034877,61.19999999999999,85.79999999999998,42.39999999999999,,1.0
divvy,1,test,2024-05-24,0.01,StructuralRobust,10.0,8.936256118736392,11.200000000000003,17.8,13.599999999999998,0.0,1.0
divvy,1,test,2024-05-24,0.01,ExpectedActionValue,10.0,10.347256649856053,1.2000000000000002,1.2000000000000002,0.0,,1.0
divvy,1,test,2024-05-24,0.01,PointwiseWorstAction,10.0,10.918655265147722,0.8,1.4,0.8,,1.0
divvy,1,test,2024-05-24,0.01,ScenarioCVaR,10.0,10.918655265147722,0.8,1.4,0.8,,1.0
divvy,1,test,2024-05-24,0.01,RiskFirst,10.0,0.033260157342820354,7.999999999999999,12.2,7.200000000000002,,1.0
divvy,1,test,2024-05-24,0.01,TemporalContext2024,10.0,0.06551704893196758,7.199999999999999,10.6,5.600000000000001,,1.0
divvy,1,test,2024-05-24,0.01,NetworkPropagation2024,10.0,0.0026058951370354086,8.8,13.2,8.0,,1.0
divvy,1,test,2024-05-24,0.01,CalibratedUncertainty2025,10.0,0.029255080360706464,7.199999999999999,10.4,6.400000000000002,,1.0
divvy,1,test,2024-05-24,0.01,MappedPTO2026,10.0,0.002560873806198594,8.799999999999999,13.2,8.000000000000002,,1.0
divvy,1,test,2024-05-24,0.01,GroupAware2025,10.0,0.033260157342820354,7.999999999999999,12.2,7.200000000000002,,1.0
divvy,1,test,2024-05-24,0.01,RobustImprovement2025,10.0,0.033260157342820354,9.6,14.4,9.600000000000003,,1.0
divvy,1,test,2024-05-24,0.03,StructuralRobust,30.0,9.988516762304297,22.000000000000007,33.10000000000001,21.200000000000003,0.0,1.0
divvy,1,test,2024-05-24,0.03,ExpectedActionValue,30.0,21.523737568613733,2.0,2.6000000000000005,0.8000000000000003,,1.0
divvy,1,test,2024-05-24,0.03,PointwiseWorstAction,30.0,22.21135507648645,2.0,2.6000000000000005,0.8000000000000003,,1.0
divvy,1,test,2024-05-24,0.03,ScenarioCVaR,30.0,22.21135507648645,2.0,2.6000000000000005,0.8000000000000003,,1.0
divvy,1,test,2024-05-24,0.03,RiskFirst,30.0,1.6210503965797192,18.0,26.5,15.600000000000001,,1.0
divvy,1,test,2024-05-24,0.03,TemporalContext2024,30.0,1.6210954179105561,16.400000000000002,24.600000000000005,15.200000000000003,,1.0
divvy,1,test,2024-05-24,0.03,NetworkPropagation2024,30.0,1.591674497208009,15.200000000000005,23.400000000000006,15.200000000000005,,1.0
divvy,1,test,2024-05-24,0.03,CalibratedUncertainty2025,30.0,1.688161452383811,18.800000000000008,29.6,20.799999999999994,,1.0
divvy,1,test,2024-05-24,0.03,MappedPTO2026,30.0,1.621095417910556,15.600000000000003,22.5,12.399999999999997,,1.0
divvy,1,test,2024-05-24,0.03,GroupAware2025,30.0,1.6210503965797192,18.0,26.5,15.600000000000001,,1.0
divvy,1,test,2024-05-24,0.03,RobustImprovement2025,30.0,1.56347273263646,19.200000000000003,29.500000000000007,19.6,,1.0
divvy,1,test,2024-05-24,0.05,StructuralRobust,50.0,27.193945616164207,30.80000000000001,45.90000000000001,27.599999999999987,0.0,1.0
divvy,1,test,2024-05-24,0.05,ExpectedActionValue,50.0,28.940341049066618,2.8,3.4000000000000004,0.8000000000000007,,1.0
divvy,1,test,2024-05-24,0.05,PointwiseWorstAction,50.0,29.17218486368899,2.8,3.4000000000000004,0.8000000000000007,,1.0
divvy,1,test,2024-05-24,0.05,ScenarioCVaR,50.0,29.17218486368899,2.8,3.4000000000000004,0.8000000000000007,,1.0
divvy,1,test,2024-05-24,0.05,RiskFirst,50.0,2.4163023787287927,26.000000000000007,37.7,20.399999999999984,,1.0
divvy,1,test,2024-05-24,0.05,TemporalContext2024,50.0,2.612117335889135,26.80000000000001,40.10000000000001,23.599999999999994,,1.0
divvy,1,test,2024-05-24,0.05,NetworkPropagation2024,50.0,2.3156128616680625,24.40000000000001,34.7,17.99999999999999,,1.0
divvy,1,test,2024-05-24,0.05,CalibratedUncertainty2025,50.0,2.1901008067786685,30.000000000000018,46.90000000000001,29.99999999999999,,1.0
divvy,1,test,2024-05-24,0.05,MappedPTO2026,50.0,2.410682656257433,26.80000000000001,39.30000000000001,21.999999999999986,,1.0
divvy,1,test,2024-05-24,0.05,GroupAware2025,50.0,2.307362884179294,24.400000000000006,36.10000000000001,20.39999999999999,,1.0
divvy,1,test,2024-05-24,0.05,RobustImprovement2025,50.0,2.3320249554489862,28.40000000000001,41.900000000000006,24.399999999999988,,1.0
divvy,1,test,2024-05-24,0.1,StructuralRobust,101.0,0.07730363615208534,41.60000000000001,59.099999999999994,30.799999999999983,0.0,1.0
divvy,1,test,2024-05-24,0.1,ExpectedActionValue,101.0,38.51225074386077,8.399999999999999,10.2,2.400000000000002,,1.0
divvy,1,test,2024-05-24,0.1,PointwiseWorstAction,101.0,38.53568630723053,7.6,9.4,2.400000000000002,,1.0
divvy,1,test,2024-05-24,0.1,ScenarioCVaR,101.0,38.53568630723053,7.6,9.4,2.400000000000002,,1.0
divvy,1,test,2024-05-24,0.1,RiskFirst,101.0,4.665511123012389,40.400000000000006,57.29999999999999,29.99999999999997,,1.0
divvy,1,test,2024-05-24,0.1,TemporalContext2024,101.0,4.613898082193517,40.4,57.29999999999999,29.99999999999998,,1.0
divvy,1,test,2024-05-24,0.1,NetworkPropagation2024,101.0,4.779787036259422,36.400000000000006,53.3,29.999999999999986,,1.0
divvy,1,test,2024-05-24,0.1,CalibratedUncertainty2025,101.0,7.225129105183476,41.60000000000001,59.099999999999994,30.799999999999983,,1.0
divvy,1,test,2024-05-24,0.1,MappedPTO2026,101.0,4.665834208027761,42.00000000000001,59.49999999999999,30.799999999999976,,1.0
divvy,1,test,2024-05-24,0.1,GroupAware2025,101.0,5.365366667995615,39.20000000000001,56.099999999999994,29.999999999999964,,1.0
divvy,1,test,2024-05-24,0.1,RobustImprovement2025,101.0,4.9667783774667384,39.2,56.1,29.999999999999986,,1.0
divvy,1,test,2024-05-24,0.2,StructuralRobust,202.0,0.08008781406916944,55.59999999999999,76.69999999999997,37.19999999999998,0.0,1.0
divvy,1,test,2024-05-24,0.2,ExpectedActionValue,202.0,44.22123121374058,26.000000000000007,32.80000000000001,11.199999999999996,,1.0
divvy,1,test,2024-05-24,0.2,PointwiseWorstAction,202.0,44.12431491943067,22.40000000000001,28.80000000000001,11.2,,1.0
divvy,1,test,2024-05-24,0.2,ScenarioCVaR,202.0,44.12431491943067,22.40000000000001,28.80000000000001,11.2,,1.0
divvy,1,test,2024-05-24,0.2,RiskFirst,202.0,10.08591289055991,47.2,65.29999999999998,31.599999999999966,,1.0
divvy,1,test,2024-05-24,0.2,TemporalContext2024,202.0,10.272358773347875,51.99999999999999,71.49999999999997,33.999999999999964,,1.0
divvy,1,test,2024-05-24,0.2,NetworkPropagation2024,202.0,10.023192607041258,46.4,64.49999999999999,31.599999999999987,,1.0
divvy,1,test,2024-05-24,0.2,CalibratedUncertainty2025,202.0,9.63790756165512,63.599999999999966,86.89999999999995,41.2,,1.0
divvy,1,test,2024-05-24,0.2,MappedPTO2026,202.0,10.401917948162835,51.199999999999996,70.49999999999999,33.19999999999997,,1.0
divvy,1,test,2024-05-24,0.2,GroupAware2025,202.0,11.964813942155002,47.2,65.29999999999998,31.599999999999966,,1.0
divvy,1,test,2024-05-24,0.2,RobustImprovement2025,202.0,11.912221627089222,49.599999999999994,67.69999999999999,31.59999999999998,,1.0
divvy,1,test,2024-05-25,0.01,StructuralRobust,11.0,6.53955984538978,4.8,6.0,1.6000000000000005,0.0,1.0
divvy,1,test,2024-05-25,0.01,ExpectedActionValue,11.0,11.221327059172175,0.8,0.8,0.0,,1.0
divvy,1,test,2024-05-25,0.01,PointwiseWorstAction,11.0,11.68391507110276,0.8,0.8,0.0,,1.0
divvy,1,test,2024-05-25,0.01,ScenarioCVaR,11.0,11.68391507110276,0.8,0.8,0.0,,1.0
divvy,1,test,2024-05-25,0.01,RiskFirst,11.0,0.039294023697163415,2.4000000000000004,3.0,0.7999999999999998,,1.0
divvy,1,test,2024-05-25,0.01,TemporalContext2024,11.0,0.130332022970469,1.6,1.6,0.0,,1.0
divvy,1,test,2024-05-25,0.01,NetworkPropagation2024,11.0,0.8362370466207544,1.6,1.6,0.0,,1.0
divvy,1,test,2024-05-25,0.01,CalibratedUncertainty2025,11.0,0.7104266628597975,2.4000000000000004,3.6,1.5999999999999996,,1.0
divvy,1,test,2024-05-25,0.01,MappedPTO2026,11.0,0.15906594677015068,4.800000000000001,6.0,1.5999999999999996,,1.0
divvy,1,test,2024-05-25,0.01,GroupAware2025,11.0,0.065340194994615,3.2,4.4,1.6000000000000005,,1.0
divvy,1,test,2024-05-25,0.01,RobustImprovement2025,11.0,0.044553127021499245,4.0,4.6000000000000005,0.8000000000000007,,1.0
divvy,1,test,2024-05-25,0.03,StructuralRobust,32.0,6.78267596786278,12.000000000000004,14.800000000000002,4.800000000000001,0.0,1.0
divvy,1,test,2024-05-25,0.03,ExpectedActionValue,32.0,23.815692446385057,3.2,4.0,1.5999999999999996,,1.0
divvy,1,test,2024-05-25,0.03,PointwiseWorstAction,32.0,23.89460569999007,4.800000000000001,6.300000000000001,2.8000000000000007,,1.0
divvy,1,test,2024-05-25,0.03,ScenarioCVaR,32.0,23.89460569999007,4.800000000000001,6.300000000000001,2.8000000000000007,,1.0
divvy,1,test,2024-05-25,0.03,RiskFirst,32.0,1.707271051916644,9.600000000000001,11.400000000000002,2.400000000000002,,1.0
divvy,1,test,2024-05-25,0.03,TemporalContext2024,32.0,1.3660436286602438,8.799999999999999,10.600000000000001,2.400000000000004,,1.0
divvy,1,test,2024-05-25,0.03,NetworkPropagation2024,32.0,1.8685075566201828,8.799999999999999,10.600000000000001,2.400000000000002,,1.0
divvy,1,test,2024-05-25,0.03,CalibratedUncertainty2025,32.0,1.8571154951887547,11.2,14.0,4.800000000000001,,1.0
divvy,1,test,2024-05-25,0.03,MappedPTO2026,32.0,0.848182601190983,10.400000000000002,12.800000000000002,3.1999999999999993,,1.0
divvy,1,test,2024-05-25,0.03,GroupAware2025,32.0,1.9759279084253034,9.600000000000001,11.400000000000002,2.400000000000002,,1.0
divvy,1,test,2024-05-25,0.03,RobustImprovement2025,32.0,1.7103131167990422,8.799999999999999,10.600000000000001,2.400000000000004,,1.0
divvy,1,test,2024-05-25,0.05,StructuralRobust,54.0,17.580504631503228,15.200000000000006,19.20000000000001,6.400000000000002,0.0,1.0
divvy,1,test,2024-05-25,0.05,ExpectedActionValue,54.0,31.023985019058482,8.400000000000002,10.700000000000001,4.399999999999999,,1.0
divvy,1,test,2024-05-25,0.05,PointwiseWorstAction,54.0,31.25494281743907,6.800000000000001,8.3,2.8000000000000025,,1.0
divvy,1,test,2024-05-25,0.05,ScenarioCVaR,54.0,31.25494281743907,6.800000000000001,8.3,2.8000000000000025,,1.0
divvy,1,test,2024-05-25,0.05,RiskFirst,54.0,2.7762504454558163,16.800000000000004,21.400000000000006,7.200000000000003,,1.0
divvy,1,test,2024-05-25,0.05,TemporalContext2024,54.0,2.6684100598921763,16.8,21.400000000000006,7.200000000000006,,1.0
divvy,1,test,2024-05-25,0.05,NetworkPropagation2024,54.0,5.255494267898085,14.4,19.4,8.800000000000002,,1.0
divvy,1,test,2024-05-25,0.05,CalibratedUncertainty2025,54.0,3.401982505755712,15.600000000000003,19.600000000000005,6.4,,1.0
divvy,1,test,2024-05-25,0.05,MappedPTO2026,54.0,3.004769954929855,16.800000000000004,21.400000000000002,7.199999999999999,,1.0
divvy,1,test,2024-05-25,0.05,GroupAware2025,54.0,2.776250445455817,16.800000000000004,21.400000000000006,7.200000000000003,,1.0
divvy,1,test,2024-05-25,0.05,RobustImprovement2025,54.0,2.321948666025945,17.600000000000005,22.200000000000003,7.199999999999999,,1.0
divvy,1,test,2024-05-25,0.1,StructuralRobust,108.0,0.03556713069086546,29.200000000000014,38.099999999999994,14.799999999999972,0.0,1.0
divvy,1,test,2024-05-25,0.1,ExpectedActionValue,108.0,40.00065151853515,16.800000000000008,19.100000000000005,4.399999999999999,,1.0
divvy,1,test,2024-05-25,0.1,PointwiseWorstAction,108.0,40.25166518290915,16.800000000000004,19.700000000000006,5.200000000000003,,1.0
divvy,1,test,2024-05-25,0.1,ScenarioCVaR,108.0,40.25166518290915,16.800000000000004,19.700000000000006,5.200000000000003,,1.0
divvy,1,test,2024-05-25,0.1,RiskFirst,108.0,5.528807552075944,31.600000000000016,41.400000000000006,15.199999999999982,,1.0
divvy,1,test,2024-05-25,0.1,TemporalContext2024,108.0,5.837711851886077,27.600000000000005,36.80000000000001,14.399999999999995,,1.0
divvy,1,test,2024-05-25,0.1,NetworkPropagation2024,108.0,8.523525544690663,26.000000000000007,34.6,13.599999999999994,,1.0
divvy,1,test,2024-05-25,0.1,CalibratedUncertainty2025,108.0,8.235959265717417,28.400000000000013,37.1,13.999999999999972,,1.0
divvy,1,test,2024-05-25,0.1,MappedPTO2026,108.0,5.481779703502331,30.000000000000014,39.800000000000004,15.199999999999982,,1.0
divvy,1,test,2024-05-25,0.1,GroupAware2025,108.0,6.444857360601293,26.00000000000001,34.00000000000001,12.799999999999994,,1.0
divvy,1,test,2024-05-25,0.1,RobustImprovement2025,108.0,6.991446130267369,31.600000000000016,42.4,17.59999999999998,,1.0
divvy,1,test,2024-05-25,0.2,StructuralRobust,215.0,0.03556713069086546,54.8,70.29999999999998,26.799999999999983,0.0,1.0
divvy,1,test,2024-05-25,0.2,ExpectedActionValue,215.0,45.3414814276057,28.000000000000018,34.50000000000001,11.599999999999984,,1.0
divvy,1,test,2024-05-25,0.2,PointwiseWorstAction,215.0,45.31125216896159,26.400000000000013,32.70000000000002,10.800000000000004,,1.0
divvy,1,test,2024-05-25,0.2,ScenarioCVaR,215.0,45.31125216896159,26.400000000000013,32.70000000000002,10.800000000000004,,1.0
divvy,1,test,2024-05-25,0.2,RiskFirst,215.0,9.840283629583706,49.99999999999998,68.29999999999995,29.999999999999964,,1.0
divvy,1,test,2024-05-25,0.2,TemporalContext2024,215.0,13.861994389412702,41.999999999999986,56.69999999999999,23.599999999999994,,1.0
divvy,1,test,2024-05-25,0.2,NetworkPropagation2024,215.0,14.235741586074601,45.99999999999998,62.79999999999998,27.199999999999996,,1.0
divvy,1,test,2024-05-25,0.2,CalibratedUncertainty2025,215.0,10.932049808527577,53.99999999999998,72.09999999999998,30.79999999999999,,1.0
divvy,1,test,2024-05-25,0.2,MappedPTO2026,215.0,11.294688843712667,49.19999999999999,63.39999999999998,23.199999999999974,,1.0
divvy,1,test,2024-05-25,0.2,GroupAware2025,215.0,8.95300975727209,42.79999999999998,59.39999999999999,28.0,,1.0
divvy,1,test,2024-05-25,0.2,RobustImprovement2025,215.0,11.413263948166028,46.8,61.0,23.19999999999999,,1.0
divvy,1,test,2024-05-26,0.01,StructuralRobust,7.0,3.412107782007236,1.6,2.4000000000000004,1.6,0.0,1.0
divvy,1,test,2024-05-26,0.01,ExpectedActionValue,7.0,7.5076416630856455,0.0,0.0,0.0,,1.0
divvy,1,test,2024-05-26,0.01,PointwiseWorstAction,7.0,8.644847385048347,0.0,0.0,0.0,,1.0
divvy,1,test,2024-05-26,0.01,ScenarioCVaR,7.0,8.644847385048347,0.0,0.0,0.0,,1.0
divvy,1,test,2024-05-26,0.01,RiskFirst,7.0,0.6674082116177881,2.4000000000000004,3.0,0.7999999999999998,,1.0
divvy,1,test,2024-05-26,0.01,TemporalContext2024,7.0,0.6674082116177881,2.4000000000000004,3.0,0.7999999999999998,,1.0
divvy,1,test,2024-05-26,0.01,NetworkPropagation2024,7.0,0.499517372121706,0.8,1.4,0.8,,1.0
divvy,1,test,2024-05-26,0.01,CalibratedUncertainty2025,7.0,0.47538008284326944,2.4000000000000004,3.0,0.7999999999999998,,1.0
divvy,1,test,2024-05-26,0.01,MappedPTO2026,7.0,0.6674082116177882,2.4000000000000004,3.0,0.7999999999999998,,1.0
divvy,1,test,2024-05-26,0.01,GroupAware2025,7.0,0.6674082116177881,2.4000000000000004,3.0,0.7999999999999998,,1.0
divvy,1,test,2024-05-26,0.01,RobustImprovement2025,7.0,0.6745396602298049,3.2,3.8,0.7999999999999998,,1.0
divvy,1,test,2024-05-26,0.03,StructuralRobust,22.0,3.962294153819728,5.6,7.0,2.4000000000000004,0.0,1.0
divvy,1,test,2024-05-26,0.03,ExpectedActionValue,22.0,16.95654064591249,0.0,0.0,0.0,,1.0
divvy,1,test,2024-05-26,0.03,PointwiseWorstAction,22.0,17.411347181164235,0.0,0.0,0.0,,1.0
divvy,1,test,2024-05-26,0.03,ScenarioCVaR,22.0,17.411347181164235,0.0,0.0,0.0,,1.0
divvy,1,test,2024-05-26,0.03,RiskFirst,22.0,0.918358515499635,4.0,5.4,2.4000000000000004,,1.0
divvy,1,test,2024-05-26,0.03,TemporalContext2024,22.0,0.8825662910921638,4.0,5.4,2.4000000000000004,,1.0
divvy,1,test,2024-05-26,0.03,NetworkPropagation2024,22.0,0.9959269654924325,4.0,5.4,2.4000000000000004,,1.0
divvy,1,test,2024-05-26,0.03,CalibratedUncertainty2025,22.0,1.5222722353230842,5.6,7.0,2.4000000000000004,,1.0
divvy,1,test,2024-05-26,0.03,MappedPTO2026,22.0,0.8850032866576468,4.0,5.4,2.4000000000000004,,1.0
divvy,1,test,2024-05-26,0.03,GroupAware2025,22.0,0.8850032866576467,4.0,5.4,2.4000000000000004,,1.0
divvy,1,test,2024-05-26,0.03,RobustImprovement2025,22.0,0.7970116362102223,4.0,5.4,2.4000000000000004,,1.0
divvy,1,test,2024-05-26,0.05,StructuralRobust,37.0,9.883110305537022,6.3999999999999995,7.8,2.4000000000000012,0.0,1.0
divvy,1,test,2024-05-26,0.05,ExpectedActionValue,37.0,23.020023759121276,1.6,2.2,0.8000000000000003,,1.0
divvy,1,test,2024-05-26,0.05,PointwiseWorstAction,37.0,23.252985941855304,1.6,2.2,0.8000000000000003,,1.0
divvy,1,test,2024-05-26,0.05,ScenarioCVaR,37.0,23.252985941855304,1.6,2.2,0.8000000000000003,,1.0
divvy,1,test,2024-05-26,0.05,RiskFirst,37.0,1.9089119159329049,5.6,7.0,2.4000000000000004,,1.0
divvy,1,test,2024-05-26,0.05,TemporalContext2024,37.0,1.5802560349004628,4.8,6.2,2.4000000000000004,,1.0
divvy,1,test,2024-05-26,0.05,NetworkPropagation2024,37.0,3.6900108196489354,4.8,6.2,2.4000000000000004,,1.0
divvy,1,test,2024-05-26,0.05,CalibratedUncertainty2025,37.0,2.7721142992364207,6.3999999999999995,7.8,2.4000000000000012,,1.0
divvy,1,test,2024-05-26,0.05,MappedPTO2026,37.0,1.9089119159329049,5.6,7.0,2.4000000000000004,,1.0
divvy,1,test,2024-05-26,0.05,GroupAware2025,37.0,1.9089119159329047,5.6,7.0,2.4000000000000004,,1.0
divvy,1,test,2024-05-26,0.05,RobustImprovement2025,37.0,1.7019020557849522,5.6,7.0,2.4000000000000004,,1.0
divvy,1,test,2024-05-26,0.1,StructuralRobust,74.0,0.019883438912504343,11.6,13.600000000000001,3.200000000000003,0.0,1.0
divvy,1,test,2024-05-26,0.1,ExpectedActionValue,74.0,30.7890399232683,4.0,5.800000000000001,2.4000000000000004,,1.0
divvy,1,test,2024-05-26,0.1,PointwiseWorstAction,74.0,30.85485084259067,3.6,5.4,2.4,,1.0
divvy,1,test,2024-05-26,0.1,ScenarioCVaR,74.0,30.85485084259067,3.6,5.4,2.4,,1.0
divvy,1,test,2024-05-26,0.1,RiskFirst,74.0,7.375835744649945,7.199999999999999,8.6,2.400000000000002,,1.0
divvy,1,test,2024-05-26,0.1,TemporalContext2024,74.0,2.9961060944381117,6.3999999999999995,7.8,2.4000000000000012,,1.0
divvy,1,test,2024-05-26,0.1,NetworkPropagation2024,74.0,5.744891612422348,6.3999999999999995,7.8,2.4000000000000012,,1.0
divvy,1,test,2024-05-26,0.1,CalibratedUncertainty2025,74.0,5.161826979235924,14.8,17.400000000000006,4.0000000000000036,,1.0
divvy,1,test,2024-05-26,0.1,MappedPTO2026,74.0,8.208054078698638,8.8,12.000000000000002,4.800000000000001,,1.0
divvy,1,test,2024-05-26,0.1,GroupAware2025,74.0,7.068642002739289,6.3999999999999995,7.8,2.4000000000000012,,1.0
divvy,1,test,2024-05-26,0.1,RobustImprovement2025,74.0,3.450667623798487,7.199999999999999,8.6,2.400000000000002,,1.0
divvy,1,test,2024-05-26,0.2,StructuralRobust,147.0,0.019883438912504343,15.600000000000001,18.200000000000003,4.0000000000000036,0.0,1.0
divvy,1,test,2024-05-26,0.2,ExpectedActionValue,147.0,35.67342365423285,6.3999999999999995,8.8,3.200000000000002,,1.0
divvy,1,test,2024-05-26,0.2,PointwiseWorstAction,147.0,35.64781593503459,6.3999999999999995,8.8,3.200000000000002,,1.0
divvy,1,test,2024-05-26,0.2,ScenarioCVaR,147.0,35.64781593503459,6.3999999999999995,8.8,3.200000000000002,,1.0
divvy,1,test,2024-05-26,0.2,RiskFirst,147.0,11.94411221187976,7.999999999999999,10.2,4.000000000000003,,1.0
divvy,1,test,2024-05-26,0.2,TemporalContext2024,147.0,9.15022930082519,7.999999999999999,10.0,3.200000000000002,,1.0
divvy,1,test,2024-05-26,0.2,NetworkPropagation2024,147.0,11.31510620648712,7.999999999999999,10.2,4.000000000000003,,1.0
divvy,1,test,2024-05-26,0.2,CalibratedUncertainty2025,147.0,8.76249686265837,21.200000000000006,25.80000000000001,7.200000000000006,,1.0
divvy,1,test,2024-05-26,0.2,MappedPTO2026,147.0,11.615905616558743,16.000000000000004,19.800000000000004,5.600000000000005,,1.0
divvy,1,test,2024-05-26,0.2,GroupAware2025,147.0,13.675528759987031,7.199999999999999,9.4,4.000000000000002,,1.0
divvy,1,test,2024-05-26,0.2,RobustImprovement2025,147.0,6.846687620252611,9.200000000000001,11.2,3.200000000000001,,1.0
divvy,1,test,2024-05-27,0.01,StructuralRobust,9.0,6.3377376206215645,2.4000000000000004,4.800000000000001,4.800000000000001,0.0,1.0
divvy,1,test,2024-05-27,0.01,ExpectedActionValue,9.0,9.850895498420494,1.6,2.2,0.8000000000000003,,1.0
divvy,1,test,2024-05-27,0.01,PointwiseWorstAction,9.0,10.134545999669886,0.0,0.0,0.0,,1.0
divvy,1,test,2024-05-27,0.01,ScenarioCVaR,9.0,10.134545999669886,0.0,0.0,0.0,,1.0
divvy,1,test,2024-05-27,0.01,RiskFirst,9.0,0.24859022722347193,0.8,1.6,1.6000000000000003,,1.0
divvy,1,test,2024-05-27,0.01,TemporalContext2024,9.0,0.12514698254797196,0.0,0.0,0.0,,1.0
divvy,1,test,2024-05-27,0.01,NetworkPropagation2024,9.0,0.12079147576457117,0.0,0.0,0.0,,1.0
divvy,1,test,2024-05-27,0.01,CalibratedUncertainty2025,9.0,0.1311013216199618,0.0,0.0,0.0,,1.0
divvy,1,test,2024-05-27,0.01,MappedPTO2026,9.0,0.10407670101191935,2.4000000000000004,4.0,3.2,,1.0
divvy,1,test,2024-05-27,0.01,GroupAware2025,9.0,0.17832928670022383,0.8,1.6,1.6000000000000003,,1.0
divvy,1,test,2024-05-27,0.01,RobustImprovement2025,9.0,0.16097362300122753,0.8,1.6,1.6000000000000003,,1.0
divvy,1,test,2024-05-27,0.03,StructuralRobust,27.0,7.656719053618032,9.600000000000001,16.2,11.999999999999996,0.0,1.0
divvy,1,test,2024-05-27,0.03,ExpectedActionValue,27.0,20.34880712390283,2.4000000000000004,3.0,0.7999999999999998,,1.0
divvy,1,test,2024-05-27,0.03,PointwiseWorstAction,27.0,20.357277617175285,3.2,3.8,0.7999999999999998,,1.0
divvy,1,test,2024-05-27,0.03,ScenarioCVaR,27.0,20.357277617175285,3.2,3.8,0.7999999999999998,,1.0
divvy,1,test,2024-05-27,0.03,RiskFirst,27.0,0.3398874527174034,6.3999999999999995,11.000000000000002,8.800000000000004,,1.0
divvy,1,test,2024-05-27,0.03,TemporalContext2024,27.0,0.6305349248641751,6.3999999999999995,11.000000000000002,8.800000000000004,,1.0
divvy,1,test,2024-05-27,0.03,NetworkPropagation2024,27.0,0.6839860168146181,4.8,8.600000000000001,7.200000000000002,,1.0
divvy,1,test,2024-05-27,0.03,CalibratedUncertainty2025,27.0,0.5409963125483565,1.6,2.4000000000000004,1.6,,1.0
divvy,1,test,2024-05-27,0.03,MappedPTO2026,27.0,0.33988745271740345,6.3999999999999995,11.0,8.800000000000004,,1.0
divvy,1,test,2024-05-27,0.03,GroupAware2025,27.0,0.6255077355839608,6.3999999999999995,11.8,10.400000000000006,,1.0
divvy,1,test,2024-05-27,0.03,RobustImprovement2025,27.0,0.2755808512661452,7.999999999999999,13.400000000000002,10.400000000000006,,1.0
divvy,1,test,2024-05-27,0.05,StructuralRobust,45.0,20.925367300207682,12.8,20.000000000000004,12.800000000000004,0.0,1.0
divvy,1,test,2024-05-27,0.05,ExpectedActionValue,45.0,25.409479259796946,4.800000000000001,5.4,0.7999999999999989,,1.0
divvy,1,test,2024-05-27,0.05,PointwiseWorstAction,45.0,25.536395233559478,4.800000000000001,5.4,0.7999999999999989,,1.0
divvy,1,test,2024-05-27,0.05,ScenarioCVaR,45.0,25.536395233559478,4.800000000000001,5.4,0.7999999999999989,,1.0
divvy,1,test,2024-05-27,0.05,RiskFirst,45.0,1.4081145692159882,12.799999999999999,20.0,12.800000000000002,,1.0
divvy,1,test,2024-05-27,0.05,TemporalContext2024,45.0,0.7197553106678469,8.799999999999999,14.200000000000003,10.400000000000004,,1.0
divvy,1,test,2024-05-27,0.05,NetworkPropagation2024,45.0,1.4083949379416056,10.399999999999999,16.400000000000002,11.200000000000003,,1.0
divvy,1,test,2024-05-27,0.05,CalibratedUncertainty2025,45.0,0.7453518393237162,10.4,17.0,11.999999999999998,,1.0
divvy,1,test,2024-05-27,0.05,MappedPTO2026,45.0,1.37861504055384,11.999999999999998,18.6,12.000000000000002,,1.0
divvy,1,test,2024-05-27,0.05,GroupAware2025,45.0,1.4319691635931753,14.399999999999999,22.200000000000003,13.600000000000009,,1.0
divvy,1,test,2024-05-27,0.05,RobustImprovement2025,45.0,1.4134067706843387,12.799999999999999,20.000000000000004,12.80000000000001,,1.0
divvy,1,test,2024-05-27,0.1,StructuralRobust,90.0,0.057333634354013924,19.200000000000003,27.600000000000005,14.399999999999991,0.0,1.0
divvy,1,test,2024-05-27,0.1,ExpectedActionValue,90.0,32.075459576085585,9.200000000000001,11.000000000000002,2.4000000000000004,,1.0
divvy,1,test,2024-05-27,0.1,PointwiseWorstAction,90.0,32.26148422560822,9.200000000000003,11.000000000000002,2.399999999999997,,1.0
divvy,1,test,2024-05-27,0.1,ScenarioCVaR,90.0,32.26148422560822,9.200000000000003,11.000000000000002,2.399999999999997,,1.0
divvy,1,test,2024-05-27,0.1,RiskFirst,90.0,2.5662370910133623,17.6,26.000000000000004,14.399999999999999,,1.0
divvy,1,test,2024-05-27,0.1,TemporalContext2024,90.0,2.6306785468489116,18.400000000000002,26.800000000000004,14.400000000000002,,1.0
divvy,1,test,2024-05-27,0.1,NetworkPropagation2024,90.0,2.7247481120132844,17.6,26.000000000000004,14.399999999999999,,1.0
divvy,1,test,2024-05-27,0.1,CalibratedUncertainty2025,90.0,2.196365754726123,19.200000000000003,27.600000000000005,14.399999999999991,,1.0
divvy,1,test,2024-05-27,0.1,MappedPTO2026,90.0,2.4030088429922527,19.200000000000003,27.60000000000001,14.399999999999999,,1.0
divvy,1,test,2024-05-27,0.1,GroupAware2025,90.0,2.286282144862401,17.6,26.000000000000007,14.400000000000006,,1.0
divvy,1,test,2024-05-27,0.1,RobustImprovement2025,90.0,2.5546614006503536,17.6,26.00000000000001,14.400000000000013,,1.0
divvy,1,test,2024-05-27,0.2,StructuralRobust,180.0,0.057797374728364645,27.20000000000001,38.6,18.399999999999984,0.0,1.0
divvy,1,test,2024-05-27,0.2,ExpectedActionValue,180.0,37.35924924333083,17.200000000000006,20.800000000000008,6.399999999999999,,1.0
divvy,1,test,2024-05-27,0.2,PointwiseWorstAction,180.0,37.28710318066593,15.600000000000007,18.400000000000006,4.799999999999995,,1.0
divvy,1,test,2024-05-27,0.2,ScenarioCVaR,180.0,37.28710318066593,15.600000000000007,18.400000000000006,4.799999999999995,,1.0
divvy,1,test,2024-05-27,0.2,RiskFirst,180.0,5.777464317966335,29.20000000000001,40.199999999999996,18.399999999999977,,1.0
divvy,1,test,2024-05-27,0.2,TemporalContext2024,180.0,6.0490093419572615,28.80000000000001,38.999999999999986,16.79999999999997,,1.0
divvy,1,test,2024-05-27,0.2,NetworkPropagation2024,180.0,7.24140564109902,27.200000000000006,37.4,16.799999999999986,,1.0
divvy,1,test,2024-05-27,0.2,CalibratedUncertainty2025,180.0,7.178898817313249,28.00000000000001,39.599999999999994,19.19999999999997,,1.0
divvy,1,test,2024-05-27,0.2,MappedPTO2026,180.0,7.1472843973787725,30.00000000000001,40.800000000000004,17.599999999999984,,1.0
divvy,1,test,2024-05-27,0.2,GroupAware2025,180.0,6.994717596270126,26.000000000000007,36.400000000000006,17.599999999999994,,1.0
divvy,1,test,2024-05-27,0.2,RobustImprovement2025,180.0,5.290370125601425,22.800000000000004,32.400000000000006,16.0,,1.0
divvy,1,test,2024-05-28,0.01,StructuralRobust,9.0,10.31490758303644,8.0,12.8,9.600000000000001,0.0,1.0
divvy,1,test,2024-05-28,0.01,ExpectedActionValue,9.0,10.637810932521624,1.2000000000000002,1.2000000000000002,0.0,,1.0
divvy,1,test,2024-05-28,0.01,PointwiseWorstAction,9.0,10.645534703641896,1.2000000000000002,1.2000000000000002,0.0,,1.0
divvy,1,test,2024-05-28,0.01,ScenarioCVaR,9.0,10.645534703641896,1.2000000000000002,1.2000000000000002,0.0,,1.0
divvy,1,test,2024-05-28,0.01,RiskFirst,9.0,1.8503972109792803,8.0,13.000000000000004,10.400000000000002,,1.0
divvy,1,test,2024-05-28,0.01,TemporalContext2024,9.0,1.8503972109792801,7.999999999999999,13.0,10.400000000000002,,1.0
divvy,1,test,2024-05-28,0.01,NetworkPropagation2024,9.0,1.8503972109792801,7.999999999999999,13.0,10.400000000000002,,1.0
divvy,1,test,2024-05-28,0.01,CalibratedUncertainty2025,9.0,1.8671229650115513,8.799999999999999,14.600000000000001,12.000000000000005,,1.0
divvy,1,test,2024-05-28,0.01,MappedPTO2026,9.0,3.1831202497872098,7.999999999999999,13.000000000000002,10.400000000000006,,1.0
divvy,1,test,2024-05-28,0.01,GroupAware2025,9.0,1.8503972109792803,8.0,13.000000000000004,10.400000000000002,,1.0
divvy,1,test,2024-05-28,0.01,RobustImprovement2025,9.0,3.1831202497872098,8.0,13.0,10.399999999999999,,1.0
divvy,1,test,2024-05-28,0.03,StructuralRobust,27.0,11.938098046685017,16.000000000000004,23.200000000000006,14.400000000000002,0.0,1.0
divvy,1,test,2024-05-28,0.03,ExpectedActionValue,27.0,20.774829588004653,6.0,9.8,7.200000000000003,,1.0
divvy,1,test,2024-05-28,0.03,PointwiseWorstAction,27.0,21.23615791354154,5.200000000000001,9.0,7.200000000000001,,1.0
divvy,1,test,2024-05-28,0.03,ScenarioCVaR,27.0,21.23615791354154,5.200000000000001,9.0,7.200000000000001,,1.0
divvy,1,test,2024-05-28,0.03,RiskFirst,27.0,4.1257332441759225,17.200000000000006,25.40000000000001,16.800000000000008,,1.0
divvy,1,test,2024-05-28,0.03,TemporalContext2024,27.0,4.083393229949992,17.200000000000003,25.40000000000001,16.80000000000001,,1.0
divvy,1,test,2024-05-28,0.03,NetworkPropagation2024,27.0,4.083393229949992,17.200000000000003,25.400000000000006,16.800000000000004,,1.0
divvy,1,test,2024-05-28,0.03,CalibratedUncertainty2025,27.0,4.142615491531151,15.200000000000003,22.400000000000006,14.400000000000006,,1.0
divvy,1,test,2024-05-28,0.03,MappedPTO2026,27.0,4.204939741509471,15.200000000000003,22.400000000000006,14.400000000000002,,1.0
divvy,1,test,2024-05-28,0.03,GroupAware2025,27.0,4.1257332441759225,17.200000000000006,25.40000000000001,16.800000000000008,,1.0
divvy,1,test,2024-05-28,0.03,RobustImprovement2025,27.0,4.221821988864701,15.200000000000005,22.400000000000006,14.4,,1.0
divvy,1,test,2024-05-28,0.05,StructuralRobust,45.0,31.659934328985216,23.60000000000001,33.0,18.399999999999977,0.0,1.0
divvy,1,test,2024-05-28,0.05,ExpectedActionValue,45.0,28.972510608166687,8.4,13.200000000000003,9.600000000000003,,1.0
divvy,1,test,2024-05-28,0.05,PointwiseWorstAction,45.0,28.940816967165627,8.4,13.200000000000003,9.600000000000003,,1.0
divvy,1,test,2024-05-28,0.05,ScenarioCVaR,45.0,28.940816967165627,8.4,13.200000000000003,9.600000000000003,,1.0
divvy,1,test,2024-05-28,0.05,RiskFirst,45.0,4.470384564730489,24.00000000000001,33.60000000000001,19.199999999999992,,1.0
divvy,1,test,2024-05-28,0.05,TemporalContext2024,45.0,4.559330907127151,24.000000000000007,33.60000000000001,19.199999999999996,,1.0
divvy,1,test,2024-05-28,0.05,NetworkPropagation2024,45.0,4.470384564730489,24.000000000000007,33.60000000000001,19.19999999999999,,1.0
divvy,1,test,2024-05-28,0.05,CalibratedUncertainty2025,45.0,5.303393259629879,22.40000000000001,32.800000000000004,20.799999999999986,,1.0
divvy,1,test,2024-05-28,0.05,MappedPTO2026,45.0,5.045296041126019,24.000000000000007,33.60000000000001,19.199999999999996,,1.0
divvy,1,test,2024-05-28,0.05,GroupAware2025,45.0,4.470384564730489,24.00000000000001,33.60000000000001,19.199999999999992,,1.0
divvy,1,test,2024-05-28,0.05,RobustImprovement2025,45.0,6.205620991935328,24.400000000000006,34.0,19.199999999999996,,1.0
divvy,1,test,2024-05-28,0.1,StructuralRobust,90.0,0.07896146558229335,36.40000000000001,49.0,24.799999999999976,0.0,1.0
divvy,1,test,2024-05-28,0.1,ExpectedActionValue,90.0,38.25871998481835,12.800000000000002,18.200000000000006,10.400000000000004,,1.0
divvy,1,test,2024-05-28,0.1,PointwiseWorstAction,90.0,38.32977929189799,12.000000000000002,16.800000000000004,9.600000000000003,,1.0
divvy,1,test,2024-05-28,0.1,ScenarioCVaR,90.0,38.32977929189799,12.000000000000002,16.800000000000004,9.600000000000003,,1.0
divvy,1,test,2024-05-28,0.1,RiskFirst,90.0,9.70794103761125,33.20000000000001,44.19999999999999,21.599999999999973,,1.0
divvy,1,test,2024-05-28,0.1,TemporalContext2024,90.0,9.30645332115088,34.000000000000014,45.0,21.599999999999973,,1.0
divvy,1,test,2024-05-28,0.1,NetworkPropagation2024,90.0,9.27789360720749,32.40000000000001,43.4,21.599999999999966,,1.0
divvy,1,test,2024-05-28,0.1,CalibratedUncertainty2025,90.0,9.08377137605571,36.40000000000001,49.0,24.799999999999976,,1.0
divvy,1,test,2024-05-28,0.1,MappedPTO2026,90.0,9.239438555567599,34.000000000000014,44.99999999999999,21.599999999999973,,1.0
divvy,1,test,2024-05-28,0.1,GroupAware2025,90.0,9.70794103761125,32.40000000000001,43.400000000000006,21.599999999999973,,1.0
divvy,1,test,2024-05-28,0.1,RobustImprovement2025,90.0,8.537314181179159,30.80000000000001,41.8,21.59999999999998,,1.0
divvy,1,test,2024-05-28,0.2,StructuralRobust,180.0,0.08016947691758287,56.8,75.39999999999998,34.39999999999995,0.0,1.0
divvy,1,test,2024-05-28,0.2,ExpectedActionValue,180.0,43.03102850805874,21.60000000000001,28.70000000000001,13.199999999999996,,1.0
divvy,1,test,2024-05-28,0.2,PointwiseWorstAction,180.0,43.13009192948046,22.40000000000001,29.500000000000014,13.200000000000006,,1.0
divvy,1,test,2024-05-28,0.2,ScenarioCVaR,180.0,43.13009192948046,22.40000000000001,29.500000000000014,13.200000000000006,,1.0
divvy,1,test,2024-05-28,0.2,RiskFirst,180.0,13.17124464994634,59.2,76.09999999999998,29.999999999999957,,1.0
divvy,1,test,2024-05-28,0.2,TemporalContext2024,180.0,14.613546376772959,51.6,66.49999999999999,28.39999999999997,,1.0
divvy,1,test,2024-05-28,0.2,NetworkPropagation2024,180.0,13.714107591384504,46.4,60.29999999999999,25.99999999999998,,1.0
divvy,1,test,2024-05-28,0.2,CalibratedUncertainty2025,180.0,12.426542016689178,64.39999999999996,85.79999999999994,39.19999999999996,,1.0
divvy,1,test,2024-05-28,0.2,MappedPTO2026,180.0,13.996798331764657,59.999999999999986,75.99999999999996,28.79999999999997,,1.0
divvy,1,test,2024-05-28,0.2,GroupAware2025,180.0,15.219859082231784,46.4,60.19999999999999,26.39999999999997,,1.0
divvy,1,test,2024-05-28,0.2,RobustImprovement2025,180.0,13.528665127976229,58.8,76.59999999999997,31.199999999999974,,1.0
divvy,1,test,2024-05-29,0.01,StructuralRobust,10.0,12.396545299756616,9.600000000000001,15.600000000000001,12.8,0.0,1.0
divvy,1,test,2024-05-29,0.01,ExpectedActionValue,10.0,10.893854416233141,2.4000000000000004,3.0,0.7999999999999998,,1.0
divvy,1,test,2024-05-29,0.01,PointwiseWorstAction,10.0,11.214561487696741,2.4000000000000004,3.0,0.7999999999999998,,1.0
divvy,1,test,2024-05-29,0.01,ScenarioCVaR,10.0,11.214561487696741,2.4000000000000004,3.0,0.7999999999999998,,1.0
divvy,1,test,2024-05-29,0.01,RiskFirst,10.0,0.09327706415477216,10.400000000000002,17.800000000000004,15.200000000000003,,1.0
divvy,1,test,2024-05-29,0.01,TemporalContext2024,10.0,0.09327706415477216,10.400000000000002,17.800000000000004,15.200000000000003,,1.0
divvy,1,test,2024-05-29,0.01,NetworkPropagation2024,10.0,0.12584300600173426,11.200000000000003,18.6,15.200000000000003,,1.0
divvy,1,test,2024-05-29,0.01,CalibratedUncertainty2025,10.0,0.11268273933801409,10.400000000000002,17.800000000000004,15.200000000000003,,1.0
divvy,1,test,2024-05-29,0.01,MappedPTO2026,10.0,0.09301568002067628,9.600000000000003,16.400000000000002,14.400000000000004,,1.0
divvy,1,test,2024-05-29,0.01,GroupAware2025,10.0,0.12634342863026038,10.400000000000002,17.800000000000004,15.200000000000003,,1.0
divvy,1,test,2024-05-29,0.01,RobustImprovement2025,10.0,0.09277664152624601,11.200000000000003,19.400000000000002,16.8,,1.0
divvy,1,test,2024-05-29,0.03,StructuralRobust,29.0,13.203337157662501,23.200000000000003,34.2,21.599999999999987,0.0,1.0
divvy,1,test,2024-05-29,0.03,ExpectedActionValue,29.0,21.422521264696663,5.6,6.199999999999999,0.8000000000000007,,1.0
divvy,1,test,2024-05-29,0.03,PointwiseWorstAction,29.0,21.77348819952601,4.8,5.4,0.8000000000000007,,1.0
divvy,1,test,2024-05-29,0.03,ScenarioCVaR,29.0,21.77348819952601,4.8,5.4,0.8000000000000007,,1.0
divvy,1,test,2024-05-29,0.03,RiskFirst,29.0,1.8201241389399758,20.800000000000008,31.800000000000004,21.599999999999998,,1.0
divvy,1,test,2024-05-29,0.03,TemporalContext2024,29.0,1.810649636204727,18.40000000000001,29.000000000000007,21.59999999999999,,1.0
divvy,1,test,2024-05-29,0.03,NetworkPropagation2024,29.0,1.8327246251164706,18.400000000000006,28.200000000000003,19.999999999999986,,1.0
divvy,1,test,2024-05-29,0.03,CalibratedUncertainty2025,29.0,1.6255643750463353,19.20000000000001,29.80000000000001,21.599999999999994,,1.0
divvy,1,test,2024-05-29,0.03,MappedPTO2026,29.0,1.8541889106948009,20.000000000000007,30.600000000000005,21.599999999999987,,1.0
divvy,1,test,2024-05-29,0.03,GroupAware2025,29.0,1.8379139683893444,22.40000000000001,33.400000000000006,21.600000000000005,,1.0
divvy,1,test,2024-05-29,0.03,RobustImprovement2025,29.0,1.8361878242719116,20.000000000000007,29.800000000000004,19.999999999999986,,1.0
divvy,1,test,2024-05-29,0.05,StructuralRobust,49.0,33.935273065891366,36.800000000000004,55.199999999999996,35.19999999999997,0.0,1.0
divvy,1,test,2024-05-29,0.05,ExpectedActionValue,49.0,28.655124330791313,10.4,11.000000000000002,0.8000000000000007,,1.0
divvy,1,test,2024-05-29,0.05,PointwiseWorstAction,49.0,28.74231230862976,10.4,11.000000000000002,0.8000000000000007,,1.0
divvy,1,test,2024-05-29,0.05,ScenarioCVaR,49.0,28.74231230862976,10.4,11.000000000000002,0.8000000000000007,,1.0
divvy,1,test,2024-05-29,0.05,RiskFirst,49.0,2.1018750118440015,31.200000000000017,45.4,27.99999999999998,,1.0
divvy,1,test,2024-05-29,0.05,TemporalContext2024,49.0,2.0617206605368703,31.200000000000017,44.8,27.199999999999974,,1.0
divvy,1,test,2024-05-29,0.05,NetworkPropagation2024,49.0,2.067008009721493,32.00000000000001,47.60000000000001,30.399999999999984,,1.0
divvy,1,test,2024-05-29,0.05,CalibratedUncertainty2025,49.0,2.1103111903610747,26.000000000000014,36.60000000000001,21.59999999999998,,1.0
divvy,1,test,2024-05-29,0.05,MappedPTO2026,49.0,2.0833593784813558,32.800000000000004,47.0,27.99999999999998,,1.0
divvy,1,test,2024-05-29,0.05,GroupAware2025,49.0,2.0955761259030248,32.80000000000002,47.00000000000001,27.999999999999986,,1.0
divvy,1,test,2024-05-29,0.05,RobustImprovement2025,49.0,2.068051594384008,30.40000000000001,44.00000000000001,27.199999999999978,,1.0
divvy,1,test,2024-05-29,0.1,StructuralRobust,98.0,0.08948412860480584,49.2,65.39999999999999,31.19999999999996,0.0,1.0
divvy,1,test,2024-05-29,0.1,ExpectedActionValue,98.0,35.99967435451512,14.4,16.6,4.000000000000002,,1.0
divvy,1,test,2024-05-29,0.1,PointwiseWorstAction,98.0,36.056217381508674,14.4,16.6,4.000000000000002,,1.0
divvy,1,test,2024-05-29,0.1,ScenarioCVaR,98.0,36.056217381508674,14.4,16.6,4.000000000000002,,1.0
divvy,1,test,2024-05-29,0.1,RiskFirst,98.0,6.1709605845876,49.6,65.79999999999998,31.199999999999953,,1.0
divvy,1,test,2024-05-29,0.1,TemporalContext2024,98.0,4.5322564614909595,48.8,66.6,34.39999999999996,,1.0
divvy,1,test,2024-05-29,0.1,NetworkPropagation2024,98.0,4.173515688390468,48.79999999999999,66.59999999999998,34.399999999999956,,1.0
divvy,1,test,2024-05-29,0.1,CalibratedUncertainty2025,98.0,6.407558605608551,49.2,65.39999999999999,31.19999999999996,,1.0
divvy,1,test,2024-05-29,0.1,MappedPTO2026,98.0,4.7589928122439105,50.399999999999984,67.39999999999998,32.79999999999996,,1.0
divvy,1,test,2024-05-29,0.1,GroupAware2025,98.0,6.179927552603567,52.800000000000004,70.6,34.39999999999997,,1.0
divvy,1,test,2024-05-29,0.1,RobustImprovement2025,98.0,5.9119678493683745,49.99999999999998,66.99999999999997,32.799999999999976,,1.0
divvy,1,test,2024-05-29,0.2,StructuralRobust,197.0,0.09056940552017728,74.79999999999995,99.99999999999996,47.999999999999986,0.0,1.0
divvy,1,test,2024-05-29,0.2,ExpectedActionValue,197.0,40.36923138376233,27.200000000000006,33.0,10.399999999999995,,1.0
divvy,1,test,2024-05-29,0.2,PointwiseWorstAction,197.0,40.33034420239975,23.200000000000006,27.600000000000005,8.0,,1.0
divvy,1,test,2024-05-29,0.2,ScenarioCVaR,197.0,40.33034420239975,23.200000000000006,27.600000000000005,8.0,,1.0
divvy,1,test,2024-05-29,0.2,RiskFirst,197.0,9.641928914323527,73.99999999999997,99.6,48.0,,1.0
divvy,1,test,2024-05-29,0.2,TemporalContext2024,197.0,8.011980076884512,65.19999999999997,87.59999999999997,43.199999999999974,,1.0
divvy,1,test,2024-05-29,0.2,NetworkPropagation2024,197.0,7.398504438417655,65.19999999999997,87.59999999999997,43.19999999999996,,1.0
divvy,1,test,2024-05-29,0.2,CalibratedUncertainty2025,197.0,9.255663530515712,91.5999999999999,119.19999999999993,52.800000000000054,,1.0
divvy,1,test,2024-05-29,0.2,MappedPTO2026,197.0,11.061089232435215,73.19999999999995,98.59999999999998,48.79999999999998,,1.0
divvy,1,test,2024-05-29,0.2,GroupAware2025,197.0,8.318505913361319,62.79999999999999,84.19999999999999,40.79999999999999,,1.0
divvy,1,test,2024-05-29,0.2,RobustImprovement2025,197.0,11.573545232968813,56.39999999999997,74.99999999999996,35.999999999999964,,1.0
divvy,1,test,2024-05-30,0.01,StructuralRobust,10.0,11.3712960163861,12.0,19.6,14.400000000000002,0.0,1.0
divvy,1,test,2024-05-30,0.01,ExpectedActionValue,10.0,10.35521567292349,4.800000000000001,7.800000000000001,5.600000000000001,,1.0
divvy,1,test,2024-05-30,0.01,PointwiseWorstAction,10.0,10.484817148109348,4.800000000000001,7.800000000000001,5.600000000000001,,1.0
divvy,1,test,2024-05-30,0.01,ScenarioCVaR,10.0,10.484817148109348,4.800000000000001,7.800000000000001,5.600000000000001,,1.0
divvy,1,test,2024-05-30,0.01,RiskFirst,10.0,3.4034836969966062,11.200000000000003,18.6,13.599999999999998,,1.0
divvy,1,test,2024-05-30,0.01,TemporalContext2024,10.0,3.4034836969966062,11.200000000000003,18.6,13.599999999999998,,1.0
divvy,1,test,2024-05-30,0.01,NetworkPropagation2024,10.0,3.4034836969966062,10.400000000000002,17.8,13.599999999999998,,1.0
divvy,1,test,2024-05-30,0.01,CalibratedUncertainty2025,10.0,3.210635191974892,11.200000000000001,20.400000000000002,17.599999999999994,,1.0
divvy,1,test,2024-05-30,0.01,MappedPTO2026,10.0,3.4034836969966062,11.200000000000003,18.6,13.599999999999998,,1.0
divvy,1,test,2024-05-30,0.01,GroupAware2025,10.0,3.4034836969966062,11.200000000000003,18.6,13.599999999999998,,1.0
divvy,1,test,2024-05-30,0.01,RobustImprovement2025,10.0,3.378328490651825,12.800000000000002,21.000000000000004,15.199999999999994,,1.0
divvy,1,test,2024-05-30,0.03,StructuralRobust,31.0,12.555015666744069,26.400000000000013,41.400000000000006,26.399999999999984,0.0,1.0
divvy,1,test,2024-05-30,0.03,ExpectedActionValue,31.0,22.467940816587248,7.2,11.600000000000001,8.000000000000004,,1.0
divvy,1,test,2024-05-30,0.03,PointwiseWorstAction,31.0,22.59135749799873,7.2,11.600000000000001,8.000000000000004,,1.0
divvy,1,test,2024-05-30,0.03,ScenarioCVaR,31.0,22.59135749799873,7.2,11.600000000000001,8.000000000000004,,1.0
divvy,1,test,2024-05-30,0.03,RiskFirst,31.0,4.373372034630868,23.20000000000001,37.2,25.599999999999987,,1.0
divvy,1,test,2024-05-30,0.03,TemporalContext2024,31.0,4.399024602471444,22.40000000000001,35.60000000000001,23.99999999999999,,1.0
divvy,1,test,2024-05-30,0.03,NetworkPropagation2024,31.0,4.361113430757514,22.40000000000001,35.800000000000004,24.799999999999986,,1.0
divvy,1,test,2024-05-30,0.03,CalibratedUncertainty2025,31.0,4.4051151857576905,24.80000000000001,39.400000000000006,26.399999999999977,,1.0
divvy,1,test,2024-05-30,0.03,MappedPTO2026,31.0,4.380675415311844,24.000000000000014,37.2,23.99999999999998,,1.0
divvy,1,test,2024-05-30,0.03,GroupAware2025,31.0,4.373372034630868,24.00000000000001,38.0,25.599999999999984,,1.0
divvy,1,test,2024-05-30,0.03,RobustImprovement2025,31.0,4.373372034630867,24.00000000000001,38.00000000000001,25.599999999999977,,1.0
divvy,1,test,2024-05-30,0.05,StructuralRobust,51.0,33.42469134117334,33.600000000000016,53.00000000000001,34.399999999999984,0.0,1.0
divvy,1,test,2024-05-30,0.05,ExpectedActionValue,51.0,29.63862141693543,10.4,17.0,12.000000000000005,,1.0
divvy,1,test,2024-05-30,0.05,PointwiseWorstAction,51.0,30.056252365104534,12.000000000000002,20.000000000000004,14.400000000000004,,1.0
divvy,1,test,2024-05-30,0.05,ScenarioCVaR,51.0,30.056252365104534,12.000000000000002,20.000000000000004,14.400000000000004,,1.0
divvy,1,test,2024-05-30,0.05,RiskFirst,51.0,4.8182258990967854,34.40000000000001,53.8,34.399999999999984,,1.0
divvy,1,test,2024-05-30,0.05,TemporalContext2024,51.0,4.796931450216181,35.20000000000001,55.2,35.19999999999998,,1.0
divvy,1,test,2024-05-30,0.05,NetworkPropagation2024,51.0,4.846176223471798,33.60000000000001,52.8,33.59999999999998,,1.0
divvy,1,test,2024-05-30,0.05,CalibratedUncertainty2025,51.0,5.079873815464097,35.2,54.0,33.599999999999966,,1.0
divvy,1,test,2024-05-30,0.05,MappedPTO2026,51.0,4.8182258990967854,34.40000000000001,53.8,34.399999999999984,,1.0
divvy,1,test,2024-05-30,0.05,GroupAware2025,51.0,4.8182258990967854,34.40000000000001,53.8,34.39999999999997,,1.0
divvy,1,test,2024-05-30,0.05,RobustImprovement2025,51.0,4.964358922929044,35.2,54.599999999999994,34.39999999999998,,1.0
divvy,1,test,2024-05-30,0.1,StructuralRobust,103.0,0.09666553181876524,44.79999999999998,66.19999999999999,37.599999999999966,0.0,1.0
divvy,1,test,2024-05-30,0.1,ExpectedActionValue,103.0,39.21276269128761,16.0,26.400000000000002,19.200000000000003,,1.0
divvy,1,test,2024-05-30,0.1,PointwiseWorstAction,103.0,39.22232994023048,16.000000000000004,26.40000000000001,19.2,,1.0
divvy,1,test,2024-05-30,0.1,ScenarioCVaR,103.0,39.22232994023048,16.000000000000004,26.40000000000001,19.2,,1.0
divvy,1,test,2024-05-30,0.1,RiskFirst,103.0,7.662760621602279,48.799999999999976,71.39999999999998,39.199999999999996,,1.0
divvy,1,test,2024-05-30,0.1,TemporalContext2024,103.0,7.622581489679676,50.39999999999998,72.99999999999997,39.19999999999999,,1.0
divvy,1,test,2024-05-30,0.1,NetworkPropagation2024,103.0,7.583944564764485,46.39999999999998,68.39999999999996,38.39999999999999,,1.0
divvy,1,test,2024-05-30,0.1,CalibratedUncertainty2025,103.0,8.109959301374674,44.79999999999998,66.19999999999999,37.599999999999966,,1.0
divvy,1,test,2024-05-30,0.1,MappedPTO2026,103.0,7.583766938634373,48.799999999999976,71.39999999999998,39.199999999999996,,1.0
divvy,1,test,2024-05-30,0.1,GroupAware2025,103.0,7.752890713688626,45.59999999999998,67.59999999999997,38.39999999999998,,1.0
divvy,1,test,2024-05-30,0.1,RobustImprovement2025,103.0,7.614178686720388,46.39999999999997,69.19999999999996,39.99999999999999,,1.0
divvy,1,test,2024-05-30,0.2,StructuralRobust,206.0,0.10135935915949894,63.99999999999995,90.69999999999993,46.79999999999996,0.0,1.0
divvy,1,test,2024-05-30,0.2,ExpectedActionValue,206.0,44.508271180900486,31.20000000000001,43.89999999999999,22.799999999999976,,1.0
divvy,1,test,2024-05-30,0.2,PointwiseWorstAction,206.0,44.300406771653556,31.200000000000014,44.800000000000004,23.999999999999975,,1.0
divvy,1,test,2024-05-30,0.2,ScenarioCVaR,206.0,44.300406771653556,31.200000000000014,44.800000000000004,23.999999999999975,,1.0
divvy,1,test,2024-05-30,0.2,RiskFirst,206.0,10.925886566947254,63.99999999999996,92.39999999999993,49.599999999999994,,1.0
divvy,1,test,2024-05-30,0.2,TemporalContext2024,206.0,12.306021799987052,68.79999999999994,96.59999999999991,48.8,,1.0
divvy,1,test,2024-05-30,0.2,NetworkPropagation2024,206.0,10.876070069842676,60.799999999999955,87.99999999999994,48.0,,1.0
divvy,1,test,2024-05-30,0.2,CalibratedUncertainty2025,206.0,12.444303260051322,67.99999999999994,96.09999999999994,49.199999999999974,,1.0
divvy,1,test,2024-05-30,0.2,MappedPTO2026,206.0,12.196746268351742,70.39999999999993,99.69999999999992,50.8,,1.0
divvy,1,test,2024-05-30,0.2,GroupAware2025,206.0,10.92211280174635,63.19999999999996,91.39999999999993,48.79999999999997,,1.0
divvy,1,test,2024-05-30,0.2,RobustImprovement2025,206.0,11.362702251950042,63.99999999999995,91.59999999999994,47.99999999999999,,1.0
divvy,1,test,2024-05-31,0.01,StructuralRobust,11.0,9.408183985125172,12.000000000000004,14.600000000000005,4.0,0.0,1.0
divvy,1,test,2024-05-31,0.01,ExpectedActionValue,11.0,11.422466302325248,2.4000000000000004,2.4000000000000004,0.0,,1.0
divvy,1,test,2024-05-31,0.01,PointwiseWorstAction,11.0,11.682626745332431,2.4000000000000004,2.4000000000000004,0.0,,1.0
divvy,1,test,2024-05-31,0.01,ScenarioCVaR,11.0,11.682626745332431,2.4000000000000004,2.4000000000000004,0.0,,1.0
divvy,1,test,2024-05-31,0.01,RiskFirst,11.0,0.3947178754186992,10.400000000000002,13.000000000000004,4.0,,1.0
divvy,1,test,2024-05-31,0.01,TemporalContext2024,11.0,0.37745695132182266,12.000000000000004,14.600000000000001,3.9999999999999964,,1.0
divvy,1,test,2024-05-31,0.01,NetworkPropagation2024,11.0,0.37745695132182266,10.400000000000002,13.000000000000004,4.0,,1.0
divvy,1,test,2024-05-31,0.01,CalibratedUncertainty2025,11.0,0.35208431306501775,11.200000000000003,14.600000000000001,5.599999999999998,,1.0
divvy,1,test,2024-05-31,0.01,MappedPTO2026,11.0,0.37745695132182266,9.600000000000001,12.200000000000003,4.000000000000002,,1.0
divvy,1,test,2024-05-31,0.01,GroupAware2025,11.0,0.4200905136755042,10.400000000000002,13.000000000000004,4.0,,1.0
divvy,1,test,2024-05-31,0.01,RobustImprovement2025,11.0,0.2800865328577231,10.400000000000002,13.200000000000003,4.800000000000001,,1.0
divvy,1,test,2024-05-31,0.03,StructuralRobust,32.0,10.033374734694402,17.60000000000001,23.000000000000004,8.8,0.0,1.0
divvy,1,test,2024-05-31,0.03,ExpectedActionValue,32.0,23.87641312738922,3.2,3.2,0.0,,1.0
divvy,1,test,2024-05-31,0.03,PointwiseWorstAction,32.0,24.066891855565572,3.2,3.2,0.0,,1.0
divvy,1,test,2024-05-31,0.03,ScenarioCVaR,32.0,24.066891855565572,3.2,3.2,0.0,,1.0
divvy,1,test,2024-05-31,0.03,RiskFirst,32.0,0.5287322960349152,19.200000000000006,24.60000000000001,8.8,,1.0
divvy,1,test,2024-05-31,0.03,TemporalContext2024,32.0,0.5868923156161854,18.40000000000001,23.00000000000001,7.199999999999996,,1.0
divvy,1,test,2024-05-31,0.03,NetworkPropagation2024,32.0,0.4492984253044614,17.60000000000001,21.600000000000005,6.399999999999995,,1.0
divvy,1,test,2024-05-31,0.03,CalibratedUncertainty2025,32.0,1.0872831270220535,19.20000000000001,25.20000000000001,9.599999999999998,,1.0
divvy,1,test,2024-05-31,0.03,MappedPTO2026,32.0,0.5287322960349152,19.20000000000001,24.600000000000012,8.8,,1.0
divvy,1,test,2024-05-31,0.03,GroupAware2025,32.0,0.5295088619750814,19.200000000000006,24.600000000000012,8.800000000000008,,1.0
divvy,1,test,2024-05-31,0.03,RobustImprovement2025,32.0,0.5074584448857316,18.400000000000006,23.80000000000001,8.800000000000004,,1.0
divvy,1,test,2024-05-31,0.05,StructuralRobust,54.0,26.19960618498562,23.20000000000001,30.400000000000013,11.200000000000003,0.0,1.0
divvy,1,test,2024-05-31,0.05,ExpectedActionValue,54.0,31.693461418069866,5.6,6.3999999999999995,1.6000000000000005,,1.0
divvy,1,test,2024-05-31,0.05,PointwiseWorstAction,54.0,31.987523859232354,5.6,6.3999999999999995,1.6000000000000005,,1.0
divvy,1,test,2024-05-31,0.05,ScenarioCVaR,54.0,31.987523859232354,5.6,6.3999999999999995,1.6000000000000005,,1.0
divvy,1,test,2024-05-31,0.05,RiskFirst,54.0,1.5329678523084165,24.00000000000001,32.60000000000001,13.599999999999998,,1.0
divvy,1,test,2024-05-31,0.05,TemporalContext2024,54.0,1.5281781449493104,24.000000000000014,32.60000000000001,13.599999999999994,,1.0
divvy,1,test,2024-05-31,0.05,NetworkPropagation2024,54.0,1.6096761175972232,23.200000000000014,31.20000000000001,12.799999999999994,,1.0
divvy,1,test,2024-05-31,0.05,CalibratedUncertainty2025,54.0,1.2683708348300164,26.400000000000016,34.50000000000001,12.399999999999988,,1.0
divvy,1,test,2024-05-31,0.05,MappedPTO2026,54.0,1.5329678523084165,24.000000000000014,32.600000000000016,13.600000000000001,,1.0
divvy,1,test,2024-05-31,0.05,GroupAware2025,54.0,1.4993540758519026,24.00000000000001,32.600000000000016,13.600000000000005,,1.0
divvy,1,test,2024-05-31,0.05,RobustImprovement2025,54.0,1.5529355355335208,24.00000000000001,33.20000000000002,14.400000000000002,,1.0
divvy,1,test,2024-05-31,0.1,StructuralRobust,107.0,0.06735582012734252,36.00000000000001,48.300000000000004,19.59999999999998,0.0,1.0
divvy,1,test,2024-05-31,0.1,ExpectedActionValue,107.0,41.05592822781907,13.600000000000001,18.6,8.8,,1.0
divvy,1,test,2024-05-31,0.1,PointwiseWorstAction,107.0,41.29708431658882,14.4,18.800000000000004,8.000000000000005,,1.0
divvy,1,test,2024-05-31,0.1,ScenarioCVaR,107.0,41.29708431658882,14.4,18.800000000000004,8.000000000000005,,1.0
divvy,1,test,2024-05-31,0.1,RiskFirst,107.0,3.2953718152699847,39.2,52.9,21.999999999999986,,1.0
divvy,1,test,2024-05-31,0.1,TemporalContext2024,107.0,4.032747681282848,38.400000000000006,52.10000000000001,21.999999999999986,,1.0
divvy,1,test,2024-05-31,0.1,NetworkPropagation2024,107.0,3.349309202222589,39.20000000000001,52.9,21.99999999999998,,1.0
divvy,1,test,2024-05-31,0.1,CalibratedUncertainty2025,107.0,3.5835856627265708,36.00000000000001,48.300000000000004,19.59999999999998,,1.0
divvy,1,test,2024-05-31,0.1,MappedPTO2026,107.0,3.2732405926702635,37.600000000000016,51.300000000000004,21.999999999999986,,1.0
divvy,1,test,2024-05-31,0.1,GroupAware2025,107.0,3.655698872934634,36.800000000000004,50.2,21.599999999999994,,1.0
divvy,1,test,2024-05-31,0.1,RobustImprovement2025,107.0,2.875350847309093,37.6,51.300000000000004,21.999999999999993,,1.0
divvy,1,test,2024-05-31,0.2,StructuralRobust,214.0,0.06916186894379081,47.999999999999964,65.49999999999997,29.199999999999996,0.0,1.0
divvy,1,test,2024-05-31,0.2,ExpectedActionValue,214.0,47.323760681538026,28.400000000000013,38.60000000000001,18.399999999999984,,1.0
divvy,1,test,2024-05-31,0.2,PointwiseWorstAction,214.0,47.41934732007897,27.60000000000001,36.8,15.999999999999986,,1.0
divvy,1,test,2024-05-31,0.2,ScenarioCVaR,214.0,47.41934732007897,27.60000000000001,36.8,15.999999999999986,,1.0
divvy,1,test,2024-05-31,0.2,RiskFirst,214.0,9.063368056761565,55.59999999999998,75.19999999999999,31.999999999999986,,1.0
divvy,1,test,2024-05-31,0.2,TemporalContext2024,214.0,9.540376918403403,49.999999999999986,66.69999999999997,27.599999999999994,,1.0
divvy,1,test,2024-05-31,0.2,NetworkPropagation2024,214.0,9.369135775848195,52.39999999999999,69.99999999999997,28.79999999999997,,1.0
divvy,1,test,2024-05-31,0.2,CalibratedUncertainty2025,214.0,6.92911144072868,59.59999999999995,83.69999999999996,39.599999999999994,,1.0
divvy,1,test,2024-05-31,0.2,MappedPTO2026,214.0,8.072849718628644,53.999999999999986,72.89999999999998,31.60000000000001,,1.0
divvy,1,test,2024-05-31,0.2,GroupAware2025,214.0,9.497387135407388,46.79999999999999,63.09999999999999,25.999999999999993,,1.0
divvy,1,test,2024-05-31,0.2,RobustImprovement2025,214.0,8.508752124554833,44.79999999999998,60.499999999999986,25.200000000000003,,1.0
divvy,2,set_cal,2024-05-01,0.01,StructuralRobust,10.0,0.1927920361650911,16.8,24.5,14.000000000000004,0.0,1.0
divvy,2,set_cal,2024-05-01,0.01,ExpectedActionValue,10.0,12.687033404714077,0.0,0.0,0.0,,1.0
divvy,2,set_cal,2024-05-01,0.01,PointwiseWorstAction,10.0,13.33455438745529,2.4000000000000004,4.800000000000001,4.8,,1.0
divvy,2,set_cal,2024-05-01,0.01,ScenarioCVaR,10.0,13.33455438745529,2.4000000000000004,4.800000000000001,4.8,,1.0
divvy,2,set_cal,2024-05-01,0.01,RiskFirst,10.0,0.08416102499963724,12.800000000000002,18.000000000000004,9.600000000000003,,1.0
divvy,2,set_cal,2024-05-01,0.01,TemporalContext2024,10.0,0.08416102499963724,12.800000000000002,18.000000000000004,9.600000000000003,,1.0
divvy,2,set_cal,2024-05-01,0.01,NetworkPropagation2024,10.0,0.11406941212147922,13.600000000000003,18.200000000000003,8.799999999999999,,1.0
divvy,2,set_cal,2024-05-01,0.01,CalibratedUncertainty2025,10.0,0.18449582196416608,13.600000000000003,19.1,10.000000000000002,,1.0
divvy,2,set_cal,2024-05-01,0.01,MappedPTO2026,10.0,0.08416102499963724,12.800000000000002,18.000000000000004,9.600000000000003,,1.0
divvy,2,set_cal,2024-05-01,0.01,GroupAware2025,10.0,0.08416102499963724,12.800000000000002,18.000000000000004,9.600000000000003,,1.0
divvy,2,set_cal,2024-05-01,0.01,RobustImprovement2025,10.0,0.16168342183875145,13.600000000000001,20.400000000000002,12.8,,1.0
divvy,2,set_cal,2024-05-01,0.03,StructuralRobust,29.0,25.851743624670522,24.000000000000007,32.5,15.599999999999994,0.0,1.0
divvy,2,set_cal,2024-05-01,0.03,ExpectedActionValue,29.0,26.32788302743065,4.800000000000001,8.4,6.399999999999999,,1.0
divvy,2,set_cal,2024-05-01,0.03,PointwiseWorstAction,29.0,26.53381844877362,4.800000000000001,8.4,6.399999999999999,,1.0
divvy,2,set_cal,2024-05-01,0.03,ScenarioCVaR,29.0,26.53381844877362,4.800000000000001,8.4,6.399999999999999,,1.0
divvy,2,set_cal,2024-05-01,0.03,RiskFirst,29.0,0.761540491421735,28.80000000000001,40.099999999999994,20.399999999999977,,1.0
divvy,2,set_cal,2024-05-01,0.03,TemporalContext2024,29.0,0.7972156184952739,28.00000000000001,39.3,20.39999999999998,,1.0
divvy,2,set_cal,2024-05-01,0.03,NetworkPropagation2024,29.0,0.8859788402451758,28.00000000000001,39.300000000000004,20.39999999999998,,1.0
divvy,2,set_cal,2024-05-01,0.03,CalibratedUncertainty2025,29.0,1.8292378775839173,24.000000000000004,32.9,15.599999999999998,,1.0
divvy,2,set_cal,2024-05-01,0.03,MappedPTO2026,29.0,0.5626550462863078,27.20000000000001,38.5,20.399999999999977,,1.0
divvy,2,set_cal,2024-05-01,0.03,GroupAware2025,29.0,0.7972156184952739,28.000000000000007,39.3,20.399999999999984,,1.0
divvy,2,set_cal,2024-05-01,0.03,RobustImprovement2025,29.0,0.7588593502895029,25.60000000000001,35.7,18.79999999999999,,1.0
divvy,2,set_cal,2024-05-01,0.05,StructuralRobust,48.0,34.372532703842374,32.000000000000014,44.10000000000001,21.999999999999986,0.0,1.0
divvy,2,set_cal,2024-05-01,0.05,ExpectedActionValue,48.0,34.951117173836,7.6000000000000005,11.8,7.2,,1.0
divvy,2,set_cal,2024-05-01,0.05,PointwiseWorstAction,48.0,35.20086722886252,6.800000000000001,11.0,7.199999999999999,,1.0
divvy,2,set_cal,2024-05-01,0.05,ScenarioCVaR,48.0,35.20086722886252,6.800000000000001,11.0,7.199999999999999,,1.0
divvy,2,set_cal,2024-05-01,0.05,RiskFirst,48.0,1.693733855545555,34.400000000000006,47.29999999999998,23.599999999999966,,1.0
divvy,2,set_cal,2024-05-01,0.05,TemporalContext2024,48.0,1.659519640127217,34.400000000000006,47.29999999999998,23.599999999999966,,1.0
divvy,2,set_cal,2024-05-01,0.05,NetworkPropagation2024,48.0,1.8568293789691501,31.200000000000014,42.5,20.399999999999967,,1.0
divvy,2,set_cal,2024-05-01,0.05,CalibratedUncertainty2025,48.0,3.374455023485841,32.00000000000001,44.7,22.79999999999999,,1.0
divvy,2,set_cal,2024-05-01,0.05,MappedPTO2026,48.0,1.5988899471932219,34.400000000000006,47.29999999999999,23.599999999999966,,1.0
divvy,2,set_cal,2024-05-01,0.05,GroupAware2025,48.0,1.8853676800119086,33.6,46.499999999999986,23.599999999999973,,1.0
divvy,2,set_cal,2024-05-01,0.05,RobustImprovement2025,48.0,1.4681140421855363,32.800000000000004,46.5,25.19999999999999,,1.0
divvy,2,set_cal,2024-05-01,0.1,StructuralRobust,96.0,47.7859054016605,50.4,69.29999999999998,33.19999999999997,0.0,1.0
divvy,2,set_cal,2024-05-01,0.1,ExpectedActionValue,96.0,47.80720614826657,12.400000000000002,17.300000000000004,8.400000000000002,,1.0
divvy,2,set_cal,2024-05-01,0.1,PointwiseWorstAction,96.0,47.910346907815956,11.600000000000001,16.500000000000004,8.400000000000002,,1.0
divvy,2,set_cal,2024-05-01,0.1,ScenarioCVaR,96.0,47.910346907815956,11.600000000000001,16.500000000000004,8.400000000000002,,1.0
divvy,2,set_cal,2024-05-01,0.1,RiskFirst,96.0,5.246806236109894,48.799999999999976,67.89999999999998,33.99999999999999,,1.0
divvy,2,set_cal,2024-05-01,0.1,TemporalContext2024,96.0,6.328725450654224,47.199999999999974,65.69999999999996,33.199999999999974,,1.0
divvy,2,set_cal,2024-05-01,0.1,NetworkPropagation2024,96.0,5.569187148894852,46.399999999999984,64.29999999999998,32.39999999999997,,1.0
divvy,2,set_cal,2024-05-01,0.1,CalibratedUncertainty2025,96.0,5.624913080494479,44.79999999999997,62.09999999999998,31.60000000000001,,1.0
divvy,2,set_cal,2024-05-01,0.1,MappedPTO2026,96.0,5.44818990996522,47.99999999999997,66.49999999999997,33.199999999999974,,1.0
divvy,2,set_cal,2024-05-01,0.1,GroupAware2025,96.0,5.233287407466664,47.19999999999997,65.69999999999997,33.199999999999996,,1.0
divvy,2,set_cal,2024-05-01,0.1,RobustImprovement2025,96.0,4.8398251598754465,47.19999999999996,64.49999999999997,31.600000000000023,,1.0
divvy,2,set_cal,2024-05-01,0.2,StructuralRobust,193.0,1.4347521798044318,67.99999999999996,93.89999999999996,43.599999999999994,0.0,1.0
divvy,2,set_cal,2024-05-01,0.2,ExpectedActionValue,193.0,59.331243072087105,23.60000000000001,31.200000000000003,11.999999999999993,,1.0
divvy,2,set_cal,2024-05-01,0.2,PointwiseWorstAction,193.0,59.250115982976865,23.600000000000005,31.200000000000006,12.000000000000004,,1.0
divvy,2,set_cal,2024-05-01,0.2,ScenarioCVaR,193.0,59.250115982976865,23.600000000000005,31.200000000000006,12.000000000000004,,1.0
divvy,2,set_cal,2024-05-01,0.2,RiskFirst,193.0,10.541449169114076,67.99999999999996,93.89999999999996,43.60000000000001,,1.0
divvy,2,set_cal,2024-05-01,0.2,TemporalContext2024,193.0,9.02272878926068,70.39999999999995,95.69999999999995,42.8,,1.0
divvy,2,set_cal,2024-05-01,0.2,NetworkPropagation2024,193.0,10.035195656983015,64.79999999999997,90.09999999999997,42.79999999999998,,1.0
divvy,2,set_cal,2024-05-01,0.2,CalibratedUncertainty2025,193.0,10.575175930932327,78.3999999999999,106.7999999999999,47.19999999999999,,1.0
divvy,2,set_cal,2024-05-01,0.2,MappedPTO2026,193.0,11.393665705710536,67.99999999999996,93.89999999999996,43.599999999999994,,1.0
divvy,2,set_cal,2024-05-01,0.2,GroupAware2025,193.0,9.468453977054086,65.59999999999994,91.29999999999995,42.80000000000001,,1.0
divvy,2,set_cal,2024-05-01,0.2,RobustImprovement2025,193.0,8.621186395173886,63.99999999999994,87.89999999999996,40.400000000000034,,1.0
divvy,2,set_cal,2024-05-02,0.01,StructuralRobust,9.0,0.18895827389551342,10.399999999999999,17.0,13.600000000000009,0.0,1.0
divvy,2,set_cal,2024-05-02,0.01,ExpectedActionValue,9.0,12.242859887837444,0.0,0.0,0.0,,1.0
divvy,2,set_cal,2024-05-02,0.01,PointwiseWorstAction,9.0,12.358278231487121,0.0,0.0,0.0,,1.0
divvy,2,set_cal,2024-05-02,0.01,ScenarioCVaR,9.0,12.358278231487121,0.0,0.0,0.0,,1.0
divvy,2,set_cal,2024-05-02,0.01,RiskFirst,9.0,0.4463092072976207,11.200000000000003,18.200000000000003,13.600000000000005,,1.0
divvy,2,set_cal,2024-05-02,0.01,TemporalContext2024,9.0,0.4463092072976207,11.200000000000003,18.200000000000003,13.600000000000005,,1.0
divvy,2,set_cal,2024-05-02,0.01,NetworkPropagation2024,9.0,0.4463092072976207,11.200000000000003,18.200000000000003,13.600000000000005,,1.0
divvy,2,set_cal,2024-05-02,0.01,CalibratedUncertainty2025,9.0,0.5110790568461006,12.0,19.000000000000004,13.600000000000009,,1.0
divvy,2,set_cal,2024-05-02,0.01,MappedPTO2026,9.0,0.4463092072976207,11.200000000000003,18.200000000000003,13.600000000000001,,1.0
divvy,2,set_cal,2024-05-02,0.01,GroupAware2025,9.0,0.4463092072976207,11.200000000000003,18.200000000000003,13.600000000000005,,1.0
divvy,2,set_cal,2024-05-02,0.01,RobustImprovement2025,9.0,1.0240946942600138,10.4,16.8,12.800000000000006,,1.0
divvy,2,set_cal,2024-05-02,0.03,StructuralRobust,28.0,27.65246517246772,24.000000000000007,36.50000000000001,22.800000000000004,0.0,1.0
divvy,2,set_cal,2024-05-02,0.03,ExpectedActionValue,28.0,24.510466104088596,1.6,1.6,0.0,,1.0
divvy,2,set_cal,2024-05-02,0.03,PointwiseWorstAction,28.0,24.702266136289303,0.8,0.8,0.0,,1.0
divvy,2,set_cal,2024-05-02,0.03,ScenarioCVaR,28.0,24.702266136289303,0.8,0.8,0.0,,1.0
divvy,2,set_cal,2024-05-02,0.03,RiskFirst,28.0,3.422480771162099,24.00000000000001,37.0,23.199999999999985,,1.0
divvy,2,set_cal,2024-05-02,0.03,TemporalContext2024,28.0,3.4558086406514965,23.20000000000001,36.2,23.19999999999999,,1.0
divvy,2,set_cal,2024-05-02,0.03,NetworkPropagation2024,28.0,3.427024051161093,23.20000000000001,36.2,23.199999999999996,,1.0
divvy,2,set_cal,2024-05-02,0.03,CalibratedUncertainty2025,28.0,2.7005592002056313,24.000000000000007,37.0,23.19999999999999,,1.0
divvy,2,set_cal,2024-05-02,0.03,MappedPTO2026,28.0,3.179374270773567,23.20000000000001,36.2,23.19999999999999,,1.0
divvy,2,set_cal,2024-05-02,0.03,GroupAware2025,28.0,3.422480771162099,24.00000000000001,37.0,23.199999999999985,,1.0
divvy,2,set_cal,2024-05-02,0.03,RobustImprovement2025,28.0,3.4005323679018202,21.600000000000005,34.2,23.2,,1.0
divvy,2,set_cal,2024-05-02,0.05,StructuralRobust,47.0,36.84147346894448,32.000000000000014,46.900000000000006,25.999999999999993,0.0,1.0
divvy,2,set_cal,2024-05-02,0.05,ExpectedActionValue,47.0,33.56990883712408,5.6000000000000005,7.4,4.000000000000001,,1.0
divvy,2,set_cal,2024-05-02,0.05,PointwiseWorstAction,47.0,34.062872695102484,4.0,5.200000000000001,1.6000000000000005,,1.0
divvy,2,set_cal,2024-05-02,0.05,ScenarioCVaR,47.0,34.062872695102484,4.0,5.200000000000001,1.6000000000000005,,1.0
divvy,2,set_cal,2024-05-02,0.05,RiskFirst,47.0,5.085973556210091,31.200000000000017,46.300000000000004,26.799999999999976,,1.0
divvy,2,set_cal,2024-05-02,0.05,TemporalContext2024,47.0,4.905769016636507,30.400000000000016,46.1,27.599999999999977,,1.0
divvy,2,set_cal,2024-05-02,0.05,NetworkPropagation2024,47.0,4.675036834975252,30.400000000000016,45.50000000000001,26.799999999999986,,1.0
divvy,2,set_cal,2024-05-02,0.05,CalibratedUncertainty2025,47.0,6.849172555981669,28.00000000000001,43.7,27.599999999999984,,1.0
divvy,2,set_cal,2024-05-02,0.05,MappedPTO2026,47.0,4.84656857768289,31.200000000000017,46.9,27.599999999999973,,1.0
divvy,2,set_cal,2024-05-02,0.05,GroupAware2025,47.0,4.805810503709708,32.80000000000002,47.9,26.799999999999976,,1.0
divvy,2,set_cal,2024-05-02,0.05,RobustImprovement2025,47.0,4.646229126906843,31.200000000000014,46.300000000000004,26.799999999999986,,1.0
divvy,2,set_cal,2024-05-02,0.1,StructuralRobust,94.0,50.769023945266184,42.80000000000001,59.7,29.19999999999999,0.0,1.0
divvy,2,set_cal,2024-05-02,0.1,ExpectedActionValue,94.0,48.017867685252504,8.000000000000002,11.000000000000002,5.6,,1.0
divvy,2,set_cal,2024-05-02,0.1,PointwiseWorstAction,94.0,48.3422612190642,8.0,11.000000000000002,5.600000000000001,,1.0
divvy,2,set_cal,2024-05-02,0.1,ScenarioCVaR,94.0,48.3422612190642,8.0,11.000000000000002,5.600000000000001,,1.0
divvy,2,set_cal,2024-05-02,0.1,RiskFirst,94.0,10.579059761913017,41.60000000000001,59.3,30.79999999999997,,1.0
divvy,2,set_cal,2024-05-02,0.1,TemporalContext2024,94.0,9.804592596582653,42.400000000000006,60.69999999999999,31.599999999999966,,1.0
divvy,2,set_cal,2024-05-02,0.1,NetworkPropagation2024,94.0,10.381335145985238,42.400000000000006,60.7,31.59999999999998,,1.0
divvy,2,set_cal,2024-05-02,0.1,CalibratedUncertainty2025,94.0,10.145102720444754,41.6,59.29999999999999,30.799999999999976,,1.0
divvy,2,set_cal,2024-05-02,0.1,MappedPTO2026,94.0,10.745468392790404,40.80000000000001,57.699999999999996,29.19999999999996,,1.0
divvy,2,set_cal,2024-05-02,0.1,GroupAware2025,94.0,10.655899790373178,42.40000000000001,59.89999999999999,29.999999999999964,,1.0
divvy,2,set_cal,2024-05-02,0.1,RobustImprovement2025,94.0,10.33872371759295,41.60000000000001,58.499999999999986,29.19999999999996,,1.0
divvy,2,set_cal,2024-05-02,0.2,StructuralRobust,187.0,1.3935218538543366,53.199999999999996,73.49999999999997,34.79999999999996,0.0,1.0
divvy,2,set_cal,2024-05-02,0.2,ExpectedActionValue,187.0,61.175195976167934,20.800000000000008,29.400000000000006,15.2,,1.0
divvy,2,set_cal,2024-05-02,0.2,PointwiseWorstAction,187.0,61.27989473293424,17.600000000000005,24.60000000000001,12.000000000000007,,1.0
divvy,2,set_cal,2024-05-02,0.2,ScenarioCVaR,187.0,61.27989473293424,17.600000000000005,24.60000000000001,12.000000000000007,,1.0
divvy,2,set_cal,2024-05-02,0.2,RiskFirst,187.0,15.610710889626692,51.599999999999994,71.09999999999997,33.19999999999996,,1.0
divvy,2,set_cal,2024-05-02,0.2,TemporalContext2024,187.0,16.52878368435263,50.79999999999999,70.29999999999997,33.19999999999997,,1.0
divvy,2,set_cal,2024-05-02,0.2,NetworkPropagation2024,187.0,14.332975089792988,48.4,67.89999999999999,33.19999999999998,,1.0
divvy,2,set_cal,2024-05-02,0.2,CalibratedUncertainty2025,187.0,16.86562801255266,61.19999999999996,82.49999999999993,35.59999999999995,,1.0
divvy,2,set_cal,2024-05-02,0.2,MappedPTO2026,187.0,15.063335090881226,53.199999999999996,73.49999999999997,34.79999999999996,,1.0
divvy,2,set_cal,2024-05-02,0.2,GroupAware2025,187.0,17.724396422835184,49.2,68.09999999999998,32.39999999999996,,1.0
divvy,2,set_cal,2024-05-02,0.2,RobustImprovement2025,187.0,17.41423281343265,46.00000000000001,64.1,30.79999999999996,,1.0
divvy,2,set_cal,2024-05-03,0.01,StructuralRobust,9.0,0.09607533981224674,10.399999999999999,14.399999999999999,8.000000000000004,0.0,1.0
divvy,2,set_cal,2024-05-03,0.01,ExpectedActionValue,9.0,9.579783623793467,2.4000000000000004,2.7,0.39999999999999947,,1.0
divvy,2,set_cal,2024-05-03,0.01,PointwiseWorstAction,9.0,10.640624169624076,0.8,0.8,0.0,,1.0
divvy,2,set_cal,2024-05-03,0.01,ScenarioCVaR,9.0,10.640624169624076,0.8,0.8,0.0,,1.0
divvy,2,set_cal,2024-05-03,0.01,RiskFirst,9.0,0.8077900559504315,9.6,14.4,9.600000000000003,,1.0
divvy,2,set_cal,2024-05-03,0.01,TemporalContext2024,9.0,0.8077900559504315,9.6,14.4,9.600000000000003,,1.0
divvy,2,set_cal,2024-05-03,0.01,NetworkPropagation2024,9.0,0.31522295823526436,8.0,12.799999999999999,9.600000000000001,,1.0
divvy,2,set_cal,2024-05-03,0.01,CalibratedUncertainty2025,9.0,0.39592091101439636,8.800000000000002,14.200000000000001,10.4,,1.0
divvy,2,set_cal,2024-05-03,0.01,MappedPTO2026,9.0,0.42401793622098555,9.6,14.4,9.600000000000003,,1.0
divvy,2,set_cal,2024-05-03,0.01,GroupAware2025,9.0,0.8077900559504315,9.6,14.4,9.600000000000003,,1.0
divvy,2,set_cal,2024-05-03,0.01,RobustImprovement2025,9.0,0.6120979106989667,10.399999999999999,14.399999999999999,8.000000000000004,,1.0
divvy,2,set_cal,2024-05-03,0.03,StructuralRobust,28.0,16.44550241971313,17.200000000000006,23.400000000000006,12.0,0.0,1.0
divvy,2,set_cal,2024-05-03,0.03,ExpectedActionValue,28.0,22.08064425889988,5.6,7.1,2.0,,1.0
divvy,2,set_cal,2024-05-03,0.03,PointwiseWorstAction,28.0,22.77837425948802,4.0,5.5,2.0,,1.0
divvy,2,set_cal,2024-05-03,0.03,ScenarioCVaR,28.0,22.77837425948802,4.0,5.5,2.0,,1.0
divvy,2,set_cal,2024-05-03,0.03,RiskFirst,28.0,1.4681833020849868,17.200000000000003,24.800000000000004,14.400000000000002,,1.0
divvy,2,set_cal,2024-05-03,0.03,TemporalContext2024,28.0,1.4398644488038317,18.000000000000004,25.600000000000005,14.400000000000002,,1.0
divvy,2,set_cal,2024-05-03,0.03,NetworkPropagation2024,28.0,1.4332102080372695,19.600000000000005,27.200000000000003,14.399999999999995,,1.0
divvy,2,set_cal,2024-05-03,0.03,CalibratedUncertainty2025,28.0,1.2810374185230056,14.400000000000006,21.200000000000006,12.8,,1.0
divvy,2,set_cal,2024-05-03,0.03,MappedPTO2026,28.0,1.4681833020849868,17.200000000000003,24.800000000000004,14.400000000000006,,1.0
divvy,2,set_cal,2024-05-03,0.03,GroupAware2025,28.0,1.4681833020849868,17.200000000000003,24.800000000000004,14.400000000000002,,1.0
divvy,2,set_cal,2024-05-03,0.03,RobustImprovement2025,28.0,1.4689635952805802,19.600000000000005,27.200000000000003,14.400000000000002,,1.0
divvy,2,set_cal,2024-05-03,0.05,StructuralRobust,46.0,22.051201102364352,22.800000000000008,30.40000000000001,14.399999999999995,0.0,1.0
divvy,2,set_cal,2024-05-03,0.05,ExpectedActionValue,46.0,30.95709452526496,5.6,7.1,2.0,,1.0
divvy,2,set_cal,2024-05-03,0.05,PointwiseWorstAction,46.0,31.108130165693325,5.6,7.1,2.0,,1.0
divvy,2,set_cal,2024-05-03,0.05,ScenarioCVaR,46.0,31.108130165693325,5.6,7.1,2.0,,1.0
divvy,2,set_cal,2024-05-03,0.05,RiskFirst,46.0,2.041224179358336,23.60000000000001,31.200000000000003,14.399999999999984,,1.0
divvy,2,set_cal,2024-05-03,0.05,TemporalContext2024,46.0,2.027500319112441,23.60000000000001,31.200000000000003,14.399999999999984,,1.0
divvy,2,set_cal,2024-05-03,0.05,NetworkPropagation2024,46.0,3.550670464974666,22.000000000000007,29.600000000000005,14.399999999999984,,1.0
divvy,2,set_cal,2024-05-03,0.05,CalibratedUncertainty2025,46.0,3.1401142496986343,24.00000000000001,31.60000000000001,14.399999999999988,,1.0
divvy,2,set_cal,2024-05-03,0.05,MappedPTO2026,46.0,2.0275003191124408,24.40000000000001,32.0,14.399999999999988,,1.0
divvy,2,set_cal,2024-05-03,0.05,GroupAware2025,46.0,1.996450786930358,23.60000000000001,31.200000000000006,14.399999999999991,,1.0
divvy,2,set_cal,2024-05-03,0.05,RobustImprovement2025,46.0,2.378277434296125,24.40000000000001,32.0,14.399999999999988,,1.0
divvy,2,set_cal,2024-05-03,0.1,StructuralRobust,92.0,30.994548053001356,34.000000000000014,44.5,19.59999999999998,0.0,1.0
divvy,2,set_cal,2024-05-03,0.1,ExpectedActionValue,92.0,43.61932470697609,8.799999999999999,11.7,4.4,,1.0
divvy,2,set_cal,2024-05-03,0.1,PointwiseWorstAction,92.0,43.799310692579326,9.6,13.099999999999998,5.199999999999999,,1.0
divvy,2,set_cal,2024-05-03,0.1,ScenarioCVaR,92.0,43.799310692579326,9.6,13.099999999999998,5.199999999999999,,1.0
divvy,2,set_cal,2024-05-03,0.1,RiskFirst,92.0,5.286599058984463,30.000000000000014,39.9,18.79999999999997,,1.0
divvy,2,set_cal,2024-05-03,0.1,TemporalContext2024,92.0,5.822419964914827,30.000000000000014,39.9,18.79999999999997,,1.0
divvy,2,set_cal,2024-05-03,0.1,NetworkPropagation2024,92.0,6.927760804545302,29.200000000000014,39.099999999999994,18.799999999999965,,1.0
divvy,2,set_cal,2024-05-03,0.1,CalibratedUncertainty2025,92.0,7.677675842538204,36.40000000000002,47.20000000000001,19.99999999999998,,1.0
divvy,2,set_cal,2024-05-03,0.1,MappedPTO2026,92.0,5.7652624835057145,31.200000000000014,42.099999999999994,21.199999999999978,,1.0
divvy,2,set_cal,2024-05-03,0.1,GroupAware2025,92.0,5.385949920512527,29.200000000000014,38.2,16.799999999999972,,1.0
divvy,2,set_cal,2024-05-03,0.1,RobustImprovement2025,92.0,5.527364780354548,30.000000000000014,39.9,18.799999999999976,,1.0
divvy,2,set_cal,2024-05-03,0.2,StructuralRobust,184.0,0.958832592634332,43.19999999999999,56.19999999999999,23.999999999999986,0.0,1.0
divvy,2,set_cal,2024-05-03,0.2,ExpectedActionValue,184.0,54.739466304177306,18.800000000000004,24.700000000000006,8.399999999999999,,1.0
divvy,2,set_cal,2024-05-03,0.2,PointwiseWorstAction,184.0,54.63974502204468,21.200000000000003,27.700000000000006,9.2,,1.0
divvy,2,set_cal,2024-05-03,0.2,ScenarioCVaR,184.0,54.63974502204468,21.200000000000003,27.700000000000006,9.2,,1.0
divvy,2,set_cal,2024-05-03,0.2,RiskFirst,184.0,13.054789731908992,46.400000000000006,60.599999999999994,25.599999999999966,,1.0
divvy,2,set_cal,2024-05-03,0.2,TemporalContext2024,184.0,11.23778559230597,44.0,57.59999999999998,24.79999999999997,,1.0
divvy,2,set_cal,2024-05-03,0.2,NetworkPropagation2024,184.0,11.951087759549655,42.4,54.79999999999998,23.199999999999967,,1.0
divvy,2,set_cal,2024-05-03,0.2,CalibratedUncertainty2025,184.0,12.888778694774707,45.6,58.199999999999996,22.4,,1.0
divvy,2,set_cal,2024-05-03,0.2,MappedPTO2026,184.0,11.321388044502118,43.19999999999999,56.19999999999999,23.999999999999986,,1.0
divvy,2,set_cal,2024-05-03,0.2,GroupAware2025,184.0,12.94301269218399,38.00000000000001,49.4,20.799999999999976,,1.0
divvy,2,set_cal,2024-05-03,0.2,RobustImprovement2025,184.0,11.83613141466596,38.000000000000014,50.4,23.199999999999974,,1.0
divvy,2,set_cal,2024-05-04,0.01,StructuralRobust,9.0,0.07995648290315546,6.3999999999999995,9.4,5.6000000000000005,0.0,1.0
divvy,2,set_cal,2024-05-04,0.01,ExpectedActionValue,9.0,10.684761606564484,0.0,0.0,0.0,,1.0
divvy,2,set_cal,2024-05-04,0.01,PointwiseWorstAction,9.0,10.684761606564484,0.0,0.0,0.0,,1.0
divvy,2,set_cal,2024-05-04,0.01,ScenarioCVaR,9.0,10.684761606564484,0.0,0.0,0.0,,1.0
divvy,2,set_cal,2024-05-04,0.01,RiskFirst,9.0,1.3732652689141165,5.6000000000000005,7.800000000000001,3.999999999999999,,1.0
divvy,2,set_cal,2024-05-04,0.01,TemporalContext2024,9.0,1.3732652689141165,4.0,5.199999999999999,1.5999999999999996,,1.0
divvy,2,set_cal,2024-05-04,0.01,NetworkPropagation2024,9.0,1.3732652689141165,3.2,3.8,0.7999999999999998,,1.0
divvy,2,set_cal,2024-05-04,0.01,CalibratedUncertainty2025,9.0,0.8143946674154298,3.2,4.0,1.5999999999999996,,1.0
divvy,2,set_cal,2024-05-04,0.01,MappedPTO2026,9.0,1.3732652689141165,5.6000000000000005,7.2,3.2,,1.0
divvy,2,set_cal,2024-05-04,0.01,GroupAware2025,9.0,1.4558364754570952,4.800000000000001,6.4,3.1999999999999993,,1.0
divvy,2,set_cal,2024-05-04,0.01,RobustImprovement2025,9.0,1.401700314893743,6.3999999999999995,9.4,5.6000000000000005,,1.0
divvy,2,set_cal,2024-05-04,0.03,StructuralRobust,28.0,15.526086616629074,11.200000000000003,14.200000000000003,5.599999999999998,0.0,1.0
divvy,2,set_cal,2024-05-04,0.03,ExpectedActionValue,28.0,21.23541149120479,2.4000000000000004,3.8,2.3999999999999995,,1.0
divvy,2,set_cal,2024-05-04,0.03,PointwiseWorstAction,28.0,22.018929426860193,3.2,4.6,2.3999999999999995,,1.0
divvy,2,set_cal,2024-05-04,0.03,ScenarioCVaR,28.0,22.018929426860193,3.2,4.6,2.3999999999999995,,1.0
divvy,2,set_cal,2024-05-04,0.03,RiskFirst,28.0,3.3205417882210297,12.000000000000002,15.300000000000004,6.000000000000002,,1.0
divvy,2,set_cal,2024-05-04,0.03,TemporalContext2024,28.0,3.3205417882210297,12.000000000000002,15.300000000000004,6.000000000000002,,1.0
divvy,2,set_cal,2024-05-04,0.03,NetworkPropagation2024,28.0,3.1933002603836464,11.200000000000001,14.500000000000002,6.000000000000002,,1.0
divvy,2,set_cal,2024-05-04,0.03,CalibratedUncertainty2025,28.0,1.729662231783837,10.400000000000002,13.400000000000002,5.599999999999998,,1.0
divvy,2,set_cal,2024-05-04,0.03,MappedPTO2026,28.0,3.4933550880562763,10.400000000000002,13.400000000000002,5.600000000000001,,1.0
divvy,2,set_cal,2024-05-04,0.03,GroupAware2025,28.0,3.389703194299412,11.200000000000001,14.500000000000002,6.000000000000002,,1.0
divvy,2,set_cal,2024-05-04,0.03,RobustImprovement2025,28.0,2.392147915986761,11.2,14.500000000000002,6.0000000000000036,,1.0
divvy,2,set_cal,2024-05-04,0.05,StructuralRobust,46.0,20.408782193020393,20.800000000000004,25.300000000000004,7.600000000000005,0.0,1.0
divvy,2,set_cal,2024-05-04,0.05,ExpectedActionValue,46.0,29.692595617062544,4.0,5.3999999999999995,2.3999999999999995,,1.0
divvy,2,set_cal,2024-05-04,0.05,PointwiseWorstAction,46.0,29.76949142413333,4.0,5.3999999999999995,2.3999999999999995,,1.0
divvy,2,set_cal,2024-05-04,0.05,ScenarioCVaR,46.0,29.76949142413333,4.0,5.3999999999999995,2.3999999999999995,,1.0
divvy,2,set_cal,2024-05-04,0.05,RiskFirst,46.0,3.6800322039709905,17.6,22.300000000000004,8.400000000000006,,1.0
divvy,2,set_cal,2024-05-04,0.05,TemporalContext2024,46.0,3.7493158991416786,17.6,22.300000000000004,8.400000000000006,,1.0
divvy,2,set_cal,2024-05-04,0.05,NetworkPropagation2024,46.0,3.6509373267863436,15.200000000000001,19.1,6.8000000000000025,,1.0
divvy,2,set_cal,2024-05-04,0.05,CalibratedUncertainty2025,46.0,2.8459189761566237,14.400000000000004,18.800000000000004,8.000000000000002,,1.0
divvy,2,set_cal,2024-05-04,0.05,MappedPTO2026,46.0,3.7791171017151166,18.400000000000002,22.300000000000004,6.800000000000008,,1.0
divvy,2,set_cal,2024-05-04,0.05,GroupAware2025,46.0,4.1073262948363745,17.6,22.300000000000004,8.400000000000006,,1.0
divvy,2,set_cal,2024-05-04,0.05,RobustImprovement2025,46.0,4.140810189245669,18.400000000000002,22.500000000000007,7.6000000000000085,,1.0
divvy,2,set_cal,2024-05-04,0.1,StructuralRobust,93.0,28.047078090570004,27.20000000000001,34.50000000000001,12.399999999999984,0.0,1.0
divvy,2,set_cal,2024-05-04,0.1,ExpectedActionValue,93.0,40.951054843638964,10.399999999999999,14.600000000000001,7.200000000000003,,1.0
divvy,2,set_cal,2024-05-04,0.1,PointwiseWorstAction,93.0,41.12232599682558,12.8,17.799999999999997,8.8,,1.0
divvy,2,set_cal,2024-05-04,0.1,ScenarioCVaR,93.0,41.12232599682558,12.8,17.799999999999997,8.8,,1.0
divvy,2,set_cal,2024-05-04,0.1,RiskFirst,93.0,7.4171037481019555,24.800000000000008,31.500000000000007,11.600000000000005,,1.0
divvy,2,set_cal,2024-05-04,0.1,TemporalContext2024,93.0,6.86307142170228,23.600000000000005,29.10000000000001,9.999999999999996,,1.0
divvy,2,set_cal,2024-05-04,0.1,NetworkPropagation2024,93.0,6.153043474158121,24.400000000000006,31.30000000000001,12.400000000000006,,1.0
divvy,2,set_cal,2024-05-04,0.1,CalibratedUncertainty2025,93.0,8.139997147875551,26.400000000000013,36.80000000000001,17.599999999999994,,1.0
divvy,2,set_cal,2024-05-04,0.1,MappedPTO2026,93.0,6.420543978342075,25.200000000000006,31.300000000000008,10.799999999999994,,1.0
divvy,2,set_cal,2024-05-04,0.1,GroupAware2025,93.0,6.894513504850548,25.60000000000001,33.70000000000002,14.0,,1.0
divvy,2,set_cal,2024-05-04,0.1,RobustImprovement2025,93.0,7.225755619634673,29.20000000000001,37.80000000000001,14.399999999999999,,1.0
divvy,2,set_cal,2024-05-04,0.2,StructuralRobust,186.0,0.9190650964594015,45.999999999999986,61.7,26.80000000000001,0.0,1.0
divvy,2,set_cal,2024-05-04,0.2,ExpectedActionValue,186.0,50.00156371616242,21.600000000000005,30.200000000000003,15.199999999999985,,1.0
divvy,2,set_cal,2024-05-04,0.2,PointwiseWorstAction,186.0,49.97158824632719,22.400000000000006,31.600000000000005,16.0,,1.0
divvy,2,set_cal,2024-05-04,0.2,ScenarioCVaR,186.0,49.97158824632719,22.400000000000006,31.600000000000005,16.0,,1.0
divvy,2,set_cal,2024-05-04,0.2,RiskFirst,186.0,13.044636413062278,43.599999999999994,57.3,23.599999999999994,,1.0
divvy,2,set_cal,2024-05-04,0.2,TemporalContext2024,186.0,13.27923285851956,39.19999999999999,51.699999999999996,21.999999999999993,,1.0
divvy,2,set_cal,2024-05-04,0.2,NetworkPropagation2024,186.0,12.555679246825603,39.99999999999999,53.099999999999994,22.799999999999997,,1.0
divvy,2,set_cal,2024-05-04,0.2,CalibratedUncertainty2025,186.0,13.663777689044837,43.199999999999996,59.0,27.999999999999993,,1.0
divvy,2,set_cal,2024-05-04,0.2,MappedPTO2026,186.0,12.296755831712963,45.999999999999986,61.7,26.80000000000001,,1.0
divvy,2,set_cal,2024-05-04,0.2,GroupAware2025,186.0,12.46333539952449,40.0,53.69999999999999,23.59999999999998,,1.0
divvy,2,set_cal,2024-05-04,0.2,RobustImprovement2025,186.0,13.61043775426724,36.800000000000004,45.39999999999999,14.399999999999991,,1.0
divvy,2,set_cal,2024-05-05,0.01,StructuralRobust,9.0,0.0775776652111489,2.4000000000000004,3.2,1.5999999999999996,0.0,1.0
divvy,2,set_cal,2024-05-05,0.01,ExpectedActionValue,9.0,12.58305357228034,0.0,0.0,0.0,,1.0
divvy,2,set_cal,2024-05-05,0.01,PointwiseWorstAction,9.0,13.352092355285194,0.0,0.0,0.0,,1.0
divvy,2,set_cal,2024-05-05,0.01,ScenarioCVaR,9.0,13.352092355285194,0.0,0.0,0.0,,1.0
divvy,2,set_cal,2024-05-05,0.01,RiskFirst,9.0,1.1473186990022421,2.4000000000000004,3.2,1.5999999999999996,,1.0
divvy,2,set_cal,2024-05-05,0.01,TemporalContext2024,9.0,1.1473186990022421,2.4000000000000004,3.2,1.5999999999999996,,1.0
divvy,2,set_cal,2024-05-05,0.01,NetworkPropagation2024,9.0,1.0483659327725747,2.4000000000000004,3.2,1.5999999999999996,,1.0
divvy,2,set_cal,2024-05-05,0.01,CalibratedUncertainty2025,9.0,0.66538963332959,3.2,3.8,0.7999999999999998,,1.0
divvy,2,set_cal,2024-05-05,0.01,MappedPTO2026,9.0,1.148408367358435,3.2,4.0,1.5999999999999996,,1.0
divvy,2,set_cal,2024-05-05,0.01,GroupAware2025,9.0,1.1473186990022421,2.4000000000000004,3.2,1.5999999999999996,,1.0
divvy,2,set_cal,2024-05-05,0.01,RobustImprovement2025,9.0,1.0465576546456157,2.4000000000000004,3.2,1.5999999999999996,,1.0
divvy,2,set_cal,2024-05-05,0.03,StructuralRobust,28.0,15.00239189870834,14.4,19.2,7.999999999999998,0.0,1.0
divvy,2,set_cal,2024-05-05,0.03,ExpectedActionValue,28.0,27.049848415427224,0.8,1.6,1.6000000000000003,,1.0
divvy,2,set_cal,2024-05-05,0.03,PointwiseWorstAction,28.0,27.344072558251522,0.8,1.6,1.6000000000000003,,1.0
divvy,2,set_cal,2024-05-05,0.03,ScenarioCVaR,28.0,27.344072558251522,0.8,1.6,1.6000000000000003,,1.0
divvy,2,set_cal,2024-05-05,0.03,RiskFirst,28.0,1.6290345647855744,10.800000000000002,14.400000000000002,6.4,,1.0
divvy,2,set_cal,2024-05-05,0.03,TemporalContext2024,28.0,1.9445350708785707,10.4,14.000000000000002,6.400000000000004,,1.0
divvy,2,set_cal,2024-05-05,0.03,NetworkPropagation2024,28.0,1.596022113921905,11.200000000000003,14.800000000000002,6.399999999999999,,1.0
divvy,2,set_cal,2024-05-05,0.03,CalibratedUncertainty2025,28.0,2.0290587028708456,12.0,15.4,5.600000000000001,,1.0
divvy,2,set_cal,2024-05-05,0.03,MappedPTO2026,28.0,1.6930122166177761,12.400000000000004,16.0,6.4,,1.0
divvy,2,set_cal,2024-05-05,0.03,GroupAware2025,28.0,1.6290345647855744,10.400000000000002,14.000000000000002,6.400000000000002,,1.0
divvy,2,set_cal,2024-05-05,0.03,RobustImprovement2025,28.0,1.5290733805807921,11.200000000000001,15.400000000000002,7.200000000000005,,1.0
divvy,2,set_cal,2024-05-05,0.05,StructuralRobust,47.0,19.655278712614006,20.400000000000006,26.400000000000006,9.599999999999998,0.0,1.0
divvy,2,set_cal,2024-05-05,0.05,ExpectedActionValue,47.0,35.480046348247086,1.6,3.2,3.2000000000000006,,1.0
divvy,2,set_cal,2024-05-05,0.05,PointwiseWorstAction,47.0,35.9184032661368,1.6,3.2,3.2000000000000006,,1.0
divvy,2,set_cal,2024-05-05,0.05,ScenarioCVaR,47.0,35.9184032661368,1.6,3.2,3.2000000000000006,,1.0
divvy,2,set_cal,2024-05-05,0.05,RiskFirst,47.0,2.6579850630886583,18.000000000000007,23.40000000000001,8.8,,1.0
divvy,2,set_cal,2024-05-05,0.05,TemporalContext2024,47.0,2.982681168108364,19.600000000000005,25.000000000000007,8.800000000000004,,1.0
divvy,2,set_cal,2024-05-05,0.05,NetworkPropagation2024,47.0,2.6890780178700244,14.800000000000006,19.6,7.999999999999998,,1.0
divvy,2,set_cal,2024-05-05,0.05,CalibratedUncertainty2025,47.0,4.370650726733017,17.6,23.600000000000005,9.600000000000005,,1.0
divvy,2,set_cal,2024-05-05,0.05,MappedPTO2026,47.0,4.554764206831338,17.200000000000006,22.60000000000001,8.8,,1.0
divvy,2,set_cal,2024-05-05,0.05,GroupAware2025,47.0,3.299353420712722,18.000000000000007,23.40000000000001,8.8,,1.0
divvy,2,set_cal,2024-05-05,0.05,RobustImprovement2025,47.0,2.3610671080242747,18.800000000000004,25.6,11.200000000000003,,1.0
divvy,2,set_cal,2024-05-05,0.1,StructuralRobust,95.0,27.336198960367195,27.600000000000016,35.800000000000004,13.599999999999987,0.0,1.0
divvy,2,set_cal,2024-05-05,0.1,ExpectedActionValue,95.0,48.489221762473036,5.6,8.0,4.8000000000000025,,1.0
divvy,2,set_cal,2024-05-05,0.1,PointwiseWorstAction,95.0,48.563795231150735,5.6,8.0,4.800000000000001,,1.0
divvy,2,set_cal,2024-05-05,0.1,ScenarioCVaR,95.0,48.563795231150735,5.6,8.0,4.800000000000001,,1.0
divvy,2,set_cal,2024-05-05,0.1,RiskFirst,95.0,7.26601670784036,27.600000000000016,35.80000000000001,13.599999999999994,,1.0
divvy,2,set_cal,2024-05-05,0.1,TemporalContext2024,95.0,8.104451606896497,28.400000000000013,35.80000000000001,11.999999999999986,,1.0
divvy,2,set_cal,2024-05-05,0.1,NetworkPropagation2024,95.0,8.893550048000266,21.20000000000001,28.60000000000001,11.999999999999993,,1.0
divvy,2,set_cal,2024-05-05,0.1,CalibratedUncertainty2025,95.0,6.946120061988876,28.000000000000007,35.39999999999999,11.999999999999979,,1.0
divvy,2,set_cal,2024-05-05,0.1,MappedPTO2026,95.0,7.062501242032478,23.600000000000012,31.800000000000008,13.59999999999999,,1.0
divvy,2,set_cal,2024-05-05,0.1,GroupAware2025,95.0,7.817023135019545,27.600000000000012,35.80000000000001,13.59999999999999,,1.0
divvy,2,set_cal,2024-05-05,0.1,RobustImprovement2025,95.0,7.206716933026172,29.200000000000014,38.2,15.199999999999992,,1.0
divvy,2,set_cal,2024-05-05,0.2,StructuralRobust,190.0,0.8887975569360416,35.60000000000001,45.39999999999999,16.799999999999976,0.0,1.0
divvy,2,set_cal,2024-05-05,0.2,ExpectedActionValue,190.0,58.75024898092808,11.2,15.800000000000002,8.800000000000008,,1.0
divvy,2,set_cal,2024-05-05,0.2,PointwiseWorstAction,190.0,58.697088212952856,12.0,16.6,8.8,,1.0
divvy,2,set_cal,2024-05-05,0.2,ScenarioCVaR,190.0,58.697088212952856,12.0,16.6,8.8,,1.0
divvy,2,set_cal,2024-05-05,0.2,RiskFirst,190.0,13.635365692178693,35.60000000000001,45.39999999999999,16.799999999999976,,1.0
divvy,2,set_cal,2024-05-05,0.2,TemporalContext2024,190.0,15.182307798362189,38.00000000000001,47.60000000000001,15.999999999999986,,1.0
divvy,2,set_cal,2024-05-05,0.2,NetworkPropagation2024,190.0,13.82659872211047,33.20000000000001,43.0,16.799999999999976,,1.0
divvy,2,set_cal,2024-05-05,0.2,CalibratedUncertainty2025,190.0,13.454581904502945,45.99999999999997,56.39999999999996,17.59999999999998,,1.0
divvy,2,set_cal,2024-05-05,0.2,MappedPTO2026,190.0,12.343137436909709,35.60000000000001,45.39999999999999,16.799999999999976,,1.0
divvy,2,set_cal,2024-05-05,0.2,GroupAware2025,190.0,15.650990806931699,32.40000000000001,41.2,14.399999999999984,,1.0
divvy,2,set_cal,2024-05-05,0.2,RobustImprovement2025,190.0,14.997570356111929,31.600000000000016,40.599999999999994,15.199999999999982,,1.0
divvy,2,set_cal,2024-05-06,0.01,StructuralRobust,10.0,0.10553991791942453,4.800000000000001,7.4,5.6,0.0,1.0
divvy,2,set_cal,2024-05-06,0.01,ExpectedActionValue,10.0,12.068043614379818,2.0,2.0,0.0,,1.0
divvy,2,set_cal,2024-05-06,0.01,PointwiseWorstAction,10.0,12.278144949261621,2.4000000000000004,3.2,1.5999999999999996,,1.0
divvy,2,set_cal,2024-05-06,0.01,ScenarioCVaR,10.0,12.278144949261621,2.4000000000000004,3.2,1.5999999999999996,,1.0
divvy,2,set_cal,2024-05-06,0.01,RiskFirst,10.0,0.3113803841017697,8.0,12.200000000000001,8.800000000000004,,1.0
divvy,2,set_cal,2024-05-06,0.01,TemporalContext2024,10.0,0.37741641725212494,8.8,14.600000000000003,12.000000000000004,,1.0
divvy,2,set_cal,2024-05-06,0.01,NetworkPropagation2024,10.0,0.4423465990033473,9.600000000000001,13.8,8.8,,1.0
divvy,2,set_cal,2024-05-06,0.01,CalibratedUncertainty2025,10.0,0.46557610172467573,3.2,4.199999999999999,2.3999999999999995,,1.0
divvy,2,set_cal,2024-05-06,0.01,MappedPTO2026,10.0,0.06891322645850344,9.6,14.800000000000002,11.200000000000005,,1.0
divvy,2,set_cal,2024-05-06,0.01,GroupAware2025,10.0,0.31396078805763,9.600000000000001,15.400000000000002,12.000000000000004,,1.0
divvy,2,set_cal,2024-05-06,0.01,RobustImprovement2025,10.0,0.14166635817159967,5.6000000000000005,8.200000000000001,5.6000000000000005,,1.0
divvy,2,set_cal,2024-05-06,0.03,StructuralRobust,29.0,20.743012910030185,15.200000000000003,19.800000000000004,10.399999999999999,0.0,1.0
divvy,2,set_cal,2024-05-06,0.03,ExpectedActionValue,29.0,23.784362462398743,4.4,5.2,1.5999999999999996,,1.0
divvy,2,set_cal,2024-05-06,0.03,PointwiseWorstAction,29.0,24.1071351635374,4.4,5.2,1.5999999999999996,,1.0
divvy,2,set_cal,2024-05-06,0.03,ScenarioCVaR,29.0,24.1071351635374,4.4,5.2,1.5999999999999996,,1.0
divvy,2,set_cal,2024-05-06,0.03,RiskFirst,29.0,3.3951951207964655,19.200000000000003,26.000000000000007,14.400000000000006,,1.0
divvy,2,set_cal,2024-05-06,0.03,TemporalContext2024,29.0,3.3951951207964655,19.200000000000003,26.000000000000007,14.399999999999999,,1.0
divvy,2,set_cal,2024-05-06,0.03,NetworkPropagation2024,29.0,2.2099458558911333,17.600000000000005,24.400000000000006,14.400000000000002,,1.0
divvy,2,set_cal,2024-05-06,0.03,CalibratedUncertainty2025,29.0,1.97206031584423,15.200000000000005,20.200000000000006,10.400000000000004,,1.0
divvy,2,set_cal,2024-05-06,0.03,MappedPTO2026,29.0,3.345231868866402,19.200000000000006,26.000000000000007,14.399999999999995,,1.0
divvy,2,set_cal,2024-05-06,0.03,GroupAware2025,29.0,3.395195120796466,19.200000000000006,26.00000000000001,14.400000000000002,,1.0
divvy,2,set_cal,2024-05-06,0.03,RobustImprovement2025,29.0,2.1814012785319865,18.400000000000006,24.400000000000013,12.800000000000004,,1.0
divvy,2,set_cal,2024-05-06,0.05,StructuralRobust,49.0,29.76097270447432,26.400000000000013,33.80000000000001,15.199999999999996,0.0,1.0
divvy,2,set_cal,2024-05-06,0.05,ExpectedActionValue,49.0,31.94313839582948,4.4,5.2,1.5999999999999996,,1.0
divvy,2,set_cal,2024-05-06,0.05,PointwiseWorstAction,49.0,32.31037116123001,4.4,5.2,1.5999999999999996,,1.0
divvy,2,set_cal,2024-05-06,0.05,ScenarioCVaR,49.0,32.31037116123001,4.4,5.2,1.5999999999999996,,1.0
divvy,2,set_cal,2024-05-06,0.05,RiskFirst,49.0,3.5369279286413566,25.60000000000001,34.00000000000001,17.599999999999987,,1.0
divvy,2,set_cal,2024-05-06,0.05,TemporalContext2024,49.0,3.5369279286413566,25.60000000000001,34.0,17.59999999999998,,1.0
divvy,2,set_cal,2024-05-06,0.05,NetworkPropagation2024,49.0,3.6406966822568725,22.40000000000001,30.80000000000001,17.599999999999984,,1.0
divvy,2,set_cal,2024-05-06,0.05,CalibratedUncertainty2025,49.0,3.1849364584711406,24.80000000000001,33.00000000000001,16.79999999999999,,1.0
divvy,2,set_cal,2024-05-06,0.05,MappedPTO2026,49.0,3.567849217314034,23.20000000000001,31.60000000000001,17.59999999999998,,1.0
divvy,2,set_cal,2024-05-06,0.05,GroupAware2025,49.0,3.5860075673937706,24.00000000000001,32.400000000000006,17.599999999999984,,1.0
divvy,2,set_cal,2024-05-06,0.05,RobustImprovement2025,49.0,2.4240348910054217,23.20000000000001,31.60000000000001,17.599999999999994,,1.0
divvy,2,set_cal,2024-05-06,0.1,StructuralRobust,97.0,43.306091105032934,38.800000000000004,51.19999999999999,25.599999999999973,0.0,1.0
divvy,2,set_cal,2024-05-06,0.1,ExpectedActionValue,97.0,43.600888770366986,8.4,10.400000000000002,3.200000000000001,,1.0
divvy,2,set_cal,2024-05-06,0.1,PointwiseWorstAction,97.0,43.63737393357519,6.8,7.6,1.6000000000000005,,1.0
divvy,2,set_cal,2024-05-06,0.1,ScenarioCVaR,97.0,43.63737393357519,6.8,7.6,1.6000000000000005,,1.0
divvy,2,set_cal,2024-05-06,0.1,RiskFirst,97.0,6.191505405265478,38.800000000000004,51.199999999999996,25.599999999999973,,1.0
divvy,2,set_cal,2024-05-06,0.1,TemporalContext2024,97.0,6.248901633714984,40.80000000000001,54.599999999999994,27.999999999999957,,1.0
divvy,2,set_cal,2024-05-06,0.1,NetworkPropagation2024,97.0,6.347771775743094,37.20000000000002,47.99999999999999,22.399999999999956,,1.0
divvy,2,set_cal,2024-05-06,0.1,CalibratedUncertainty2025,97.0,6.4638687846258165,39.6,49.39999999999999,19.99999999999998,,1.0
divvy,2,set_cal,2024-05-06,0.1,MappedPTO2026,97.0,6.185855368529111,39.600000000000016,52.6,26.399999999999956,,1.0
divvy,2,set_cal,2024-05-06,0.1,GroupAware2025,97.0,6.193875658571078,38.000000000000014,48.8,22.399999999999963,,1.0
divvy,2,set_cal,2024-05-06,0.1,RobustImprovement2025,97.0,6.467220133336581,35.60000000000001,47.2,23.999999999999986,,1.0
divvy,2,set_cal,2024-05-06,0.2,StructuralRobust,194.0,1.2935342501432625,62.79999999999999,81.69999999999999,36.4,0.0,1.0
divvy,2,set_cal,2024-05-06,0.2,ExpectedActionValue,194.0,53.641320625453005,20.80000000000001,26.20000000000001,10.399999999999999,,1.0
divvy,2,set_cal,2024-05-06,0.2,PointwiseWorstAction,194.0,53.74824327988626,20.000000000000007,25.400000000000006,10.399999999999999,,1.0
divvy,2,set_cal,2024-05-06,0.2,ScenarioCVaR,194.0,53.74824327988626,20.000000000000007,25.400000000000006,10.399999999999999,,1.0
divvy,2,set_cal,2024-05-06,0.2,RiskFirst,194.0,11.022833812540338,62.79999999999998,80.89999999999999,34.80000000000001,,1.0
divvy,2,set_cal,2024-05-06,0.2,TemporalContext2024,194.0,11.583386627020312,59.19999999999999,76.69999999999999,33.999999999999986,,1.0
divvy,2,set_cal,2024-05-06,0.2,NetworkPropagation2024,194.0,12.156895959570855,57.2,74.69999999999999,33.99999999999997,,1.0
divvy,2,set_cal,2024-05-06,0.2,CalibratedUncertainty2025,194.0,10.28702687817109,62.79999999999997,78.79999999999997,30.399999999999977,,1.0
divvy,2,set_cal,2024-05-06,0.2,MappedPTO2026,194.0,12.289024243360533,62.79999999999999,81.69999999999999,36.4,,1.0
divvy,2,set_cal,2024-05-06,0.2,GroupAware2025,194.0,12.076177962576894,61.199999999999996,78.7,33.99999999999999,,1.0
divvy,2,set_cal,2024-05-06,0.2,RobustImprovement2025,194.0,12.165921639855206,52.79999999999999,68.09999999999998,29.999999999999993,,1.0
divvy,2,set_cal,2024-05-07,0.01,StructuralRobust,8.0,0.21160128917798474,10.4,17.2,14.4,0.0,1.0
divvy,2,set_cal,2024-05-07,0.01,ExpectedActionValue,8.0,8.65593028874631,0.0,0.0,0.0,,1.0
divvy,2,set_cal,2024-05-07,0.01,PointwiseWorstAction,8.0,9.229599089833057,0.0,0.0,0.0,,1.0
divvy,2,set_cal,2024-05-07,0.01,ScenarioCVaR,8.0,9.229599089833057,0.0,0.0,0.0,,1.0
divvy,2,set_cal,2024-05-07,0.01,RiskFirst,8.0,0.3750702389888988,10.4,17.200000000000003,14.4,,1.0
divvy,2,set_cal,2024-05-07,0.01,TemporalContext2024,8.0,0.3750702389888988,10.4,17.200000000000003,14.4,,1.0
divvy,2,set_cal,2024-05-07,0.01,NetworkPropagation2024,8.0,0.3750702389888988,10.4,17.200000000000003,14.4,,1.0
divvy,2,set_cal,2024-05-07,0.01,CalibratedUncertainty2025,8.0,0.45520574181656814,9.6,14.000000000000002,9.600000000000003,,1.0
divvy,2,set_cal,2024-05-07,0.01,MappedPTO2026,8.0,0.3750702389888988,10.4,17.200000000000003,14.4,,1.0
divvy,2,set_cal,2024-05-07,0.01,GroupAware2025,8.0,0.3750702389888988,10.4,17.200000000000003,14.4,,1.0
divvy,2,set_cal,2024-05-07,0.01,RobustImprovement2025,8.0,0.3750702389888988,10.4,17.2,14.4,,1.0
divvy,2,set_cal,2024-05-07,0.03,StructuralRobust,26.0,29.67284670633819,26.800000000000004,40.0,27.199999999999996,0.0,1.0
divvy,2,set_cal,2024-05-07,0.03,ExpectedActionValue,26.0,23.466365190947396,4.800000000000001,5.6,1.5999999999999996,,1.0
divvy,2,set_cal,2024-05-07,0.03,PointwiseWorstAction,26.0,23.780689054987988,3.2,4.0,1.6000000000000005,,1.0
divvy,2,set_cal,2024-05-07,0.03,ScenarioCVaR,26.0,23.780689054987988,3.2,4.0,1.6000000000000005,,1.0
divvy,2,set_cal,2024-05-07,0.03,RiskFirst,26.0,1.8730810719994793,24.40000000000001,39.00000000000001,29.59999999999999,,1.0
divvy,2,set_cal,2024-05-07,0.03,TemporalContext2024,26.0,1.8730810719994793,24.40000000000001,39.00000000000001,29.59999999999999,,1.0
divvy,2,set_cal,2024-05-07,0.03,NetworkPropagation2024,26.0,1.796575300813091,24.40000000000001,39.00000000000001,29.59999999999999,,1.0
divvy,2,set_cal,2024-05-07,0.03,CalibratedUncertainty2025,26.0,1.8432165199058692,25.200000000000006,38.2,26.399999999999988,,1.0
divvy,2,set_cal,2024-05-07,0.03,MappedPTO2026,26.0,1.873081071999479,24.40000000000001,39.00000000000001,29.59999999999999,,1.0
divvy,2,set_cal,2024-05-07,0.03,GroupAware2025,26.0,1.7957826890673707,25.20000000000001,40.60000000000001,31.19999999999999,,1.0
divvy,2,set_cal,2024-05-07,0.03,RobustImprovement2025,26.0,1.5808997482885192,23.200000000000006,37.8,29.599999999999977,,1.0
divvy,2,set_cal,2024-05-07,0.05,StructuralRobust,42.0,39.82657385597386,38.00000000000001,56.30000000000001,36.40000000000001,0.0,1.0
divvy,2,set_cal,2024-05-07,0.05,ExpectedActionValue,42.0,32.22020867519274,4.800000000000001,5.6,1.5999999999999996,,1.0
divvy,2,set_cal,2024-05-07,0.05,PointwiseWorstAction,42.0,32.428104810360495,6.000000000000001,7.600000000000001,3.2,,1.0
divvy,2,set_cal,2024-05-07,0.05,ScenarioCVaR,42.0,32.428104810360495,6.000000000000001,7.600000000000001,3.2,,1.0
divvy,2,set_cal,2024-05-07,0.05,RiskFirst,42.0,3.197603794181304,35.20000000000001,53.099999999999994,36.39999999999997,,1.0
divvy,2,set_cal,2024-05-07,0.05,TemporalContext2024,42.0,3.197603794181304,35.20000000000001,53.1,36.399999999999984,,1.0
divvy,2,set_cal,2024-05-07,0.05,NetworkPropagation2024,42.0,2.60271667126531,33.600000000000016,51.5,36.39999999999997,,1.0
divvy,2,set_cal,2024-05-07,0.05,CalibratedUncertainty2025,42.0,2.2545854031412365,34.400000000000006,51.3,33.99999999999997,,1.0
divvy,2,set_cal,2024-05-07,0.05,MappedPTO2026,42.0,3.1976037941813034,35.20000000000001,53.099999999999994,36.39999999999997,,1.0
divvy,2,set_cal,2024-05-07,0.05,GroupAware2025,42.0,3.197603794181304,35.20000000000002,53.10000000000001,36.39999999999996,,1.0
divvy,2,set_cal,2024-05-07,0.05,RobustImprovement2025,42.0,3.1499502934450363,36.00000000000001,53.89999999999999,36.399999999999956,,1.0
divvy,2,set_cal,2024-05-07,0.1,StructuralRobust,85.0,58.33449313726332,46.79999999999998,68.69999999999999,42.80000000000001,0.0,1.0
divvy,2,set_cal,2024-05-07,0.1,ExpectedActionValue,85.0,46.191309915574756,9.200000000000003,12.2,5.599999999999998,,1.0
divvy,2,set_cal,2024-05-07,0.1,PointwiseWorstAction,85.0,46.25685140620942,9.200000000000003,12.2,5.599999999999998,,1.0
divvy,2,set_cal,2024-05-07,0.1,ScenarioCVaR,85.0,46.25685140620942,9.200000000000003,12.2,5.599999999999998,,1.0
divvy,2,set_cal,2024-05-07,0.1,RiskFirst,85.0,5.6096384266453905,45.999999999999986,67.89999999999999,42.79999999999998,,1.0
divvy,2,set_cal,2024-05-07,0.1,TemporalContext2024,85.0,5.770838935546432,45.59999999999999,67.5,42.79999999999999,,1.0
divvy,2,set_cal,2024-05-07,0.1,NetworkPropagation2024,85.0,5.781635621430362,44.8,66.69999999999999,42.79999999999997,,1.0
divvy,2,set_cal,2024-05-07,0.1,CalibratedUncertainty2025,85.0,6.910108138451142,45.59999999999998,67.49999999999997,42.79999999999997,,1.0
divvy,2,set_cal,2024-05-07,0.1,MappedPTO2026,85.0,6.794452872989228,46.79999999999998,68.69999999999999,42.79999999999998,,1.0
divvy,2,set_cal,2024-05-07,0.1,GroupAware2025,85.0,5.584835540561155,46.79999999999999,68.69999999999999,42.799999999999976,,1.0
divvy,2,set_cal,2024-05-07,0.1,RobustImprovement2025,85.0,6.898211379611128,45.19999999999999,67.09999999999998,42.79999999999997,,1.0
divvy,2,set_cal,2024-05-07,0.2,StructuralRobust,170.0,1.8647407572419767,59.59999999999996,85.29999999999995,49.99999999999998,0.0,1.0
divvy,2,set_cal,2024-05-07,0.2,ExpectedActionValue,170.0,57.834015623031675,19.60000000000001,25.80000000000001,12.0,,1.0
divvy,2,set_cal,2024-05-07,0.2,PointwiseWorstAction,170.0,57.750658564083956,18.000000000000007,24.200000000000003,12.0,,1.0
divvy,2,set_cal,2024-05-07,0.2,ScenarioCVaR,170.0,57.750658564083956,18.000000000000007,24.200000000000003,12.0,,1.0
divvy,2,set_cal,2024-05-07,0.2,RiskFirst,170.0,12.06141378681558,55.59999999999996,79.69999999999996,46.79999999999999,,1.0
divvy,2,set_cal,2024-05-07,0.2,TemporalContext2024,170.0,10.945334044424987,53.999999999999964,77.29999999999998,45.199999999999996,,1.0
divvy,2,set_cal,2024-05-07,0.2,NetworkPropagation2024,170.0,10.066823372122121,54.79999999999997,78.09999999999997,45.199999999999974,,1.0
divvy,2,set_cal,2024-05-07,0.2,CalibratedUncertainty2025,170.0,11.063714537575825,60.399999999999935,84.89999999999992,46.79999999999997,,1.0
divvy,2,set_cal,2024-05-07,0.2,MappedPTO2026,170.0,12.134528923784776,59.59999999999996,85.29999999999995,49.99999999999998,,1.0
divvy,2,set_cal,2024-05-07,0.2,GroupAware2025,170.0,11.303065605063958,53.99999999999997,77.29999999999997,45.199999999999974,,1.0
divvy,2,set_cal,2024-05-07,0.2,RobustImprovement2025,170.0,12.95164242900147,52.39999999999997,75.69999999999996,45.19999999999997,,1.0
divvy,2,set_cal,2024-05-08,0.01,StructuralRobust,10.0,0.22621051511680654,12.8,19.800000000000004,15.200000000000006,0.0,1.0
divvy,2,set_cal,2024-05-08,0.01,ExpectedActionValue,10.0,8.574945476926498,0.0,0.0,0.0,,1.0
divvy,2,set_cal,2024-05-08,0.01,PointwiseWorstAction,10.0,8.883685814634545,0.0,0.0,0.0,,1.0
divvy,2,set_cal,2024-05-08,0.01,ScenarioCVaR,10.0,8.883685814634545,0.0,0.0,0.0,,1.0
divvy,2,set_cal,2024-05-08,0.01,RiskFirst,10.0,0.24746469544576594,12.400000000000002,19.400000000000002,15.200000000000003,,1.0
divvy,2,set_cal,2024-05-08,0.01,TemporalContext2024,10.0,0.24746469544576594,12.400000000000002,19.400000000000002,15.200000000000003,,1.0
divvy,2,set_cal,2024-05-08,0.01,NetworkPropagation2024,10.0,0.23492800926429647,12.000000000000002,19.000000000000004,15.200000000000005,,1.0
divvy,2,set_cal,2024-05-08,0.01,CalibratedUncertainty2025,10.0,0.7779576091591569,11.200000000000001,18.6,15.200000000000005,,1.0
divvy,2,set_cal,2024-05-08,0.01,MappedPTO2026,10.0,0.6807261671268816,9.600000000000001,15.0,12.000000000000004,,1.0
divvy,2,set_cal,2024-05-08,0.01,GroupAware2025,10.0,0.24746469544576594,12.400000000000002,19.400000000000002,15.200000000000003,,1.0
divvy,2,set_cal,2024-05-08,0.01,RobustImprovement2025,10.0,0.7680971304776254,10.400000000000002,16.400000000000002,12.8,,1.0
divvy,2,set_cal,2024-05-08,0.03,StructuralRobust,30.0,29.27418515081949,25.200000000000003,36.099999999999994,22.799999999999997,0.0,1.0
divvy,2,set_cal,2024-05-08,0.03,ExpectedActionValue,30.0,20.12923443987851,2.4000000000000004,3.0,0.7999999999999998,,1.0
divvy,2,set_cal,2024-05-08,0.03,PointwiseWorstAction,30.0,20.702568476551352,2.4000000000000004,3.6,1.5999999999999996,,1.0
divvy,2,set_cal,2024-05-08,0.03,ScenarioCVaR,30.0,20.702568476551352,2.4000000000000004,3.6,1.5999999999999996,,1.0
divvy,2,set_cal,2024-05-08,0.03,RiskFirst,30.0,1.865595362419733,25.20000000000001,36.0,22.4,,1.0
divvy,2,set_cal,2024-05-08,0.03,TemporalContext2024,30.0,2.2737797422642165,24.40000000000001,35.20000000000001,22.400000000000002,,1.0
divvy,2,set_cal,2024-05-08,0.03,NetworkPropagation2024,30.0,2.0512347381805465,24.40000000000001,36.00000000000001,23.99999999999999,,1.0
divvy,2,set_cal,2024-05-08,0.03,CalibratedUncertainty2025,30.0,2.3194891149956547,24.400000000000006,35.2,22.4,,1.0
divvy,2,set_cal,2024-05-08,0.03,MappedPTO2026,30.0,1.8045053184459747,26.000000000000007,37.50000000000001,23.599999999999994,,1.0
divvy,2,set_cal,2024-05-08,0.03,GroupAware2025,30.0,1.865595362419733,25.20000000000001,36.0,22.4,,1.0
divvy,2,set_cal,2024-05-08,0.03,RobustImprovement2025,30.0,2.214148222093431,25.200000000000006,36.1,22.799999999999994,,1.0
divvy,2,set_cal,2024-05-08,0.05,StructuralRobust,50.0,38.903015630897,36.39999999999999,48.499999999999986,24.39999999999999,0.0,1.0
divvy,2,set_cal,2024-05-08,0.05,ExpectedActionValue,50.0,29.30502717178793,5.6,8.200000000000001,4.000000000000002,,1.0
divvy,2,set_cal,2024-05-08,0.05,PointwiseWorstAction,50.0,29.60976202237973,6.4,8.2,2.4000000000000004,,1.0
divvy,2,set_cal,2024-05-08,0.05,ScenarioCVaR,50.0,29.60976202237973,6.4,8.2,2.4000000000000004,,1.0
divvy,2,set_cal,2024-05-08,0.05,RiskFirst,50.0,3.056219545230538,34.800000000000004,47.69999999999998,25.99999999999998,,1.0
divvy,2,set_cal,2024-05-08,0.05,TemporalContext2024,50.0,2.8989134589436274,34.00000000000001,46.89999999999999,25.99999999999998,,1.0
divvy,2,set_cal,2024-05-08,0.05,NetworkPropagation2024,50.0,2.7957870567988232,34.00000000000001,47.49999999999999,26.799999999999976,,1.0
divvy,2,set_cal,2024-05-08,0.05,CalibratedUncertainty2025,50.0,3.0277246140598106,32.40000000000001,45.9,26.799999999999976,,1.0
divvy,2,set_cal,2024-05-08,0.05,MappedPTO2026,50.0,3.056219545230539,33.20000000000001,45.49999999999999,25.199999999999967,,1.0
divvy,2,set_cal,2024-05-08,0.05,GroupAware2025,50.0,3.0562195452305376,34.800000000000004,47.69999999999998,25.99999999999998,,1.0
divvy,2,set_cal,2024-05-08,0.05,RobustImprovement2025,50.0,2.825446242304806,34.800000000000004,46.89999999999998,24.39999999999997,,1.0
divvy,2,set_cal,2024-05-08,0.1,StructuralRobust,100.0,55.53400820540421,54.79999999999996,71.89999999999996,33.199999999999996,0.0,1.0
divvy,2,set_cal,2024-05-08,0.1,ExpectedActionValue,100.0,43.50115164515494,13.2,15.8,4.0000000000000036,,1.0
divvy,2,set_cal,2024-05-08,0.1,PointwiseWorstAction,100.0,43.50178215919963,13.200000000000003,15.800000000000002,4.0,,1.0
divvy,2,set_cal,2024-05-08,0.1,ScenarioCVaR,100.0,43.50178215919963,13.200000000000003,15.800000000000002,4.0,,1.0
divvy,2,set_cal,2024-05-08,0.1,RiskFirst,100.0,5.5416524169782475,54.79999999999995,74.09999999999994,37.199999999999996,,1.0
divvy,2,set_cal,2024-05-08,0.1,TemporalContext2024,100.0,5.646910358036577,53.19999999999995,71.69999999999995,35.59999999999999,,1.0
divvy,2,set_cal,2024-05-08,0.1,NetworkPropagation2024,100.0,5.539421416490942,53.99999999999995,73.29999999999994,37.19999999999998,,1.0
divvy,2,set_cal,2024-05-08,0.1,CalibratedUncertainty2025,100.0,6.072351926906676,51.59999999999995,68.49999999999994,32.39999999999999,,1.0
divvy,2,set_cal,2024-05-08,0.1,MappedPTO2026,100.0,5.713309117296225,56.39999999999995,76.89999999999995,38.79999999999998,,1.0
divvy,2,set_cal,2024-05-08,0.1,GroupAware2025,100.0,5.944217268775318,54.79999999999995,74.09999999999994,37.199999999999996,,1.0
divvy,2,set_cal,2024-05-08,0.1,RobustImprovement2025,100.0,5.8822579920148685,53.99999999999995,73.29999999999994,37.19999999999997,,1.0
divvy,2,set_cal,2024-05-08,0.2,StructuralRobust,201.0,1.6459038042667178,77.99999999999989,103.29999999999988,45.199999999999974,0.0,1.0
divvy,2,set_cal,2024-05-08,0.2,ExpectedActionValue,201.0,54.34753399813186,29.60000000000001,38.2,15.199999999999989,,1.0
divvy,2,set_cal,2024-05-08,0.2,PointwiseWorstAction,201.0,54.378568107966736,28.00000000000001,35.400000000000006,13.599999999999984,,1.0
divvy,2,set_cal,2024-05-08,0.2,ScenarioCVaR,201.0,54.378568107966736,28.00000000000001,35.400000000000006,13.599999999999984,,1.0
divvy,2,set_cal,2024-05-08,0.2,RiskFirst,201.0,12.565109297845162,78.79999999999988,104.09999999999988,45.19999999999999,,1.0
divvy,2,set_cal,2024-05-08,0.2,TemporalContext2024,201.0,12.830056894921766,74.7999999999999,98.29999999999987,42.79999999999998,,1.0
divvy,2,set_cal,2024-05-08,0.2,NetworkPropagation2024,201.0,12.332553907813127,77.5999999999999,101.89999999999986,44.39999999999996,,1.0
divvy,2,set_cal,2024-05-08,0.2,CalibratedUncertainty2025,201.0,11.447190603812166,82.79999999999986,110.29999999999987,49.20000000000003,,1.0
divvy,2,set_cal,2024-05-08,0.2,MappedPTO2026,201.0,12.402480959259657,77.99999999999989,103.29999999999988,45.199999999999974,,1.0
divvy,2,set_cal,2024-05-08,0.2,GroupAware2025,201.0,11.329618043697451,75.5999999999999,100.29999999999988,44.39999999999999,,1.0
divvy,2,set_cal,2024-05-08,0.2,RobustImprovement2025,201.0,12.423570521496089,68.39999999999993,90.6999999999999,41.199999999999946,,1.0
divvy,2,set_cal,2024-05-09,0.01,StructuralRobust,7.0,0.09158273011832517,2.8000000000000003,2.8000000000000003,0.0,0.0,1.0
divvy,2,set_cal,2024-05-09,0.01,ExpectedActionValue,7.0,9.528213609927546,0.0,0.0,0.0,,1.0
divvy,2,set_cal,2024-05-09,0.01,PointwiseWorstAction,7.0,10.019876932287143,0.0,0.0,0.0,,1.0
divvy,2,set_cal,2024-05-09,0.01,ScenarioCVaR,7.0,10.019876932287143,0.0,0.0,0.0,,1.0
divvy,2,set_cal,2024-05-09,0.01,RiskFirst,7.0,1.1391417235065768,2.0,2.0,0.0,,1.0
divvy,2,set_cal,2024-05-09,0.01,TemporalContext2024,7.0,1.1667182787354513,2.0,2.0,0.0,,1.0
divvy,2,set_cal,2024-05-09,0.01,NetworkPropagation2024,7.0,1.110523858698414,2.0,2.0,0.0,,1.0
divvy,2,set_cal,2024-05-09,0.01,CalibratedUncertainty2025,7.0,1.1391417235065768,2.0,2.0,0.0,,1.0
divvy,2,set_cal,2024-05-09,0.01,MappedPTO2026,7.0,1.5809139041279736,2.8,2.8,0.0,,1.0
divvy,2,set_cal,2024-05-09,0.01,GroupAware2025,7.0,1.1391417235065768,2.0,2.0,0.0,,1.0
divvy,2,set_cal,2024-05-09,0.01,RobustImprovement2025,7.0,1.6371083241650108,2.8000000000000003,2.8000000000000003,0.0,,1.0
divvy,2,set_cal,2024-05-09,0.03,StructuralRobust,21.0,15.56205324215564,3.6000000000000005,3.6000000000000005,0.0,0.0,1.0
divvy,2,set_cal,2024-05-09,0.03,ExpectedActionValue,21.0,19.949209839847875,0.0,0.0,0.0,,1.0
divvy,2,set_cal,2024-05-09,0.03,PointwiseWorstAction,21.0,20.03731328125448,0.0,0.0,0.0,,1.0
divvy,2,set_cal,2024-05-09,0.03,ScenarioCVaR,21.0,20.03731328125448,0.0,0.0,0.0,,1.0
divvy,2,set_cal,2024-05-09,0.03,RiskFirst,21.0,2.115771286279451,4.3999999999999995,5.2,1.6000000000000005,,1.0
divvy,2,set_cal,2024-05-09,0.03,TemporalContext2024,21.0,2.115771286279451,4.3999999999999995,5.2,1.6000000000000005,,1.0
divvy,2,set_cal,2024-05-09,0.03,NetworkPropagation2024,21.0,2.807580723320519,4.3999999999999995,5.199999999999999,1.6000000000000005,,1.0
divvy,2,set_cal,2024-05-09,0.03,CalibratedUncertainty2025,21.0,2.1157712862794504,4.3999999999999995,5.199999999999999,1.6000000000000005,,1.0
divvy,2,set_cal,2024-05-09,0.03,MappedPTO2026,21.0,1.933411463140895,3.5999999999999996,4.4,1.6000000000000005,,1.0
divvy,2,set_cal,2024-05-09,0.03,GroupAware2025,21.0,2.166985674674344,4.3999999999999995,5.2,1.6000000000000005,,1.0
divvy,2,set_cal,2024-05-09,0.03,RobustImprovement2025,21.0,2.1157712862794504,4.4,5.2,1.6000000000000005,,1.0
divvy,2,set_cal,2024-05-09,0.05,StructuralRobust,36.0,22.029282632292198,10.0,10.8,1.6000000000000014,0.0,1.0
divvy,2,set_cal,2024-05-09,0.05,ExpectedActionValue,36.0,26.27333996872322,1.6,2.2,0.8000000000000003,,1.0
divvy,2,set_cal,2024-05-09,0.05,PointwiseWorstAction,36.0,26.386065407930495,1.6,2.2,0.8000000000000003,,1.0
divvy,2,set_cal,2024-05-09,0.05,ScenarioCVaR,36.0,26.386065407930495,1.6,2.2,0.8000000000000003,,1.0
divvy,2,set_cal,2024-05-09,0.05,RiskFirst,36.0,3.55456283953713,10.0,10.8,1.6000000000000014,,1.0
divvy,2,set_cal,2024-05-09,0.05,TemporalContext2024,36.0,2.9420315692067773,9.999999999999998,10.8,1.6000000000000032,,1.0
divvy,2,set_cal,2024-05-09,0.05,NetworkPropagation2024,36.0,3.3831573075192836,10.8,12.200000000000001,2.4000000000000004,,1.0
divvy,2,set_cal,2024-05-09,0.05,CalibratedUncertainty2025,36.0,3.288625382460232,8.799999999999999,10.200000000000001,2.400000000000002,,1.0
divvy,2,set_cal,2024-05-09,0.05,MappedPTO2026,36.0,3.5545628395371294,10.0,10.8,1.6000000000000014,,1.0
divvy,2,set_cal,2024-05-09,0.05,GroupAware2025,36.0,4.040714799665662,10.8,12.200000000000001,2.4000000000000004,,1.0
divvy,2,set_cal,2024-05-09,0.05,RobustImprovement2025,36.0,3.440784955471579,10.8,12.200000000000001,2.4000000000000004,,1.0
divvy,2,set_cal,2024-05-09,0.1,StructuralRobust,72.0,30.297692044221602,14.800000000000004,17.000000000000004,3.9999999999999964,0.0,1.0
divvy,2,set_cal,2024-05-09,0.1,ExpectedActionValue,72.0,34.94599538682649,3.2,4.6000000000000005,2.4000000000000004,,1.0
divvy,2,set_cal,2024-05-09,0.1,PointwiseWorstAction,72.0,35.026148978255165,2.4000000000000004,3.8000000000000003,2.4000000000000004,,1.0
divvy,2,set_cal,2024-05-09,0.1,ScenarioCVaR,72.0,35.026148978255165,2.4000000000000004,3.8000000000000003,2.4000000000000004,,1.0
divvy,2,set_cal,2024-05-09,0.1,RiskFirst,72.0,4.774754751550826,16.800000000000004,19.6,4.799999999999997,,1.0
divvy,2,set_cal,2024-05-09,0.1,TemporalContext2024,72.0,4.724706619409272,15.200000000000001,17.400000000000002,4.000000000000002,,1.0
divvy,2,set_cal,2024-05-09,0.1,NetworkPropagation2024,72.0,4.558978133514044,13.600000000000001,15.000000000000002,2.3999999999999986,,1.0
divvy,2,set_cal,2024-05-09,0.1,CalibratedUncertainty2025,72.0,5.750407464094206,15.200000000000001,17.400000000000002,4.000000000000002,,1.0
divvy,2,set_cal,2024-05-09,0.1,MappedPTO2026,72.0,4.724867734366797,16.800000000000004,19.6,4.799999999999997,,1.0
divvy,2,set_cal,2024-05-09,0.1,GroupAware2025,72.0,5.20742370882558,14.400000000000002,15.8,2.3999999999999986,,1.0
divvy,2,set_cal,2024-05-09,0.1,RobustImprovement2025,72.0,4.458388218787837,16.800000000000004,19.6,4.799999999999997,,1.0
divvy,2,set_cal,2024-05-09,0.2,StructuralRobust,143.0,0.9227112614271823,19.600000000000005,22.400000000000002,4.799999999999997,0.0,1.0
divvy,2,set_cal,2024-05-09,0.2,ExpectedActionValue,143.0,42.19886692857412,4.800000000000001,6.200000000000001,2.4000000000000004,,1.0
divvy,2,set_cal,2024-05-09,0.2,PointwiseWorstAction,143.0,42.26621012886978,4.800000000000001,6.200000000000001,2.4000000000000004,,1.0
divvy,2,set_cal,2024-05-09,0.2,ScenarioCVaR,143.0,42.26621012886978,4.800000000000001,6.200000000000001,2.4000000000000004,,1.0
divvy,2,set_cal,2024-05-09,0.2,RiskFirst,143.0,10.695807441063856,19.600000000000005,22.400000000000002,4.799999999999997,,1.0
divvy,2,set_cal,2024-05-09,0.2,TemporalContext2024,143.0,10.65391506139578,19.6,22.400000000000002,4.800000000000001,,1.0
divvy,2,set_cal,2024-05-09,0.2,NetworkPropagation2024,143.0,10.514138570953051,18.800000000000004,21.6,4.799999999999997,,1.0
divvy,2,set_cal,2024-05-09,0.2,CalibratedUncertainty2025,143.0,9.615227726226216,21.6,25.0,5.599999999999998,,1.0
divvy,2,set_cal,2024-05-09,0.2,MappedPTO2026,143.0,12.330037480449032,19.600000000000005,22.400000000000002,4.799999999999997,,1.0
divvy,2,set_cal,2024-05-09,0.2,GroupAware2025,143.0,11.42645093514708,16.800000000000004,19.6,4.799999999999997,,1.0
divvy,2,set_cal,2024-05-09,0.2,RobustImprovement2025,143.0,12.04937532864758,17.600000000000005,20.400000000000002,4.799999999999997,,1.0
divvy,2,set_cal,2024-05-10,0.01,StructuralRobust,10.0,0.1133587753400656,5.6,6.800000000000001,1.6000000000000014,0.0,1.0
divvy,2,set_cal,2024-05-10,0.01,ExpectedActionValue,10.0,10.682091246927124,1.6,1.6,0.0,,1.0
divvy,2,set_cal,2024-05-10,0.01,PointwiseWorstAction,10.0,11.090634195799138,1.6,1.6,0.0,,1.0
divvy,2,set_cal,2024-05-10,0.01,ScenarioCVaR,10.0,11.090634195799138,1.6,1.6,0.0,,1.0
divvy,2,set_cal,2024-05-10,0.01,RiskFirst,10.0,0.4738852575981743,7.2,9.8,4.000000000000001,,1.0
divvy,2,set_cal,2024-05-10,0.01,TemporalContext2024,10.0,0.4738852575981743,7.2,9.8,4.000000000000001,,1.0
divvy,2,set_cal,2024-05-10,0.01,NetworkPropagation2024,10.0,0.47285168157074153,7.2,9.8,4.000000000000001,,1.0
divvy,2,set_cal,2024-05-10,0.01,CalibratedUncertainty2025,10.0,0.5564490738396218,5.6,7.6000000000000005,3.200000000000001,,1.0
divvy,2,set_cal,2024-05-10,0.01,MappedPTO2026,10.0,0.4738852575981743,7.2,9.8,4.000000000000001,,1.0
divvy,2,set_cal,2024-05-10,0.01,GroupAware2025,10.0,0.4738852575981743,7.2,9.8,4.000000000000001,,1.0
divvy,2,set_cal,2024-05-10,0.01,RobustImprovement2025,10.0,0.6243080276505033,6.3999999999999995,8.2,2.4000000000000012,,1.0
divvy,2,set_cal,2024-05-10,0.03,StructuralRobust,29.0,18.400714923897244,13.600000000000001,17.400000000000002,5.600000000000005,0.0,1.0
divvy,2,set_cal,2024-05-10,0.03,ExpectedActionValue,29.0,23.734139344057247,2.8000000000000003,2.8000000000000003,0.0,,1.0
divvy,2,set_cal,2024-05-10,0.03,PointwiseWorstAction,29.0,23.858991594067103,2.8000000000000003,2.8000000000000003,0.0,,1.0
divvy,2,set_cal,2024-05-10,0.03,ScenarioCVaR,29.0,23.858991594067103,2.8000000000000003,2.8000000000000003,0.0,,1.0
divvy,2,set_cal,2024-05-10,0.03,RiskFirst,29.0,2.1705378369132804,12.800000000000004,16.600000000000005,5.599999999999998,,1.0
divvy,2,set_cal,2024-05-10,0.03,TemporalContext2024,29.0,1.9154699567781392,13.600000000000005,18.000000000000007,6.400000000000002,,1.0
divvy,2,set_cal,2024-05-10,0.03,NetworkPropagation2024,29.0,2.1705378369132804,12.000000000000004,16.600000000000005,7.199999999999999,,1.0
divvy,2,set_cal,2024-05-10,0.03,CalibratedUncertainty2025,29.0,1.8055993942065902,11.2,15.799999999999999,7.199999999999999,,1.0
divvy,2,set_cal,2024-05-10,0.03,MappedPTO2026,29.0,2.2553592832623455,13.600000000000003,18.000000000000004,6.4,,1.0
divvy,2,set_cal,2024-05-10,0.03,GroupAware2025,29.0,2.170537836913281,13.600000000000005,17.400000000000006,5.599999999999998,,1.0
divvy,2,set_cal,2024-05-10,0.03,RobustImprovement2025,29.0,1.4623970420039176,15.200000000000005,21.000000000000007,8.800000000000002,,1.0
divvy,2,set_cal,2024-05-10,0.05,StructuralRobust,48.0,25.835391249327404,20.000000000000007,26.60000000000001,10.400000000000006,0.0,1.0
divvy,2,set_cal,2024-05-10,0.05,ExpectedActionValue,48.0,30.912255591851746,2.8000000000000003,2.8000000000000003,0.0,,1.0
divvy,2,set_cal,2024-05-10,0.05,PointwiseWorstAction,48.0,31.307339981089797,2.8000000000000003,2.8000000000000003,0.0,,1.0
divvy,2,set_cal,2024-05-10,0.05,ScenarioCVaR,48.0,31.307339981089797,2.8000000000000003,2.8000000000000003,0.0,,1.0
divvy,2,set_cal,2024-05-10,0.05,RiskFirst,48.0,2.6263175885978844,20.00000000000001,26.600000000000012,10.399999999999995,,1.0
divvy,2,set_cal,2024-05-10,0.05,TemporalContext2024,48.0,2.6972950825105486,23.200000000000014,31.400000000000013,13.599999999999998,,1.0
divvy,2,set_cal,2024-05-10,0.05,NetworkPropagation2024,48.0,3.7004430345144996,20.000000000000007,27.400000000000013,12.0,,1.0
divvy,2,set_cal,2024-05-10,0.05,CalibratedUncertainty2025,48.0,2.3388780338414534,19.200000000000006,26.60000000000001,12.0,,1.0
divvy,2,set_cal,2024-05-10,0.05,MappedPTO2026,48.0,2.635531488475707,21.60000000000001,29.000000000000014,11.999999999999993,,1.0
divvy,2,set_cal,2024-05-10,0.05,GroupAware2025,48.0,2.634420582910802,19.20000000000001,25.80000000000001,10.399999999999995,,1.0
divvy,2,set_cal,2024-05-10,0.05,RobustImprovement2025,48.0,2.7142905233633834,20.000000000000007,26.60000000000001,10.400000000000002,,1.0
divvy,2,set_cal,2024-05-10,0.1,StructuralRobust,97.0,36.39107691516046,30.400000000000016,40.40000000000001,15.999999999999982,0.0,1.0
divvy,2,set_cal,2024-05-10,0.1,ExpectedActionValue,97.0,41.91416497266339,6.800000000000001,6.800000000000001,0.0,,1.0
divvy,2,set_cal,2024-05-10,0.1,PointwiseWorstAction,97.0,42.16257577027236,6.800000000000001,6.800000000000001,0.0,,1.0
divvy,2,set_cal,2024-05-10,0.1,ScenarioCVaR,97.0,42.16257577027236,6.800000000000001,6.800000000000001,0.0,,1.0
divvy,2,set_cal,2024-05-10,0.1,RiskFirst,97.0,7.5538172438422535,32.80000000000002,43.40000000000001,16.799999999999983,,1.0
divvy,2,set_cal,2024-05-10,0.1,TemporalContext2024,97.0,5.328794975897988,28.80000000000002,38.80000000000001,15.999999999999986,,1.0
divvy,2,set_cal,2024-05-10,0.1,NetworkPropagation2024,97.0,6.123220542149725,29.600000000000016,39.60000000000001,15.999999999999979,,1.0
divvy,2,set_cal,2024-05-10,0.1,CalibratedUncertainty2025,97.0,5.002525047476208,30.400000000000016,40.400000000000006,15.999999999999975,,1.0
divvy,2,set_cal,2024-05-10,0.1,MappedPTO2026,97.0,7.492760190370058,31.200000000000017,41.80000000000001,16.799999999999983,,1.0
divvy,2,set_cal,2024-05-10,0.1,GroupAware2025,97.0,5.737596387166333,32.80000000000002,43.40000000000001,16.799999999999983,,1.0
divvy,2,set_cal,2024-05-10,0.1,RobustImprovement2025,97.0,7.580248817917017,29.600000000000016,40.20000000000002,16.79999999999999,,1.0
divvy,2,set_cal,2024-05-10,0.2,StructuralRobust,194.0,1.1904513795533047,48.80000000000001,64.30000000000001,25.19999999999996,0.0,1.0
divvy,2,set_cal,2024-05-10,0.2,ExpectedActionValue,194.0,51.36888340961286,19.600000000000005,23.500000000000007,6.0,,1.0
divvy,2,set_cal,2024-05-10,0.2,PointwiseWorstAction,194.0,51.489414670156606,18.000000000000004,20.500000000000007,3.6000000000000014,,1.0
divvy,2,set_cal,2024-05-10,0.2,ScenarioCVaR,194.0,51.489414670156606,18.000000000000004,20.500000000000007,3.6000000000000014,,1.0
divvy,2,set_cal,2024-05-10,0.2,RiskFirst,194.0,13.090284721727901,47.20000000000002,61.900000000000006,23.599999999999966,,1.0
divvy,2,set_cal,2024-05-10,0.2,TemporalContext2024,194.0,14.709878872563225,44.000000000000014,58.10000000000001,22.799999999999983,,1.0
divvy,2,set_cal,2024-05-10,0.2,NetworkPropagation2024,194.0,14.009107493084368,41.60000000000001,53.400000000000006,18.399999999999984,,1.0
divvy,2,set_cal,2024-05-10,0.2,CalibratedUncertainty2025,194.0,12.980402909628054,56.0,71.79999999999998,25.599999999999966,,1.0
divvy,2,set_cal,2024-05-10,0.2,MappedPTO2026,194.0,15.239325054525585,48.80000000000001,64.30000000000001,25.19999999999996,,1.0
divvy,2,set_cal,2024-05-10,0.2,GroupAware2025,194.0,11.618646494526203,44.80000000000002,58.300000000000004,21.999999999999964,,1.0
divvy,2,set_cal,2024-05-10,0.2,RobustImprovement2025,194.0,12.710805800379264,34.40000000000001,45.60000000000001,17.599999999999987,,1.0
divvy,2,set_cal,2024-05-11,0.01,StructuralRobust,9.0,0.07560152892816846,2.4000000000000004,3.6,1.5999999999999996,0.0,1.0
divvy,2,set_cal,2024-05-11,0.01,ExpectedActionValue,9.0,9.72130124262673,0.8,0.8,0.0,,1.0
divvy,2,set_cal,2024-05-11,0.01,PointwiseWorstAction,9.0,10.007116798094133,0.0,0.0,0.0,,1.0
divvy,2,set_cal,2024-05-11,0.01,ScenarioCVaR,9.0,10.007116798094133,0.0,0.0,0.0,,1.0
divvy,2,set_cal,2024-05-11,0.01,RiskFirst,9.0,0.016311061123108875,1.6,2.8,1.6,,1.0
divvy,2,set_cal,2024-05-11,0.01,TemporalContext2024,9.0,0.016311061123108875,1.6,2.8,1.6,,1.0
divvy,2,set_cal,2024-05-11,0.01,NetworkPropagation2024,9.0,0.016311061123108875,0.0,0.0,0.0,,1.0
divvy,2,set_cal,2024-05-11,0.01,CalibratedUncertainty2025,9.0,0.08665993052852218,1.6,2.2,0.8000000000000003,,1.0
divvy,2,set_cal,2024-05-11,0.01,MappedPTO2026,9.0,0.016759120260795225,0.0,0.0,0.0,,1.0
divvy,2,set_cal,2024-05-11,0.01,GroupAware2025,9.0,0.016311061123108875,1.6,2.8,1.6,,1.0
divvy,2,set_cal,2024-05-11,0.01,RobustImprovement2025,9.0,0.0004480591376863502,1.6,2.8,1.6,,1.0
divvy,2,set_cal,2024-05-11,0.03,StructuralRobust,28.0,13.988252234448112,7.199999999999999,10.0,4.800000000000001,0.0,1.0
divvy,2,set_cal,2024-05-11,0.03,ExpectedActionValue,28.0,20.618636142221295,0.8,0.8,0.0,,1.0
divvy,2,set_cal,2024-05-11,0.03,PointwiseWorstAction,28.0,21.08564709231594,0.8,0.8,0.0,,1.0
divvy,2,set_cal,2024-05-11,0.03,ScenarioCVaR,28.0,21.08564709231594,0.8,0.8,0.0,,1.0
divvy,2,set_cal,2024-05-11,0.03,RiskFirst,28.0,1.4404338825167557,4.8,5.999999999999999,1.5999999999999996,,1.0
divvy,2,set_cal,2024-05-11,0.03,TemporalContext2024,28.0,1.6878910842104693,4.0,5.199999999999999,1.5999999999999996,,1.0
divvy,2,set_cal,2024-05-11,0.03,NetworkPropagation2024,28.0,1.3832737846363399,2.4000000000000004,3.6,1.5999999999999996,,1.0
divvy,2,set_cal,2024-05-11,0.03,CalibratedUncertainty2025,28.0,2.3501616705413815,7.199999999999999,9.0,2.4000000000000004,,1.0
divvy,2,set_cal,2024-05-11,0.03,MappedPTO2026,28.0,1.3123701681019448,3.2,4.4,1.5999999999999996,,1.0
divvy,2,set_cal,2024-05-11,0.03,GroupAware2025,28.0,1.4404338825167555,4.8,5.999999999999999,1.5999999999999996,,1.0
divvy,2,set_cal,2024-05-11,0.03,RobustImprovement2025,28.0,1.665963775075588,5.6,7.4,2.4000000000000004,,1.0
divvy,2,set_cal,2024-05-11,0.05,StructuralRobust,47.0,19.172259103489264,10.4,13.8,5.6,0.0,1.0
divvy,2,set_cal,2024-05-11,0.05,ExpectedActionValue,47.0,27.943334984801414,1.6,2.4000000000000004,1.6,,1.0
divvy,2,set_cal,2024-05-11,0.05,PointwiseWorstAction,47.0,28.255759154796973,1.6,2.4000000000000004,1.6,,1.0
divvy,2,set_cal,2024-05-11,0.05,ScenarioCVaR,47.0,28.255759154796973,1.6,2.4000000000000004,1.6,,1.0
divvy,2,set_cal,2024-05-11,0.05,RiskFirst,47.0,2.8846149698811105,8.799999999999999,11.600000000000001,4.8000000000000025,,1.0
divvy,2,set_cal,2024-05-11,0.05,TemporalContext2024,47.0,2.4876837716831948,6.3999999999999995,7.6,1.5999999999999996,,1.0
divvy,2,set_cal,2024-05-11,0.05,NetworkPropagation2024,47.0,2.5209930870751136,4.8,5.999999999999999,1.5999999999999996,,1.0
divvy,2,set_cal,2024-05-11,0.05,CalibratedUncertainty2025,47.0,3.9327648749348096,12.000000000000002,14.8,4.799999999999999,,1.0
divvy,2,set_cal,2024-05-11,0.05,MappedPTO2026,47.0,2.7952692661301928,8.0,10.8,4.800000000000001,,1.0
divvy,2,set_cal,2024-05-11,0.05,GroupAware2025,47.0,2.839912807600327,7.999999999999999,9.8,2.400000000000003,,1.0
divvy,2,set_cal,2024-05-11,0.05,RobustImprovement2025,47.0,2.708690098389169,7.999999999999999,10.4,3.200000000000002,,1.0
divvy,2,set_cal,2024-05-11,0.1,StructuralRobust,94.0,26.402098405981434,18.400000000000006,24.200000000000003,8.799999999999997,0.0,1.0
divvy,2,set_cal,2024-05-11,0.1,ExpectedActionValue,94.0,38.381703162481635,9.600000000000001,12.900000000000002,5.199999999999999,,1.0
divvy,2,set_cal,2024-05-11,0.1,PointwiseWorstAction,94.0,38.472019247137354,8.0,11.3,5.200000000000001,,1.0
divvy,2,set_cal,2024-05-11,0.1,ScenarioCVaR,94.0,38.472019247137354,8.0,11.3,5.200000000000001,,1.0
divvy,2,set_cal,2024-05-11,0.1,RiskFirst,94.0,4.750968124315698,15.200000000000005,20.400000000000006,8.000000000000005,,1.0
divvy,2,set_cal,2024-05-11,0.1,TemporalContext2024,94.0,6.866848170732074,14.400000000000004,19.000000000000007,7.200000000000001,,1.0
divvy,2,set_cal,2024-05-11,0.1,NetworkPropagation2024,94.0,5.2683246556054595,15.200000000000003,19.800000000000008,7.200000000000006,,1.0
divvy,2,set_cal,2024-05-11,0.1,CalibratedUncertainty2025,94.0,6.339306167296662,22.000000000000007,29.000000000000007,10.400000000000006,,1.0
divvy,2,set_cal,2024-05-11,0.1,MappedPTO2026,94.0,6.047111997622186,13.600000000000005,17.60000000000001,6.400000000000002,,1.0
divvy,2,set_cal,2024-05-11,0.1,GroupAware2025,94.0,5.438142393365643,16.800000000000004,22.000000000000007,8.000000000000004,,1.0
divvy,2,set_cal,2024-05-11,0.1,RobustImprovement2025,94.0,4.743752603193351,18.800000000000004,24.60000000000001,8.800000000000004,,1.0
divvy,2,set_cal,2024-05-11,0.2,StructuralRobust,189.0,0.8884144239564341,27.600000000000016,35.20000000000001,11.199999999999989,0.0,1.0
divvy,2,set_cal,2024-05-11,0.2,ExpectedActionValue,189.0,47.38582732373177,16.800000000000008,22.10000000000001,8.400000000000002,,1.0
divvy,2,set_cal,2024-05-11,0.2,PointwiseWorstAction,189.0,47.31898927475624,17.600000000000005,22.90000000000001,8.400000000000006,,1.0
divvy,2,set_cal,2024-05-11,0.2,ScenarioCVaR,189.0,47.31898927475624,17.600000000000005,22.90000000000001,8.400000000000006,,1.0
divvy,2,set_cal,2024-05-11,0.2,RiskFirst,189.0,11.688158312303617,29.200000000000014,36.20000000000002,10.399999999999995,,1.0
divvy,2,set_cal,2024-05-11,0.2,TemporalContext2024,189.0,12.220111404523625,25.20000000000001,32.20000000000002,10.399999999999999,,1.0
divvy,2,set_cal,2024-05-11,0.2,NetworkPropagation2024,189.0,10.782233561986386,28.400000000000013,35.40000000000001,10.399999999999999,,1.0
divvy,2,set_cal,2024-05-11,0.2,CalibratedUncertainty2025,189.0,9.848922450294173,38.4,49.1,15.599999999999994,,1.0
divvy,2,set_cal,2024-05-11,0.2,MappedPTO2026,189.0,11.102645145634838,27.600000000000016,35.20000000000001,11.199999999999989,,1.0
divvy,2,set_cal,2024-05-11,0.2,GroupAware2025,189.0,11.45039642555433,24.80000000000001,30.600000000000012,8.799999999999997,,1.0
divvy,2,set_cal,2024-05-11,0.2,RobustImprovement2025,189.0,9.89088515428665,20.400000000000006,26.20000000000001,8.800000000000004,,1.0
divvy,2,set_cal,2024-05-12,0.01,StructuralRobust,10.0,0.07858870222362112,9.600000000000001,12.200000000000001,4.0,0.0,1.0
divvy,2,set_cal,2024-05-12,0.01,ExpectedActionValue,10.0,15.007425904850464,0.0,0.0,0.0,,1.0
divvy,2,set_cal,2024-05-12,0.01,PointwiseWorstAction,10.0,15.32846792501865,0.0,0.0,0.0,,1.0
divvy,2,set_cal,2024-05-12,0.01,ScenarioCVaR,10.0,15.32846792501865,0.0,0.0,0.0,,1.0
divvy,2,set_cal,2024-05-12,0.01,RiskFirst,10.0,1.4566816659932862,11.200000000000003,13.8,3.9999999999999982,,1.0
divvy,2,set_cal,2024-05-12,0.01,TemporalContext2024,10.0,1.4566816659932862,10.400000000000004,13.600000000000001,4.799999999999997,,1.0
divvy,2,set_cal,2024-05-12,0.01,NetworkPropagation2024,10.0,1.1600471321635413,5.6000000000000005,6.199999999999999,0.7999999999999998,,1.0
divvy,2,set_cal,2024-05-12,0.01,CalibratedUncertainty2025,10.0,1.6199228949470428,8.8,10.600000000000001,2.4000000000000004,,1.0
divvy,2,set_cal,2024-05-12,0.01,MappedPTO2026,10.0,1.4548080423501213,11.200000000000003,13.8,3.9999999999999982,,1.0
divvy,2,set_cal,2024-05-12,0.01,GroupAware2025,10.0,1.626221334580447,10.400000000000002,12.2,2.3999999999999986,,1.0
divvy,2,set_cal,2024-05-12,0.01,RobustImprovement2025,10.0,1.6686437816370678,9.600000000000001,12.200000000000001,4.0,,1.0
divvy,2,set_cal,2024-05-12,0.03,StructuralRobust,30.0,16.815215540944575,23.20000000000001,30.200000000000006,10.399999999999999,0.0,1.0
divvy,2,set_cal,2024-05-12,0.03,ExpectedActionValue,30.0,28.355862345354335,0.0,0.0,0.0,,1.0
divvy,2,set_cal,2024-05-12,0.03,PointwiseWorstAction,30.0,28.614182304649418,0.0,0.0,0.0,,1.0
divvy,2,set_cal,2024-05-12,0.03,ScenarioCVaR,30.0,28.614182304649418,0.0,0.0,0.0,,1.0
divvy,2,set_cal,2024-05-12,0.03,RiskFirst,30.0,2.326149250419739,16.000000000000004,21.000000000000004,7.200000000000003,,1.0
divvy,2,set_cal,2024-05-12,0.03,TemporalContext2024,30.0,2.345542494349635,16.000000000000004,21.000000000000004,7.200000000000003,,1.0
divvy,2,set_cal,2024-05-12,0.03,NetworkPropagation2024,30.0,1.8037133105969396,13.600000000000005,17.400000000000002,5.599999999999998,,1.0
divvy,2,set_cal,2024-05-12,0.03,CalibratedUncertainty2025,30.0,2.9980537457841074,19.200000000000006,24.000000000000007,6.399999999999999,,1.0
divvy,2,set_cal,2024-05-12,0.03,MappedPTO2026,30.0,2.2821701725758077,17.600000000000005,23.400000000000002,8.799999999999997,,1.0
divvy,2,set_cal,2024-05-12,0.03,GroupAware2025,30.0,2.3247006060002833,16.800000000000004,21.800000000000004,7.200000000000003,,1.0
divvy,2,set_cal,2024-05-12,0.03,RobustImprovement2025,30.0,2.1393542792862514,19.200000000000003,25.6,9.600000000000001,,1.0
divvy,2,set_cal,2024-05-12,0.05,StructuralRobust,50.0,23.14148725976019,31.200000000000017,39.400000000000006,11.999999999999986,0.0,1.0
divvy,2,set_cal,2024-05-12,0.05,ExpectedActionValue,50.0,37.13134607283259,5.6000000000000005,7.0,2.4000000000000012,,1.0
divvy,2,set_cal,2024-05-12,0.05,PointwiseWorstAction,50.0,37.32842606019584,5.6000000000000005,7.6000000000000005,3.2,,1.0
divvy,2,set_cal,2024-05-12,0.05,ScenarioCVaR,50.0,37.32842606019584,5.6000000000000005,7.6000000000000005,3.2,,1.0
divvy,2,set_cal,2024-05-12,0.05,RiskFirst,50.0,4.064524108443785,26.400000000000013,34.0,11.199999999999982,,1.0
divvy,2,set_cal,2024-05-12,0.05,TemporalContext2024,50.0,4.035024630349094,25.600000000000012,32.6,10.399999999999988,,1.0
divvy,2,set_cal,2024-05-12,0.05,NetworkPropagation2024,50.0,3.3058551878537763,23.200000000000014,30.200000000000003,10.399999999999988,,1.0
divvy,2,set_cal,2024-05-12,0.05,CalibratedUncertainty2025,50.0,3.948167109971143,26.400000000000013,34.000000000000014,11.199999999999996,,1.0
divvy,2,set_cal,2024-05-12,0.05,MappedPTO2026,50.0,3.6995159685777583,25.600000000000012,33.2,11.199999999999992,,1.0
divvy,2,set_cal,2024-05-12,0.05,GroupAware2025,50.0,3.6267948888950343,24.80000000000001,32.400000000000006,11.200000000000003,,1.0
divvy,2,set_cal,2024-05-12,0.05,RobustImprovement2025,50.0,3.1064737752770397,25.60000000000001,33.2,11.199999999999989,,1.0
divvy,2,set_cal,2024-05-12,0.1,StructuralRobust,99.0,31.705926735959604,37.60000000000001,47.19999999999999,14.399999999999977,0.0,1.0
divvy,2,set_cal,2024-05-12,0.1,ExpectedActionValue,99.0,49.99416924099263,15.200000000000003,19.700000000000003,7.600000000000001,,1.0
divvy,2,set_cal,2024-05-12,0.1,PointwiseWorstAction,99.0,50.00385748626179,13.600000000000001,16.500000000000004,4.400000000000002,,1.0
divvy,2,set_cal,2024-05-12,0.1,ScenarioCVaR,99.0,50.00385748626179,13.600000000000001,16.500000000000004,4.400000000000002,,1.0
divvy,2,set_cal,2024-05-12,0.1,RiskFirst,99.0,5.7525188835965375,35.20000000000001,44.99999999999999,15.199999999999974,,1.0
divvy,2,set_cal,2024-05-12,0.1,TemporalContext2024,99.0,6.422025096416083,33.600000000000016,42.6,13.59999999999998,,1.0
divvy,2,set_cal,2024-05-12,0.1,NetworkPropagation2024,99.0,5.758676373193102,32.80000000000002,42.0,14.39999999999997,,1.0
divvy,2,set_cal,2024-05-12,0.1,CalibratedUncertainty2025,99.0,4.9301462026925265,36.80000000000001,47.4,16.79999999999999,,1.0
divvy,2,set_cal,2024-05-12,0.1,MappedPTO2026,99.0,5.668252684065848,32.80000000000001,41.800000000000004,13.599999999999987,,1.0
divvy,2,set_cal,2024-05-12,0.1,GroupAware2025,99.0,5.7423001340334485,35.20000000000002,45.0,15.199999999999982,,1.0
divvy,2,set_cal,2024-05-12,0.1,RobustImprovement2025,99.0,5.5155879278453295,36.0,45.59999999999999,14.399999999999984,,1.0
divvy,2,set_cal,2024-05-12,0.2,StructuralRobust,198.0,1.0098183999470889,51.99999999999997,66.79999999999997,24.000000000000014,0.0,1.0
divvy,2,set_cal,2024-05-12,0.2,ExpectedActionValue,198.0,59.86452181957253,25.60000000000001,33.50000000000001,13.199999999999996,,1.0
divvy,2,set_cal,2024-05-12,0.2,PointwiseWorstAction,198.0,60.08530743977531,26.400000000000006,34.300000000000004,13.199999999999996,,1.0
divvy,2,set_cal,2024-05-12,0.2,ScenarioCVaR,198.0,60.08530743977531,26.400000000000006,34.300000000000004,13.199999999999996,,1.0
divvy,2,set_cal,2024-05-12,0.2,RiskFirst,198.0,11.061378826366342,53.59999999999998,69.39999999999996,26.399999999999977,,1.0
divvy,2,set_cal,2024-05-12,0.2,TemporalContext2024,198.0,9.815565134194284,51.19999999999998,64.99999999999997,21.599999999999973,,1.0
divvy,2,set_cal,2024-05-12,0.2,NetworkPropagation2024,198.0,12.482762170772705,45.599999999999994,57.199999999999974,17.599999999999973,,1.0
divvy,2,set_cal,2024-05-12,0.2,CalibratedUncertainty2025,198.0,9.692261116517376,59.19999999999997,75.19999999999997,25.6,,1.0
divvy,2,set_cal,2024-05-12,0.2,MappedPTO2026,198.0,9.768599425570105,51.99999999999997,66.79999999999997,24.000000000000014,,1.0
divvy,2,set_cal,2024-05-12,0.2,GroupAware2025,198.0,13.057909034571054,49.59999999999999,63.79999999999998,23.199999999999996,,1.0
divvy,2,set_cal,2024-05-12,0.2,RobustImprovement2025,198.0,10.275315300843419,44.79999999999999,59.399999999999984,23.19999999999998,,1.0
divvy,2,set_cal,2024-05-13,0.01,StructuralRobust,9.0,0.21439337710964293,12.0,17.0,10.400000000000002,0.0,1.0
divvy,2,set_cal,2024-05-13,0.01,ExpectedActionValue,9.0,10.734641552774004,0.0,0.0,0.0,,1.0
divvy,2,set_cal,2024-05-13,0.01,PointwiseWorstAction,9.0,11.343299186910428,0.0,0.0,0.0,,1.0
divvy,2,set_cal,2024-05-13,0.01,ScenarioCVaR,9.0,11.343299186910428,0.0,0.0,0.0,,1.0
divvy,2,set_cal,2024-05-13,0.01,RiskFirst,9.0,0.0706401350855615,12.0,17.0,10.400000000000002,,1.0
divvy,2,set_cal,2024-05-13,0.01,TemporalContext2024,9.0,0.0706401350855615,12.0,17.000000000000004,10.400000000000002,,1.0
divvy,2,set_cal,2024-05-13,0.01,NetworkPropagation2024,9.0,0.021591176370094223,11.2,16.2,10.400000000000002,,1.0
divvy,2,set_cal,2024-05-13,0.01,CalibratedUncertainty2025,9.0,0.021591176370094223,11.2,16.2,10.400000000000002,,1.0
divvy,2,set_cal,2024-05-13,0.01,MappedPTO2026,9.0,0.061792941411881824,11.2,16.2,10.400000000000002,,1.0
divvy,2,set_cal,2024-05-13,0.01,GroupAware2025,9.0,0.0596300912251096,12.799999999999999,18.4,11.200000000000001,,1.0
divvy,2,set_cal,2024-05-13,0.01,RobustImprovement2025,9.0,0.026252735499351344,12.0,17.0,10.400000000000002,,1.0
divvy,2,set_cal,2024-05-13,0.03,StructuralRobust,28.0,30.34447713296441,21.6,28.2,13.600000000000001,0.0,1.0
divvy,2,set_cal,2024-05-13,0.03,ExpectedActionValue,28.0,22.375140756660375,5.6000000000000005,7.4,2.3999999999999995,,1.0
divvy,2,set_cal,2024-05-13,0.03,PointwiseWorstAction,28.0,22.764465832980047,4.0,4.6000000000000005,0.8000000000000007,,1.0
divvy,2,set_cal,2024-05-13,0.03,ScenarioCVaR,28.0,22.764465832980047,4.0,4.6000000000000005,0.8000000000000007,,1.0
divvy,2,set_cal,2024-05-13,0.03,RiskFirst,28.0,1.3652811362794857,24.800000000000008,32.2,15.199999999999978,,1.0
divvy,2,set_cal,2024-05-13,0.03,TemporalContext2024,28.0,1.3652811362794857,24.800000000000008,32.2,15.199999999999985,,1.0
divvy,2,set_cal,2024-05-13,0.03,NetworkPropagation2024,28.0,0.9329309259547083,25.60000000000001,33.3,15.59999999999998,,1.0
divvy,2,set_cal,2024-05-13,0.03,CalibratedUncertainty2025,28.0,1.3098919337850254,23.200000000000006,30.6,15.199999999999985,,1.0
divvy,2,set_cal,2024-05-13,0.03,MappedPTO2026,28.0,1.4423762112008252,26.40000000000001,34.10000000000001,15.599999999999977,,1.0
divvy,2,set_cal,2024-05-13,0.03,GroupAware2025,28.0,1.4157462421754168,24.800000000000008,32.2,15.199999999999978,,1.0
divvy,2,set_cal,2024-05-13,0.03,RobustImprovement2025,28.0,1.6579880015406478,24.000000000000007,31.400000000000006,15.199999999999982,,1.0
divvy,2,set_cal,2024-05-13,0.05,StructuralRobust,47.0,40.91466045647855,36.80000000000001,46.0,17.59999999999998,0.0,1.0
divvy,2,set_cal,2024-05-13,0.05,ExpectedActionValue,47.0,30.621785028353855,7.2,9.8,4.000000000000001,,1.0
divvy,2,set_cal,2024-05-13,0.05,PointwiseWorstAction,47.0,30.816463587638204,7.199999999999999,9.8,4.0,,1.0
divvy,2,set_cal,2024-05-13,0.05,ScenarioCVaR,47.0,30.816463587638204,7.199999999999999,9.8,4.0,,1.0
divvy,2,set_cal,2024-05-13,0.05,RiskFirst,47.0,3.9738586319107556,31.200000000000014,39.8,16.799999999999965,,1.0
divvy,2,set_cal,2024-05-13,0.05,TemporalContext2024,47.0,4.451552561994768,30.400000000000013,39.0,16.799999999999976,,1.0
divvy,2,set_cal,2024-05-13,0.05,NetworkPropagation2024,47.0,4.3603337059636225,30.400000000000013,39.0,16.79999999999997,,1.0
divvy,2,set_cal,2024-05-13,0.05,CalibratedUncertainty2025,47.0,2.524377463040144,30.400000000000013,38.4,15.999999999999972,,1.0
divvy,2,set_cal,2024-05-13,0.05,MappedPTO2026,47.0,3.9738586319107556,31.200000000000014,40.4,17.59999999999997,,1.0
divvy,2,set_cal,2024-05-13,0.05,GroupAware2025,47.0,4.000505466860512,32.80000000000001,42.0,17.599999999999966,,1.0
divvy,2,set_cal,2024-05-13,0.05,RobustImprovement2025,47.0,2.2257030536920825,34.400000000000006,43.9,17.99999999999998,,1.0
divvy,2,set_cal,2024-05-13,0.1,StructuralRobust,95.0,54.75500749898855,51.2,63.2,21.599999999999994,0.0,1.0
divvy,2,set_cal,2024-05-13,0.1,ExpectedActionValue,95.0,41.19544678811562,9.600000000000001,12.8,4.800000000000001,,1.0
divvy,2,set_cal,2024-05-13,0.1,PointwiseWorstAction,95.0,41.61399592503175,9.6,12.8,4.800000000000001,,1.0
divvy,2,set_cal,2024-05-13,0.1,ScenarioCVaR,95.0,41.61399592503175,9.6,12.8,4.800000000000001,,1.0
divvy,2,set_cal,2024-05-13,0.1,RiskFirst,95.0,6.303337362118151,49.599999999999994,62.999999999999986,23.99999999999997,,1.0
divvy,2,set_cal,2024-05-13,0.1,TemporalContext2024,95.0,6.201103334415431,50.39999999999999,62.99999999999997,22.399999999999977,,1.0
divvy,2,set_cal,2024-05-13,0.1,NetworkPropagation2024,95.0,6.150267320957424,45.599999999999994,56.39999999999998,19.99999999999997,,1.0
divvy,2,set_cal,2024-05-13,0.1,CalibratedUncertainty2025,95.0,5.2606261043863825,52.79999999999998,65.99999999999997,23.199999999999974,,1.0
divvy,2,set_cal,2024-05-13,0.1,MappedPTO2026,95.0,5.793178335269231,47.99999999999999,60.59999999999998,22.39999999999997,,1.0
divvy,2,set_cal,2024-05-13,0.1,GroupAware2025,95.0,7.214505816093174,46.4,57.69999999999999,20.39999999999997,,1.0
divvy,2,set_cal,2024-05-13,0.1,RobustImprovement2025,95.0,5.720476561075023,51.19999999999999,64.49999999999997,23.599999999999966,,1.0
divvy,2,set_cal,2024-05-13,0.2,StructuralRobust,190.0,1.5760358194794817,65.59999999999997,83.09999999999994,30.79999999999997,0.0,1.0
divvy,2,set_cal,2024-05-13,0.2,ExpectedActionValue,190.0,49.75133033905908,22.40000000000001,30.10000000000001,12.399999999999995,,1.0
divvy,2,set_cal,2024-05-13,0.2,PointwiseWorstAction,190.0,49.84192124977693,20.800000000000004,26.600000000000005,9.600000000000001,,1.0
divvy,2,set_cal,2024-05-13,0.2,ScenarioCVaR,190.0,49.84192124977693,20.800000000000004,26.600000000000005,9.600000000000001,,1.0
divvy,2,set_cal,2024-05-13,0.2,RiskFirst,190.0,12.80788881352792,65.59999999999997,81.69999999999996,28.399999999999963,,1.0
divvy,2,set_cal,2024-05-13,0.2,TemporalContext2024,190.0,12.925071583774068,61.59999999999997,77.49999999999996,27.599999999999973,,1.0
divvy,2,set_cal,2024-05-13,0.2,NetworkPropagation2024,190.0,11.870093117419048,63.199999999999974,80.49999999999994,29.999999999999957,,1.0
divvy,2,set_cal,2024-05-13,0.2,CalibratedUncertainty2025,190.0,16.681258388173987,77.59999999999992,98.89999999999989,36.39999999999998,,1.0
divvy,2,set_cal,2024-05-13,0.2,MappedPTO2026,190.0,12.954366651873343,65.59999999999997,83.09999999999994,30.79999999999997,,1.0
divvy,2,set_cal,2024-05-13,0.2,GroupAware2025,190.0,12.327817865035168,58.39999999999998,72.49999999999996,25.199999999999974,,1.0
divvy,2,set_cal,2024-05-13,0.2,RobustImprovement2025,190.0,11.6369499497625,56.799999999999976,70.09999999999997,23.59999999999996,,1.0
divvy,2,set_cal,2024-05-14,0.01,StructuralRobust,9.0,0.19179664130434843,8.8,12.399999999999999,8.0,0.0,1.0
divvy,2,set_cal,2024-05-14,0.01,ExpectedActionValue,9.0,11.498063671551044,2.4000000000000004,3.2,1.5999999999999996,,1.0
divvy,2,set_cal,2024-05-14,0.01,PointwiseWorstAction,9.0,11.988063050293244,1.6,1.6,0.0,,1.0
divvy,2,set_cal,2024-05-14,0.01,ScenarioCVaR,9.0,11.988063050293244,1.6,1.6,0.0,,1.0
divvy,2,set_cal,2024-05-14,0.01,RiskFirst,9.0,0.7697906736144675,9.600000000000001,13.8,8.8,,1.0
divvy,2,set_cal,2024-05-14,0.01,TemporalContext2024,9.0,0.530468587599887,10.4,14.6,8.800000000000002,,1.0
divvy,2,set_cal,2024-05-14,0.01,NetworkPropagation2024,9.0,0.530468587599887,10.4,14.6,8.800000000000002,,1.0
divvy,2,set_cal,2024-05-14,0.01,CalibratedUncertainty2025,9.0,0.5305345055051369,9.6,13.2,8.000000000000002,,1.0
divvy,2,set_cal,2024-05-14,0.01,MappedPTO2026,9.0,0.530468587599887,10.4,14.6,8.800000000000002,,1.0
divvy,2,set_cal,2024-05-14,0.01,GroupAware2025,9.0,0.7697906736144675,9.600000000000001,13.8,8.8,,1.0
divvy,2,set_cal,2024-05-14,0.01,RobustImprovement2025,9.0,0.7697906736144675,10.4,14.0,8.000000000000002,,1.0
divvy,2,set_cal,2024-05-14,0.03,StructuralRobust,26.0,25.43191097735362,19.600000000000005,24.100000000000005,9.200000000000003,0.0,1.0
divvy,2,set_cal,2024-05-14,0.03,ExpectedActionValue,26.0,23.57549040695462,7.6000000000000005,10.400000000000002,4.800000000000002,,1.0
divvy,2,set_cal,2024-05-14,0.03,PointwiseWorstAction,26.0,23.957608960488386,5.200000000000001,6.800000000000002,3.200000000000001,,1.0
divvy,2,set_cal,2024-05-14,0.03,ScenarioCVaR,26.0,23.957608960488386,5.200000000000001,6.800000000000002,3.200000000000001,,1.0
divvy,2,set_cal,2024-05-14,0.03,RiskFirst,26.0,1.5494509874951663,20.400000000000006,25.500000000000007,10.000000000000004,,1.0
divvy,2,set_cal,2024-05-14,0.03,TemporalContext2024,26.0,1.5219368295897693,20.000000000000007,25.10000000000001,10.000000000000004,,1.0
divvy,2,set_cal,2024-05-14,0.03,NetworkPropagation2024,26.0,2.284360213259558,15.200000000000001,20.3,10.000000000000002,,1.0
divvy,2,set_cal,2024-05-14,0.03,CalibratedUncertainty2025,26.0,2.3313136246244994,17.6,22.7,10.0,,1.0
divvy,2,set_cal,2024-05-14,0.03,MappedPTO2026,26.0,1.7774316814629731,19.200000000000006,24.300000000000004,10.000000000000004,,1.0
divvy,2,set_cal,2024-05-14,0.03,GroupAware2025,26.0,1.5494509874951663,20.400000000000006,25.500000000000007,10.000000000000004,,1.0
divvy,2,set_cal,2024-05-14,0.03,RobustImprovement2025,26.0,1.2613191860823152,20.400000000000006,25.500000000000004,10.0,,1.0
divvy,2,set_cal,2024-05-14,0.05,StructuralRobust,43.0,34.31329636324619,29.600000000000016,36.900000000000006,13.999999999999993,0.0,1.0
divvy,2,set_cal,2024-05-14,0.05,ExpectedActionValue,43.0,31.99431279810704,7.6000000000000005,10.400000000000002,4.800000000000002,,1.0
divvy,2,set_cal,2024-05-14,0.05,PointwiseWorstAction,43.0,32.61760853784536,7.600000000000001,10.400000000000002,4.800000000000001,,1.0
divvy,2,set_cal,2024-05-14,0.05,ScenarioCVaR,43.0,32.61760853784536,7.600000000000001,10.400000000000002,4.800000000000001,,1.0
divvy,2,set_cal,2024-05-14,0.05,RiskFirst,43.0,3.365635438046727,22.800000000000008,28.700000000000006,11.599999999999998,,1.0
divvy,2,set_cal,2024-05-14,0.05,TemporalContext2024,43.0,3.0201622697945587,22.800000000000008,28.700000000000006,11.599999999999998,,1.0
divvy,2,set_cal,2024-05-14,0.05,NetworkPropagation2024,43.0,2.983649761387577,21.200000000000006,26.300000000000004,10.000000000000004,,1.0
divvy,2,set_cal,2024-05-14,0.05,CalibratedUncertainty2025,43.0,3.5999848588536585,21.600000000000005,27.300000000000004,10.8,,1.0
divvy,2,set_cal,2024-05-14,0.05,MappedPTO2026,43.0,3.0201622697945587,22.000000000000007,27.90000000000001,11.600000000000001,,1.0
divvy,2,set_cal,2024-05-14,0.05,GroupAware2025,43.0,2.824357829881429,22.800000000000008,29.30000000000001,12.400000000000002,,1.0
divvy,2,set_cal,2024-05-14,0.05,RobustImprovement2025,43.0,3.358617652508144,23.60000000000001,29.500000000000007,11.599999999999994,,1.0
divvy,2,set_cal,2024-05-14,0.1,StructuralRobust,87.0,48.698492537773056,42.400000000000006,51.50000000000001,16.4,0.0,1.0
divvy,2,set_cal,2024-05-14,0.1,ExpectedActionValue,87.0,47.05362638110816,11.200000000000003,14.000000000000004,4.800000000000001,,1.0
divvy,2,set_cal,2024-05-14,0.1,PointwiseWorstAction,87.0,47.03282952424738,13.600000000000005,18.200000000000006,8.8,,1.0
divvy,2,set_cal,2024-05-14,0.1,ScenarioCVaR,87.0,47.03282952424738,13.600000000000005,18.200000000000006,8.8,,1.0
divvy,2,set_cal,2024-05-14,0.1,RiskFirst,87.0,8.381205987995894,39.200000000000024,48.30000000000002,16.39999999999999,,1.0
divvy,2,set_cal,2024-05-14,0.1,TemporalContext2024,87.0,8.85202416248362,37.600000000000016,46.7,16.39999999999999,,1.0
divvy,2,set_cal,2024-05-14,0.1,NetworkPropagation2024,87.0,8.41898336516447,36.80000000000001,47.10000000000001,18.0,,1.0
divvy,2,set_cal,2024-05-14,0.1,CalibratedUncertainty2025,87.0,9.212616873002075,39.60000000000001,49.300000000000004,17.199999999999996,,1.0
divvy,2,set_cal,2024-05-14,0.1,MappedPTO2026,87.0,8.380831579929842,39.200000000000024,48.30000000000002,16.39999999999999,,1.0
divvy,2,set_cal,2024-05-14,0.1,GroupAware2025,87.0,8.300461664931303,36.80000000000002,45.90000000000001,16.39999999999999,,1.0
divvy,2,set_cal,2024-05-14,0.1,RobustImprovement2025,87.0,8.961357312327284,40.000000000000014,49.100000000000016,16.4,,1.0
divvy,2,set_cal,2024-05-14,0.2,StructuralRobust,173.0,1.4363941585196103,57.6,70.0,21.599999999999987,0.0,1.0
divvy,2,set_cal,2024-05-14,0.2,ExpectedActionValue,173.0,59.02971277487674,18.400000000000002,24.8,12.8,,1.0
divvy,2,set_cal,2024-05-14,0.2,PointwiseWorstAction,173.0,59.0680613814923,19.200000000000006,25.600000000000005,12.799999999999994,,1.0
divvy,2,set_cal,2024-05-14,0.2,ScenarioCVaR,173.0,59.0680613814923,19.200000000000006,25.600000000000005,12.799999999999994,,1.0
divvy,2,set_cal,2024-05-14,0.2,RiskFirst,173.0,16.67870192927149,56.00000000000001,68.4,21.599999999999987,,1.0
divvy,2,set_cal,2024-05-14,0.2,TemporalContext2024,173.0,16.269942669064193,53.6,66.0,21.6,,1.0
divvy,2,set_cal,2024-05-14,0.2,NetworkPropagation2024,173.0,17.630976278649158,54.39999999999999,66.8,21.60000000000001,,1.0
divvy,2,set_cal,2024-05-14,0.2,CalibratedUncertainty2025,173.0,16.104637056679604,57.59999999999998,71.29999999999998,23.599999999999994,,1.0
divvy,2,set_cal,2024-05-14,0.2,MappedPTO2026,173.0,17.779730349062056,57.6,70.0,21.599999999999987,,1.0
divvy,2,set_cal,2024-05-14,0.2,GroupAware2025,173.0,16.37267688858082,54.400000000000006,66.8,21.59999999999998,,1.0
divvy,2,set_cal,2024-05-14,0.2,RobustImprovement2025,173.0,16.720301872190806,51.199999999999996,63.60000000000001,21.600000000000016,,1.0
divvy,2,set_cal,2024-05-15,0.01,StructuralRobust,10.0,0.2579070119340495,15.2,25.2,19.200000000000006,0.0,1.0
divvy,2,set_cal,2024-05-15,0.01,ExpectedActionValue,10.0,13.448873925838223,3.2,3.8,0.7999999999999998,,1.0
divvy,2,set_cal,2024-05-15,0.01,PointwiseWorstAction,10.0,13.881469267747404,3.2,3.8,0.7999999999999998,,1.0
divvy,2,set_cal,2024-05-15,0.01,ScenarioCVaR,10.0,13.881469267747404,3.2,3.8,0.7999999999999998,,1.0
divvy,2,set_cal,2024-05-15,0.01,RiskFirst,10.0,0.2346118003869379,12.8,22.400000000000002,19.2,,1.0
divvy,2,set_cal,2024-05-15,0.01,TemporalContext2024,10.0,0.22693007230897713,15.200000000000001,24.800000000000004,19.199999999999996,,1.0
divvy,2,set_cal,2024-05-15,0.01,NetworkPropagation2024,10.0,0.2346118003869379,12.8,22.400000000000002,19.2,,1.0
divvy,2,set_cal,2024-05-15,0.01,CalibratedUncertainty2025,10.0,0.22576343230003038,13.6,21.6,16.0,,1.0
divvy,2,set_cal,2024-05-15,0.01,MappedPTO2026,10.0,0.2346118003869379,14.4,24.0,19.200000000000003,,1.0
divvy,2,set_cal,2024-05-15,0.01,GroupAware2025,10.0,0.2346118003869379,12.8,22.400000000000002,19.2,,1.0
divvy,2,set_cal,2024-05-15,0.01,RobustImprovement2025,10.0,0.22892637175275524,14.4,22.400000000000002,16.000000000000007,,1.0
divvy,2,set_cal,2024-05-15,0.03,StructuralRobust,29.0,31.908571695833356,31.20000000000001,47.80000000000001,31.199999999999996,0.0,1.0
divvy,2,set_cal,2024-05-15,0.03,ExpectedActionValue,29.0,27.243742219242243,7.200000000000001,9.8,3.9999999999999982,,1.0
divvy,2,set_cal,2024-05-15,0.03,PointwiseWorstAction,29.0,27.847526393560422,8.0,10.600000000000001,4.000000000000002,,1.0
divvy,2,set_cal,2024-05-15,0.03,ScenarioCVaR,29.0,27.847526393560422,8.0,10.600000000000001,4.000000000000002,,1.0
divvy,2,set_cal,2024-05-15,0.03,RiskFirst,29.0,2.6148901946792384,30.400000000000013,46.2,29.599999999999987,,1.0
divvy,2,set_cal,2024-05-15,0.03,TemporalContext2024,29.0,2.6148901946792384,30.400000000000013,46.20000000000001,29.599999999999994,,1.0
divvy,2,set_cal,2024-05-15,0.03,NetworkPropagation2024,29.0,2.613881698134911,30.400000000000006,46.2,29.599999999999994,,1.0
divvy,2,set_cal,2024-05-15,0.03,CalibratedUncertainty2025,29.0,3.051894723807097,26.400000000000002,40.0,25.599999999999998,,1.0
divvy,2,set_cal,2024-05-15,0.03,MappedPTO2026,29.0,1.9298616202857448,31.200000000000006,47.0,29.59999999999999,,1.0
divvy,2,set_cal,2024-05-15,0.03,GroupAware2025,29.0,2.6148901946792384,30.400000000000013,46.2,29.599999999999987,,1.0
divvy,2,set_cal,2024-05-15,0.03,RobustImprovement2025,29.0,2.649166804483389,28.800000000000004,44.6,29.6,,1.0
divvy,2,set_cal,2024-05-15,0.05,StructuralRobust,48.0,42.542113747925626,42.39999999999999,60.8,33.599999999999994,0.0,1.0
divvy,2,set_cal,2024-05-15,0.05,ExpectedActionValue,48.0,37.101853435421596,10.400000000000002,14.400000000000002,6.399999999999999,,1.0
divvy,2,set_cal,2024-05-15,0.05,PointwiseWorstAction,48.0,37.2268525695947,12.0,17.0,8.8,,1.0
divvy,2,set_cal,2024-05-15,0.05,ScenarioCVaR,48.0,37.2268525695947,12.0,17.0,8.8,,1.0
divvy,2,set_cal,2024-05-15,0.05,RiskFirst,48.0,4.353295372659039,41.6,61.199999999999996,35.19999999999998,,1.0
divvy,2,set_cal,2024-05-15,0.05,TemporalContext2024,48.0,4.406152429586664,42.4,61.99999999999999,35.199999999999996,,1.0
divvy,2,set_cal,2024-05-15,0.05,NetworkPropagation2024,48.0,3.916161498053726,42.4,61.999999999999986,35.19999999999998,,1.0
divvy,2,set_cal,2024-05-15,0.05,CalibratedUncertainty2025,48.0,3.778614318655089,41.60000000000001,60.599999999999994,34.39999999999998,,1.0
divvy,2,set_cal,2024-05-15,0.05,MappedPTO2026,48.0,4.458849861941731,40.0,59.599999999999994,35.19999999999999,,1.0
divvy,2,set_cal,2024-05-15,0.05,GroupAware2025,48.0,4.35329537265904,42.400000000000006,62.0,35.199999999999974,,1.0
divvy,2,set_cal,2024-05-15,0.05,RobustImprovement2025,48.0,3.349698308467099,39.99999999999999,58.39999999999999,33.59999999999999,,1.0
divvy,2,set_cal,2024-05-15,0.1,StructuralRobust,95.0,58.552546350904606,58.79999999999998,80.69999999999996,39.599999999999966,0.0,1.0
divvy,2,set_cal,2024-05-15,0.1,ExpectedActionValue,95.0,50.51234121410314,16.000000000000004,22.800000000000004,12.8,,1.0
divvy,2,set_cal,2024-05-15,0.1,PointwiseWorstAction,95.0,50.719191400713186,18.4,26.800000000000004,16.000000000000007,,1.0
divvy,2,set_cal,2024-05-15,0.1,ScenarioCVaR,95.0,50.719191400713186,18.4,26.800000000000004,16.000000000000007,,1.0
divvy,2,set_cal,2024-05-15,0.1,RiskFirst,95.0,8.236600935811811,57.59999999999997,79.79999999999998,40.79999999999999,,1.0
divvy,2,set_cal,2024-05-15,0.1,TemporalContext2024,95.0,9.103094416187078,58.39999999999997,81.19999999999999,41.6,,1.0
divvy,2,set_cal,2024-05-15,0.1,NetworkPropagation2024,95.0,8.072489395318035,55.99999999999997,77.19999999999997,38.39999999999999,,1.0
divvy,2,set_cal,2024-05-15,0.1,CalibratedUncertainty2025,95.0,8.555501181119507,55.99999999999998,75.99999999999997,36.79999999999999,,1.0
divvy,2,set_cal,2024-05-15,0.1,MappedPTO2026,95.0,8.375040627832977,59.59999999999997,82.39999999999999,41.6,,1.0
divvy,2,set_cal,2024-05-15,0.1,GroupAware2025,95.0,7.167289971176153,57.999999999999986,80.19999999999999,40.79999999999998,,1.0
divvy,2,set_cal,2024-05-15,0.1,RobustImprovement2025,95.0,8.545188976130293,57.99999999999997,80.79999999999998,41.599999999999994,,1.0
divvy,2,set_cal,2024-05-15,0.2,StructuralRobust,191.0,1.7758868102124228,75.99999999999993,103.69999999999995,50.0,0.0,1.0
divvy,2,set_cal,2024-05-15,0.2,ExpectedActionValue,191.0,61.248794035832525,25.20000000000001,35.800000000000004,19.999999999999986,,1.0
divvy,2,set_cal,2024-05-15,0.2,PointwiseWorstAction,191.0,61.225572579738966,26.800000000000004,37.39999999999999,19.999999999999986,,1.0
divvy,2,set_cal,2024-05-15,0.2,ScenarioCVaR,191.0,61.225572579738966,26.800000000000004,37.39999999999999,19.999999999999986,,1.0
divvy,2,set_cal,2024-05-15,0.2,RiskFirst,191.0,13.589589045508838,77.59999999999992,105.29999999999994,50.0,,1.0
divvy,2,set_cal,2024-05-15,0.2,TemporalContext2024,191.0,13.697873558036454,79.19999999999993,107.69999999999996,51.60000000000005,,1.0
divvy,2,set_cal,2024-05-15,0.2,NetworkPropagation2024,191.0,14.476311924487137,75.19999999999995,102.09999999999995,48.39999999999998,,1.0
divvy,2,set_cal,2024-05-15,0.2,CalibratedUncertainty2025,191.0,14.989293962004313,84.7999999999999,112.59999999999994,50.40000000000009,,1.0
divvy,2,set_cal,2024-05-15,0.2,MappedPTO2026,191.0,13.829019357674134,75.99999999999993,103.69999999999995,50.0,,1.0
divvy,2,set_cal,2024-05-15,0.2,GroupAware2025,191.0,13.044184447032631,75.19999999999995,101.69999999999996,48.39999999999999,,1.0
divvy,2,set_cal,2024-05-15,0.2,RobustImprovement2025,191.0,13.976755861833999,69.59999999999995,95.29999999999998,46.8,,1.0
divvy,2,set_cal,2024-05-16,0.01,StructuralRobust,10.0,0.20520880163986122,11.200000000000003,18.600000000000005,13.600000000000001,0.0,1.0
divvy,2,set_cal,2024-05-16,0.01,ExpectedActionValue,10.0,12.007174239271018,2.4000000000000004,3.2,1.5999999999999996,,1.0
divvy,2,set_cal,2024-05-16,0.01,PointwiseWorstAction,10.0,12.495870633185165,2.4000000000000004,3.2,1.5999999999999996,,1.0
divvy,2,set_cal,2024-05-16,0.01,ScenarioCVaR,10.0,12.495870633185165,2.4000000000000004,3.2,1.5999999999999996,,1.0
divvy,2,set_cal,2024-05-16,0.01,RiskFirst,10.0,1.4239895897399317,7.999999999999999,10.6,4.000000000000001,,1.0
divvy,2,set_cal,2024-05-16,0.01,TemporalContext2024,10.0,1.4239895897399317,7.999999999999999,11.6,6.400000000000001,,1.0
divvy,2,set_cal,2024-05-16,0.01,NetworkPropagation2024,10.0,1.4239895897399317,8.0,11.6,6.4,,1.0
divvy,2,set_cal,2024-05-16,0.01,CalibratedUncertainty2025,10.0,0.5469709597698805,8.8,13.8,8.8,,1.0
divvy,2,set_cal,2024-05-16,0.01,MappedPTO2026,10.0,1.4239895897399317,8.0,11.600000000000001,6.400000000000002,,1.0
divvy,2,set_cal,2024-05-16,0.01,GroupAware2025,10.0,1.4239895897399317,8.0,10.6,4.0,,1.0
divvy,2,set_cal,2024-05-16,0.01,RobustImprovement2025,10.0,1.4262984352846217,9.600000000000001,13.6,6.399999999999999,,1.0
divvy,2,set_cal,2024-05-16,0.03,StructuralRobust,30.0,28.057664945151444,22.000000000000007,32.400000000000006,19.199999999999996,0.0,1.0
divvy,2,set_cal,2024-05-16,0.03,ExpectedActionValue,30.0,24.276470617811196,4.0,4.800000000000001,1.5999999999999996,,1.0
divvy,2,set_cal,2024-05-16,0.03,PointwiseWorstAction,30.0,24.803839473803045,4.8,5.6,1.5999999999999996,,1.0
divvy,2,set_cal,2024-05-16,0.03,ScenarioCVaR,30.0,24.803839473803045,4.8,5.6,1.5999999999999996,,1.0
divvy,2,set_cal,2024-05-16,0.03,RiskFirst,30.0,4.381473755727959,20.000000000000007,30.60000000000001,19.999999999999986,,1.0
divvy,2,set_cal,2024-05-16,0.03,TemporalContext2024,30.0,4.0898462622196305,20.000000000000007,30.60000000000001,19.999999999999986,,1.0
divvy,2,set_cal,2024-05-16,0.03,NetworkPropagation2024,30.0,4.088577283881209,20.000000000000007,30.60000000000001,19.999999999999993,,1.0
divvy,2,set_cal,2024-05-16,0.03,CalibratedUncertainty2025,30.0,4.144935616412216,19.200000000000006,30.6,21.599999999999984,,1.0
divvy,2,set_cal,2024-05-16,0.03,MappedPTO2026,30.0,2.9750504619001523,19.200000000000006,29.000000000000004,18.399999999999988,,1.0
divvy,2,set_cal,2024-05-16,0.03,GroupAware2025,30.0,4.381473755727959,20.000000000000007,30.60000000000001,19.999999999999986,,1.0
divvy,2,set_cal,2024-05-16,0.03,RobustImprovement2025,30.0,3.2465966685611627,20.800000000000008,31.00000000000001,18.399999999999995,,1.0
divvy,2,set_cal,2024-05-16,0.05,StructuralRobust,49.0,38.594403970422995,31.600000000000016,44.40000000000001,24.0,0.0,1.0
divvy,2,set_cal,2024-05-16,0.05,ExpectedActionValue,49.0,32.888774696506694,7.199999999999999,9.399999999999999,4.0,,1.0
divvy,2,set_cal,2024-05-16,0.05,PointwiseWorstAction,49.0,32.94629835546339,7.199999999999999,9.399999999999999,4.0,,1.0
divvy,2,set_cal,2024-05-16,0.05,ScenarioCVaR,49.0,32.94629835546339,7.199999999999999,9.399999999999999,4.0,,1.0
divvy,2,set_cal,2024-05-16,0.05,RiskFirst,49.0,5.246648650563995,27.600000000000012,40.2,23.19999999999997,,1.0
divvy,2,set_cal,2024-05-16,0.05,TemporalContext2024,49.0,5.085626941892097,26.80000000000001,38.800000000000004,22.399999999999977,,1.0
divvy,2,set_cal,2024-05-16,0.05,NetworkPropagation2024,49.0,5.246648650563995,25.20000000000001,37.2,22.399999999999984,,1.0
divvy,2,set_cal,2024-05-16,0.05,CalibratedUncertainty2025,49.0,5.374936699800919,27.200000000000014,41.60000000000001,27.199999999999978,,1.0
divvy,2,set_cal,2024-05-16,0.05,MappedPTO2026,49.0,4.956977988320052,26.80000000000001,39.400000000000006,23.199999999999974,,1.0
divvy,2,set_cal,2024-05-16,0.05,GroupAware2025,49.0,5.246648650563995,27.600000000000012,40.2,23.19999999999997,,1.0
divvy,2,set_cal,2024-05-16,0.05,RobustImprovement2025,49.0,5.185910612705807,27.600000000000012,40.20000000000001,23.199999999999985,,1.0
divvy,2,set_cal,2024-05-16,0.1,StructuralRobust,98.0,56.71924058680242,44.39999999999999,62.2,32.80000000000001,0.0,1.0
divvy,2,set_cal,2024-05-16,0.1,ExpectedActionValue,98.0,45.28833006086601,15.200000000000003,22.200000000000003,12.0,,1.0
divvy,2,set_cal,2024-05-16,0.1,PointwiseWorstAction,98.0,45.455460356620065,14.400000000000002,20.6,10.400000000000002,,1.0
divvy,2,set_cal,2024-05-16,0.1,ScenarioCVaR,98.0,45.455460356620065,14.400000000000002,20.6,10.400000000000002,,1.0
divvy,2,set_cal,2024-05-16,0.1,RiskFirst,98.0,9.906122484117306,43.599999999999994,61.19999999999999,31.99999999999997,,1.0
divvy,2,set_cal,2024-05-16,0.1,TemporalContext2024,98.0,9.950727521913155,43.599999999999994,61.999999999999986,33.59999999999998,,1.0
divvy,2,set_cal,2024-05-16,0.1,NetworkPropagation2024,98.0,10.46368771093816,42.8,60.4,31.999999999999986,,1.0
divvy,2,set_cal,2024-05-16,0.1,CalibratedUncertainty2025,98.0,10.160351681213406,45.99999999999999,64.59999999999998,34.399999999999984,,1.0
divvy,2,set_cal,2024-05-16,0.1,MappedPTO2026,98.0,9.786390308746343,42.0,59.0,31.199999999999974,,1.0
divvy,2,set_cal,2024-05-16,0.1,GroupAware2025,98.0,9.664956221034256,42.8,59.79999999999999,31.199999999999974,,1.0
divvy,2,set_cal,2024-05-16,0.1,RobustImprovement2025,98.0,9.894905360787577,45.99999999999999,65.19999999999999,35.199999999999996,,1.0
divvy,2,set_cal,2024-05-16,0.2,StructuralRobust,197.0,1.606978935243256,68.39999999999995,94.69999999999993,48.39999999999998,0.0,1.0
divvy,2,set_cal,2024-05-16,0.2,ExpectedActionValue,197.0,55.89268366924169,26.80000000000001,37.0,18.399999999999984,,1.0
divvy,2,set_cal,2024-05-16,0.2,PointwiseWorstAction,197.0,55.983512403716446,26.00000000000001,36.20000000000001,18.399999999999988,,1.0
divvy,2,set_cal,2024-05-16,0.2,ScenarioCVaR,197.0,55.983512403716446,26.00000000000001,36.20000000000001,18.399999999999988,,1.0
divvy,2,set_cal,2024-05-16,0.2,RiskFirst,197.0,14.31035399577927,71.59999999999994,100.09999999999994,52.400000000000006,,1.0
divvy,2,set_cal,2024-05-16,0.2,TemporalContext2024,197.0,13.88205981982846,69.99999999999994,98.29999999999995,51.599999999999994,,1.0
divvy,2,set_cal,2024-05-16,0.2,NetworkPropagation2024,197.0,14.07537036857287,68.39999999999995,96.09999999999994,50.80000000000001,,1.0
divvy,2,set_cal,2024-05-16,0.2,CalibratedUncertainty2025,197.0,14.8582090572215,69.19999999999995,96.69999999999993,49.99999999999997,,1.0
divvy,2,set_cal,2024-05-16,0.2,MappedPTO2026,197.0,14.383527972641751,68.39999999999995,94.69999999999993,48.39999999999998,,1.0
divvy,2,set_cal,2024-05-16,0.2,GroupAware2025,197.0,15.652736396991116,67.59999999999995,95.49999999999994,51.599999999999994,,1.0
divvy,2,set_cal,2024-05-16,0.2,RobustImprovement2025,197.0,15.3016682042057,60.39999999999996,83.49999999999994,41.999999999999986,,1.0
divvy,2,set_cal,2024-05-17,0.01,StructuralRobust,11.0,0.11579246916562687,6.8,9.000000000000002,4.000000000000003,0.0,1.0
divvy,2,set_cal,2024-05-17,0.01,ExpectedActionValue,11.0,13.438851556720877,0.8,1.4,0.8,,1.0
divvy,2,set_cal,2024-05-17,0.01,PointwiseWorstAction,11.0,13.568110295997856,0.8,1.4,0.8,,1.0
divvy,2,set_cal,2024-05-17,0.01,ScenarioCVaR,11.0,13.568110295997856,0.8,1.4,0.8,,1.0
divvy,2,set_cal,2024-05-17,0.01,RiskFirst,11.0,1.1813449809078707,7.2,9.4,3.999999999999999,,1.0
divvy,2,set_cal,2024-05-17,0.01,TemporalContext2024,11.0,1.1813449809078707,7.2,9.4,4.000000000000001,,1.0
divvy,2,set_cal,2024-05-17,0.01,NetworkPropagation2024,11.0,0.6222978370422684,8.800000000000002,12.600000000000001,7.1999999999999975,,1.0
divvy,2,set_cal,2024-05-17,0.01,CalibratedUncertainty2025,11.0,1.1749616955118096,7.999999999999999,11.0,5.600000000000002,,1.0
divvy,2,set_cal,2024-05-17,0.01,MappedPTO2026,11.0,0.6880857189202678,8.000000000000002,11.200000000000003,6.4,,1.0
divvy,2,set_cal,2024-05-17,0.01,GroupAware2025,11.0,1.115557099029871,7.199999999999999,9.4,4.000000000000002,,1.0
divvy,2,set_cal,2024-05-17,0.01,RobustImprovement2025,11.0,1.1652699534855495,6.8,9.000000000000002,4.000000000000003,,1.0
divvy,2,set_cal,2024-05-17,0.03,StructuralRobust,33.0,20.924450696716878,15.600000000000001,20.200000000000003,8.800000000000004,0.0,1.0
divvy,2,set_cal,2024-05-17,0.03,ExpectedActionValue,33.0,27.80189744700831,4.8,7.200000000000001,4.800000000000002,,1.0
divvy,2,set_cal,2024-05-17,0.03,PointwiseWorstAction,33.0,28.106190949831493,4.0,5.6000000000000005,3.2,,1.0
divvy,2,set_cal,2024-05-17,0.03,ScenarioCVaR,33.0,28.106190949831493,4.0,5.6000000000000005,3.2,,1.0
divvy,2,set_cal,2024-05-17,0.03,RiskFirst,33.0,2.852161530183327,17.200000000000003,23.600000000000005,11.200000000000003,,1.0
divvy,2,set_cal,2024-05-17,0.03,TemporalContext2024,33.0,2.737015058036138,18.800000000000004,25.20000000000001,11.200000000000003,,1.0
divvy,2,set_cal,2024-05-17,0.03,NetworkPropagation2024,33.0,2.541869867561335,20.40000000000001,26.80000000000001,11.200000000000003,,1.0
divvy,2,set_cal,2024-05-17,0.03,CalibratedUncertainty2025,33.0,2.5094767090868975,14.4,19.0,8.800000000000002,,1.0
divvy,2,set_cal,2024-05-17,0.03,MappedPTO2026,33.0,2.579159876326088,19.60000000000001,25.400000000000013,10.400000000000002,,1.0
divvy,2,set_cal,2024-05-17,0.03,GroupAware2025,33.0,2.5926708952105892,18.8,25.20000000000001,11.200000000000014,,1.0
divvy,2,set_cal,2024-05-17,0.03,RobustImprovement2025,33.0,2.748828853103077,17.200000000000003,22.40000000000001,9.600000000000005,,1.0
divvy,2,set_cal,2024-05-17,0.05,StructuralRobust,55.0,30.262088243551332,24.000000000000007,33.2,17.599999999999994,0.0,1.0
divvy,2,set_cal,2024-05-17,0.05,ExpectedActionValue,55.0,37.42995279165298,8.0,11.000000000000002,5.600000000000001,,1.0
divvy,2,set_cal,2024-05-17,0.05,PointwiseWorstAction,55.0,37.72866853285498,8.4,11.4,5.600000000000001,,1.0
divvy,2,set_cal,2024-05-17,0.05,ScenarioCVaR,55.0,37.72866853285498,8.4,11.4,5.600000000000001,,1.0
divvy,2,set_cal,2024-05-17,0.05,RiskFirst,55.0,4.05050586122846,25.60000000000001,35.20000000000001,17.599999999999987,,1.0
divvy,2,set_cal,2024-05-17,0.05,TemporalContext2024,55.0,4.428152240376148,29.60000000000001,40.20000000000001,18.39999999999999,,1.0
divvy,2,set_cal,2024-05-17,0.05,NetworkPropagation2024,55.0,3.6032695992762225,27.200000000000014,37.80000000000001,19.99999999999999,,1.0
divvy,2,set_cal,2024-05-17,0.05,CalibratedUncertainty2025,55.0,3.9787361238204966,20.800000000000004,26.800000000000004,11.200000000000003,,1.0
divvy,2,set_cal,2024-05-17,0.05,MappedPTO2026,55.0,4.05050586122846,25.600000000000012,35.20000000000001,17.59999999999999,,1.0
divvy,2,set_cal,2024-05-17,0.05,GroupAware2025,55.0,4.05050586122846,26.400000000000006,36.20000000000001,18.4,,1.0
divvy,2,set_cal,2024-05-17,0.05,RobustImprovement2025,55.0,4.152703449721797,25.60000000000001,35.20000000000001,17.6,,1.0
divvy,2,set_cal,2024-05-17,0.1,StructuralRobust,109.0,44.9796995747407,51.19999999999998,70.89999999999998,35.59999999999999,0.0,1.0
divvy,2,set_cal,2024-05-17,0.1,ExpectedActionValue,109.0,52.38976436147188,16.400000000000002,20.000000000000004,6.400000000000006,,1.0
divvy,2,set_cal,2024-05-17,0.1,PointwiseWorstAction,109.0,52.26666336160594,16.400000000000002,20.000000000000004,6.400000000000006,,1.0
divvy,2,set_cal,2024-05-17,0.1,ScenarioCVaR,109.0,52.26666336160594,16.400000000000002,20.000000000000004,6.400000000000006,,1.0
divvy,2,set_cal,2024-05-17,0.1,RiskFirst,109.0,8.259523270186854,51.2,70.59999999999998,35.99999999999994,,1.0
divvy,2,set_cal,2024-05-17,0.1,TemporalContext2024,109.0,8.321031169537893,56.79999999999999,77.59999999999998,38.39999999999997,,1.0
divvy,2,set_cal,2024-05-17,0.1,NetworkPropagation2024,109.0,6.84955162765893,48.800000000000004,68.19999999999999,35.99999999999998,,1.0
divvy,2,set_cal,2024-05-17,0.1,CalibratedUncertainty2025,109.0,8.317679484155457,49.19999999999999,67.39999999999999,34.39999999999999,,1.0
divvy,2,set_cal,2024-05-17,0.1,MappedPTO2026,109.0,8.176202094036046,52.8,72.19999999999999,35.99999999999996,,1.0
divvy,2,set_cal,2024-05-17,0.1,GroupAware2025,109.0,8.363060712833876,51.599999999999994,69.99999999999999,33.599999999999966,,1.0
divvy,2,set_cal,2024-05-17,0.1,RobustImprovement2025,109.0,9.433877495514727,49.599999999999994,67.99999999999999,35.199999999999974,,1.0
divvy,2,set_cal,2024-05-17,0.2,StructuralRobust,218.0,1.351428431233559,69.99999999999996,92.19999999999993,40.79999999999997,0.0,1.0
divvy,2,set_cal,2024-05-17,0.2,ExpectedActionValue,218.0,63.8419274173616,34.0,43.400000000000006,15.200000000000003,,1.0
divvy,2,set_cal,2024-05-17,0.2,PointwiseWorstAction,218.0,64.02145294245555,35.60000000000001,45.0,15.199999999999989,,1.0
divvy,2,set_cal,2024-05-17,0.2,ScenarioCVaR,218.0,64.02145294245555,35.60000000000001,45.0,15.199999999999989,,1.0
divvy,2,set_cal,2024-05-17,0.2,RiskFirst,218.0,15.58955517971475,77.19999999999995,102.69999999999993,45.99999999999997,,1.0
divvy,2,set_cal,2024-05-17,0.2,TemporalContext2024,218.0,14.617733283081163,73.19999999999995,96.79999999999994,43.199999999999974,,1.0
divvy,2,set_cal,2024-05-17,0.2,NetworkPropagation2024,218.0,15.85433840103359,69.99999999999996,93.79999999999994,44.0,,1.0
divvy,2,set_cal,2024-05-17,0.2,CalibratedUncertainty2025,218.0,17.79487852901003,79.59999999999994,106.8999999999999,48.39999999999996,,1.0
divvy,2,set_cal,2024-05-17,0.2,MappedPTO2026,218.0,15.529856681932177,69.99999999999996,92.19999999999993,40.79999999999997,,1.0
divvy,2,set_cal,2024-05-17,0.2,GroupAware2025,218.0,15.843619980497582,70.79999999999995,94.19999999999995,42.39999999999998,,1.0
divvy,2,set_cal,2024-05-17,0.2,RobustImprovement2025,218.0,17.334987280382183,62.79999999999998,83.59999999999997,38.39999999999996,,1.0
divvy,2,set_cal,2024-05-18,0.01,StructuralRobust,11.0,0.10023665399744201,3.2,3.8,0.7999999999999998,0.0,1.0
divvy,2,set_cal,2024-05-18,0.01,ExpectedActionValue,11.0,15.493729533450306,0.8,1.6,1.6000000000000003,,1.0
divvy,2,set_cal,2024-05-18,0.01,PointwiseWorstAction,11.0,15.95645242067531,0.8,1.6,1.6000000000000003,,1.0
divvy,2,set_cal,2024-05-18,0.01,ScenarioCVaR,11.0,15.95645242067531,0.8,1.6,1.6000000000000003,,1.0
divvy,2,set_cal,2024-05-18,0.01,RiskFirst,11.0,0.6110319770915995,2.4000000000000004,3.0,0.7999999999999998,,1.0
divvy,2,set_cal,2024-05-18,0.01,TemporalContext2024,11.0,0.5849127142345915,2.4000000000000004,3.0,0.7999999999999998,,1.0
divvy,2,set_cal,2024-05-18,0.01,NetworkPropagation2024,11.0,0.15291901366322114,1.6,1.6,0.0,,1.0
divvy,2,set_cal,2024-05-18,0.01,CalibratedUncertainty2025,11.0,0.17853911242425288,3.2,3.8,0.7999999999999998,,1.0
divvy,2,set_cal,2024-05-18,0.01,MappedPTO2026,11.0,0.5623710440340736,2.4000000000000004,3.0,0.7999999999999998,,1.0
divvy,2,set_cal,2024-05-18,0.01,GroupAware2025,11.0,0.6110319770915995,2.4000000000000004,3.0,0.7999999999999998,,1.0
divvy,2,set_cal,2024-05-18,0.01,RobustImprovement2025,11.0,0.5336712620596299,3.2,3.8,0.7999999999999998,,1.0
divvy,2,set_cal,2024-05-18,0.03,StructuralRobust,33.0,17.99582993921852,13.600000000000003,17.8,7.200000000000001,0.0,1.0
divvy,2,set_cal,2024-05-18,0.03,ExpectedActionValue,33.0,29.702253656716408,5.6000000000000005,6.3999999999999995,1.5999999999999996,,1.0
divvy,2,set_cal,2024-05-18,0.03,PointwiseWorstAction,33.0,30.102595446094337,4.0,4.800000000000001,1.6000000000000005,,1.0
divvy,2,set_cal,2024-05-18,0.03,ScenarioCVaR,33.0,30.102595446094337,4.0,4.800000000000001,1.6000000000000005,,1.0
divvy,2,set_cal,2024-05-18,0.03,RiskFirst,33.0,1.5128719491892506,13.600000000000001,19.000000000000007,8.800000000000004,,1.0
divvy,2,set_cal,2024-05-18,0.03,TemporalContext2024,33.0,1.4702446743463637,12.000000000000002,17.400000000000002,8.799999999999999,,1.0
divvy,2,set_cal,2024-05-18,0.03,NetworkPropagation2024,33.0,1.388847388612179,8.800000000000002,12.800000000000002,6.399999999999999,,1.0
divvy,2,set_cal,2024-05-18,0.03,CalibratedUncertainty2025,33.0,1.3185072793531998,9.600000000000001,12.400000000000002,4.800000000000001,,1.0
divvy,2,set_cal,2024-05-18,0.03,MappedPTO2026,33.0,1.5128719491892508,13.600000000000003,19.000000000000007,8.800000000000002,,1.0
divvy,2,set_cal,2024-05-18,0.03,GroupAware2025,33.0,1.5128719491892508,13.600000000000001,19.000000000000004,8.800000000000004,,1.0
divvy,2,set_cal,2024-05-18,0.03,RobustImprovement2025,33.0,1.4008336378017607,11.200000000000001,15.200000000000003,6.400000000000004,,1.0
divvy,2,set_cal,2024-05-18,0.05,StructuralRobust,54.0,25.81873285209833,19.200000000000003,27.200000000000003,14.399999999999999,0.0,1.0
divvy,2,set_cal,2024-05-18,0.05,ExpectedActionValue,54.0,38.781438566500235,8.8,10.2,2.3999999999999986,,1.0
divvy,2,set_cal,2024-05-18,0.05,PointwiseWorstAction,54.0,39.20850033717065,9.600000000000001,11.600000000000001,3.1999999999999993,,1.0
divvy,2,set_cal,2024-05-18,0.05,ScenarioCVaR,54.0,39.20850033717065,9.600000000000001,11.600000000000001,3.1999999999999993,,1.0
divvy,2,set_cal,2024-05-18,0.05,RiskFirst,54.0,1.9389025923871366,19.200000000000006,27.000000000000007,13.599999999999998,,1.0
divvy,2,set_cal,2024-05-18,0.05,TemporalContext2024,54.0,2.2146931394630776,16.000000000000004,22.200000000000006,10.399999999999999,,1.0
divvy,2,set_cal,2024-05-18,0.05,NetworkPropagation2024,54.0,2.5444664822264547,16.000000000000004,23.000000000000007,12.0,,1.0
divvy,2,set_cal,2024-05-18,0.05,CalibratedUncertainty2025,54.0,2.3744689730421364,19.20000000000001,27.20000000000001,14.399999999999999,,1.0
divvy,2,set_cal,2024-05-18,0.05,MappedPTO2026,54.0,1.974508702508249,18.400000000000006,26.20000000000001,13.600000000000001,,1.0
divvy,2,set_cal,2024-05-18,0.05,GroupAware2025,54.0,2.170085378654118,19.200000000000006,26.20000000000001,12.000000000000004,,1.0
divvy,2,set_cal,2024-05-18,0.05,RobustImprovement2025,54.0,2.9085609993102786,18.400000000000006,25.400000000000006,11.999999999999996,,1.0
divvy,2,set_cal,2024-05-18,0.1,StructuralRobust,109.0,37.679642206394384,33.600000000000016,47.20000000000001,23.99999999999998,0.0,1.0
divvy,2,set_cal,2024-05-18,0.1,ExpectedActionValue,109.0,52.719923878944876,19.200000000000003,23.200000000000003,6.400000000000002,,1.0
divvy,2,set_cal,2024-05-18,0.1,PointwiseWorstAction,109.0,52.94070579243068,17.600000000000005,21.800000000000008,7.200000000000006,,1.0
divvy,2,set_cal,2024-05-18,0.1,ScenarioCVaR,109.0,52.94070579243068,17.600000000000005,21.800000000000008,7.200000000000006,,1.0
divvy,2,set_cal,2024-05-18,0.1,RiskFirst,109.0,5.885653900914907,33.600000000000016,48.0,25.599999999999973,,1.0
divvy,2,set_cal,2024-05-18,0.1,TemporalContext2024,109.0,5.324909044267572,30.400000000000016,44.0,23.999999999999968,,1.0
divvy,2,set_cal,2024-05-18,0.1,NetworkPropagation2024,109.0,4.523748787374022,32.000000000000014,45.6,23.999999999999964,,1.0
divvy,2,set_cal,2024-05-18,0.1,CalibratedUncertainty2025,109.0,5.834209519050426,28.80000000000002,40.40000000000001,20.799999999999983,,1.0
divvy,2,set_cal,2024-05-18,0.1,MappedPTO2026,109.0,5.581995442784574,33.60000000000001,48.0,25.599999999999973,,1.0
divvy,2,set_cal,2024-05-18,0.1,GroupAware2025,109.0,4.940422856569332,33.600000000000016,48.0,25.59999999999998,,1.0
divvy,2,set_cal,2024-05-18,0.1,RobustImprovement2025,109.0,7.0013690006573235,32.000000000000014,45.400000000000006,23.19999999999998,,1.0
divvy,2,set_cal,2024-05-18,0.2,StructuralRobust,218.0,1.2131420037520193,52.39999999999998,70.19999999999999,31.19999999999999,0.0,1.0
divvy,2,set_cal,2024-05-18,0.2,ExpectedActionValue,218.0,62.36874846483242,36.400000000000006,44.39999999999999,12.799999999999969,,1.0
divvy,2,set_cal,2024-05-18,0.2,PointwiseWorstAction,218.0,62.427747494984466,34.00000000000001,40.79999999999999,11.199999999999974,,1.0
divvy,2,set_cal,2024-05-18,0.2,ScenarioCVaR,218.0,62.427747494984466,34.00000000000001,40.79999999999999,11.199999999999974,,1.0
divvy,2,set_cal,2024-05-18,0.2,RiskFirst,218.0,15.186656544110999,54.79999999999998,74.39999999999998,35.199999999999974,,1.0
divvy,2,set_cal,2024-05-18,0.2,TemporalContext2024,218.0,14.216729925446337,48.39999999999999,66.1,31.59999999999998,,1.0
divvy,2,set_cal,2024-05-18,0.2,NetworkPropagation2024,218.0,14.410206713547922,51.59999999999997,71.39999999999996,34.39999999999997,,1.0
divvy,2,set_cal,2024-05-18,0.2,CalibratedUncertainty2025,218.0,12.34168871966579,59.199999999999974,78.59999999999997,32.79999999999997,,1.0
divvy,2,set_cal,2024-05-18,0.2,MappedPTO2026,218.0,13.972020637183583,52.39999999999998,70.19999999999999,31.19999999999999,,1.0
divvy,2,set_cal,2024-05-18,0.2,GroupAware2025,218.0,16.15798974189056,49.999999999999986,67.99999999999997,31.999999999999986,,1.0
divvy,2,set_cal,2024-05-18,0.2,RobustImprovement2025,218.0,15.327238415120872,44.000000000000014,59.80000000000001,26.39999999999999,,1.0
divvy,2,set_cal,2024-05-19,0.01,StructuralRobust,11.0,0.10124049855901403,6.800000000000001,9.0,4.0,0.0,1.0
divvy,2,set_cal,2024-05-19,0.01,ExpectedActionValue,11.0,15.299959215558584,2.4000000000000004,3.6,1.5999999999999996,,1.0
divvy,2,set_cal,2024-05-19,0.01,PointwiseWorstAction,11.0,15.972116188898983,3.2,5.0,2.3999999999999995,,1.0
divvy,2,set_cal,2024-05-19,0.01,ScenarioCVaR,11.0,15.972116188898983,3.2,5.0,2.3999999999999995,,1.0
divvy,2,set_cal,2024-05-19,0.01,RiskFirst,11.0,1.9584193306986888,5.2,6.6000000000000005,2.4000000000000012,,1.0
divvy,2,set_cal,2024-05-19,0.01,TemporalContext2024,11.0,1.4193346624652676,5.2,6.6000000000000005,2.4000000000000012,,1.0
divvy,2,set_cal,2024-05-19,0.01,NetworkPropagation2024,11.0,1.4377535815500073,5.2,5.800000000000001,0.8000000000000007,,1.0
divvy,2,set_cal,2024-05-19,0.01,CalibratedUncertainty2025,11.0,1.1519939064312448,6.000000000000001,7.400000000000001,2.4000000000000012,,1.0
divvy,2,set_cal,2024-05-19,0.01,MappedPTO2026,11.0,1.4370129721595466,4.4,5.000000000000001,0.8000000000000007,,1.0
divvy,2,set_cal,2024-05-19,0.01,GroupAware2025,11.0,1.4193346624652676,5.2,6.6000000000000005,2.4000000000000012,,1.0
divvy,2,set_cal,2024-05-19,0.01,RobustImprovement2025,11.0,1.7205582690068244,6.800000000000001,9.0,4.0,,1.0
divvy,2,set_cal,2024-05-19,0.03,StructuralRobust,33.0,17.501609826131762,12.8,17.0,7.200000000000003,0.0,1.0
divvy,2,set_cal,2024-05-19,0.03,ExpectedActionValue,33.0,31.675539101754595,10.400000000000002,14.8,6.399999999999999,,1.0
divvy,2,set_cal,2024-05-19,0.03,PointwiseWorstAction,33.0,32.040573346854494,11.200000000000001,15.6,6.4,,1.0
divvy,2,set_cal,2024-05-19,0.03,ScenarioCVaR,33.0,32.040573346854494,11.200000000000001,15.6,6.4,,1.0
divvy,2,set_cal,2024-05-19,0.03,RiskFirst,33.0,4.001443015691488,10.000000000000002,13.000000000000002,5.600000000000001,,1.0
divvy,2,set_cal,2024-05-19,0.03,TemporalContext2024,33.0,2.764267286464581,10.000000000000002,13.000000000000002,5.600000000000001,,1.0
divvy,2,set_cal,2024-05-19,0.03,NetworkPropagation2024,33.0,3.8505455406286275,10.000000000000002,13.000000000000002,5.600000000000001,,1.0
divvy,2,set_cal,2024-05-19,0.03,CalibratedUncertainty2025,33.0,3.7384297686480172,11.600000000000005,15.200000000000003,6.399999999999999,,1.0
divvy,2,set_cal,2024-05-19,0.03,MappedPTO2026,33.0,2.534049320416463,10.000000000000002,13.000000000000004,5.600000000000003,,1.0
divvy,2,set_cal,2024-05-19,0.03,GroupAware2025,33.0,2.336831145891957,10.800000000000002,13.800000000000004,5.6,,1.0
divvy,2,set_cal,2024-05-19,0.03,RobustImprovement2025,33.0,2.3228306871402755,10.000000000000002,13.000000000000002,5.600000000000001,,1.0
divvy,2,set_cal,2024-05-19,0.05,StructuralRobust,54.0,22.923555898030475,13.600000000000001,18.400000000000002,8.0,0.0,1.0
divvy,2,set_cal,2024-05-19,0.05,ExpectedActionValue,54.0,42.21594648509725,11.200000000000003,15.600000000000001,6.399999999999999,,1.0
divvy,2,set_cal,2024-05-19,0.05,PointwiseWorstAction,54.0,42.642313942373335,12.000000000000002,16.400000000000002,6.4,,1.0
divvy,2,set_cal,2024-05-19,0.05,ScenarioCVaR,54.0,42.642313942373335,12.000000000000002,16.400000000000002,6.4,,1.0
divvy,2,set_cal,2024-05-19,0.05,RiskFirst,54.0,6.4950274629341,15.600000000000005,19.8,7.199999999999996,,1.0
divvy,2,set_cal,2024-05-19,0.05,TemporalContext2024,54.0,6.568809902696173,14.000000000000005,17.6,6.399999999999997,,1.0
divvy,2,set_cal,2024-05-19,0.05,NetworkPropagation2024,54.0,5.924106984881225,12.000000000000004,15.000000000000004,5.599999999999998,,1.0
divvy,2,set_cal,2024-05-19,0.05,CalibratedUncertainty2025,54.0,4.564091955382252,14.400000000000006,19.200000000000003,8.0,,1.0
divvy,2,set_cal,2024-05-19,0.05,MappedPTO2026,54.0,6.4950274629341,14.800000000000004,19.000000000000004,7.199999999999999,,1.0
divvy,2,set_cal,2024-05-19,0.05,GroupAware2025,54.0,6.786874967871963,14.400000000000004,18.6,7.1999999999999975,,1.0
divvy,2,set_cal,2024-05-19,0.05,RobustImprovement2025,54.0,5.143330620852603,13.600000000000003,17.8,7.1999999999999975,,1.0
divvy,2,set_cal,2024-05-19,0.1,StructuralRobust,109.0,30.98867539117628,22.800000000000008,29.400000000000006,10.399999999999995,0.0,1.0
divvy,2,set_cal,2024-05-19,0.1,ExpectedActionValue,109.0,57.729085886502205,15.600000000000005,20.6,7.199999999999999,,1.0
divvy,2,set_cal,2024-05-19,0.1,PointwiseWorstAction,109.0,57.788775492469725,15.600000000000003,20.6,7.200000000000001,,1.0
divvy,2,set_cal,2024-05-19,0.1,ScenarioCVaR,109.0,57.788775492469725,15.600000000000003,20.6,7.200000000000001,,1.0
divvy,2,set_cal,2024-05-19,0.1,RiskFirst,109.0,9.566416474638046,19.60000000000001,25.200000000000006,9.599999999999998,,1.0
divvy,2,set_cal,2024-05-19,0.1,TemporalContext2024,109.0,10.131801058853778,18.000000000000007,22.800000000000004,8.0,,1.0
divvy,2,set_cal,2024-05-19,0.1,NetworkPropagation2024,109.0,10.62402813723051,16.400000000000002,21.200000000000003,8.0,,1.0
divvy,2,set_cal,2024-05-19,0.1,CalibratedUncertainty2025,109.0,9.83591263478064,24.00000000000001,31.000000000000007,11.999999999999996,,1.0
divvy,2,set_cal,2024-05-19,0.1,MappedPTO2026,109.0,9.619395338830499,19.60000000000001,25.20000000000001,9.600000000000001,,1.0
divvy,2,set_cal,2024-05-19,0.1,GroupAware2025,109.0,9.192965466470913,19.60000000000001,25.200000000000006,9.599999999999994,,1.0
divvy,2,set_cal,2024-05-19,0.1,RobustImprovement2025,109.0,9.365761959246793,18.000000000000004,23.600000000000005,9.600000000000001,,1.0
divvy,2,set_cal,2024-05-19,0.2,StructuralRobust,218.0,1.0366203078100003,38.800000000000004,47.699999999999996,15.59999999999998,0.0,1.0
divvy,2,set_cal,2024-05-19,0.2,ExpectedActionValue,218.0,68.45042852477287,27.200000000000014,35.0,11.99999999999999,,1.0
divvy,2,set_cal,2024-05-19,0.2,PointwiseWorstAction,218.0,68.48438702884285,27.20000000000001,35.0,11.999999999999986,,1.0
divvy,2,set_cal,2024-05-19,0.2,ScenarioCVaR,218.0,68.48438702884285,27.20000000000001,35.0,11.999999999999986,,1.0
divvy,2,set_cal,2024-05-19,0.2,RiskFirst,218.0,17.345146570299296,40.400000000000006,47.99999999999999,12.799999999999976,,1.0
divvy,2,set_cal,2024-05-19,0.2,TemporalContext2024,218.0,17.627273395917356,36.800000000000004,45.199999999999996,14.399999999999991,,1.0
divvy,2,set_cal,2024-05-19,0.2,NetworkPropagation2024,218.0,18.403808358373468,31.600000000000012,37.8,10.39999999999998,,1.0
divvy,2,set_cal,2024-05-19,0.2,CalibratedUncertainty2025,218.0,16.100933348530255,56.39999999999998,73.39999999999998,27.999999999999986,,1.0
divvy,2,set_cal,2024-05-19,0.2,MappedPTO2026,218.0,16.194789361270036,38.800000000000004,47.699999999999996,15.59999999999998,,1.0
divvy,2,set_cal,2024-05-19,0.2,GroupAware2025,218.0,17.883924724677406,31.200000000000017,38.2,11.999999999999964,,1.0
divvy,2,set_cal,2024-05-19,0.2,RobustImprovement2025,218.0,12.633404599210909,26.00000000000001,32.2,10.39999999999998,,1.0
divvy,2,set_cal,2024-05-20,0.01,StructuralRobust,10.0,0.1742063981659402,11.6,15.9,9.200000000000005,0.0,1.0
divvy,2,set_cal,2024-05-20,0.01,ExpectedActionValue,10.0,10.3893104782364,1.6,3.2,3.2000000000000006,,1.0
divvy,2,set_cal,2024-05-20,0.01,PointwiseWorstAction,10.0,10.95557280202448,1.6,3.2,3.2000000000000006,,1.0
divvy,2,set_cal,2024-05-20,0.01,ScenarioCVaR,10.0,10.95557280202448,1.6,3.2,3.2000000000000006,,1.0
divvy,2,set_cal,2024-05-20,0.01,RiskFirst,10.0,0.10808832433304646,8.4,12.3,7.600000000000003,,1.0
divvy,2,set_cal,2024-05-20,0.01,TemporalContext2024,10.0,0.10808832433304646,8.4,12.3,7.600000000000003,,1.0
divvy,2,set_cal,2024-05-20,0.01,NetworkPropagation2024,10.0,0.106260245577667,8.799999999999999,13.7,10.000000000000002,,1.0
divvy,2,set_cal,2024-05-20,0.01,CalibratedUncertainty2025,10.0,0.14217501183423403,7.199999999999999,10.5,6.8000000000000025,,1.0
divvy,2,set_cal,2024-05-20,0.01,MappedPTO2026,10.0,0.10808832433304646,8.4,12.3,7.600000000000003,,1.0
divvy,2,set_cal,2024-05-20,0.01,GroupAware2025,10.0,0.10808832433304646,8.4,12.3,7.600000000000003,,1.0
divvy,2,set_cal,2024-05-20,0.01,RobustImprovement2025,10.0,0.06449820382077324,8.4,12.3,7.600000000000003,,1.0
divvy,2,set_cal,2024-05-20,0.03,StructuralRobust,29.0,23.401710581712646,20.000000000000007,26.300000000000004,12.399999999999999,0.0,1.0
divvy,2,set_cal,2024-05-20,0.03,ExpectedActionValue,29.0,22.25556238157467,3.2,5.4,4.0,,1.0
divvy,2,set_cal,2024-05-20,0.03,PointwiseWorstAction,29.0,22.50545915798553,3.2,5.4,4.0,,1.0
divvy,2,set_cal,2024-05-20,0.03,ScenarioCVaR,29.0,22.50545915798553,3.2,5.4,4.0,,1.0
divvy,2,set_cal,2024-05-20,0.03,RiskFirst,29.0,0.49291354610930677,18.400000000000002,24.700000000000006,12.40000000000001,,1.0
divvy,2,set_cal,2024-05-20,0.03,TemporalContext2024,29.0,0.49291354610930677,17.6,23.900000000000002,12.400000000000002,,1.0
divvy,2,set_cal,2024-05-20,0.03,NetworkPropagation2024,29.0,0.7846909869452026,18.400000000000002,25.300000000000004,13.200000000000003,,1.0
divvy,2,set_cal,2024-05-20,0.03,CalibratedUncertainty2025,29.0,0.5649936640776231,21.60000000000001,28.50000000000001,13.200000000000003,,1.0
divvy,2,set_cal,2024-05-20,0.03,MappedPTO2026,29.0,0.49291354610930677,17.6,23.90000000000001,12.40000000000001,,1.0
divvy,2,set_cal,2024-05-20,0.03,GroupAware2025,29.0,0.7387773876128447,17.6,23.90000000000001,12.40000000000001,,1.0
divvy,2,set_cal,2024-05-20,0.03,RobustImprovement2025,29.0,0.6914688942238197,19.200000000000003,25.500000000000007,12.400000000000006,,1.0
divvy,2,set_cal,2024-05-20,0.05,StructuralRobust,48.0,31.466769302864517,27.20000000000001,34.70000000000001,14.000000000000007,0.0,1.0
divvy,2,set_cal,2024-05-20,0.05,ExpectedActionValue,48.0,30.824418682771107,4.8,7.600000000000001,4.800000000000002,,1.0
divvy,2,set_cal,2024-05-20,0.05,PointwiseWorstAction,48.0,31.197788007603855,6.3999999999999995,9.200000000000001,4.800000000000002,,1.0
divvy,2,set_cal,2024-05-20,0.05,ScenarioCVaR,48.0,31.197788007603855,6.3999999999999995,9.200000000000001,4.800000000000002,,1.0
divvy,2,set_cal,2024-05-20,0.05,RiskFirst,48.0,1.9680316525392123,23.200000000000006,30.700000000000014,14.00000000000001,,1.0
divvy,2,set_cal,2024-05-20,0.05,TemporalContext2024,48.0,1.8988358382133836,25.60000000000001,33.1,13.999999999999993,,1.0
divvy,2,set_cal,2024-05-20,0.05,NetworkPropagation2024,48.0,1.8062459297091946,22.000000000000004,28.900000000000006,13.199999999999992,,1.0
divvy,2,set_cal,2024-05-20,0.05,CalibratedUncertainty2025,48.0,1.954139205709431,24.80000000000001,32.900000000000006,14.799999999999997,,1.0
divvy,2,set_cal,2024-05-20,0.05,MappedPTO2026,48.0,1.8454634807867831,24.000000000000007,30.90000000000001,13.199999999999996,,1.0
divvy,2,set_cal,2024-05-20,0.05,GroupAware2025,48.0,1.951985876404079,24.000000000000007,31.500000000000007,14.0,,1.0
divvy,2,set_cal,2024-05-20,0.05,RobustImprovement2025,48.0,1.9739529046396922,25.60000000000001,33.10000000000001,13.999999999999986,,1.0
divvy,2,set_cal,2024-05-20,0.1,StructuralRobust,96.0,42.93182181663079,36.800000000000004,45.5,15.599999999999987,0.0,1.0
divvy,2,set_cal,2024-05-20,0.1,ExpectedActionValue,96.0,45.28290371869469,8.799999999999999,13.000000000000004,7.200000000000005,,1.0
divvy,2,set_cal,2024-05-20,0.1,PointwiseWorstAction,96.0,45.37077426763331,10.4,14.6,7.200000000000001,,1.0
divvy,2,set_cal,2024-05-20,0.1,ScenarioCVaR,96.0,45.37077426763331,10.4,14.6,7.200000000000001,,1.0
divvy,2,set_cal,2024-05-20,0.1,RiskFirst,96.0,5.138285391877029,34.800000000000004,42.89999999999999,14.799999999999983,,1.0
divvy,2,set_cal,2024-05-20,0.1,TemporalContext2024,96.0,5.163747259268846,37.2,45.899999999999984,15.59999999999998,,1.0
divvy,2,set_cal,2024-05-20,0.1,NetworkPropagation2024,96.0,4.438584278010467,34.800000000000004,42.899999999999984,14.799999999999969,,1.0
divvy,2,set_cal,2024-05-20,0.1,CalibratedUncertainty2025,96.0,4.960918567685925,34.40000000000001,42.49999999999999,14.799999999999969,,1.0
divvy,2,set_cal,2024-05-20,0.1,MappedPTO2026,96.0,4.76648360020965,34.800000000000004,42.89999999999999,14.799999999999976,,1.0
divvy,2,set_cal,2024-05-20,0.1,GroupAware2025,96.0,5.221061013005927,35.6,43.69999999999999,14.799999999999976,,1.0
divvy,2,set_cal,2024-05-20,0.1,RobustImprovement2025,96.0,4.934674519243577,38.0,46.69999999999999,15.599999999999973,,1.0
divvy,2,set_cal,2024-05-20,0.2,StructuralRobust,192.0,1.3518402778180347,41.999999999999986,50.699999999999974,15.59999999999998,0.0,1.0
divvy,2,set_cal,2024-05-20,0.2,ExpectedActionValue,192.0,57.27155483731895,18.400000000000002,23.20000000000001,8.00000000000001,,1.0
divvy,2,set_cal,2024-05-20,0.2,PointwiseWorstAction,192.0,57.32711696507597,17.600000000000005,22.400000000000006,8.000000000000004,,1.0
divvy,2,set_cal,2024-05-20,0.2,ScenarioCVaR,192.0,57.32711696507597,17.600000000000005,22.400000000000006,8.000000000000004,,1.0
divvy,2,set_cal,2024-05-20,0.2,RiskFirst,192.0,11.511759453244123,43.999999999999986,53.29999999999998,16.39999999999999,,1.0
divvy,2,set_cal,2024-05-20,0.2,TemporalContext2024,192.0,10.343926090654405,41.19999999999999,49.89999999999998,15.59999999999998,,1.0
divvy,2,set_cal,2024-05-20,0.2,NetworkPropagation2024,192.0,11.418824793773481,41.199999999999996,49.89999999999998,15.599999999999973,,1.0
divvy,2,set_cal,2024-05-20,0.2,CalibratedUncertainty2025,192.0,9.49001813072741,48.79999999999997,58.899999999999956,17.999999999999986,,1.0
divvy,2,set_cal,2024-05-20,0.2,MappedPTO2026,192.0,11.722310578071234,41.999999999999986,50.699999999999974,15.59999999999998,,1.0
divvy,2,set_cal,2024-05-20,0.2,GroupAware2025,192.0,10.995811312303848,43.19999999999999,52.49999999999998,16.399999999999984,,1.0
divvy,2,set_cal,2024-05-20,0.2,RobustImprovement2025,192.0,9.63240574852023,41.199999999999996,49.89999999999999,15.599999999999973,,1.0
divvy,2,set_cal,2024-05-21,0.01,StructuralRobust,11.0,0.2722839159409412,19.200000000000003,30.500000000000007,22.800000000000004,0.0,1.0
divvy,2,set_cal,2024-05-21,0.01,ExpectedActionValue,11.0,13.04100508917346,2.4000000000000004,2.4000000000000004,0.0,,1.0
divvy,2,set_cal,2024-05-21,0.01,PointwiseWorstAction,11.0,13.180096779371349,2.4000000000000004,2.4000000000000004,0.0,,1.0
divvy,2,set_cal,2024-05-21,0.01,ScenarioCVaR,11.0,13.180096779371349,2.4000000000000004,2.4000000000000004,0.0,,1.0
divvy,2,set_cal,2024-05-21,0.01,RiskFirst,11.0,0.7535240401215584,13.600000000000001,21.800000000000004,16.800000000000004,,1.0
divvy,2,set_cal,2024-05-21,0.01,TemporalContext2024,11.0,0.7535240401215584,13.600000000000001,21.8,16.8,,1.0
divvy,2,set_cal,2024-05-21,0.01,NetworkPropagation2024,11.0,0.7535240401215584,13.600000000000001,21.800000000000004,16.800000000000004,,1.0
divvy,2,set_cal,2024-05-21,0.01,CalibratedUncertainty2025,11.0,2.4618995952417966,11.200000000000003,14.600000000000001,7.199999999999999,,1.0
divvy,2,set_cal,2024-05-21,0.01,MappedPTO2026,11.0,0.7535240401215585,14.400000000000002,22.5,16.400000000000002,,1.0
divvy,2,set_cal,2024-05-21,0.01,GroupAware2025,11.0,0.7535240401215584,13.600000000000001,21.800000000000004,16.800000000000004,,1.0
divvy,2,set_cal,2024-05-21,0.01,RobustImprovement2025,11.0,0.586930003439537,12.8,21.0,16.8,,1.0
divvy,2,set_cal,2024-05-21,0.03,StructuralRobust,32.0,32.54594782031996,29.600000000000012,44.50000000000001,29.199999999999985,0.0,1.0
divvy,2,set_cal,2024-05-21,0.03,ExpectedActionValue,32.0,26.307950338853,7.2,8.0,1.6000000000000005,,1.0
divvy,2,set_cal,2024-05-21,0.03,PointwiseWorstAction,32.0,26.78747735438513,6.4,7.2,1.5999999999999996,,1.0
divvy,2,set_cal,2024-05-21,0.03,ScenarioCVaR,32.0,26.78747735438513,6.4,7.2,1.5999999999999996,,1.0
divvy,2,set_cal,2024-05-21,0.03,RiskFirst,32.0,3.116710347055895,29.600000000000016,46.10000000000001,32.39999999999998,,1.0
divvy,2,set_cal,2024-05-21,0.03,TemporalContext2024,32.0,3.116710347055895,29.600000000000012,46.1,32.39999999999998,,1.0
divvy,2,set_cal,2024-05-21,0.03,NetworkPropagation2024,32.0,3.1166418453151032,28.800000000000008,45.300000000000004,32.39999999999999,,1.0
divvy,2,set_cal,2024-05-21,0.03,CalibratedUncertainty2025,32.0,3.379990703062311,27.20000000000001,40.3,25.199999999999974,,1.0
divvy,2,set_cal,2024-05-21,0.03,MappedPTO2026,32.0,3.116710347055895,29.600000000000012,46.1,32.39999999999998,,1.0
divvy,2,set_cal,2024-05-21,0.03,GroupAware2025,32.0,3.1383872594986517,30.400000000000016,47.5,33.199999999999974,,1.0
divvy,2,set_cal,2024-05-21,0.03,RobustImprovement2025,32.0,3.074202479111776,31.200000000000014,46.5,29.199999999999978,,1.0
divvy,2,set_cal,2024-05-21,0.05,StructuralRobust,54.0,44.40708965125787,44.39999999999999,63.699999999999974,37.199999999999974,0.0,1.0
divvy,2,set_cal,2024-05-21,0.05,ExpectedActionValue,54.0,36.24714030471885,11.200000000000003,13.8,3.9999999999999982,,1.0
divvy,2,set_cal,2024-05-21,0.05,PointwiseWorstAction,54.0,36.65481873047865,10.400000000000002,12.4,3.1999999999999993,,1.0
divvy,2,set_cal,2024-05-21,0.05,ScenarioCVaR,54.0,36.65481873047865,10.400000000000002,12.4,3.1999999999999993,,1.0
divvy,2,set_cal,2024-05-21,0.05,RiskFirst,54.0,5.6631225782240335,43.99999999999999,68.29999999999998,45.999999999999964,,1.0
divvy,2,set_cal,2024-05-21,0.05,TemporalContext2024,54.0,5.29710518659122,43.999999999999986,68.29999999999998,45.99999999999997,,1.0
divvy,2,set_cal,2024-05-21,0.05,NetworkPropagation2024,54.0,5.176058039467778,41.59999999999999,65.1,44.39999999999997,,1.0
divvy,2,set_cal,2024-05-21,0.05,CalibratedUncertainty2025,54.0,4.076093191671429,39.59999999999999,58.499999999999986,35.59999999999999,,1.0
divvy,2,set_cal,2024-05-21,0.05,MappedPTO2026,54.0,5.6197450194049265,43.99999999999999,68.29999999999998,45.999999999999964,,1.0
divvy,2,set_cal,2024-05-21,0.05,GroupAware2025,54.0,5.2281699721821395,43.199999999999996,67.5,45.999999999999964,,1.0
divvy,2,set_cal,2024-05-21,0.05,RobustImprovement2025,54.0,5.354396052843871,43.99999999999999,69.1,47.6,,1.0
divvy,2,set_cal,2024-05-21,0.1,StructuralRobust,107.0,62.787630854742254,65.99999999999996,95.29999999999995,54.80000000000001,0.0,1.0
divvy,2,set_cal,2024-05-21,0.1,ExpectedActionValue,107.0,51.0058411029246,17.60000000000001,21.600000000000005,6.399999999999995,,1.0
divvy,2,set_cal,2024-05-21,0.1,PointwiseWorstAction,107.0,51.22236554481732,20.80000000000001,24.800000000000008,6.399999999999995,,1.0
divvy,2,set_cal,2024-05-21,0.1,ScenarioCVaR,107.0,51.22236554481732,20.80000000000001,24.800000000000008,6.399999999999995,,1.0
divvy,2,set_cal,2024-05-21,0.1,RiskFirst,107.0,9.848518686608939,65.19999999999995,94.29999999999995,53.999999999999986,,1.0
divvy,2,set_cal,2024-05-21,0.1,TemporalContext2024,107.0,9.61147973539878,66.79999999999994,96.89999999999995,56.39999999999999,,1.0
divvy,2,set_cal,2024-05-21,0.1,NetworkPropagation2024,107.0,7.698759948606092,63.599999999999945,94.29999999999995,57.199999999999996,,1.0
divvy,2,set_cal,2024-05-21,0.1,CalibratedUncertainty2025,107.0,7.136842642950523,65.19999999999995,92.49999999999993,49.99999999999997,,1.0
divvy,2,set_cal,2024-05-21,0.1,MappedPTO2026,107.0,8.301100106337284,64.39999999999996,95.09999999999994,57.199999999999974,,1.0
divvy,2,set_cal,2024-05-21,0.1,GroupAware2025,107.0,8.35118838868024,61.19999999999995,90.29999999999995,53.99999999999999,,1.0
divvy,2,set_cal,2024-05-21,0.1,RobustImprovement2025,107.0,8.381066408227532,65.19999999999996,95.89999999999995,57.2,,1.0
divvy,2,set_cal,2024-05-21,0.2,StructuralRobust,214.0,1.9400009402281384,91.1999999999999,131.09999999999994,74.8000000000001,0.0,1.0
divvy,2,set_cal,2024-05-21,0.2,ExpectedActionValue,214.0,62.977457281214626,30.80000000000002,40.000000000000014,15.999999999999986,,1.0
divvy,2,set_cal,2024-05-21,0.2,PointwiseWorstAction,214.0,63.109076045248415,30.40000000000002,40.20000000000002,16.79999999999999,,1.0
divvy,2,set_cal,2024-05-21,0.2,ScenarioCVaR,214.0,63.109076045248415,30.40000000000002,40.20000000000002,16.79999999999999,,1.0
divvy,2,set_cal,2024-05-21,0.2,RiskFirst,214.0,15.905384492514624,93.5999999999999,135.29999999999993,77.20000000000009,,1.0
divvy,2,set_cal,2024-05-21,0.2,TemporalContext2024,214.0,13.80205824158058,90.39999999999988,129.49999999999994,71.6000000000001,,1.0
divvy,2,set_cal,2024-05-21,0.2,NetworkPropagation2024,214.0,15.393425484504846,87.99999999999987,125.49999999999991,68.40000000000008,,1.0
divvy,2,set_cal,2024-05-21,0.2,CalibratedUncertainty2025,214.0,17.2398783578661,100.39999999999985,141.89999999999992,74.80000000000025,,1.0
divvy,2,set_cal,2024-05-21,0.2,MappedPTO2026,214.0,15.4011963943945,91.1999999999999,131.09999999999994,74.8000000000001,,1.0
divvy,2,set_cal,2024-05-21,0.2,GroupAware2025,214.0,14.646509474865328,90.39999999999989,129.69999999999993,72.40000000000012,,1.0
divvy,2,set_cal,2024-05-21,0.2,RobustImprovement2025,214.0,16.643043099486647,81.59999999999991,116.89999999999992,64.40000000000009,,1.0
divvy,2,set_cal,2024-05-22,0.01,StructuralRobust,11.0,0.22367918299013745,10.4,16.800000000000004,12.800000000000006,0.0,1.0
divvy,2,set_cal,2024-05-22,0.01,ExpectedActionValue,11.0,12.61642879339287,4.8,6.4,3.2,,1.0
divvy,2,set_cal,2024-05-22,0.01,PointwiseWorstAction,11.0,13.000264230102363,4.0,5.6000000000000005,3.2,,1.0
divvy,2,set_cal,2024-05-22,0.01,ScenarioCVaR,11.0,13.000264230102363,4.0,5.6000000000000005,3.2,,1.0
divvy,2,set_cal,2024-05-22,0.01,RiskFirst,11.0,0.24945952304203903,12.800000000000002,21.000000000000004,16.799999999999997,,1.0
divvy,2,set_cal,2024-05-22,0.01,TemporalContext2024,11.0,0.24945952304203903,12.800000000000002,21.000000000000004,16.799999999999997,,1.0
divvy,2,set_cal,2024-05-22,0.01,NetworkPropagation2024,11.0,0.24945952304203903,12.800000000000002,21.000000000000004,16.799999999999997,,1.0
divvy,2,set_cal,2024-05-22,0.01,CalibratedUncertainty2025,11.0,0.10055545624979587,12.8,21.8,16.799999999999997,,1.0
divvy,2,set_cal,2024-05-22,0.01,MappedPTO2026,11.0,0.24945952304203903,12.800000000000002,21.000000000000004,16.799999999999997,,1.0
divvy,2,set_cal,2024-05-22,0.01,GroupAware2025,11.0,0.24945952304203903,12.800000000000002,21.000000000000004,16.799999999999997,,1.0
divvy,2,set_cal,2024-05-22,0.01,RobustImprovement2025,11.0,0.06379678473868264,10.4,16.800000000000004,12.800000000000006,,1.0
divvy,2,set_cal,2024-05-22,0.03,StructuralRobust,34.0,32.77571146315348,42.4,60.3,33.19999999999998,0.0,1.0
divvy,2,set_cal,2024-05-22,0.03,ExpectedActionValue,34.0,26.412512026526148,5.6,7.800000000000001,4.0,,1.0
divvy,2,set_cal,2024-05-22,0.03,PointwiseWorstAction,34.0,26.767420681336887,5.6,7.800000000000001,4.0,,1.0
divvy,2,set_cal,2024-05-22,0.03,ScenarioCVaR,34.0,26.767420681336887,5.6,7.800000000000001,4.0,,1.0
divvy,2,set_cal,2024-05-22,0.03,RiskFirst,34.0,1.2768315779086192,32.80000000000002,47.500000000000014,28.399999999999977,,1.0
divvy,2,set_cal,2024-05-22,0.03,TemporalContext2024,34.0,1.2768315779086192,32.80000000000002,47.500000000000014,28.399999999999977,,1.0
divvy,2,set_cal,2024-05-22,0.03,NetworkPropagation2024,34.0,1.1386404790513962,28.80000000000001,42.900000000000006,27.59999999999998,,1.0
divvy,2,set_cal,2024-05-22,0.03,CalibratedUncertainty2025,34.0,1.050465804615311,32.00000000000001,47.1,29.99999999999998,,1.0
divvy,2,set_cal,2024-05-22,0.03,MappedPTO2026,34.0,1.3026618445118947,32.00000000000001,46.7,28.399999999999984,,1.0
divvy,2,set_cal,2024-05-22,0.03,GroupAware2025,34.0,1.2768315779086192,32.80000000000001,47.50000000000001,28.399999999999984,,1.0
divvy,2,set_cal,2024-05-22,0.03,RobustImprovement2025,34.0,1.2646530444475144,34.40000000000001,50.30000000000001,29.999999999999993,,1.0
divvy,2,set_cal,2024-05-22,0.05,StructuralRobust,56.0,45.14888814263977,48.79999999999999,69.5,39.600000000000016,0.0,1.0
divvy,2,set_cal,2024-05-22,0.05,ExpectedActionValue,56.0,36.154805873207046,8.799999999999999,11.0,4.000000000000002,,1.0
divvy,2,set_cal,2024-05-22,0.05,PointwiseWorstAction,56.0,36.41733959913005,8.8,11.0,4.0,,1.0
divvy,2,set_cal,2024-05-22,0.05,ScenarioCVaR,56.0,36.41733959913005,8.8,11.0,4.0,,1.0
divvy,2,set_cal,2024-05-22,0.05,RiskFirst,56.0,2.1592134038166746,50.4,72.29999999999998,41.19999999999997,,1.0
divvy,2,set_cal,2024-05-22,0.05,TemporalContext2024,56.0,2.1733760947548646,48.8,69.1,37.999999999999986,,1.0
divvy,2,set_cal,2024-05-22,0.05,NetworkPropagation2024,56.0,4.408164801431681,47.99999999999999,70.29999999999998,42.799999999999976,,1.0
divvy,2,set_cal,2024-05-22,0.05,CalibratedUncertainty2025,56.0,1.7336446029252026,46.4,64.7,36.4,,1.0
divvy,2,set_cal,2024-05-22,0.05,MappedPTO2026,56.0,2.175806748058997,50.39999999999999,72.3,41.199999999999974,,1.0
divvy,2,set_cal,2024-05-22,0.05,GroupAware2025,56.0,2.1592134038166746,50.4,72.29999999999998,41.19999999999997,,1.0
divvy,2,set_cal,2024-05-22,0.05,RobustImprovement2025,56.0,1.8899863872538616,48.800000000000004,70.1,40.4,,1.0
divvy,2,set_cal,2024-05-22,0.1,StructuralRobust,112.0,64.66236813678682,66.39999999999996,94.79999999999997,54.40000000000005,0.0,1.0
divvy,2,set_cal,2024-05-22,0.1,ExpectedActionValue,112.0,51.359791723961884,14.400000000000002,19.400000000000002,8.8,,1.0
divvy,2,set_cal,2024-05-22,0.1,PointwiseWorstAction,112.0,51.535698047888864,15.200000000000005,20.600000000000005,10.4,,1.0
divvy,2,set_cal,2024-05-22,0.1,ScenarioCVaR,112.0,51.535698047888864,15.200000000000005,20.600000000000005,10.4,,1.0
divvy,2,set_cal,2024-05-22,0.1,RiskFirst,112.0,7.1982119057584875,64.79999999999998,93.09999999999998,53.99999999999997,,1.0
divvy,2,set_cal,2024-05-22,0.1,TemporalContext2024,112.0,6.924769035634032,63.19999999999998,90.89999999999998,53.19999999999998,,1.0
divvy,2,set_cal,2024-05-22,0.1,NetworkPropagation2024,112.0,7.618843153771336,63.199999999999974,90.89999999999996,53.199999999999974,,1.0
divvy,2,set_cal,2024-05-22,0.1,CalibratedUncertainty2025,112.0,5.117179819660921,62.39999999999997,89.49999999999997,52.40000000000001,,1.0
divvy,2,set_cal,2024-05-22,0.1,MappedPTO2026,112.0,7.118364506470514,64.79999999999998,93.1,53.99999999999997,,1.0
divvy,2,set_cal,2024-05-22,0.1,GroupAware2025,112.0,7.395904277831159,65.59999999999998,94.69999999999999,55.59999999999998,,1.0
divvy,2,set_cal,2024-05-22,0.1,RobustImprovement2025,112.0,8.003558573695923,66.39999999999998,95.39999999999999,55.2,,1.0
divvy,2,set_cal,2024-05-22,0.2,StructuralRobust,224.0,1.8336490162516152,85.99999999999991,119.99999999999997,64.00000000000011,0.0,1.0
divvy,2,set_cal,2024-05-22,0.2,ExpectedActionValue,224.0,63.270394783040516,39.59999999999999,55.29999999999999,27.6,,1.0
divvy,2,set_cal,2024-05-22,0.2,PointwiseWorstAction,224.0,63.284837448357536,39.59999999999999,54.49999999999999,26.000000000000007,,1.0
divvy,2,set_cal,2024-05-22,0.2,ScenarioCVaR,224.0,63.284837448357536,39.59999999999999,54.49999999999999,26.000000000000007,,1.0
divvy,2,set_cal,2024-05-22,0.2,RiskFirst,224.0,13.699549268337913,88.3999999999999,123.79999999999995,66.4000000000001,,1.0
divvy,2,set_cal,2024-05-22,0.2,TemporalContext2024,224.0,13.091080001017703,87.9999999999999,124.99999999999996,69.60000000000012,,1.0
divvy,2,set_cal,2024-05-22,0.2,NetworkPropagation2024,224.0,15.313920255788599,84.3999999999999,118.79999999999995,64.00000000000013,,1.0
divvy,2,set_cal,2024-05-22,0.2,CalibratedUncertainty2025,224.0,14.375535096179936,95.99999999999987,135.79999999999995,74.40000000000019,,1.0
divvy,2,set_cal,2024-05-22,0.2,MappedPTO2026,224.0,15.219208583273556,85.99999999999991,119.99999999999997,64.00000000000011,,1.0
divvy,2,set_cal,2024-05-22,0.2,GroupAware2025,224.0,13.742198899683702,81.59999999999992,114.19999999999996,61.600000000000094,,1.0
divvy,2,set_cal,2024-05-22,0.2,RobustImprovement2025,224.0,14.88106062565204,78.39999999999993,111.19999999999996,62.400000000000105,,1.0
divvy,2,set_cal,2024-05-23,0.01,StructuralRobust,11.0,0.2123570981275028,11.200000000000001,16.400000000000002,11.200000000000005,0.0,1.0
divvy,2,set_cal,2024-05-23,0.01,ExpectedActionValue,11.0,15.049970270667044,1.6,2.2,0.8000000000000003,,1.0
divvy,2,set_cal,2024-05-23,0.01,PointwiseWorstAction,11.0,15.46380433173865,1.6,2.2,0.8000000000000003,,1.0
divvy,2,set_cal,2024-05-23,0.01,ScenarioCVaR,11.0,15.46380433173865,1.6,2.2,0.8000000000000003,,1.0
divvy,2,set_cal,2024-05-23,0.01,RiskFirst,11.0,1.7683245353071984,11.200000000000001,17.2,12.800000000000002,,1.0
divvy,2,set_cal,2024-05-23,0.01,TemporalContext2024,11.0,1.7683245353071984,11.200000000000001,17.2,12.800000000000002,,1.0
divvy,2,set_cal,2024-05-23,0.01,NetworkPropagation2024,11.0,1.7683245353071984,11.200000000000001,17.2,12.800000000000002,,1.0
divvy,2,set_cal,2024-05-23,0.01,CalibratedUncertainty2025,11.0,0.8906226224372027,12.8,19.000000000000004,13.600000000000001,,1.0
divvy,2,set_cal,2024-05-23,0.01,MappedPTO2026,11.0,1.7683245353071984,11.200000000000001,17.2,12.800000000000002,,1.0
divvy,2,set_cal,2024-05-23,0.01,GroupAware2025,11.0,1.7683245353071984,11.200000000000001,17.2,12.800000000000002,,1.0
divvy,2,set_cal,2024-05-23,0.01,RobustImprovement2025,11.0,2.262132341567289,10.4,15.8,12.000000000000002,,1.0
divvy,2,set_cal,2024-05-23,0.03,StructuralRobust,33.0,29.44593057607458,26.400000000000006,37.1,21.199999999999996,0.0,1.0
divvy,2,set_cal,2024-05-23,0.03,ExpectedActionValue,33.0,29.434465546149983,5.6000000000000005,8.0,3.2,,1.0
divvy,2,set_cal,2024-05-23,0.03,PointwiseWorstAction,33.0,29.61869289679015,7.200000000000001,10.4,4.799999999999999,,1.0
divvy,2,set_cal,2024-05-23,0.03,ScenarioCVaR,33.0,29.61869289679015,7.200000000000001,10.4,4.799999999999999,,1.0
divvy,2,set_cal,2024-05-23,0.03,RiskFirst,33.0,3.332666510298465,28.800000000000004,40.3,22.79999999999999,,1.0
divvy,2,set_cal,2024-05-23,0.03,TemporalContext2024,33.0,3.3758121181293426,28.800000000000008,40.3,22.799999999999986,,1.0
divvy,2,set_cal,2024-05-23,0.03,NetworkPropagation2024,33.0,2.965268800902959,28.000000000000007,38.9,21.999999999999986,,1.0
divvy,2,set_cal,2024-05-23,0.03,CalibratedUncertainty2025,33.0,3.058537948172981,29.600000000000005,41.9,24.39999999999998,,1.0
divvy,2,set_cal,2024-05-23,0.03,MappedPTO2026,33.0,3.0350681481722948,27.200000000000003,38.099999999999994,21.999999999999993,,1.0
divvy,2,set_cal,2024-05-23,0.03,GroupAware2025,33.0,3.3822701783999434,28.800000000000008,39.5,21.199999999999985,,1.0
divvy,2,set_cal,2024-05-23,0.03,RobustImprovement2025,33.0,3.0846930074436942,24.000000000000004,33.900000000000006,19.600000000000005,,1.0
divvy,2,set_cal,2024-05-23,0.05,StructuralRobust,54.0,40.40148010704574,36.800000000000004,50.099999999999994,25.19999999999998,0.0,1.0
divvy,2,set_cal,2024-05-23,0.05,ExpectedActionValue,54.0,38.594479069227866,12.0,16.400000000000002,6.400000000000002,,1.0
divvy,2,set_cal,2024-05-23,0.05,PointwiseWorstAction,54.0,38.8877609292454,12.0,16.4,6.399999999999999,,1.0
divvy,2,set_cal,2024-05-23,0.05,ScenarioCVaR,54.0,38.8877609292454,12.0,16.4,6.399999999999999,,1.0
divvy,2,set_cal,2024-05-23,0.05,RiskFirst,54.0,4.604177597123142,36.79999999999999,51.69999999999999,28.399999999999984,,1.0
divvy,2,set_cal,2024-05-23,0.05,TemporalContext2024,54.0,4.999390655394215,39.199999999999996,56.699999999999996,32.4,,1.0
divvy,2,set_cal,2024-05-23,0.05,NetworkPropagation2024,54.0,3.9640793222640465,36.0,51.5,29.19999999999999,,1.0
divvy,2,set_cal,2024-05-23,0.05,CalibratedUncertainty2025,54.0,4.072778008326073,35.2,48.69999999999999,25.99999999999997,,1.0
divvy,2,set_cal,2024-05-23,0.05,MappedPTO2026,54.0,3.902459661511009,38.39999999999999,53.29999999999999,28.39999999999999,,1.0
divvy,2,set_cal,2024-05-23,0.05,GroupAware2025,54.0,4.108713247540247,38.4,54.699999999999996,30.79999999999999,,1.0
divvy,2,set_cal,2024-05-23,0.05,RobustImprovement2025,54.0,4.469784069371208,41.199999999999996,56.7,29.20000000000001,,1.0
divvy,2,set_cal,2024-05-23,0.1,StructuralRobust,109.0,56.92954061177834,66.79999999999997,94.19999999999999,49.60000000000004,0.0,1.0
divvy,2,set_cal,2024-05-23,0.1,ExpectedActionValue,109.0,53.2367373585966,16.0,22.8,11.200000000000003,,1.0
divvy,2,set_cal,2024-05-23,0.1,PointwiseWorstAction,109.0,53.50278140735405,16.8,23.6,11.199999999999996,,1.0
divvy,2,set_cal,2024-05-23,0.1,ScenarioCVaR,109.0,53.50278140735405,16.8,23.6,11.199999999999996,,1.0
divvy,2,set_cal,2024-05-23,0.1,RiskFirst,109.0,7.6078209607411456,62.79999999999996,90.39999999999996,50.40000000000003,,1.0
divvy,2,set_cal,2024-05-23,0.1,TemporalContext2024,109.0,7.748227868003559,62.79999999999997,90.19999999999997,49.60000000000002,,1.0
divvy,2,set_cal,2024-05-23,0.1,NetworkPropagation2024,109.0,8.050009809043514,61.19999999999997,87.19999999999996,47.20000000000001,,1.0
divvy,2,set_cal,2024-05-23,0.1,CalibratedUncertainty2025,109.0,10.219421073147227,62.79999999999996,89.49999999999996,48.40000000000001,,1.0
divvy,2,set_cal,2024-05-23,0.1,MappedPTO2026,109.0,7.657608982687736,61.19999999999997,87.99999999999997,48.80000000000002,,1.0
divvy,2,set_cal,2024-05-23,0.1,GroupAware2025,109.0,8.338786184132594,61.99999999999998,87.99999999999997,47.20000000000001,,1.0
divvy,2,set_cal,2024-05-23,0.1,RobustImprovement2025,109.0,7.978964946116557,61.19999999999997,87.39999999999998,48.000000000000036,,1.0
divvy,2,set_cal,2024-05-23,0.2,StructuralRobust,218.0,1.6213601579973516,87.19999999999989,122.99999999999994,65.6000000000001,0.0,1.0
divvy,2,set_cal,2024-05-23,0.2,ExpectedActionValue,218.0,65.27887269345756,34.800000000000004,47.00000000000001,20.0,,1.0
divvy,2,set_cal,2024-05-23,0.2,PointwiseWorstAction,218.0,65.39778342836804,31.60000000000001,43.0,18.399999999999984,,1.0
divvy,2,set_cal,2024-05-23,0.2,ScenarioCVaR,218.0,65.39778342836804,31.60000000000001,43.0,18.399999999999984,,1.0
divvy,2,set_cal,2024-05-23,0.2,RiskFirst,218.0,17.682773539446973,91.1999999999999,129.39999999999995,68.80000000000007,,1.0
divvy,2,set_cal,2024-05-23,0.2,TemporalContext2024,218.0,16.031360990504677,89.59999999999991,128.79999999999995,71.2000000000001,,1.0
divvy,2,set_cal,2024-05-23,0.2,NetworkPropagation2024,218.0,16.544148063748185,84.79999999999991,121.39999999999995,67.20000000000009,,1.0
divvy,2,set_cal,2024-05-23,0.2,CalibratedUncertainty2025,218.0,17.04311326980994,99.99999999999986,139.6,71.20000000000027,,1.0
divvy,2,set_cal,2024-05-23,0.2,MappedPTO2026,218.0,16.3196990561169,87.19999999999989,122.99999999999994,65.6000000000001,,1.0
divvy,2,set_cal,2024-05-23,0.2,GroupAware2025,218.0,14.960998827958623,80.79999999999993,114.99999999999994,62.40000000000006,,1.0
divvy,2,set_cal,2024-05-23,0.2,RobustImprovement2025,218.0,18.272940431647037,72.39999999999993,102.79999999999995,55.20000000000006,,1.0
divvy,2,set_cal,2024-05-24,0.01,StructuralRobust,9.0,0.09441698963657097,7.199999999999999,10.400000000000002,6.400000000000002,0.0,1.0
divvy,2,set_cal,2024-05-24,0.01,ExpectedActionValue,9.0,9.43891099653946,0.0,0.0,0.0,,1.0
divvy,2,set_cal,2024-05-24,0.01,PointwiseWorstAction,9.0,9.772280579130124,0.8,0.8,0.0,,1.0
divvy,2,set_cal,2024-05-24,0.01,ScenarioCVaR,9.0,9.772280579130124,0.8,0.8,0.0,,1.0
divvy,2,set_cal,2024-05-24,0.01,RiskFirst,9.0,0.7272954145381588,6.4,8.399999999999999,4.799999999999999,,1.0
divvy,2,set_cal,2024-05-24,0.01,TemporalContext2024,9.0,0.7272954145381588,6.4,8.399999999999999,4.799999999999999,,1.0
divvy,2,set_cal,2024-05-24,0.01,NetworkPropagation2024,9.0,0.7437178329361948,5.6,6.6,2.3999999999999995,,1.0
divvy,2,set_cal,2024-05-24,0.01,CalibratedUncertainty2025,9.0,0.06565011137866188,7.2,9.6,4.800000000000002,,1.0
divvy,2,set_cal,2024-05-24,0.01,MappedPTO2026,9.0,0.7437178329361948,7.199999999999999,9.2,4.800000000000001,,1.0
divvy,2,set_cal,2024-05-24,0.01,GroupAware2025,9.0,0.7272954145381588,6.4,8.399999999999999,4.799999999999999,,1.0
divvy,2,set_cal,2024-05-24,0.01,RobustImprovement2025,9.0,0.7880460230848151,7.199999999999999,10.400000000000002,6.400000000000002,,1.0
divvy,2,set_cal,2024-05-24,0.03,StructuralRobust,28.0,16.40988220164334,18.400000000000006,23.600000000000005,9.599999999999998,0.0,1.0
divvy,2,set_cal,2024-05-24,0.03,ExpectedActionValue,28.0,21.893251714912328,3.2,3.2,0.0,,1.0
divvy,2,set_cal,2024-05-24,0.03,PointwiseWorstAction,28.0,21.915280266965407,3.2,3.2,0.0,,1.0
divvy,2,set_cal,2024-05-24,0.03,ScenarioCVaR,28.0,21.915280266965407,3.2,3.2,0.0,,1.0
divvy,2,set_cal,2024-05-24,0.03,RiskFirst,28.0,1.4546505044298959,16.000000000000004,20.600000000000005,8.8,,1.0
divvy,2,set_cal,2024-05-24,0.03,TemporalContext2024,28.0,1.4310992132788993,16.8,21.400000000000006,8.8,,1.0
divvy,2,set_cal,2024-05-24,0.03,NetworkPropagation2024,28.0,1.6607082621467109,13.600000000000001,18.200000000000003,8.800000000000004,,1.0
divvy,2,set_cal,2024-05-24,0.03,CalibratedUncertainty2025,28.0,1.7997505847404385,15.200000000000003,19.800000000000004,8.800000000000004,,1.0
divvy,2,set_cal,2024-05-24,0.03,MappedPTO2026,28.0,1.4569638060764813,15.200000000000003,19.200000000000003,8.0,,1.0
divvy,2,set_cal,2024-05-24,0.03,GroupAware2025,28.0,1.3661432817208337,15.200000000000003,19.8,8.8,,1.0
divvy,2,set_cal,2024-05-24,0.03,RobustImprovement2025,28.0,1.3427892199734344,16.8,21.400000000000006,8.800000000000004,,1.0
divvy,2,set_cal,2024-05-24,0.05,StructuralRobust,47.0,22.718843191620692,23.200000000000006,29.000000000000007,10.399999999999995,0.0,1.0
divvy,2,set_cal,2024-05-24,0.05,ExpectedActionValue,47.0,29.440168479370392,6.3999999999999995,6.999999999999999,0.7999999999999998,,1.0
divvy,2,set_cal,2024-05-24,0.05,PointwiseWorstAction,47.0,29.756378946717852,6.3999999999999995,7.6,1.6000000000000005,,1.0
divvy,2,set_cal,2024-05-24,0.05,ScenarioCVaR,47.0,29.756378946717852,6.3999999999999995,7.6,1.6000000000000005,,1.0
divvy,2,set_cal,2024-05-24,0.05,RiskFirst,47.0,2.870690299117981,22.40000000000001,28.20000000000001,10.399999999999995,,1.0
divvy,2,set_cal,2024-05-24,0.05,TemporalContext2024,47.0,2.663451993100861,21.600000000000005,27.400000000000006,10.399999999999995,,1.0
divvy,2,set_cal,2024-05-24,0.05,NetworkPropagation2024,47.0,2.1887281990537506,20.000000000000007,25.800000000000004,10.400000000000006,,1.0
divvy,2,set_cal,2024-05-24,0.05,CalibratedUncertainty2025,47.0,2.6711172739746636,23.20000000000001,29.000000000000007,10.399999999999991,,1.0
divvy,2,set_cal,2024-05-24,0.05,MappedPTO2026,47.0,2.643826223147399,22.40000000000001,28.200000000000006,10.399999999999988,,1.0
divvy,2,set_cal,2024-05-24,0.05,GroupAware2025,47.0,2.7385710307027225,23.20000000000001,29.60000000000001,11.199999999999996,,1.0
divvy,2,set_cal,2024-05-24,0.05,RobustImprovement2025,47.0,2.916079781526538,24.800000000000008,31.20000000000001,11.199999999999992,,1.0
divvy,2,set_cal,2024-05-24,0.1,StructuralRobust,93.0,31.85080365161683,30.80000000000001,38.00000000000001,12.799999999999976,0.0,1.0
divvy,2,set_cal,2024-05-24,0.1,ExpectedActionValue,93.0,40.47221733428594,12.000000000000002,15.600000000000001,6.4,,1.0
divvy,2,set_cal,2024-05-24,0.1,PointwiseWorstAction,93.0,40.586529512953256,10.4,12.400000000000002,3.200000000000003,,1.0
divvy,2,set_cal,2024-05-24,0.1,ScenarioCVaR,93.0,40.586529512953256,10.4,12.400000000000002,3.200000000000003,,1.0
divvy,2,set_cal,2024-05-24,0.1,RiskFirst,93.0,6.627540804058927,33.20000000000002,41.80000000000001,15.199999999999974,,1.0
divvy,2,set_cal,2024-05-24,0.1,TemporalContext2024,93.0,6.585702853571822,35.60000000000001,44.8,15.999999999999972,,1.0
divvy,2,set_cal,2024-05-24,0.1,NetworkPropagation2024,93.0,6.410624528377269,27.200000000000014,33.6,11.199999999999985,,1.0
divvy,2,set_cal,2024-05-24,0.1,CalibratedUncertainty2025,93.0,6.7031605915122565,33.20000000000002,41.0,13.599999999999973,,1.0
divvy,2,set_cal,2024-05-24,0.1,MappedPTO2026,93.0,6.781676443952727,34.000000000000014,43.400000000000006,16.79999999999997,,1.0
divvy,2,set_cal,2024-05-24,0.1,GroupAware2025,93.0,6.605654889306612,31.600000000000016,39.400000000000006,13.59999999999998,,1.0
divvy,2,set_cal,2024-05-24,0.1,RobustImprovement2025,93.0,6.47450709515612,32.80000000000001,40.599999999999994,13.599999999999973,,1.0
divvy,2,set_cal,2024-05-24,0.2,StructuralRobust,187.0,0.998834255474238,42.79999999999998,54.19999999999998,19.99999999999998,0.0,1.0
divvy,2,set_cal,2024-05-24,0.2,ExpectedActionValue,187.0,50.70188699534082,19.600000000000005,26.800000000000004,11.2,,1.0
divvy,2,set_cal,2024-05-24,0.2,PointwiseWorstAction,187.0,50.69483262575517,21.200000000000006,27.800000000000008,10.400000000000002,,1.0
divvy,2,set_cal,2024-05-24,0.2,ScenarioCVaR,187.0,50.69483262575517,21.200000000000006,27.800000000000008,10.400000000000002,,1.0
divvy,2,set_cal,2024-05-24,0.2,RiskFirst,187.0,12.281029356163137,42.79999999999998,54.19999999999999,19.999999999999986,,1.0
divvy,2,set_cal,2024-05-24,0.2,TemporalContext2024,187.0,11.391496213847848,40.39999999999999,51.19999999999999,19.199999999999974,,1.0
divvy,2,set_cal,2024-05-24,0.2,NetworkPropagation2024,187.0,12.140085019628458,38.8,49.599999999999994,19.19999999999999,,1.0
divvy,2,set_cal,2024-05-24,0.2,CalibratedUncertainty2025,187.0,13.391132636907008,49.999999999999964,64.19999999999997,24.79999999999999,,1.0
divvy,2,set_cal,2024-05-24,0.2,MappedPTO2026,187.0,12.376369450995647,42.79999999999998,54.19999999999998,19.99999999999998,,1.0
divvy,2,set_cal,2024-05-24,0.2,GroupAware2025,187.0,11.23023271309722,42.79999999999998,54.19999999999999,19.999999999999993,,1.0
divvy,2,set_cal,2024-05-24,0.2,RobustImprovement2025,187.0,10.425323402260465,37.2,45.599999999999994,14.399999999999977,,1.0
divvy,2,set_cal,2024-05-25,0.01,StructuralRobust,11.0,0.09090754617933788,6.3999999999999995,7.8,2.4000000000000012,0.0,1.0
divvy,2,set_cal,2024-05-25,0.01,ExpectedActionValue,11.0,14.531282016651318,0.8,1.4,0.8,,1.0
divvy,2,set_cal,2024-05-25,0.01,PointwiseWorstAction,11.0,14.785460386805354,0.8,1.4,0.8,,1.0
divvy,2,set_cal,2024-05-25,0.01,ScenarioCVaR,11.0,14.785460386805354,0.8,1.4,0.8,,1.0
divvy,2,set_cal,2024-05-25,0.01,RiskFirst,11.0,0.9222752744776135,8.0,10.000000000000002,3.200000000000001,,1.0
divvy,2,set_cal,2024-05-25,0.01,TemporalContext2024,11.0,0.7718621860005958,8.0,10.600000000000001,4.0,,1.0
divvy,2,set_cal,2024-05-25,0.01,NetworkPropagation2024,11.0,0.9222752744776135,7.2,9.200000000000001,3.200000000000002,,1.0
divvy,2,set_cal,2024-05-25,0.01,CalibratedUncertainty2025,11.0,1.4457213661931452,4.800000000000001,6.4,3.1999999999999993,,1.0
divvy,2,set_cal,2024-05-25,0.01,MappedPTO2026,11.0,0.7962669713366908,7.199999999999999,8.799999999999999,3.200000000000001,,1.0
divvy,2,set_cal,2024-05-25,0.01,GroupAware2025,11.0,0.9222752744776135,8.0,10.8,4.800000000000001,,1.0
divvy,2,set_cal,2024-05-25,0.01,RobustImprovement2025,11.0,0.9849732174220986,6.3999999999999995,7.8,2.4000000000000012,,1.0
divvy,2,set_cal,2024-05-25,0.03,StructuralRobust,32.0,17.00313888638687,17.600000000000005,23.400000000000006,10.399999999999999,0.0,1.0
divvy,2,set_cal,2024-05-25,0.03,ExpectedActionValue,32.0,28.33695770437364,4.0,5.4,2.4000000000000004,,1.0
divvy,2,set_cal,2024-05-25,0.03,PointwiseWorstAction,32.0,28.858824924102393,2.4000000000000004,3.8,2.3999999999999995,,1.0
divvy,2,set_cal,2024-05-25,0.03,ScenarioCVaR,32.0,28.858824924102393,2.4000000000000004,3.8,2.3999999999999995,,1.0
divvy,2,set_cal,2024-05-25,0.03,RiskFirst,32.0,1.9697560902200753,16.000000000000004,21.000000000000007,8.800000000000004,,1.0
divvy,2,set_cal,2024-05-25,0.03,TemporalContext2024,32.0,2.0429020569071685,16.000000000000004,21.000000000000004,8.799999999999997,,1.0
divvy,2,set_cal,2024-05-25,0.03,NetworkPropagation2024,32.0,2.295559251930004,16.000000000000004,21.000000000000007,8.800000000000004,,1.0
divvy,2,set_cal,2024-05-25,0.03,CalibratedUncertainty2025,32.0,2.309448393827974,11.200000000000001,14.400000000000002,6.400000000000004,,1.0
divvy,2,set_cal,2024-05-25,0.03,MappedPTO2026,32.0,2.777035189552687,17.6,23.400000000000006,10.399999999999999,,1.0
divvy,2,set_cal,2024-05-25,0.03,GroupAware2025,32.0,2.5586737692468597,16.000000000000004,21.000000000000007,8.800000000000004,,1.0
divvy,2,set_cal,2024-05-25,0.03,RobustImprovement2025,32.0,2.330089087154298,16.800000000000004,21.800000000000004,8.799999999999997,,1.0
divvy,2,set_cal,2024-05-25,0.05,StructuralRobust,53.0,22.956297240510356,20.800000000000004,26.600000000000005,10.400000000000002,0.0,1.0
divvy,2,set_cal,2024-05-25,0.05,ExpectedActionValue,53.0,38.13383802200168,6.3999999999999995,8.6,4.000000000000001,,1.0
divvy,2,set_cal,2024-05-25,0.05,PointwiseWorstAction,53.0,38.350079275730366,6.3999999999999995,8.6,3.999999999999999,,1.0
divvy,2,set_cal,2024-05-25,0.05,ScenarioCVaR,53.0,38.350079275730366,6.3999999999999995,8.6,3.999999999999999,,1.0
divvy,2,set_cal,2024-05-25,0.05,RiskFirst,53.0,5.200603120197519,20.000000000000007,25.80000000000001,10.400000000000006,,1.0
divvy,2,set_cal,2024-05-25,0.05,TemporalContext2024,53.0,4.809218295421239,20.000000000000007,25.80000000000001,10.399999999999999,,1.0
divvy,2,set_cal,2024-05-25,0.05,NetworkPropagation2024,53.0,3.4260153084561846,20.800000000000008,25.800000000000008,8.800000000000004,,1.0
divvy,2,set_cal,2024-05-25,0.05,CalibratedUncertainty2025,53.0,5.35621731974613,16.800000000000004,21.400000000000006,8.800000000000004,,1.0
divvy,2,set_cal,2024-05-25,0.05,MappedPTO2026,53.0,4.433689240067732,21.600000000000005,27.400000000000006,10.399999999999995,,1.0
divvy,2,set_cal,2024-05-25,0.05,GroupAware2025,53.0,5.200592757008936,20.000000000000007,25.800000000000008,10.400000000000002,,1.0
divvy,2,set_cal,2024-05-25,0.05,RobustImprovement2025,53.0,5.135114562365654,21.60000000000001,27.40000000000001,10.399999999999991,,1.0
divvy,2,set_cal,2024-05-25,0.1,StructuralRobust,106.0,32.132843095031035,31.200000000000017,38.800000000000004,12.799999999999983,0.0,1.0
divvy,2,set_cal,2024-05-25,0.1,ExpectedActionValue,106.0,52.47994102391697,13.600000000000001,16.400000000000002,4.800000000000001,,1.0
divvy,2,set_cal,2024-05-25,0.1,PointwiseWorstAction,106.0,52.440970571531224,12.0,14.2,4.0,,1.0
divvy,2,set_cal,2024-05-25,0.1,ScenarioCVaR,106.0,52.440970571531224,12.0,14.2,4.0,,1.0
divvy,2,set_cal,2024-05-25,0.1,RiskFirst,106.0,9.569943862888524,31.200000000000017,39.40000000000001,13.599999999999987,,1.0
divvy,2,set_cal,2024-05-25,0.1,TemporalContext2024,106.0,9.769660740470206,31.200000000000014,40.0,14.399999999999988,,1.0
divvy,2,set_cal,2024-05-25,0.1,NetworkPropagation2024,106.0,7.26414301471042,28.800000000000015,36.60000000000001,13.59999999999999,,1.0
divvy,2,set_cal,2024-05-25,0.1,CalibratedUncertainty2025,106.0,11.147841336698237,32.80000000000001,42.40000000000002,16.0,,1.0
divvy,2,set_cal,2024-05-25,0.1,MappedPTO2026,106.0,12.201130547031317,30.400000000000013,38.0,12.799999999999976,,1.0
divvy,2,set_cal,2024-05-25,0.1,GroupAware2025,106.0,10.076787480245386,30.400000000000016,38.000000000000014,12.799999999999986,,1.0
divvy,2,set_cal,2024-05-25,0.1,RobustImprovement2025,106.0,11.349945345665628,28.800000000000015,37.000000000000014,13.599999999999977,,1.0
divvy,2,set_cal,2024-05-25,0.2,StructuralRobust,213.0,0.992453291385595,45.6,57.499999999999986,19.599999999999973,0.0,1.0
divvy,2,set_cal,2024-05-25,0.2,ExpectedActionValue,213.0,62.87014288622614,30.400000000000016,38.7,13.199999999999978,,1.0
divvy,2,set_cal,2024-05-25,0.2,PointwiseWorstAction,213.0,62.72496690954104,30.400000000000016,37.900000000000006,11.599999999999984,,1.0
divvy,2,set_cal,2024-05-25,0.2,ScenarioCVaR,213.0,62.72496690954104,30.400000000000016,37.900000000000006,11.599999999999984,,1.0
divvy,2,set_cal,2024-05-25,0.2,RiskFirst,213.0,18.410232396945055,44.8,56.4,19.199999999999996,,1.0
divvy,2,set_cal,2024-05-25,0.2,TemporalContext2024,213.0,17.73756889209034,43.199999999999996,55.39999999999999,19.999999999999993,,1.0
divvy,2,set_cal,2024-05-25,0.2,NetworkPropagation2024,213.0,18.604979968396567,41.599999999999994,53.8,20.0,,1.0
divvy,2,set_cal,2024-05-25,0.2,CalibratedUncertainty2025,213.0,17.906104838461125,62.39999999999994,78.49999999999994,26.000000000000007,,1.0
divvy,2,set_cal,2024-05-25,0.2,MappedPTO2026,213.0,17.31162826457468,45.6,57.499999999999986,19.599999999999973,,1.0
divvy,2,set_cal,2024-05-25,0.2,GroupAware2025,213.0,15.947599893308304,43.999999999999986,56.4,20.799999999999997,,1.0
divvy,2,set_cal,2024-05-25,0.2,RobustImprovement2025,213.0,17.177259185279347,38.8,49.0,16.799999999999983,,1.0
divvy,2,set_cal,2024-05-26,0.01,StructuralRobust,7.0,0.06284494474800242,1.6,1.6,0.0,0.0,1.0
divvy,2,set_cal,2024-05-26,0.01,ExpectedActionValue,7.0,8.404993478725071,1.2000000000000002,1.8,0.7999999999999998,,1.0
divvy,2,set_cal,2024-05-26,0.01,PointwiseWorstAction,7.0,8.515239617777567,0.0,0.0,0.0,,1.0
divvy,2,set_cal,2024-05-26,0.01,ScenarioCVaR,7.0,8.515239617777567,0.0,0.0,0.0,,1.0
divvy,2,set_cal,2024-05-26,0.01,RiskFirst,7.0,0.5796086680200443,0.0,0.0,0.0,,1.0
divvy,2,set_cal,2024-05-26,0.01,TemporalContext2024,7.0,0.6366396886295864,0.0,0.0,0.0,,1.0
divvy,2,set_cal,2024-05-26,0.01,NetworkPropagation2024,7.0,0.10113288153586919,0.8,0.8,0.0,,1.0
divvy,2,set_cal,2024-05-26,0.01,CalibratedUncertainty2025,7.0,0.6740072042542752,0.0,0.0,0.0,,1.0
divvy,2,set_cal,2024-05-26,0.01,MappedPTO2026,7.0,0.0725402235156817,0.8,0.8,0.0,,1.0
divvy,2,set_cal,2024-05-26,0.01,GroupAware2025,7.0,0.5796086680200443,0.0,0.0,0.0,,1.0
divvy,2,set_cal,2024-05-26,0.01,RobustImprovement2025,7.0,0.345875354941881,1.6,1.6,0.0,,1.0
divvy,2,set_cal,2024-05-26,0.03,StructuralRobust,22.0,12.62943534688334,8.8,10.9,3.5999999999999996,0.0,1.0
divvy,2,set_cal,2024-05-26,0.03,ExpectedActionValue,22.0,17.19990098142801,1.2000000000000002,1.8,0.7999999999999998,,1.0
divvy,2,set_cal,2024-05-26,0.03,PointwiseWorstAction,22.0,17.78135117050792,1.2000000000000002,1.8,0.7999999999999998,,1.0
divvy,2,set_cal,2024-05-26,0.03,ScenarioCVaR,22.0,17.78135117050792,1.2000000000000002,1.8,0.7999999999999998,,1.0
divvy,2,set_cal,2024-05-26,0.03,RiskFirst,22.0,1.9932329732126548,3.2,3.2,0.0,,1.0
divvy,2,set_cal,2024-05-26,0.03,TemporalContext2024,22.0,2.0054328587572368,4.0,4.700000000000001,1.200000000000001,,1.0
divvy,2,set_cal,2024-05-26,0.03,NetworkPropagation2024,22.0,2.281245960438675,3.2,3.2,0.0,,1.0
divvy,2,set_cal,2024-05-26,0.03,CalibratedUncertainty2025,22.0,1.678526024283295,6.4,8.4,3.200000000000001,,1.0
divvy,2,set_cal,2024-05-26,0.03,MappedPTO2026,22.0,1.9932329732126546,3.2,3.2,0.0,,1.0
divvy,2,set_cal,2024-05-26,0.03,GroupAware2025,22.0,1.9590370106759332,4.8,5.5,1.200000000000001,,1.0
divvy,2,set_cal,2024-05-26,0.03,RobustImprovement2025,22.0,1.344829696238915,8.8,10.900000000000002,3.6000000000000014,,1.0
divvy,2,set_cal,2024-05-26,0.05,StructuralRobust,37.0,17.009912601521663,15.200000000000003,19.100000000000005,6.0000000000000036,0.0,1.0
divvy,2,set_cal,2024-05-26,0.05,ExpectedActionValue,37.0,23.8403250966616,2.4000000000000004,3.0,0.7999999999999998,,1.0
divvy,2,set_cal,2024-05-26,0.05,PointwiseWorstAction,37.0,24.091662161360407,2.4000000000000004,3.0,0.7999999999999998,,1.0
divvy,2,set_cal,2024-05-26,0.05,ScenarioCVaR,37.0,24.091662161360407,2.4000000000000004,3.0,0.7999999999999998,,1.0
divvy,2,set_cal,2024-05-26,0.05,RiskFirst,37.0,3.917590416849432,10.400000000000002,13.100000000000001,4.399999999999999,,1.0
divvy,2,set_cal,2024-05-26,0.05,TemporalContext2024,37.0,3.917590416849432,10.400000000000002,13.100000000000003,4.4,,1.0
divvy,2,set_cal,2024-05-26,0.05,NetworkPropagation2024,37.0,3.4893788589628985,8.799999999999999,10.9,3.6000000000000014,,1.0
divvy,2,set_cal,2024-05-26,0.05,CalibratedUncertainty2025,37.0,2.8871739566113646,14.400000000000004,19.500000000000007,7.600000000000003,,1.0
divvy,2,set_cal,2024-05-26,0.05,MappedPTO2026,37.0,4.015039956178149,10.400000000000002,13.100000000000001,4.399999999999999,,1.0
divvy,2,set_cal,2024-05-26,0.05,GroupAware2025,37.0,3.269046904057343,10.400000000000002,13.100000000000003,4.4,,1.0
divvy,2,set_cal,2024-05-26,0.05,RobustImprovement2025,37.0,3.3283537517029385,10.400000000000002,13.100000000000003,4.4,,1.0
divvy,2,set_cal,2024-05-26,0.1,StructuralRobust,73.0,23.32678575050639,18.000000000000004,23.70000000000001,8.400000000000006,0.0,1.0
divvy,2,set_cal,2024-05-26,0.1,ExpectedActionValue,73.0,32.1365978690697,4.0,5.200000000000001,1.6000000000000005,,1.0
divvy,2,set_cal,2024-05-26,0.1,PointwiseWorstAction,73.0,32.151734054383404,4.0,5.199999999999999,1.5999999999999996,,1.0
divvy,2,set_cal,2024-05-26,0.1,ScenarioCVaR,73.0,32.151734054383404,4.0,5.199999999999999,1.5999999999999996,,1.0
divvy,2,set_cal,2024-05-26,0.1,RiskFirst,73.0,6.210446172859526,15.600000000000003,19.500000000000004,5.999999999999998,,1.0
divvy,2,set_cal,2024-05-26,0.1,TemporalContext2024,73.0,6.017066168157076,15.600000000000003,19.500000000000004,5.999999999999998,,1.0
divvy,2,set_cal,2024-05-26,0.1,NetworkPropagation2024,73.0,5.872462462308445,13.200000000000001,16.5,5.1999999999999975,,1.0
divvy,2,set_cal,2024-05-26,0.1,CalibratedUncertainty2025,73.0,5.398770414486737,18.000000000000004,23.700000000000006,8.400000000000006,,1.0
divvy,2,set_cal,2024-05-26,0.1,MappedPTO2026,73.0,6.086465921901108,17.200000000000003,21.7,6.799999999999997,,1.0
divvy,2,set_cal,2024-05-26,0.1,GroupAware2025,73.0,5.725707503982226,15.600000000000003,19.500000000000004,5.999999999999998,,1.0
divvy,2,set_cal,2024-05-26,0.1,RobustImprovement2025,73.0,6.237297000732392,15.600000000000003,19.500000000000004,6.000000000000002,,1.0
divvy,2,set_cal,2024-05-26,0.2,StructuralRobust,146.0,0.7654869551221618,21.6,27.9,9.2,0.0,1.0
divvy,2,set_cal,2024-05-26,0.2,ExpectedActionValue,146.0,39.2183668799146,7.200000000000001,9.000000000000002,2.4000000000000004,,1.0
divvy,2,set_cal,2024-05-26,0.2,PointwiseWorstAction,146.0,39.283260621765194,7.6,10.0,3.200000000000001,,1.0
divvy,2,set_cal,2024-05-26,0.2,ScenarioCVaR,146.0,39.283260621765194,7.6,10.0,3.200000000000001,,1.0
divvy,2,set_cal,2024-05-26,0.2,RiskFirst,146.0,10.504395284931539,23.600000000000005,30.500000000000007,9.999999999999996,,1.0
divvy,2,set_cal,2024-05-26,0.2,TemporalContext2024,146.0,10.327153808879105,18.400000000000002,24.1,8.399999999999999,,1.0
divvy,2,set_cal,2024-05-26,0.2,NetworkPropagation2024,146.0,9.269255745515013,20.800000000000004,27.1,9.199999999999996,,1.0
divvy,2,set_cal,2024-05-26,0.2,CalibratedUncertainty2025,146.0,9.317485517395463,27.20000000000001,35.7,13.199999999999989,,1.0
divvy,2,set_cal,2024-05-26,0.2,MappedPTO2026,146.0,8.535278391359153,21.6,27.9,9.2,,1.0
divvy,2,set_cal,2024-05-26,0.2,GroupAware2025,146.0,10.909226525538365,20.000000000000004,26.300000000000008,9.2,,1.0
divvy,2,set_cal,2024-05-26,0.2,RobustImprovement2025,146.0,10.36501072834703,19.200000000000003,24.500000000000007,8.400000000000002,,1.0
divvy,2,set_cal,2024-05-27,0.01,StructuralRobust,9.0,0.10241513028299222,1.6,1.6,0.0,0.0,1.0
divvy,2,set_cal,2024-05-27,0.01,ExpectedActionValue,9.0,15.287612740302253,2.4000000000000004,3.0,0.7999999999999998,,1.0
divvy,2,set_cal,2024-05-27,0.01,PointwiseWorstAction,9.0,15.340937060528493,2.4000000000000004,3.0,0.7999999999999998,,1.0
divvy,2,set_cal,2024-05-27,0.01,ScenarioCVaR,9.0,15.340937060528493,2.4000000000000004,3.0,0.7999999999999998,,1.0
divvy,2,set_cal,2024-05-27,0.01,RiskFirst,9.0,2.3044376851962554,0.0,0.0,0.0,,1.0
divvy,2,set_cal,2024-05-27,0.01,TemporalContext2024,9.0,2.5500652933973273,0.0,0.0,0.0,,1.0
divvy,2,set_cal,2024-05-27,0.01,NetworkPropagation2024,9.0,3.001564022373657,0.0,0.0,0.0,,1.0
divvy,2,set_cal,2024-05-27,0.01,CalibratedUncertainty2025,9.0,1.2346651103674642,0.0,0.0,0.0,,1.0
divvy,2,set_cal,2024-05-27,0.01,MappedPTO2026,9.0,2.3044376851962554,0.0,0.0,0.0,,1.0
divvy,2,set_cal,2024-05-27,0.01,GroupAware2025,9.0,2.3044376851962554,0.0,0.0,0.0,,1.0
divvy,2,set_cal,2024-05-27,0.01,RobustImprovement2025,9.0,0.7651176431842757,2.4000000000000004,3.0,0.7999999999999998,,1.0
divvy,2,set_cal,2024-05-27,0.03,StructuralRobust,27.0,18.18760634342963,6.0,8.6,4.0,0.0,1.0
divvy,2,set_cal,2024-05-27,0.03,ExpectedActionValue,27.0,30.153126346260546,2.4000000000000004,3.0,0.7999999999999998,,1.0
divvy,2,set_cal,2024-05-27,0.03,PointwiseWorstAction,27.0,30.762861637200466,2.4000000000000004,3.0,0.7999999999999998,,1.0
divvy,2,set_cal,2024-05-27,0.03,ScenarioCVaR,27.0,30.762861637200466,2.4000000000000004,3.0,0.7999999999999998,,1.0
divvy,2,set_cal,2024-05-27,0.03,RiskFirst,27.0,5.2420998511826795,5.199999999999999,7.199999999999999,3.200000000000001,,1.0
divvy,2,set_cal,2024-05-27,0.03,TemporalContext2024,27.0,5.2420998511826795,5.199999999999999,7.199999999999999,3.200000000000001,,1.0
divvy,2,set_cal,2024-05-27,0.03,NetworkPropagation2024,27.0,5.606297834328034,4.3999999999999995,5.6,1.6000000000000005,,1.0
divvy,2,set_cal,2024-05-27,0.03,CalibratedUncertainty2025,27.0,4.7083440051020915,4.4,5.6,1.5999999999999996,,1.0
divvy,2,set_cal,2024-05-27,0.03,MappedPTO2026,27.0,5.225636310705247,5.199999999999999,7.199999999999999,3.200000000000001,,1.0
divvy,2,set_cal,2024-05-27,0.03,GroupAware2025,27.0,5.24209985118268,5.199999999999999,7.199999999999999,3.200000000000001,,1.0
divvy,2,set_cal,2024-05-27,0.03,RobustImprovement2025,27.0,4.892613230661691,5.199999999999999,7.199999999999999,3.200000000000001,,1.0
divvy,2,set_cal,2024-05-27,0.05,StructuralRobust,44.0,24.899073012716592,12.000000000000002,16.0,6.4,0.0,1.0
divvy,2,set_cal,2024-05-27,0.05,ExpectedActionValue,44.0,39.82917008574058,5.6,6.8,1.6000000000000005,,1.0
divvy,2,set_cal,2024-05-27,0.05,PointwiseWorstAction,44.0,40.0008886276446,4.800000000000001,6.0,1.5999999999999996,,1.0
divvy,2,set_cal,2024-05-27,0.05,ScenarioCVaR,44.0,40.0008886276446,4.800000000000001,6.0,1.5999999999999996,,1.0
divvy,2,set_cal,2024-05-27,0.05,RiskFirst,44.0,8.580035310142764,7.599999999999999,11.599999999999998,6.400000000000001,,1.0
divvy,2,set_cal,2024-05-27,0.05,TemporalContext2024,44.0,8.580035310142764,7.599999999999999,11.599999999999998,6.400000000000001,,1.0
divvy,2,set_cal,2024-05-27,0.05,NetworkPropagation2024,44.0,6.169189627401833,5.999999999999999,8.6,4.000000000000001,,1.0
divvy,2,set_cal,2024-05-27,0.05,CalibratedUncertainty2025,44.0,7.3351350261094055,10.400000000000002,13.8,5.599999999999998,,1.0
divvy,2,set_cal,2024-05-27,0.05,MappedPTO2026,44.0,8.078259812953036,9.2,13.2,6.4,,1.0
divvy,2,set_cal,2024-05-27,0.05,GroupAware2025,44.0,8.652215098312467,9.2,12.399999999999999,4.800000000000001,,1.0
divvy,2,set_cal,2024-05-27,0.05,RobustImprovement2025,44.0,7.374617837103269,9.599999999999998,13.599999999999998,6.400000000000002,,1.0
divvy,2,set_cal,2024-05-27,0.1,StructuralRobust,88.0,35.70634628291397,20.800000000000004,27.60000000000001,11.200000000000003,0.0,1.0
divvy,2,set_cal,2024-05-27,0.1,ExpectedActionValue,88.0,54.35846168756796,10.399999999999999,13.200000000000001,4.8000000000000025,,1.0
divvy,2,set_cal,2024-05-27,0.1,PointwiseWorstAction,88.0,54.44148392838333,8.8,10.600000000000001,2.4000000000000004,,1.0
divvy,2,set_cal,2024-05-27,0.1,ScenarioCVaR,88.0,54.44148392838333,8.8,10.600000000000001,2.4000000000000004,,1.0
divvy,2,set_cal,2024-05-27,0.1,RiskFirst,88.0,13.36958834904554,24.400000000000006,31.20000000000001,11.200000000000003,,1.0
divvy,2,set_cal,2024-05-27,0.1,TemporalContext2024,88.0,13.24265135977219,20.800000000000004,27.6,11.200000000000003,,1.0
divvy,2,set_cal,2024-05-27,0.1,NetworkPropagation2024,88.0,12.93034019929698,19.200000000000003,26.000000000000007,11.200000000000003,,1.0
divvy,2,set_cal,2024-05-27,0.1,CalibratedUncertainty2025,88.0,14.267227040478122,24.000000000000014,30.80000000000001,11.199999999999996,,1.0
divvy,2,set_cal,2024-05-27,0.1,MappedPTO2026,88.0,14.852020419975332,24.40000000000001,31.200000000000014,11.2,,1.0
divvy,2,set_cal,2024-05-27,0.1,GroupAware2025,88.0,13.820694073373964,23.60000000000001,30.400000000000006,11.199999999999989,,1.0
divvy,2,set_cal,2024-05-27,0.1,RobustImprovement2025,88.0,13.594085035629071,21.200000000000003,28.000000000000004,11.200000000000003,,1.0
divvy,2,set_cal,2024-05-27,0.2,StructuralRobust,177.0,1.0995669743697585,32.40000000000001,41.2,14.399999999999977,0.0,1.0
divvy,2,set_cal,2024-05-27,0.2,ExpectedActionValue,177.0,64.65340999096125,16.800000000000004,21.800000000000008,8.8,,1.0
divvy,2,set_cal,2024-05-27,0.2,PointwiseWorstAction,177.0,64.76031140389895,17.200000000000006,22.200000000000006,8.799999999999997,,1.0
divvy,2,set_cal,2024-05-27,0.2,ScenarioCVaR,177.0,64.76031140389895,17.200000000000006,22.200000000000006,8.799999999999997,,1.0
divvy,2,set_cal,2024-05-27,0.2,RiskFirst,177.0,19.50689412478032,34.80000000000001,44.6,16.799999999999976,,1.0
divvy,2,set_cal,2024-05-27,0.2,TemporalContext2024,177.0,19.914325089769214,30.80000000000001,39.599999999999994,14.399999999999984,,1.0
divvy,2,set_cal,2024-05-27,0.2,NetworkPropagation2024,177.0,19.669102305327858,32.40000000000001,42.2,16.799999999999983,,1.0
divvy,2,set_cal,2024-05-27,0.2,CalibratedUncertainty2025,177.0,18.134760308607678,36.40000000000001,46.199999999999996,16.799999999999976,,1.0
divvy,2,set_cal,2024-05-27,0.2,MappedPTO2026,177.0,19.088001408159936,32.40000000000001,41.2,14.399999999999977,,1.0
divvy,2,set_cal,2024-05-27,0.2,GroupAware2025,177.0,20.061239988243415,33.20000000000002,42.4,15.999999999999964,,1.0
divvy,2,set_cal,2024-05-27,0.2,RobustImprovement2025,177.0,19.385081708694997,26.800000000000008,34.4,12.799999999999986,,1.0
divvy,2,set_cal,2024-05-28,0.01,StructuralRobust,9.0,0.19700585164760293,13.600000000000001,20.0,12.799999999999997,0.0,1.0
divvy,2,set_cal,2024-05-28,0.01,ExpectedActionValue,9.0,8.788826124372552,2.4000000000000004,2.4000000000000004,0.0,,1.0
divvy,2,set_cal,2024-05-28,0.01,PointwiseWorstAction,9.0,9.487625317308265,3.2,3.8,0.7999999999999998,,1.0
divvy,2,set_cal,2024-05-28,0.01,ScenarioCVaR,9.0,9.487625317308265,3.2,3.8,0.7999999999999998,,1.0
divvy,2,set_cal,2024-05-28,0.01,RiskFirst,9.0,0.5938526580581881,12.8,19.2,12.799999999999997,,1.0
divvy,2,set_cal,2024-05-28,0.01,TemporalContext2024,9.0,0.6028473820913076,12.000000000000002,18.4,12.799999999999999,,1.0
divvy,2,set_cal,2024-05-28,0.01,NetworkPropagation2024,9.0,0.6028473820913076,12.000000000000002,18.400000000000002,12.799999999999999,,1.0
divvy,2,set_cal,2024-05-28,0.01,CalibratedUncertainty2025,9.0,1.2326335030672424,11.200000000000001,17.0,11.999999999999998,,1.0
divvy,2,set_cal,2024-05-28,0.01,MappedPTO2026,9.0,0.5938526580581881,12.8,19.2,12.799999999999997,,1.0
divvy,2,set_cal,2024-05-28,0.01,GroupAware2025,9.0,0.6028473820913076,12.0,18.4,12.799999999999997,,1.0
divvy,2,set_cal,2024-05-28,0.01,RobustImprovement2025,9.0,0.5633001388138431,12.000000000000002,17.800000000000004,10.400000000000004,,1.0
divvy,2,set_cal,2024-05-28,0.03,StructuralRobust,27.0,28.30175455580628,21.600000000000005,29.200000000000003,14.400000000000002,0.0,1.0
divvy,2,set_cal,2024-05-28,0.03,ExpectedActionValue,27.0,22.500798199503812,4.8,5.3999999999999995,0.7999999999999998,,1.0
divvy,2,set_cal,2024-05-28,0.03,PointwiseWorstAction,27.0,22.74607722275139,5.6,6.199999999999999,0.8000000000000007,,1.0
divvy,2,set_cal,2024-05-28,0.03,ScenarioCVaR,27.0,22.74607722275139,5.6,6.199999999999999,0.8000000000000007,,1.0
divvy,2,set_cal,2024-05-28,0.03,RiskFirst,27.0,0.9814389183409357,22.800000000000008,33.1,18.799999999999986,,1.0
divvy,2,set_cal,2024-05-28,0.03,TemporalContext2024,27.0,0.9814389183409357,22.800000000000008,33.1,18.799999999999994,,1.0
divvy,2,set_cal,2024-05-28,0.03,NetworkPropagation2024,27.0,0.9628280622111915,22.40000000000001,32.70000000000002,18.799999999999994,,1.0
divvy,2,set_cal,2024-05-28,0.03,CalibratedUncertainty2025,27.0,2.1343015040217153,21.60000000000001,30.60000000000001,16.79999999999999,,1.0
divvy,2,set_cal,2024-05-28,0.03,MappedPTO2026,27.0,1.0974921776746394,23.200000000000006,32.3,17.199999999999985,,1.0
divvy,2,set_cal,2024-05-28,0.03,GroupAware2025,27.0,0.9814389183409357,22.800000000000008,33.1,18.799999999999986,,1.0
divvy,2,set_cal,2024-05-28,0.03,RobustImprovement2025,27.0,0.8653397738062223,22.000000000000007,30.400000000000006,15.999999999999986,,1.0
divvy,2,set_cal,2024-05-28,0.05,StructuralRobust,45.0,39.638027443972526,32.400000000000006,40.70000000000002,15.600000000000009,0.0,1.0
divvy,2,set_cal,2024-05-28,0.05,ExpectedActionValue,45.0,31.69829181672643,7.2,7.8,0.7999999999999989,,1.0
divvy,2,set_cal,2024-05-28,0.05,PointwiseWorstAction,45.0,31.923622170352395,8.799999999999999,10.6,2.4000000000000004,,1.0
divvy,2,set_cal,2024-05-28,0.05,ScenarioCVaR,45.0,31.923622170352395,8.799999999999999,10.6,2.4000000000000004,,1.0
divvy,2,set_cal,2024-05-28,0.05,RiskFirst,45.0,4.053906371104768,33.20000000000002,44.7,20.399999999999977,,1.0
divvy,2,set_cal,2024-05-28,0.05,TemporalContext2024,45.0,3.9708238372827815,33.20000000000001,44.7,20.39999999999999,,1.0
divvy,2,set_cal,2024-05-28,0.05,NetworkPropagation2024,45.0,3.947900003804848,31.600000000000016,43.10000000000001,20.39999999999999,,1.0
divvy,2,set_cal,2024-05-28,0.05,CalibratedUncertainty2025,45.0,4.2484868238075935,29.200000000000014,39.400000000000006,18.39999999999998,,1.0
divvy,2,set_cal,2024-05-28,0.05,MappedPTO2026,45.0,4.02445955120614,33.20000000000001,44.1,19.599999999999987,,1.0
divvy,2,set_cal,2024-05-28,0.05,GroupAware2025,45.0,4.006200133681736,31.600000000000016,43.10000000000001,20.399999999999977,,1.0
divvy,2,set_cal,2024-05-28,0.05,RobustImprovement2025,45.0,4.054002226314201,30.000000000000014,39.60000000000001,17.59999999999998,,1.0
divvy,2,set_cal,2024-05-28,0.1,StructuralRobust,91.0,57.37766816466388,44.400000000000006,55.89999999999999,20.399999999999977,0.0,1.0
divvy,2,set_cal,2024-05-28,0.1,ExpectedActionValue,91.0,45.40988877865134,12.800000000000002,16.4,4.799999999999995,,1.0
divvy,2,set_cal,2024-05-28,0.1,PointwiseWorstAction,91.0,45.47307368211055,14.400000000000002,19.6,8.0,,1.0
divvy,2,set_cal,2024-05-28,0.1,ScenarioCVaR,91.0,45.47307368211055,14.400000000000002,19.6,8.0,,1.0
divvy,2,set_cal,2024-05-28,0.1,RiskFirst,91.0,6.8283535999849345,45.19999999999999,57.29999999999998,21.199999999999974,,1.0
divvy,2,set_cal,2024-05-28,0.1,TemporalContext2024,91.0,7.1115802369345795,45.99999999999998,58.09999999999998,21.199999999999996,,1.0
divvy,2,set_cal,2024-05-28,0.1,NetworkPropagation2024,91.0,6.608964855932054,43.599999999999994,55.69999999999999,21.19999999999999,,1.0
divvy,2,set_cal,2024-05-28,0.1,CalibratedUncertainty2025,91.0,6.410028234720637,47.599999999999994,59.69999999999999,21.199999999999974,,1.0
divvy,2,set_cal,2024-05-28,0.1,MappedPTO2026,91.0,7.06520911023466,45.19999999999998,57.29999999999998,21.199999999999996,,1.0
divvy,2,set_cal,2024-05-28,0.1,GroupAware2025,91.0,6.843549241278916,44.39999999999999,56.499999999999986,21.199999999999974,,1.0
divvy,2,set_cal,2024-05-28,0.1,RobustImprovement2025,91.0,6.650373859266486,45.19999999999998,57.29999999999998,21.19999999999998,,1.0
divvy,2,set_cal,2024-05-28,0.2,StructuralRobust,182.0,1.7718952993431987,61.19999999999994,77.89999999999993,28.399999999999984,0.0,1.0
divvy,2,set_cal,2024-05-28,0.2,ExpectedActionValue,182.0,55.51128402003027,24.00000000000001,33.2,14.399999999999988,,1.0
divvy,2,set_cal,2024-05-28,0.2,PointwiseWorstAction,182.0,55.567292087195106,22.40000000000001,28.80000000000001,9.599999999999998,,1.0
divvy,2,set_cal,2024-05-28,0.2,ScenarioCVaR,182.0,55.567292087195106,22.40000000000001,28.80000000000001,9.599999999999998,,1.0
divvy,2,set_cal,2024-05-28,0.2,RiskFirst,182.0,10.721623975290788,63.599999999999945,79.69999999999993,27.59999999999996,,1.0
divvy,2,set_cal,2024-05-28,0.2,TemporalContext2024,182.0,10.467651113470179,64.39999999999993,80.49999999999991,27.59999999999998,,1.0
divvy,2,set_cal,2024-05-28,0.2,NetworkPropagation2024,182.0,9.742784953194116,61.199999999999946,76.69999999999995,26.799999999999983,,1.0
divvy,2,set_cal,2024-05-28,0.2,CalibratedUncertainty2025,182.0,11.238098083707502,70.79999999999993,89.2999999999999,30.799999999999955,,1.0
divvy,2,set_cal,2024-05-28,0.2,MappedPTO2026,182.0,10.67297045052278,61.19999999999994,77.89999999999993,28.399999999999984,,1.0
divvy,2,set_cal,2024-05-28,0.2,GroupAware2025,182.0,10.061593213453474,62.79999999999995,78.89999999999993,27.59999999999996,,1.0
divvy,2,set_cal,2024-05-28,0.2,RobustImprovement2025,182.0,12.202326427097105,59.59999999999994,74.49999999999993,25.999999999999986,,1.0
divvy,2,set_cal,2024-05-29,0.01,StructuralRobust,10.0,0.18092176552219832,15.200000000000001,23.800000000000004,18.4,0.0,1.0
divvy,2,set_cal,2024-05-29,0.01,ExpectedActionValue,10.0,12.626250653695097,1.6,1.6,0.0,,1.0
divvy,2,set_cal,2024-05-29,0.01,PointwiseWorstAction,10.0,12.782112915532606,1.6,1.6,0.0,,1.0
divvy,2,set_cal,2024-05-29,0.01,ScenarioCVaR,10.0,12.782112915532606,1.6,1.6,0.0,,1.0
divvy,2,set_cal,2024-05-29,0.01,RiskFirst,10.0,1.0397486974505497,13.600000000000001,22.8,19.200000000000003,,1.0
divvy,2,set_cal,2024-05-29,0.01,TemporalContext2024,10.0,1.0397486974505497,13.600000000000001,22.8,19.200000000000003,,1.0
divvy,2,set_cal,2024-05-29,0.01,NetworkPropagation2024,10.0,1.318646549637745,12.8,21.200000000000003,17.599999999999998,,1.0
divvy,2,set_cal,2024-05-29,0.01,CalibratedUncertainty2025,10.0,1.0492830179399035,12.000000000000002,18.800000000000004,14.399999999999997,,1.0
divvy,2,set_cal,2024-05-29,0.01,MappedPTO2026,10.0,1.318646549637745,12.8,21.200000000000003,17.6,,1.0
divvy,2,set_cal,2024-05-29,0.01,GroupAware2025,10.0,1.0397486974505497,13.600000000000001,22.8,19.200000000000003,,1.0
divvy,2,set_cal,2024-05-29,0.01,RobustImprovement2025,10.0,1.3368103060286776,12.8,20.2,15.2,,1.0
divvy,2,set_cal,2024-05-29,0.03,StructuralRobust,30.0,27.905499425220277,26.000000000000007,39.0,26.399999999999984,0.0,1.0
divvy,2,set_cal,2024-05-29,0.03,ExpectedActionValue,30.0,25.081335931034584,4.800000000000001,6.0,1.5999999999999996,,1.0
divvy,2,set_cal,2024-05-29,0.03,PointwiseWorstAction,30.0,25.321321431192835,4.800000000000001,6.0,1.5999999999999996,,1.0
divvy,2,set_cal,2024-05-29,0.03,ScenarioCVaR,30.0,25.321321431192835,4.800000000000001,6.0,1.5999999999999996,,1.0
divvy,2,set_cal,2024-05-29,0.03,RiskFirst,30.0,2.5160413196178775,28.00000000000001,43.2,30.39999999999998,,1.0
divvy,2,set_cal,2024-05-29,0.03,TemporalContext2024,30.0,3.934125604374751,27.200000000000014,42.4,30.39999999999998,,1.0
divvy,2,set_cal,2024-05-29,0.03,NetworkPropagation2024,30.0,2.473040834579333,28.800000000000015,44.00000000000001,30.39999999999998,,1.0
divvy,2,set_cal,2024-05-29,0.03,CalibratedUncertainty2025,30.0,2.65492660859876,28.00000000000001,43.599999999999994,31.999999999999975,,1.0
divvy,2,set_cal,2024-05-29,0.03,MappedPTO2026,30.0,2.5160413196178775,28.00000000000001,43.2,30.399999999999974,,1.0
divvy,2,set_cal,2024-05-29,0.03,GroupAware2025,30.0,2.396290618223473,28.00000000000001,42.400000000000006,28.79999999999998,,1.0
divvy,2,set_cal,2024-05-29,0.03,RobustImprovement2025,30.0,2.4704234981002906,27.20000000000001,41.599999999999994,28.79999999999997,,1.0
divvy,2,set_cal,2024-05-29,0.05,StructuralRobust,50.0,38.45311568815558,37.20000000000001,55.60000000000001,36.800000000000004,0.0,1.0
divvy,2,set_cal,2024-05-29,0.05,ExpectedActionValue,50.0,33.43848996067947,8.8,12.400000000000002,6.4,,1.0
divvy,2,set_cal,2024-05-29,0.05,PointwiseWorstAction,50.0,33.6129103509633,10.400000000000002,14.0,6.399999999999999,,1.0
divvy,2,set_cal,2024-05-29,0.05,ScenarioCVaR,50.0,33.6129103509633,10.400000000000002,14.0,6.399999999999999,,1.0
divvy,2,set_cal,2024-05-29,0.05,RiskFirst,50.0,5.313803818032216,35.6,53.0,34.4,,1.0
divvy,2,set_cal,2024-05-29,0.05,TemporalContext2024,50.0,5.620932573433624,36.40000000000001,55.0,37.59999999999999,,1.0
divvy,2,set_cal,2024-05-29,0.05,NetworkPropagation2024,50.0,6.282262567915279,34.00000000000001,50.60000000000001,32.79999999999999,,1.0
divvy,2,set_cal,2024-05-29,0.05,CalibratedUncertainty2025,50.0,5.154856689503978,36.400000000000006,57.2,41.599999999999994,,1.0
divvy,2,set_cal,2024-05-29,0.05,MappedPTO2026,50.0,5.250572674757859,34.800000000000004,51.39999999999999,32.799999999999976,,1.0
divvy,2,set_cal,2024-05-29,0.05,GroupAware2025,50.0,5.313803818032216,35.6,53.0,34.4,,1.0
divvy,2,set_cal,2024-05-29,0.05,RobustImprovement2025,50.0,6.675515160396212,38.00000000000001,56.39999999999999,36.79999999999996,,1.0
divvy,2,set_cal,2024-05-29,0.1,StructuralRobust,99.0,55.95155313282314,56.4,84.39999999999999,54.39999999999997,0.0,1.0
divvy,2,set_cal,2024-05-29,0.1,ExpectedActionValue,99.0,46.681450456658155,20.400000000000006,26.000000000000007,9.600000000000001,,1.0
divvy,2,set_cal,2024-05-29,0.1,PointwiseWorstAction,99.0,46.88179603421869,20.400000000000006,26.000000000000007,9.600000000000001,,1.0
divvy,2,set_cal,2024-05-29,0.1,ScenarioCVaR,99.0,46.88179603421869,20.400000000000006,26.000000000000007,9.600000000000001,,1.0
divvy,2,set_cal,2024-05-29,0.1,RiskFirst,99.0,9.357679390909116,57.999999999999986,87.79999999999998,56.80000000000001,,1.0
divvy,2,set_cal,2024-05-29,0.1,TemporalContext2024,99.0,8.336554581699414,58.79999999999999,89.19999999999999,57.600000000000016,,1.0
divvy,2,set_cal,2024-05-29,0.1,NetworkPropagation2024,99.0,9.436496227124175,54.79999999999998,83.39999999999998,55.2,,1.0
divvy,2,set_cal,2024-05-29,0.1,CalibratedUncertainty2025,99.0,7.5740866399429265,58.799999999999976,88.79999999999997,56.00000000000001,,1.0
divvy,2,set_cal,2024-05-29,0.1,MappedPTO2026,99.0,9.37527159636881,57.19999999999999,87.6,57.599999999999994,,1.0
divvy,2,set_cal,2024-05-29,0.1,GroupAware2025,99.0,9.393207653159804,57.999999999999986,87.79999999999998,56.80000000000001,,1.0
divvy,2,set_cal,2024-05-29,0.1,RobustImprovement2025,99.0,9.336451356955877,57.19999999999998,86.99999999999997,56.799999999999976,,1.0
divvy,2,set_cal,2024-05-29,0.2,StructuralRobust,199.0,1.655581478380695,87.59999999999992,122.39999999999995,64.00000000000013,0.0,1.0
divvy,2,set_cal,2024-05-29,0.2,ExpectedActionValue,199.0,56.941658527902746,39.99999999999999,51.599999999999994,22.4,,1.0
divvy,2,set_cal,2024-05-29,0.2,PointwiseWorstAction,199.0,56.996462988172894,42.400000000000006,55.4,24.799999999999983,,1.0
divvy,2,set_cal,2024-05-29,0.2,ScenarioCVaR,199.0,56.996462988172894,42.400000000000006,55.4,24.799999999999983,,1.0
divvy,2,set_cal,2024-05-29,0.2,RiskFirst,199.0,15.442816956457365,89.99999999999991,125.39999999999995,64.80000000000018,,1.0
divvy,2,set_cal,2024-05-29,0.2,TemporalContext2024,199.0,14.291275377823569,89.9999999999999,125.79999999999997,66.40000000000025,,1.0
divvy,2,set_cal,2024-05-29,0.2,NetworkPropagation2024,199.0,13.639245166557926,85.99999999999991,120.79999999999995,64.00000000000014,,1.0
divvy,2,set_cal,2024-05-29,0.2,CalibratedUncertainty2025,199.0,15.655126000977521,95.59999999999987,133.59999999999997,68.80000000000025,,1.0
divvy,2,set_cal,2024-05-29,0.2,MappedPTO2026,199.0,15.624132931440897,87.59999999999992,122.39999999999995,64.00000000000013,,1.0
divvy,2,set_cal,2024-05-29,0.2,GroupAware2025,199.0,13.780916009148044,88.39999999999992,123.79999999999995,64.80000000000018,,1.0
divvy,2,set_cal,2024-05-29,0.2,RobustImprovement2025,199.0,12.286507969028548,80.39999999999992,113.99999999999994,62.40000000000012,,1.0
divvy,2,set_cal,2024-05-30,0.01,StructuralRobust,10.0,0.2105092664348067,14.399999999999999,23.0,16.800000000000004,0.0,1.0
divvy,2,set_cal,2024-05-30,0.01,ExpectedActionValue,10.0,13.72556607271773,1.6,2.4000000000000004,1.6,,1.0
divvy,2,set_cal,2024-05-30,0.01,PointwiseWorstAction,10.0,13.72556607271773,1.6,2.4000000000000004,1.6,,1.0
divvy,2,set_cal,2024-05-30,0.01,ScenarioCVaR,10.0,13.72556607271773,1.6,2.4000000000000004,1.6,,1.0
divvy,2,set_cal,2024-05-30,0.01,RiskFirst,10.0,0.2714727766212839,15.2,23.800000000000004,16.800000000000008,,1.0
divvy,2,set_cal,2024-05-30,0.01,TemporalContext2024,10.0,0.2714727766212839,15.2,23.800000000000004,16.800000000000008,,1.0
divvy,2,set_cal,2024-05-30,0.01,NetworkPropagation2024,10.0,0.27147277662128394,15.2,23.8,16.8,,1.0
divvy,2,set_cal,2024-05-30,0.01,CalibratedUncertainty2025,10.0,0.2714727766212839,13.6,21.6,16.0,,1.0
divvy,2,set_cal,2024-05-30,0.01,MappedPTO2026,10.0,1.391120751222788,15.2,24.6,18.40000000000001,,1.0
divvy,2,set_cal,2024-05-30,0.01,GroupAware2025,10.0,0.2714727766212839,15.2,23.800000000000004,16.800000000000008,,1.0
divvy,2,set_cal,2024-05-30,0.01,RobustImprovement2025,10.0,0.7316610670009283,14.399999999999999,23.0,16.800000000000004,,1.0
divvy,2,set_cal,2024-05-30,0.03,StructuralRobust,30.0,29.672540186516922,29.600000000000012,44.099999999999994,27.59999999999997,0.0,1.0
divvy,2,set_cal,2024-05-30,0.03,ExpectedActionValue,30.0,26.194961294026633,4.0,6.2,4.0,,1.0
divvy,2,set_cal,2024-05-30,0.03,PointwiseWorstAction,30.0,26.20617915637006,4.0,5.6,3.2,,1.0
divvy,2,set_cal,2024-05-30,0.03,ScenarioCVaR,30.0,26.20617915637006,4.0,5.6,3.2,,1.0
divvy,2,set_cal,2024-05-30,0.03,RiskFirst,30.0,2.9767197055826355,30.40000000000001,46.5,30.799999999999986,,1.0
divvy,2,set_cal,2024-05-30,0.03,TemporalContext2024,30.0,2.976719705582635,30.40000000000001,46.5,30.79999999999998,,1.0
divvy,2,set_cal,2024-05-30,0.03,NetworkPropagation2024,30.0,3.0370178415765805,29.600000000000012,45.699999999999996,30.799999999999972,,1.0
divvy,2,set_cal,2024-05-30,0.03,CalibratedUncertainty2025,30.0,3.2888089343838907,30.400000000000013,47.70000000000001,32.39999999999999,,1.0
divvy,2,set_cal,2024-05-30,0.03,MappedPTO2026,30.0,2.659651529773194,31.20000000000001,47.89999999999999,31.599999999999987,,1.0
divvy,2,set_cal,2024-05-30,0.03,GroupAware2025,30.0,2.9627995339831297,30.40000000000001,47.1,31.59999999999999,,1.0
divvy,2,set_cal,2024-05-30,0.03,RobustImprovement2025,30.0,2.96279953398313,30.400000000000013,47.10000000000001,31.599999999999987,,1.0
divvy,2,set_cal,2024-05-30,0.05,StructuralRobust,49.0,39.21504036616699,36.800000000000004,54.89999999999999,33.99999999999998,0.0,1.0
divvy,2,set_cal,2024-05-30,0.05,ExpectedActionValue,49.0,34.54821797001755,7.199999999999999,9.400000000000002,4.0000000000000036,,1.0
divvy,2,set_cal,2024-05-30,0.05,PointwiseWorstAction,49.0,34.78749337220024,8.799999999999999,11.0,4.000000000000002,,1.0
divvy,2,set_cal,2024-05-30,0.05,ScenarioCVaR,49.0,34.78749337220024,8.799999999999999,11.0,4.000000000000002,,1.0
divvy,2,set_cal,2024-05-30,0.05,RiskFirst,49.0,4.397955469749843,36.79999999999999,54.69999999999998,33.19999999999998,,1.0
divvy,2,set_cal,2024-05-30,0.05,TemporalContext2024,49.0,4.541842806600273,37.59999999999999,55.499999999999986,33.19999999999998,,1.0
divvy,2,set_cal,2024-05-30,0.05,NetworkPropagation2024,49.0,4.405051362827269,36.8,54.69999999999998,33.199999999999974,,1.0
divvy,2,set_cal,2024-05-30,0.05,CalibratedUncertainty2025,49.0,4.254327704960423,36.0,55.3,35.599999999999994,,1.0
divvy,2,set_cal,2024-05-30,0.05,MappedPTO2026,49.0,4.36380356346904,36.79999999999999,54.69999999999998,33.19999999999998,,1.0
divvy,2,set_cal,2024-05-30,0.05,GroupAware2025,49.0,4.397955469749843,36.79999999999999,54.69999999999998,33.19999999999998,,1.0
divvy,2,set_cal,2024-05-30,0.05,RobustImprovement2025,49.0,4.4870319065864335,39.999999999999986,59.29999999999998,35.59999999999998,,1.0
divvy,2,set_cal,2024-05-30,0.1,StructuralRobust,99.0,51.750375865193455,51.599999999999966,74.69999999999996,42.79999999999998,0.0,1.0
divvy,2,set_cal,2024-05-30,0.1,ExpectedActionValue,99.0,47.047199223919236,11.600000000000001,13.800000000000004,4.0000000000000036,,1.0
divvy,2,set_cal,2024-05-30,0.1,PointwiseWorstAction,99.0,47.32006834848968,11.600000000000001,13.8,4.0,,1.0
divvy,2,set_cal,2024-05-30,0.1,ScenarioCVaR,99.0,47.32006834848968,11.600000000000001,13.8,4.0,,1.0
divvy,2,set_cal,2024-05-30,0.1,RiskFirst,99.0,6.391685464787824,53.99999999999995,80.89999999999995,50.00000000000001,,1.0
divvy,2,set_cal,2024-05-30,0.1,TemporalContext2024,99.0,6.272163024731738,54.799999999999955,81.09999999999995,49.2,,1.0
divvy,2,set_cal,2024-05-30,0.1,NetworkPropagation2024,99.0,6.037155131520805,49.999999999999964,73.69999999999996,43.59999999999999,,1.0
divvy,2,set_cal,2024-05-30,0.1,CalibratedUncertainty2025,99.0,6.691798028334703,55.199999999999946,81.69999999999995,48.400000000000006,,1.0
divvy,2,set_cal,2024-05-30,0.1,MappedPTO2026,99.0,6.424734251127635,54.799999999999955,80.89999999999995,48.39999999999999,,1.0
divvy,2,set_cal,2024-05-30,0.1,GroupAware2025,99.0,6.671746939210714,55.59999999999995,81.69999999999995,48.39999999999999,,1.0
divvy,2,set_cal,2024-05-30,0.1,RobustImprovement2025,99.0,6.305288113596644,52.39999999999996,76.89999999999996,45.19999999999999,,1.0
divvy,2,set_cal,2024-05-30,0.2,StructuralRobust,197.0,1.498546342866828,78.79999999999988,111.2999999999999,59.600000000000065,0.0,1.0
divvy,2,set_cal,2024-05-30,0.2,ExpectedActionValue,197.0,57.2895344818599,30.400000000000016,39.00000000000001,15.199999999999978,,1.0
divvy,2,set_cal,2024-05-30,0.2,PointwiseWorstAction,197.0,57.285364710568714,25.600000000000012,32.000000000000014,11.2,,1.0
divvy,2,set_cal,2024-05-30,0.2,ScenarioCVaR,197.0,57.285364710568714,25.600000000000012,32.000000000000014,11.2,,1.0
divvy,2,set_cal,2024-05-30,0.2,RiskFirst,197.0,12.52445349396304,77.99999999999989,109.0999999999999,57.200000000000045,,1.0
divvy,2,set_cal,2024-05-30,0.2,TemporalContext2024,197.0,10.489229168265155,80.39999999999989,111.49999999999989,57.200000000000045,,1.0
divvy,2,set_cal,2024-05-30,0.2,NetworkPropagation2024,197.0,12.03067889749989,73.19999999999992,105.09999999999991,58.800000000000054,,1.0
divvy,2,set_cal,2024-05-30,0.2,CalibratedUncertainty2025,197.0,14.812553888623944,99.59999999999981,135.49999999999991,65.20000000000023,,1.0
divvy,2,set_cal,2024-05-30,0.2,MappedPTO2026,197.0,13.307876905669097,78.79999999999988,111.2999999999999,59.600000000000065,,1.0
divvy,2,set_cal,2024-05-30,0.2,GroupAware2025,197.0,11.297789296287242,79.5999999999999,111.29999999999991,58.00000000000007,,1.0
divvy,2,set_cal,2024-05-30,0.2,RobustImprovement2025,197.0,11.569030274624254,59.59999999999995,86.89999999999995,49.999999999999986,,1.0
divvy,2,set_cal,2024-05-31,0.01,StructuralRobust,11.0,0.13814740223743951,10.400000000000002,15.000000000000002,8.8,0.0,1.0
divvy,2,set_cal,2024-05-31,0.01,ExpectedActionValue,11.0,11.277115020245615,3.2,3.2,0.0,,1.0
divvy,2,set_cal,2024-05-31,0.01,PointwiseWorstAction,11.0,11.447709240313905,3.2,3.2,0.0,,1.0
divvy,2,set_cal,2024-05-31,0.01,ScenarioCVaR,11.0,11.447709240313905,3.2,3.2,0.0,,1.0
divvy,2,set_cal,2024-05-31,0.01,RiskFirst,11.0,0.4644511732324404,9.600000000000001,14.0,8.0,,1.0
divvy,2,set_cal,2024-05-31,0.01,TemporalContext2024,11.0,0.4644511732324404,9.600000000000001,14.0,8.0,,1.0
divvy,2,set_cal,2024-05-31,0.01,NetworkPropagation2024,11.0,0.45448325396505646,10.4,15.800000000000002,10.400000000000004,,1.0
divvy,2,set_cal,2024-05-31,0.01,CalibratedUncertainty2025,11.0,0.4274250557900953,9.600000000000001,15.200000000000001,9.600000000000001,,1.0
divvy,2,set_cal,2024-05-31,0.01,MappedPTO2026,11.0,0.4644511732324404,9.600000000000001,14.0,8.000000000000004,,1.0
divvy,2,set_cal,2024-05-31,0.01,GroupAware2025,11.0,0.4645256375367648,10.4,14.8,8.000000000000002,,1.0
divvy,2,set_cal,2024-05-31,0.01,RobustImprovement2025,11.0,0.43639203962746087,11.200000000000001,16.6,10.400000000000004,,1.0
divvy,2,set_cal,2024-05-31,0.03,StructuralRobust,33.0,23.50108660021938,31.200000000000014,45.00000000000001,24.799999999999986,0.0,1.0
divvy,2,set_cal,2024-05-31,0.03,ExpectedActionValue,33.0,24.05129792769432,6.4,7.8,2.4000000000000004,,1.0
divvy,2,set_cal,2024-05-31,0.03,PointwiseWorstAction,33.0,24.45279935964726,5.6000000000000005,6.4,1.6000000000000005,,1.0
divvy,2,set_cal,2024-05-31,0.03,ScenarioCVaR,33.0,24.45279935964726,5.6000000000000005,6.4,1.6000000000000005,,1.0
divvy,2,set_cal,2024-05-31,0.03,RiskFirst,33.0,0.8431261293334266,27.200000000000017,39.60000000000001,22.39999999999999,,1.0
divvy,2,set_cal,2024-05-31,0.03,TemporalContext2024,33.0,0.8431981999820731,26.400000000000013,38.800000000000004,22.4,,1.0
divvy,2,set_cal,2024-05-31,0.03,NetworkPropagation2024,33.0,0.856789846918938,23.200000000000006,33.2,17.599999999999998,,1.0
divvy,2,set_cal,2024-05-31,0.03,CalibratedUncertainty2025,33.0,0.6299791901976982,26.400000000000013,39.20000000000001,22.39999999999999,,1.0
divvy,2,set_cal,2024-05-31,0.03,MappedPTO2026,33.0,1.335869555022219,26.400000000000013,38.800000000000004,22.39999999999999,,1.0
divvy,2,set_cal,2024-05-31,0.03,GroupAware2025,33.0,0.8431261293334266,27.20000000000001,40.2,23.199999999999996,,1.0
divvy,2,set_cal,2024-05-31,0.03,RobustImprovement2025,33.0,0.8077010957994409,24.80000000000001,37.00000000000001,21.599999999999994,,1.0
divvy,2,set_cal,2024-05-31,0.05,StructuralRobust,55.0,32.72512741461108,40.80000000000001,57.60000000000001,30.39999999999999,0.0,1.0
divvy,2,set_cal,2024-05-31,0.05,ExpectedActionValue,55.0,33.925997273354675,8.8,11.8,5.600000000000001,,1.0
divvy,2,set_cal,2024-05-31,0.05,PointwiseWorstAction,55.0,34.25804561857955,8.0,10.2,4.000000000000002,,1.0
divvy,2,set_cal,2024-05-31,0.05,ScenarioCVaR,55.0,34.25804561857955,8.0,10.2,4.000000000000002,,1.0
divvy,2,set_cal,2024-05-31,0.05,RiskFirst,55.0,2.222615747831704,38.40000000000001,54.599999999999994,29.599999999999973,,1.0
divvy,2,set_cal,2024-05-31,0.05,TemporalContext2024,55.0,2.061784452248416,38.4,54.599999999999994,29.6,,1.0
divvy,2,set_cal,2024-05-31,0.05,NetworkPropagation2024,55.0,1.8066734141456657,36.800000000000004,52.39999999999999,28.79999999999999,,1.0
divvy,2,set_cal,2024-05-31,0.05,CalibratedUncertainty2025,55.0,1.660069283439239,37.6,53.599999999999994,28.79999999999999,,1.0
divvy,2,set_cal,2024-05-31,0.05,MappedPTO2026,55.0,1.726464698745899,37.60000000000001,53.19999999999999,28.799999999999983,,1.0
divvy,2,set_cal,2024-05-31,0.05,GroupAware2025,55.0,1.7371628271030852,37.60000000000001,53.19999999999999,28.799999999999983,,1.0
divvy,2,set_cal,2024-05-31,0.05,RobustImprovement2025,55.0,2.209202559495727,37.60000000000001,53.8,29.59999999999998,,1.0
divvy,2,set_cal,2024-05-31,0.1,StructuralRobust,110.0,46.409154845410754,52.79999999999999,70.99999999999999,32.800000000000004,0.0,1.0
divvy,2,set_cal,2024-05-31,0.1,ExpectedActionValue,110.0,47.9125539243917,12.400000000000002,16.0,6.400000000000002,,1.0
divvy,2,set_cal,2024-05-31,0.1,PointwiseWorstAction,110.0,48.02912112168136,12.400000000000002,16.0,6.400000000000002,,1.0
divvy,2,set_cal,2024-05-31,0.1,ScenarioCVaR,110.0,48.02912112168136,12.400000000000002,16.0,6.400000000000002,,1.0
divvy,2,set_cal,2024-05-31,0.1,RiskFirst,110.0,5.158167277113859,50.4,68.99999999999997,32.79999999999996,,1.0
divvy,2,set_cal,2024-05-31,0.1,TemporalContext2024,110.0,5.396743140373646,53.59999999999998,72.39999999999998,33.60000000000001,,1.0
divvy,2,set_cal,2024-05-31,0.1,NetworkPropagation2024,110.0,4.85810173147727,53.599999999999994,72.19999999999999,32.80000000000001,,1.0
divvy,2,set_cal,2024-05-31,0.1,CalibratedUncertainty2025,110.0,5.129454171241849,49.59999999999997,68.19999999999996,32.799999999999976,,1.0
divvy,2,set_cal,2024-05-31,0.1,MappedPTO2026,110.0,4.987001002235688,50.39999999999999,68.39999999999998,31.99999999999997,,1.0
divvy,2,set_cal,2024-05-31,0.1,GroupAware2025,110.0,6.510053716684538,50.399999999999984,68.99999999999997,32.799999999999976,,1.0
divvy,2,set_cal,2024-05-31,0.1,RobustImprovement2025,110.0,5.751017286563718,49.59999999999999,68.19999999999997,32.799999999999976,,1.0
divvy,2,set_cal,2024-05-31,0.2,StructuralRobust,220.0,1.3255356462041312,75.19999999999993,103.19999999999993,49.60000000000002,0.0,1.0
divvy,2,set_cal,2024-05-31,0.2,ExpectedActionValue,220.0,57.90305403536826,30.000000000000018,37.6,12.799999999999972,,1.0
divvy,2,set_cal,2024-05-31,0.2,PointwiseWorstAction,220.0,57.85061534642768,28.400000000000013,35.4,11.999999999999972,,1.0
divvy,2,set_cal,2024-05-31,0.2,ScenarioCVaR,220.0,57.85061534642768,28.400000000000013,35.4,11.999999999999972,,1.0
divvy,2,set_cal,2024-05-31,0.2,RiskFirst,220.0,12.900557984416771,78.39999999999992,108.59999999999991,53.60000000000005,,1.0
divvy,2,set_cal,2024-05-31,0.2,TemporalContext2024,220.0,13.851029793655066,75.19999999999993,102.19999999999993,47.200000000000045,,1.0
divvy,2,set_cal,2024-05-31,0.2,NetworkPropagation2024,220.0,13.950761965491719,75.99999999999994,103.39999999999992,48.800000000000026,,1.0
divvy,2,set_cal,2024-05-31,0.2,CalibratedUncertainty2025,220.0,14.399445831469208,85.59999999999988,111.39999999999989,44.00000000000003,,1.0
divvy,2,set_cal,2024-05-31,0.2,MappedPTO2026,220.0,13.780018776210435,75.19999999999993,103.19999999999993,49.60000000000002,,1.0
divvy,2,set_cal,2024-05-31,0.2,GroupAware2025,220.0,12.133298737952321,71.19999999999995,98.59999999999992,48.80000000000001,,1.0
divvy,2,set_cal,2024-05-31,0.2,RobustImprovement2025,220.0,14.813643737051196,62.799999999999955,84.79999999999993,38.39999999999998,,1.0
divvy,2,test,2024-05-31,0.01,StructuralRobust,1.0,0.0,0.8,0.8,0.0,0.0,1.0
divvy,2,test,2024-05-31,0.01,ExpectedActionValue,1.0,0.21772311600192046,0.0,0.0,0.0,,1.0
divvy,2,test,2024-05-31,0.01,PointwiseWorstAction,1.0,0.21772311600192046,0.0,0.0,0.0,,1.0
divvy,2,test,2024-05-31,0.01,ScenarioCVaR,1.0,0.21772311600192046,0.0,0.0,0.0,,1.0
divvy,2,test,2024-05-31,0.01,RiskFirst,1.0,0.0,1.6,2.2,0.8000000000000003,,1.0
divvy,2,test,2024-05-31,0.01,TemporalContext2024,1.0,0.0,1.6,2.2,0.8000000000000003,,1.0
divvy,2,test,2024-05-31,0.01,NetworkPropagation2024,1.0,0.0,1.6,2.2,0.8000000000000003,,1.0
divvy,2,test,2024-05-31,0.01,CalibratedUncertainty2025,1.0,0.0,1.6,2.2,0.8000000000000003,,1.0
divvy,2,test,2024-05-31,0.01,MappedPTO2026,1.0,0.0,0.8,0.8,0.0,,1.0
divvy,2,test,2024-05-31,0.01,GroupAware2025,1.0,0.0,1.6,2.2,0.8000000000000003,,1.0
divvy,2,test,2024-05-31,0.01,RobustImprovement2025,1.0,0.0,0.0,0.0,0.0,,1.0
divvy,2,test,2024-05-31,0.03,StructuralRobust,1.0,0.04255396847760565,1.6,2.2,0.8000000000000003,0.0,1.0
divvy,2,test,2024-05-31,0.03,ExpectedActionValue,1.0,0.21772311600192046,0.0,0.0,0.0,,1.0
divvy,2,test,2024-05-31,0.03,PointwiseWorstAction,1.0,0.21772311600192046,0.0,0.0,0.0,,1.0
divvy,2,test,2024-05-31,0.03,ScenarioCVaR,1.0,0.21772311600192046,0.0,0.0,0.0,,1.0
divvy,2,test,2024-05-31,0.03,RiskFirst,1.0,0.0,1.6,2.2,0.8000000000000003,,1.0
divvy,2,test,2024-05-31,0.03,TemporalContext2024,1.0,0.0,1.6,2.2,0.8000000000000003,,1.0
divvy,2,test,2024-05-31,0.03,NetworkPropagation2024,1.0,0.0,1.6,2.2,0.8000000000000003,,1.0
divvy,2,test,2024-05-31,0.03,CalibratedUncertainty2025,1.0,0.0,1.6,2.2,0.8000000000000003,,1.0
divvy,2,test,2024-05-31,0.03,MappedPTO2026,1.0,0.0,0.8,0.8,0.0,,1.0
divvy,2,test,2024-05-31,0.03,GroupAware2025,1.0,0.0,1.6,2.2,0.8000000000000003,,1.0
divvy,2,test,2024-05-31,0.03,RobustImprovement2025,1.0,0.0,0.0,0.0,0.0,,1.0
divvy,2,test,2024-05-31,0.05,StructuralRobust,1.0,0.04255396847760565,1.6,2.2,0.8000000000000003,0.0,1.0
divvy,2,test,2024-05-31,0.05,ExpectedActionValue,1.0,0.21772311600192046,0.0,0.0,0.0,,1.0
divvy,2,test,2024-05-31,0.05,PointwiseWorstAction,1.0,0.21772311600192046,0.0,0.0,0.0,,1.0
divvy,2,test,2024-05-31,0.05,ScenarioCVaR,1.0,0.21772311600192046,0.0,0.0,0.0,,1.0
divvy,2,test,2024-05-31,0.05,RiskFirst,1.0,0.0,1.6,2.2,0.8000000000000003,,1.0
divvy,2,test,2024-05-31,0.05,TemporalContext2024,1.0,0.0,1.6,2.2,0.8000000000000003,,1.0
divvy,2,test,2024-05-31,0.05,NetworkPropagation2024,1.0,0.0,1.6,2.2,0.8000000000000003,,1.0
divvy,2,test,2024-05-31,0.05,CalibratedUncertainty2025,1.0,0.0,1.6,2.2,0.8000000000000003,,1.0
divvy,2,test,2024-05-31,0.05,MappedPTO2026,1.0,0.0,0.8,0.8,0.0,,1.0
divvy,2,test,2024-05-31,0.05,GroupAware2025,1.0,0.0,1.6,2.2,0.8000000000000003,,1.0
divvy,2,test,2024-05-31,0.05,RobustImprovement2025,1.0,0.0,0.0,0.0,0.0,,1.0
divvy,2,test,2024-05-31,0.1,StructuralRobust,1.0,0.04255396847760565,1.6,2.2,0.8000000000000003,0.0,1.0
divvy,2,test,2024-05-31,0.1,ExpectedActionValue,1.0,0.21772311600192046,0.0,0.0,0.0,,1.0
divvy,2,test,2024-05-31,0.1,PointwiseWorstAction,1.0,0.21772311600192046,0.0,0.0,0.0,,1.0
divvy,2,test,2024-05-31,0.1,ScenarioCVaR,1.0,0.21772311600192046,0.0,0.0,0.0,,1.0
divvy,2,test,2024-05-31,0.1,RiskFirst,1.0,0.0,1.6,2.2,0.8000000000000003,,1.0
divvy,2,test,2024-05-31,0.1,TemporalContext2024,1.0,0.0,1.6,2.2,0.8000000000000003,,1.0
divvy,2,test,2024-05-31,0.1,NetworkPropagation2024,1.0,0.0,1.6,2.2,0.8000000000000003,,1.0
divvy,2,test,2024-05-31,0.1,CalibratedUncertainty2025,1.0,0.0,1.6,2.2,0.8000000000000003,,1.0
divvy,2,test,2024-05-31,0.1,MappedPTO2026,1.0,0.0,0.8,0.8,0.0,,1.0
divvy,2,test,2024-05-31,0.1,GroupAware2025,1.0,0.0,1.6,2.2,0.8000000000000003,,1.0
divvy,2,test,2024-05-31,0.1,RobustImprovement2025,1.0,0.0,0.0,0.0,0.0,,1.0
divvy,2,test,2024-05-31,0.2,StructuralRobust,2.0,0.004845426472398139,1.6,1.6,0.0,0.0,1.0
divvy,2,test,2024-05-31,0.2,ExpectedActionValue,2.0,0.2509598743861822,0.0,0.0,0.0,,1.0
divvy,2,test,2024-05-31,0.2,PointwiseWorstAction,2.0,0.2509598743861822,0.0,0.0,0.0,,1.0
divvy,2,test,2024-05-31,0.2,ScenarioCVaR,2.0,0.2509598743861822,0.0,0.0,0.0,,1.0
divvy,2,test,2024-05-31,0.2,RiskFirst,2.0,0.0,1.6,2.2,0.8000000000000003,,1.0
divvy,2,test,2024-05-31,0.2,TemporalContext2024,2.0,0.03323675838426176,1.6,2.2,0.8000000000000003,,1.0
divvy,2,test,2024-05-31,0.2,NetworkPropagation2024,2.0,0.0,1.6,2.2,0.8000000000000003,,1.0
divvy,2,test,2024-05-31,0.2,CalibratedUncertainty2025,2.0,0.001350138488397671,1.6,2.2,0.8000000000000003,,1.0
divvy,2,test,2024-05-31,0.2,MappedPTO2026,2.0,0.0009204523302557343,0.8,0.8,0.0,,1.0
divvy,2,test,2024-05-31,0.2,GroupAware2025,2.0,0.0,1.6,2.2,0.8000000000000003,,1.0
divvy,2,test,2024-05-31,0.2,RobustImprovement2025,2.0,0.001350138488397671,0.0,0.0,0.0,,1.0
divvy,2,test,2024-06-01,0.01,StructuralRobust,6.0,0.05765221539262339,2.8000000000000003,2.8000000000000003,0.0,0.0,1.0
divvy,2,test,2024-06-01,0.01,ExpectedActionValue,6.0,9.364164414858502,0.0,0.0,0.0,,1.0
divvy,2,test,2024-06-01,0.01,PointwiseWorstAction,6.0,9.370110690427225,0.0,0.0,0.0,,1.0
divvy,2,test,2024-06-01,0.01,ScenarioCVaR,6.0,9.370110690427225,0.0,0.0,0.0,,1.0
divvy,2,test,2024-06-01,0.01,RiskFirst,6.0,0.07715101635216184,2.0,2.0,0.0,,1.0
divvy,2,test,2024-06-01,0.01,TemporalContext2024,6.0,0.07715101635216184,2.0,2.0,0.0,,1.0
divvy,2,test,2024-06-01,0.01,NetworkPropagation2024,6.0,0.04032463305600711,2.0,2.0,0.0,,1.0
divvy,2,test,2024-06-01,0.01,CalibratedUncertainty2025,6.0,0.04032463305600711,1.6,1.6,0.0,,1.0
divvy,2,test,2024-06-01,0.01,MappedPTO2026,6.0,0.07715101635216184,2.0,2.0,0.0,,1.0
divvy,2,test,2024-06-01,0.01,GroupAware2025,6.0,0.07715101635216184,2.0,2.0,0.0,,1.0
divvy,2,test,2024-06-01,0.01,RobustImprovement2025,6.0,0.11588036383111908,1.6,1.6,0.0,,1.0
divvy,2,test,2024-06-01,0.03,StructuralRobust,19.0,10.000315541362417,4.800000000000001,4.800000000000001,0.0,0.0,1.0
divvy,2,test,2024-06-01,0.03,ExpectedActionValue,19.0,16.36407035600152,0.0,0.0,0.0,,1.0
divvy,2,test,2024-06-01,0.03,PointwiseWorstAction,19.0,16.36407035600152,0.0,0.0,0.0,,1.0
divvy,2,test,2024-06-01,0.03,ScenarioCVaR,19.0,16.36407035600152,0.0,0.0,0.0,,1.0
divvy,2,test,2024-06-01,0.03,RiskFirst,19.0,0.5163654606540016,4.8,4.8,0.0,,1.0
divvy,2,test,2024-06-01,0.03,TemporalContext2024,19.0,0.5749931208825703,5.6,5.6,0.0,,1.0
divvy,2,test,2024-06-01,0.03,NetworkPropagation2024,19.0,0.4721660665851014,3.1999999999999997,3.1999999999999997,0.0,,1.0
divvy,2,test,2024-06-01,0.03,CalibratedUncertainty2025,19.0,0.6367989393205719,4.8,4.8,0.0,,1.0
divvy,2,test,2024-06-01,0.03,MappedPTO2026,19.0,0.5138210949379476,3.1999999999999997,3.1999999999999997,0.0,,1.0
divvy,2,test,2024-06-01,0.03,GroupAware2025,19.0,0.5552844464227212,4.8,4.8,0.0,,1.0
divvy,2,test,2024-06-01,0.03,RobustImprovement2025,19.0,0.5829221285652062,5.6000000000000005,5.6000000000000005,0.0,,1.0
divvy,2,test,2024-06-01,0.05,StructuralRobust,32.0,13.344479089252202,6.4,6.4,0.0,0.0,1.0
divvy,2,test,2024-06-01,0.05,ExpectedActionValue,32.0,21.543279756637713,0.8,0.8,0.0,,1.0
divvy,2,test,2024-06-01,0.05,PointwiseWorstAction,32.0,21.68769184374955,0.0,0.0,0.0,,1.0
divvy,2,test,2024-06-01,0.05,ScenarioCVaR,32.0,21.68769184374955,0.0,0.0,0.0,,1.0
divvy,2,test,2024-06-01,0.05,RiskFirst,32.0,1.0739759297227165,6.3999999999999995,6.3999999999999995,0.0,,1.0
divvy,2,test,2024-06-01,0.05,TemporalContext2024,32.0,0.7823597361210305,6.3999999999999995,6.3999999999999995,0.0,,1.0
divvy,2,test,2024-06-01,0.05,NetworkPropagation2024,32.0,0.914895693270436,6.3999999999999995,6.3999999999999995,0.0,,1.0
divvy,2,test,2024-06-01,0.05,CalibratedUncertainty2025,32.0,2.5412119043647508,6.0,6.0,0.0,,1.0
divvy,2,test,2024-06-01,0.05,MappedPTO2026,32.0,0.8715942175445737,6.3999999999999995,6.3999999999999995,0.0,,1.0
divvy,2,test,2024-06-01,0.05,GroupAware2025,32.0,1.0739759297227167,6.3999999999999995,6.3999999999999995,0.0,,1.0
divvy,2,test,2024-06-01,0.05,RobustImprovement2025,32.0,1.2335984729347755,6.3999999999999995,6.3999999999999995,0.0,,1.0
divvy,2,test,2024-06-01,0.1,StructuralRobust,63.0,17.08783323389277,8.0,8.600000000000001,0.8000000000000007,0.0,1.0
divvy,2,test,2024-06-01,0.1,ExpectedActionValue,63.0,28.493990697198537,2.4000000000000004,2.4000000000000004,0.0,,1.0
divvy,2,test,2024-06-01,0.1,PointwiseWorstAction,63.0,28.68683464583793,2.4000000000000004,2.4000000000000004,0.0,,1.0
divvy,2,test,2024-06-01,0.1,ScenarioCVaR,63.0,28.68683464583793,2.4000000000000004,2.4000000000000004,0.0,,1.0
divvy,2,test,2024-06-01,0.1,RiskFirst,63.0,4.347019753786359,8.8,10.4,3.1999999999999993,,1.0
divvy,2,test,2024-06-01,0.1,TemporalContext2024,63.0,3.95531275995551,8.0,9.600000000000001,3.1999999999999993,,1.0
divvy,2,test,2024-06-01,0.1,NetworkPropagation2024,63.0,2.542920120767263,6.3999999999999995,6.3999999999999995,0.0,,1.0
divvy,2,test,2024-06-01,0.1,CalibratedUncertainty2025,63.0,3.1604930899818005,10.400000000000002,12.2,2.3999999999999986,,1.0
divvy,2,test,2024-06-01,0.1,MappedPTO2026,63.0,3.3486828001562414,8.8,11.0,3.9999999999999982,,1.0
divvy,2,test,2024-06-01,0.1,GroupAware2025,63.0,4.566513019804928,8.799999999999999,10.399999999999999,3.200000000000001,,1.0
divvy,2,test,2024-06-01,0.1,RobustImprovement2025,63.0,2.830683728740555,7.999999999999999,8.599999999999998,0.7999999999999998,,1.0
divvy,2,test,2024-06-01,0.2,StructuralRobust,127.0,0.6152836110133598,12.800000000000002,15.0,3.9999999999999982,0.0,1.0
divvy,2,test,2024-06-01,0.2,ExpectedActionValue,127.0,35.394909492448456,4.4,5.0,0.7999999999999998,,1.0
divvy,2,test,2024-06-01,0.2,PointwiseWorstAction,127.0,35.41222038931909,5.2,6.4,1.6000000000000005,,1.0
divvy,2,test,2024-06-01,0.2,ScenarioCVaR,127.0,35.41222038931909,5.2,6.4,1.6000000000000005,,1.0
divvy,2,test,2024-06-01,0.2,RiskFirst,127.0,7.922429680357771,11.200000000000001,13.399999999999999,3.9999999999999982,,1.0
divvy,2,test,2024-06-01,0.2,TemporalContext2024,127.0,10.997837248507356,10.4,12.0,3.1999999999999993,,1.0
divvy,2,test,2024-06-01,0.2,NetworkPropagation2024,127.0,8.57970653567663,9.600000000000001,11.8,3.9999999999999982,,1.0
divvy,2,test,2024-06-01,0.2,CalibratedUncertainty2025,127.0,7.8637258532434,15.200000000000006,17.000000000000007,2.3999999999999986,,1.0
divvy,2,test,2024-06-01,0.2,MappedPTO2026,127.0,8.119747725995943,12.800000000000002,15.0,3.9999999999999982,,1.0
divvy,2,test,2024-06-01,0.2,GroupAware2025,127.0,7.26349415454291,11.2,13.399999999999999,4.0,,1.0
divvy,2,test,2024-06-01,0.2,RobustImprovement2025,127.0,5.62100725591596,8.799999999999999,9.4,0.8000000000000007,,1.0
divvy,2,test,2024-06-02,0.01,StructuralRobust,9.0,0.06562580247701243,1.6,3.2,3.2000000000000006,0.0,1.0
divvy,2,test,2024-06-02,0.01,ExpectedActionValue,9.0,11.28344900806867,0.8,0.8,0.0,,1.0
divvy,2,test,2024-06-02,0.01,PointwiseWorstAction,9.0,11.336896920411316,0.8,0.8,0.0,,1.0
divvy,2,test,2024-06-02,0.01,ScenarioCVaR,9.0,11.336896920411316,0.8,0.8,0.0,,1.0
divvy,2,test,2024-06-02,0.01,RiskFirst,9.0,1.0844994578260894,0.0,0.0,0.0,,1.0
divvy,2,test,2024-06-02,0.01,TemporalContext2024,9.0,0.3620895081904823,1.6,3.2,3.2000000000000006,,1.0
divvy,2,test,2024-06-02,0.01,NetworkPropagation2024,9.0,0.32305780183001753,0.0,0.0,0.0,,1.0
divvy,2,test,2024-06-02,0.01,CalibratedUncertainty2025,9.0,1.4233363194661495,1.6,3.2,3.2000000000000006,,1.0
divvy,2,test,2024-06-02,0.01,MappedPTO2026,9.0,0.8008837971116028,1.6,3.2,3.2000000000000006,,1.0
divvy,2,test,2024-06-02,0.01,GroupAware2025,9.0,1.0844994578260894,0.0,0.0,0.0,,1.0
divvy,2,test,2024-06-02,0.01,RobustImprovement2025,9.0,0.8757775956720548,1.6,3.2,3.2000000000000006,,1.0
divvy,2,test,2024-06-02,0.03,StructuralRobust,28.0,12.286904864669268,6.4,9.700000000000003,6.000000000000002,0.0,1.0
divvy,2,test,2024-06-02,0.03,ExpectedActionValue,28.0,24.456976218071055,1.6,2.2,0.8000000000000003,,1.0
divvy,2,test,2024-06-02,0.03,PointwiseWorstAction,28.0,24.476623473822094,1.6,2.2,0.8000000000000003,,1.0
divvy,2,test,2024-06-02,0.03,ScenarioCVaR,28.0,24.476623473822094,1.6,2.2,0.8000000000000003,,1.0
divvy,2,test,2024-06-02,0.03,RiskFirst,28.0,2.3033507562746762,5.6,9.400000000000002,7.200000000000001,,1.0
divvy,2,test,2024-06-02,0.03,TemporalContext2024,28.0,2.9931593791070235,4.8,8.600000000000001,7.2,,1.0
divvy,2,test,2024-06-02,0.03,NetworkPropagation2024,28.0,1.9550638594550964,4.8,8.600000000000001,7.2,,1.0
divvy,2,test,2024-06-02,0.03,CalibratedUncertainty2025,28.0,3.0700120825517656,6.4,9.100000000000001,5.200000000000003,,1.0
divvy,2,test,2024-06-02,0.03,MappedPTO2026,28.0,2.302928568334683,5.6,9.399999999999999,7.200000000000001,,1.0
divvy,2,test,2024-06-02,0.03,GroupAware2025,28.0,2.3289270528936177,5.6,9.400000000000002,7.200000000000001,,1.0
divvy,2,test,2024-06-02,0.03,RobustImprovement2025,28.0,2.68780829740356,7.199999999999999,10.700000000000001,6.8000000000000025,,1.0
divvy,2,test,2024-06-02,0.05,StructuralRobust,47.0,16.624552436973694,15.200000000000001,23.1,14.800000000000002,0.0,1.0
divvy,2,test,2024-06-02,0.05,ExpectedActionValue,47.0,32.97422568728338,4.8,6.600000000000001,2.4000000000000012,,1.0
divvy,2,test,2024-06-02,0.05,PointwiseWorstAction,47.0,33.28612133175257,4.8,6.600000000000001,2.4000000000000012,,1.0
divvy,2,test,2024-06-02,0.05,ScenarioCVaR,47.0,33.28612133175257,4.8,6.600000000000001,2.4000000000000012,,1.0
divvy,2,test,2024-06-02,0.05,RiskFirst,47.0,4.38737237836772,12.8,18.300000000000004,10.000000000000004,,1.0
divvy,2,test,2024-06-02,0.05,TemporalContext2024,47.0,4.098729096382086,12.8,18.300000000000004,10.000000000000004,,1.0
divvy,2,test,2024-06-02,0.05,NetworkPropagation2024,47.0,3.1055981742469103,9.6,15.100000000000001,10.000000000000002,,1.0
divvy,2,test,2024-06-02,0.05,CalibratedUncertainty2025,47.0,4.1639376810945,11.200000000000003,17.3,10.8,,1.0
divvy,2,test,2024-06-02,0.05,MappedPTO2026,47.0,4.387561539453682,12.000000000000002,17.5,10.000000000000002,,1.0
divvy,2,test,2024-06-02,0.05,GroupAware2025,47.0,4.524578981191868,12.800000000000002,19.100000000000005,11.600000000000003,,1.0
divvy,2,test,2024-06-02,0.05,RobustImprovement2025,47.0,4.611971583101169,16.0,23.700000000000003,14.000000000000007,,1.0
divvy,2,test,2024-06-02,0.1,StructuralRobust,95.0,23.844188824756795,24.00000000000001,35.7,20.399999999999988,0.0,1.0
divvy,2,test,2024-06-02,0.1,ExpectedActionValue,95.0,46.55610875391728,14.4,18.200000000000003,5.600000000000007,,1.0
divvy,2,test,2024-06-02,0.1,PointwiseWorstAction,95.0,46.534192260559536,14.399999999999999,18.200000000000003,5.600000000000001,,1.0
divvy,2,test,2024-06-02,0.1,ScenarioCVaR,95.0,46.534192260559536,14.399999999999999,18.200000000000003,5.600000000000001,,1.0
divvy,2,test,2024-06-02,0.1,RiskFirst,95.0,6.343070809698487,26.40000000000001,38.70000000000002,21.2,,1.0
divvy,2,test,2024-06-02,0.1,TemporalContext2024,95.0,5.92138459362826,28.000000000000004,41.100000000000016,22.800000000000015,,1.0
divvy,2,test,2024-06-02,0.1,NetworkPropagation2024,95.0,5.533913233992004,23.200000000000006,32.9,17.199999999999985,,1.0
divvy,2,test,2024-06-02,0.1,CalibratedUncertainty2025,95.0,6.762704842223737,20.000000000000007,29.900000000000006,16.400000000000006,,1.0
divvy,2,test,2024-06-02,0.1,MappedPTO2026,95.0,7.6157062722599544,23.20000000000001,34.300000000000004,19.599999999999994,,1.0
divvy,2,test,2024-06-02,0.1,GroupAware2025,95.0,7.818197894500506,27.20000000000001,39.50000000000001,21.200000000000003,,1.0
divvy,2,test,2024-06-02,0.1,RobustImprovement2025,95.0,6.230374053820781,21.600000000000005,32.10000000000001,18.8,,1.0
divvy,2,test,2024-06-02,0.2,StructuralRobust,189.0,0.7993850923903729,37.60000000000001,51.7,23.599999999999994,0.0,1.0
divvy,2,test,2024-06-02,0.2,ExpectedActionValue,189.0,55.762255402775494,22.400000000000006,30.400000000000006,12.800000000000004,,1.0
divvy,2,test,2024-06-02,0.2,PointwiseWorstAction,189.0,55.79891402366868,20.000000000000004,28.000000000000007,12.8,,1.0
divvy,2,test,2024-06-02,0.2,ScenarioCVaR,189.0,55.79891402366868,20.000000000000004,28.000000000000007,12.8,,1.0
divvy,2,test,2024-06-02,0.2,RiskFirst,189.0,12.608821938661597,40.80000000000001,58.5,29.999999999999986,,1.0
divvy,2,test,2024-06-02,0.2,TemporalContext2024,189.0,13.01032984731023,37.6,54.10000000000001,28.400000000000013,,1.0
divvy,2,test,2024-06-02,0.2,NetworkPropagation2024,189.0,12.21947272401092,33.600000000000016,47.099999999999994,22.79999999999997,,1.0
divvy,2,test,2024-06-02,0.2,CalibratedUncertainty2025,189.0,13.167316375607408,48.0,65.69999999999999,30.0,,1.0
divvy,2,test,2024-06-02,0.2,MappedPTO2026,189.0,12.30952480634166,37.60000000000001,51.7,23.599999999999994,,1.0
divvy,2,test,2024-06-02,0.2,GroupAware2025,189.0,13.743911343216263,37.600000000000016,53.10000000000001,26.0,,1.0
divvy,2,test,2024-06-02,0.2,RobustImprovement2025,189.0,14.617465811579299,28.40000000000001,41.70000000000002,23.600000000000005,,1.0
divvy,2,test,2024-06-03,0.01,StructuralRobust,10.0,0.18632467607827813,10.400000000000002,15.900000000000002,10.8,0.0,1.0
divvy,2,test,2024-06-03,0.01,ExpectedActionValue,10.0,9.254434425962263,3.2,4.800000000000001,3.2,,1.0
divvy,2,test,2024-06-03,0.01,PointwiseWorstAction,10.0,9.609899556764848,4.800000000000001,6.4,3.1999999999999993,,1.0
divvy,2,test,2024-06-03,0.01,ScenarioCVaR,10.0,9.609899556764848,4.800000000000001,6.4,3.1999999999999993,,1.0
divvy,2,test,2024-06-03,0.01,RiskFirst,10.0,1.1717569764489073,12.000000000000004,17.5,10.8,,1.0
divvy,2,test,2024-06-03,0.01,TemporalContext2024,10.0,1.3319801202980994,12.000000000000004,17.5,10.8,,1.0
divvy,2,test,2024-06-03,0.01,NetworkPropagation2024,10.0,1.1717569764489073,12.000000000000004,17.5,10.8,,1.0
divvy,2,test,2024-06-03,0.01,CalibratedUncertainty2025,10.0,1.1784337824820068,11.200000000000001,16.7,10.800000000000002,,1.0
divvy,2,test,2024-06-03,0.01,MappedPTO2026,10.0,1.3319801202980994,12.000000000000002,17.5,10.800000000000002,,1.0
divvy,2,test,2024-06-03,0.01,GroupAware2025,10.0,1.1717569764489073,12.000000000000004,17.5,10.8,,1.0
divvy,2,test,2024-06-03,0.01,RobustImprovement2025,10.0,1.338656926331199,11.200000000000003,16.700000000000003,10.8,,1.0
divvy,2,test,2024-06-03,0.03,StructuralRobust,30.0,27.17000237491011,24.00000000000001,32.30000000000001,15.599999999999998,0.0,1.0
divvy,2,test,2024-06-03,0.03,ExpectedActionValue,30.0,21.943295327333846,6.000000000000001,7.600000000000001,3.2,,1.0
divvy,2,test,2024-06-03,0.03,PointwiseWorstAction,30.0,22.448238380410142,6.000000000000001,7.600000000000001,3.2,,1.0
divvy,2,test,2024-06-03,0.03,ScenarioCVaR,30.0,22.448238380410142,6.000000000000001,7.600000000000001,3.2,,1.0
divvy,2,test,2024-06-03,0.03,RiskFirst,30.0,2.9695946918296396,24.00000000000001,31.900000000000013,13.999999999999996,,1.0
divvy,2,test,2024-06-03,0.03,TemporalContext2024,30.0,2.222825824878864,24.80000000000001,33.500000000000014,15.599999999999994,,1.0
divvy,2,test,2024-06-03,0.03,NetworkPropagation2024,30.0,2.7961329813760853,23.20000000000001,30.50000000000001,13.199999999999996,,1.0
divvy,2,test,2024-06-03,0.03,CalibratedUncertainty2025,30.0,2.651759458510767,19.200000000000006,26.10000000000001,13.2,,1.0
divvy,2,test,2024-06-03,0.03,MappedPTO2026,30.0,2.784441055869478,22.40000000000001,29.100000000000012,12.400000000000002,,1.0
divvy,2,test,2024-06-03,0.03,GroupAware2025,30.0,2.9754394199473277,24.80000000000001,32.10000000000001,13.199999999999996,,1.0
divvy,2,test,2024-06-03,0.03,RobustImprovement2025,30.0,2.227130867894071,21.60000000000001,29.10000000000001,13.999999999999993,,1.0
divvy,2,test,2024-06-03,0.05,StructuralRobust,51.0,37.6039844958528,35.20000000000001,45.30000000000001,17.999999999999993,0.0,1.0
divvy,2,test,2024-06-03,0.05,ExpectedActionValue,51.0,30.80594145125247,10.000000000000002,12.800000000000002,4.800000000000001,,1.0
divvy,2,test,2024-06-03,0.05,PointwiseWorstAction,51.0,30.996630343236777,9.200000000000001,12.0,4.800000000000001,,1.0
divvy,2,test,2024-06-03,0.05,ScenarioCVaR,51.0,30.996630343236777,9.200000000000001,12.0,4.800000000000001,,1.0
divvy,2,test,2024-06-03,0.05,RiskFirst,51.0,4.34055493931229,35.20000000000002,45.90000000000001,18.79999999999999,,1.0
divvy,2,test,2024-06-03,0.05,TemporalContext2024,51.0,4.3026896663192185,34.40000000000001,45.100000000000016,18.799999999999997,,1.0
divvy,2,test,2024-06-03,0.05,NetworkPropagation2024,51.0,4.007881246477558,32.80000000000001,42.900000000000006,17.999999999999993,,1.0
divvy,2,test,2024-06-03,0.05,CalibratedUncertainty2025,51.0,3.6839136446053002,29.600000000000016,37.70000000000001,14.799999999999983,,1.0
divvy,2,test,2024-06-03,0.05,MappedPTO2026,51.0,4.379464056429274,36.80000000000002,47.500000000000014,18.799999999999997,,1.0
divvy,2,test,2024-06-03,0.05,GroupAware2025,51.0,4.374371002100606,34.40000000000001,45.10000000000001,18.79999999999999,,1.0
divvy,2,test,2024-06-03,0.05,RobustImprovement2025,51.0,4.362899499895727,36.000000000000014,46.10000000000001,17.999999999999993,,1.0
divvy,2,test,2024-06-03,0.1,StructuralRobust,102.0,52.43980488261628,49.599999999999994,64.5,26.0,0.0,1.0
divvy,2,test,2024-06-03,0.1,ExpectedActionValue,102.0,42.78693378611067,19.600000000000005,23.000000000000004,5.600000000000001,,1.0
divvy,2,test,2024-06-03,0.1,PointwiseWorstAction,102.0,42.92925575913234,20.400000000000006,24.400000000000006,6.400000000000002,,1.0
divvy,2,test,2024-06-03,0.1,ScenarioCVaR,102.0,42.92925575913234,20.400000000000006,24.400000000000006,6.400000000000002,,1.0
divvy,2,test,2024-06-03,0.1,RiskFirst,102.0,7.087255450510306,50.39999999999999,65.29999999999998,25.999999999999986,,1.0
divvy,2,test,2024-06-03,0.1,TemporalContext2024,102.0,7.101269548373984,51.19999999999998,66.09999999999998,25.999999999999993,,1.0
divvy,2,test,2024-06-03,0.1,NetworkPropagation2024,102.0,6.885285746787746,48.79999999999998,63.69999999999999,26.0,,1.0
divvy,2,test,2024-06-03,0.1,CalibratedUncertainty2025,102.0,6.4162774871911035,46.39999999999999,60.099999999999994,24.400000000000006,,1.0
divvy,2,test,2024-06-03,0.1,MappedPTO2026,102.0,6.424158195342,50.39999999999999,65.29999999999998,26.0,,1.0
divvy,2,test,2024-06-03,0.1,GroupAware2025,102.0,7.094956542745999,52.79999999999999,68.89999999999998,27.599999999999987,,1.0
divvy,2,test,2024-06-03,0.1,RobustImprovement2025,102.0,7.326236030997759,50.39999999999999,65.89999999999999,26.80000000000001,,1.0
divvy,2,test,2024-06-03,0.2,StructuralRobust,203.0,1.570378102077386,65.19999999999997,84.89999999999998,34.0,0.0,1.0
divvy,2,test,2024-06-03,0.2,ExpectedActionValue,203.0,52.89033291049804,36.00000000000001,45.40000000000001,15.200000000000003,,1.0
divvy,2,test,2024-06-03,0.2,PointwiseWorstAction,203.0,52.86684566127861,39.2,49.8,16.800000000000004,,1.0
divvy,2,test,2024-06-03,0.2,ScenarioCVaR,203.0,52.86684566127861,39.2,49.8,16.800000000000004,,1.0
divvy,2,test,2024-06-03,0.2,RiskFirst,203.0,12.577493639501336,65.19999999999997,84.89999999999998,33.999999999999986,,1.0
divvy,2,test,2024-06-03,0.2,TemporalContext2024,203.0,12.858341034302002,70.39999999999995,90.69999999999997,34.800000000000026,,1.0
divvy,2,test,2024-06-03,0.2,NetworkPropagation2024,203.0,12.964052197580779,63.99999999999996,82.69999999999996,31.599999999999994,,1.0
divvy,2,test,2024-06-03,0.2,CalibratedUncertainty2025,203.0,11.365224872646015,73.19999999999995,94.69999999999995,36.40000000000002,,1.0
divvy,2,test,2024-06-03,0.2,MappedPTO2026,203.0,12.569702643487629,65.19999999999997,84.89999999999998,34.0,,1.0
divvy,2,test,2024-06-03,0.2,GroupAware2025,203.0,11.925968809631074,63.19999999999997,81.89999999999995,31.599999999999987,,1.0
divvy,2,test,2024-06-03,0.2,RobustImprovement2025,203.0,12.44425645929074,61.599999999999966,81.09999999999997,33.20000000000002,,1.0
divvy,2,test,2024-06-04,0.01,StructuralRobust,10.0,0.28547131564229355,17.6,28.400000000000006,22.400000000000013,0.0,1.0
divvy,2,test,2024-06-04,0.01,ExpectedActionValue,10.0,10.036828348513344,4.4,5.6000000000000005,1.6000000000000005,,1.0
divvy,2,test,2024-06-04,0.01,PointwiseWorstAction,10.0,10.228900080127486,4.4,5.6000000000000005,1.6000000000000005,,1.0
divvy,2,test,2024-06-04,0.01,ScenarioCVaR,10.0,10.228900080127486,4.4,5.6000000000000005,1.6000000000000005,,1.0
divvy,2,test,2024-06-04,0.01,RiskFirst,10.0,1.0407176986882831,13.600000000000001,22.400000000000006,17.6,,1.0
divvy,2,test,2024-06-04,0.01,TemporalContext2024,10.0,1.0407176986882831,13.600000000000001,22.400000000000006,17.600000000000005,,1.0
divvy,2,test,2024-06-04,0.01,NetworkPropagation2024,10.0,1.0407176986882831,13.600000000000001,22.400000000000006,17.600000000000005,,1.0
divvy,2,test,2024-06-04,0.01,CalibratedUncertainty2025,10.0,0.9732146396755371,14.4,23.0,16.800000000000004,,1.0
divvy,2,test,2024-06-04,0.01,MappedPTO2026,10.0,1.0407176986882831,13.600000000000001,22.400000000000006,17.600000000000005,,1.0
divvy,2,test,2024-06-04,0.01,GroupAware2025,10.0,1.0407176986882831,13.600000000000001,22.400000000000006,17.6,,1.0
divvy,2,test,2024-06-04,0.01,RobustImprovement2025,10.0,1.0095262739242639,15.200000000000001,22.800000000000004,14.400000000000007,,1.0
divvy,2,test,2024-06-04,0.03,StructuralRobust,29.0,32.41216298572172,35.20000000000002,52.6,32.79999999999998,0.0,1.0
divvy,2,test,2024-06-04,0.03,ExpectedActionValue,29.0,21.474099118682346,8.4,10.400000000000002,3.200000000000001,,1.0
divvy,2,test,2024-06-04,0.03,PointwiseWorstAction,29.0,21.728599393005208,9.200000000000001,11.8,4.0,,1.0
divvy,2,test,2024-06-04,0.03,ScenarioCVaR,29.0,21.728599393005208,9.200000000000001,11.8,4.0,,1.0
divvy,2,test,2024-06-04,0.03,RiskFirst,29.0,1.9161128929140836,34.40000000000001,54.20000000000001,37.59999999999999,,1.0
divvy,2,test,2024-06-04,0.03,TemporalContext2024,29.0,1.8769111213161151,36.00000000000001,56.8,39.99999999999998,,1.0
divvy,2,test,2024-06-04,0.03,NetworkPropagation2024,29.0,1.3874694674790344,36.800000000000004,57.80000000000001,40.800000000000004,,1.0
divvy,2,test,2024-06-04,0.03,CalibratedUncertainty2025,29.0,1.3827227129394661,29.60000000000001,47.19999999999999,35.199999999999974,,1.0
divvy,2,test,2024-06-04,0.03,MappedPTO2026,29.0,1.5204059206080207,35.20000000000001,55.400000000000006,39.19999999999998,,1.0
divvy,2,test,2024-06-04,0.03,GroupAware2025,29.0,1.412698961853511,34.40000000000001,53.60000000000001,36.79999999999999,,1.0
divvy,2,test,2024-06-04,0.03,RobustImprovement2025,29.0,1.4646009943346712,34.4,54.2,37.6,,1.0
divvy,2,test,2024-06-04,0.05,StructuralRobust,48.0,42.91276788207095,44.800000000000004,68.20000000000002,43.99999999999999,0.0,1.0
divvy,2,test,2024-06-04,0.05,ExpectedActionValue,48.0,29.317956100650818,10.8,14.400000000000002,6.400000000000002,,1.0
divvy,2,test,2024-06-04,0.05,PointwiseWorstAction,48.0,29.386161989938667,10.8,14.400000000000002,6.400000000000002,,1.0
divvy,2,test,2024-06-04,0.05,ScenarioCVaR,48.0,29.386161989938667,10.8,14.400000000000002,6.400000000000002,,1.0
divvy,2,test,2024-06-04,0.05,RiskFirst,48.0,3.048053812048707,46.8,71.6,46.39999999999999,,1.0
divvy,2,test,2024-06-04,0.05,TemporalContext2024,48.0,3.1733668770615524,46.79999999999999,71.59999999999998,46.399999999999984,,1.0
divvy,2,test,2024-06-04,0.05,NetworkPropagation2024,48.0,3.0323452749416897,46.79999999999999,70.99999999999999,45.6,,1.0
divvy,2,test,2024-06-04,0.05,CalibratedUncertainty2025,48.0,1.6235628079978985,42.4,66.0,43.19999999999998,,1.0
divvy,2,test,2024-06-04,0.05,MappedPTO2026,48.0,3.018103658299847,46.79999999999999,71.59999999999998,46.399999999999984,,1.0
divvy,2,test,2024-06-04,0.05,GroupAware2025,48.0,3.078343226137029,47.599999999999994,72.39999999999999,46.39999999999999,,1.0
divvy,2,test,2024-06-04,0.05,RobustImprovement2025,48.0,1.8883000031387864,44.799999999999976,68.19999999999999,44.00000000000001,,1.0
divvy,2,test,2024-06-04,0.1,StructuralRobust,96.0,58.92113312321087,63.59999999999999,89.39999999999999,47.199999999999996,0.0,1.0
divvy,2,test,2024-06-04,0.1,ExpectedActionValue,96.0,40.85825415304963,18.800000000000004,24.800000000000008,11.200000000000006,,1.0
divvy,2,test,2024-06-04,0.1,PointwiseWorstAction,96.0,41.118318079979055,18.000000000000007,24.000000000000007,11.200000000000003,,1.0
divvy,2,test,2024-06-04,0.1,ScenarioCVaR,96.0,41.118318079979055,18.000000000000007,24.000000000000007,11.200000000000003,,1.0
divvy,2,test,2024-06-04,0.1,RiskFirst,96.0,5.031256099558748,65.99999999999996,93.19999999999993,49.59999999999998,,1.0
divvy,2,test,2024-06-04,0.1,TemporalContext2024,96.0,4.6362920958601315,64.39999999999995,91.59999999999994,49.59999999999998,,1.0
divvy,2,test,2024-06-04,0.1,NetworkPropagation2024,96.0,5.127303862621837,64.39999999999996,91.59999999999995,49.59999999999998,,1.0
divvy,2,test,2024-06-04,0.1,CalibratedUncertainty2025,96.0,5.631444116268907,63.59999999999995,90.59999999999994,48.799999999999955,,1.0
divvy,2,test,2024-06-04,0.1,MappedPTO2026,96.0,5.019312317981775,65.19999999999996,92.39999999999995,49.599999999999966,,1.0
divvy,2,test,2024-06-04,0.1,GroupAware2025,96.0,5.282406420009799,66.79999999999995,93.99999999999993,49.59999999999998,,1.0
divvy,2,test,2024-06-04,0.1,RobustImprovement2025,96.0,5.341881129712964,65.19999999999995,90.99999999999994,47.19999999999999,,1.0
divvy,2,test,2024-06-04,0.2,StructuralRobust,192.0,1.90059570204294,88.7999999999999,121.79999999999993,58.40000000000009,0.0,1.0
divvy,2,test,2024-06-04,0.2,ExpectedActionValue,192.0,51.05943359313214,29.200000000000014,38.300000000000004,15.59999999999999,,1.0
divvy,2,test,2024-06-04,0.2,PointwiseWorstAction,192.0,51.12415603392125,30.000000000000018,40.7,18.799999999999994,,1.0
divvy,2,test,2024-06-04,0.2,ScenarioCVaR,192.0,51.12415603392125,30.000000000000018,40.7,18.799999999999994,,1.0
divvy,2,test,2024-06-04,0.2,RiskFirst,192.0,11.05438901930386,94.39999999999988,131.19999999999993,65.60000000000007,,1.0
divvy,2,test,2024-06-04,0.2,TemporalContext2024,192.0,11.620786939202382,91.99999999999987,127.7999999999999,63.20000000000003,,1.0
divvy,2,test,2024-06-04,0.2,NetworkPropagation2024,192.0,10.50644877739212,91.19999999999989,126.79999999999993,64.00000000000016,,1.0
divvy,2,test,2024-06-04,0.2,CalibratedUncertainty2025,192.0,10.546941844090153,91.99999999999986,125.19999999999987,59.200000000000074,,1.0
divvy,2,test,2024-06-04,0.2,MappedPTO2026,192.0,10.200639074324688,88.7999999999999,121.79999999999993,58.40000000000009,,1.0
divvy,2,test,2024-06-04,0.2,GroupAware2025,192.0,9.75356788575957,90.39999999999989,124.99999999999989,61.60000000000002,,1.0
divvy,2,test,2024-06-04,0.2,RobustImprovement2025,192.0,12.28221622242463,86.39999999999989,119.39999999999992,58.40000000000009,,1.0
divvy,2,test,2024-06-05,0.01,StructuralRobust,10.0,0.22104140105593642,14.4,22.1,14.800000000000002,0.0,1.0
divvy,2,test,2024-06-05,0.01,ExpectedActionValue,10.0,14.244949333406627,2.4000000000000004,2.4000000000000004,0.0,,1.0
divvy,2,test,2024-06-05,0.01,PointwiseWorstAction,10.0,14.799336805291885,2.4000000000000004,2.4000000000000004,0.0,,1.0
divvy,2,test,2024-06-05,0.01,ScenarioCVaR,10.0,14.799336805291885,2.4000000000000004,2.4000000000000004,0.0,,1.0
divvy,2,test,2024-06-05,0.01,RiskFirst,10.0,0.2247593884082025,12.000000000000002,19.4,13.6,,1.0
divvy,2,test,2024-06-05,0.01,TemporalContext2024,10.0,0.2247593884082025,12.000000000000002,19.4,13.6,,1.0
divvy,2,test,2024-06-05,0.01,NetworkPropagation2024,10.0,1.575104590978194,11.200000000000001,17.8,12.000000000000002,,1.0
divvy,2,test,2024-06-05,0.01,CalibratedUncertainty2025,10.0,0.25745925975906736,11.200000000000001,17.8,12.000000000000002,,1.0
divvy,2,test,2024-06-05,0.01,MappedPTO2026,10.0,0.2247593884082025,12.000000000000002,19.4,13.6,,1.0
divvy,2,test,2024-06-05,0.01,GroupAware2025,10.0,0.22475938840820248,12.000000000000002,19.4,13.6,,1.0
divvy,2,test,2024-06-05,0.01,RobustImprovement2025,10.0,0.23815540094534382,12.8,20.6,13.600000000000001,,1.0
divvy,2,test,2024-06-05,0.03,StructuralRobust,29.0,28.972696101394877,23.200000000000006,33.1,18.8,0.0,1.0
divvy,2,test,2024-06-05,0.03,ExpectedActionValue,29.0,27.364147465708804,8.0,8.8,1.6000000000000014,,1.0
divvy,2,test,2024-06-05,0.03,PointwiseWorstAction,29.0,28.026914780943937,7.200000000000001,9.6,4.799999999999999,,1.0
divvy,2,test,2024-06-05,0.03,ScenarioCVaR,29.0,28.026914780943937,7.200000000000001,9.6,4.799999999999999,,1.0
divvy,2,test,2024-06-05,0.03,RiskFirst,29.0,2.965872685656452,22.400000000000006,32.699999999999996,18.799999999999983,,1.0
divvy,2,test,2024-06-05,0.03,TemporalContext2024,29.0,2.9276995856338752,21.600000000000005,31.9,18.799999999999986,,1.0
divvy,2,test,2024-06-05,0.03,NetworkPropagation2024,29.0,2.958750858370029,21.600000000000005,31.9,18.799999999999986,,1.0
divvy,2,test,2024-06-05,0.03,CalibratedUncertainty2025,29.0,1.9699509375128645,22.400000000000006,32.7,18.79999999999999,,1.0
divvy,2,test,2024-06-05,0.03,MappedPTO2026,29.0,2.918127686053814,23.200000000000006,33.49999999999999,18.79999999999998,,1.0
divvy,2,test,2024-06-05,0.03,GroupAware2025,29.0,2.965872685656452,22.400000000000006,32.699999999999996,18.799999999999983,,1.0
divvy,2,test,2024-06-05,0.03,RobustImprovement2025,29.0,3.0695617623517912,23.200000000000006,34.3,20.39999999999998,,1.0
divvy,2,test,2024-06-05,0.05,StructuralRobust,49.0,39.59850900870893,33.60000000000001,46.7,23.599999999999987,0.0,1.0
divvy,2,test,2024-06-05,0.05,ExpectedActionValue,49.0,37.11148906474189,12.000000000000002,14.400000000000004,4.8000000000000025,,1.0
divvy,2,test,2024-06-05,0.05,PointwiseWorstAction,49.0,37.46790988887559,12.800000000000002,15.8,5.599999999999996,,1.0
divvy,2,test,2024-06-05,0.05,ScenarioCVaR,49.0,37.46790988887559,12.800000000000002,15.8,5.599999999999996,,1.0
divvy,2,test,2024-06-05,0.05,RiskFirst,49.0,3.967192049016268,29.600000000000012,42.09999999999999,22.799999999999958,,1.0
divvy,2,test,2024-06-05,0.05,TemporalContext2024,49.0,3.6744455244824668,29.600000000000012,41.29999999999998,21.199999999999957,,1.0
divvy,2,test,2024-06-05,0.05,NetworkPropagation2024,49.0,3.842787372766847,28.80000000000001,41.29999999999998,22.79999999999996,,1.0
divvy,2,test,2024-06-05,0.05,CalibratedUncertainty2025,49.0,3.334189750097227,29.600000000000012,41.89999999999999,21.999999999999968,,1.0
divvy,2,test,2024-06-05,0.05,MappedPTO2026,49.0,3.9671920490162687,29.600000000000012,42.09999999999999,22.799999999999958,,1.0
divvy,2,test,2024-06-05,0.05,GroupAware2025,49.0,3.7818021077856905,28.00000000000001,39.69999999999999,21.199999999999964,,1.0
divvy,2,test,2024-06-05,0.05,RobustImprovement2025,49.0,4.25456384093236,32.000000000000014,44.499999999999986,22.799999999999955,,1.0
divvy,2,test,2024-06-05,0.1,StructuralRobust,98.0,57.17043406014988,51.599999999999994,72.1,35.599999999999966,0.0,1.0
divvy,2,test,2024-06-05,0.1,ExpectedActionValue,98.0,50.38977815570625,16.800000000000004,20.600000000000005,7.199999999999999,,1.0
divvy,2,test,2024-06-05,0.1,PointwiseWorstAction,98.0,50.415866003264654,16.800000000000004,20.600000000000005,7.199999999999999,,1.0
divvy,2,test,2024-06-05,0.1,ScenarioCVaR,98.0,50.415866003264654,16.800000000000004,20.600000000000005,7.199999999999999,,1.0
divvy,2,test,2024-06-05,0.1,RiskFirst,98.0,6.6010056098622485,49.99999999999998,69.09999999999997,33.19999999999997,,1.0
divvy,2,test,2024-06-05,0.1,TemporalContext2024,98.0,6.757612175908724,49.19999999999998,68.89999999999996,33.999999999999964,,1.0
divvy,2,test,2024-06-05,0.1,NetworkPropagation2024,98.0,6.711260909193522,47.19999999999998,66.09999999999997,32.399999999999956,,1.0
divvy,2,test,2024-06-05,0.1,CalibratedUncertainty2025,98.0,7.401906944472638,49.599999999999966,69.89999999999996,34.8,,1.0
divvy,2,test,2024-06-05,0.1,MappedPTO2026,98.0,7.02874666104314,48.399999999999984,67.29999999999997,32.399999999999956,,1.0
divvy,2,test,2024-06-05,0.1,GroupAware2025,98.0,6.715652706903023,50.79999999999998,69.69999999999996,32.39999999999995,,1.0
divvy,2,test,2024-06-05,0.1,RobustImprovement2025,98.0,6.966350085466343,52.79999999999998,72.69999999999996,34.79999999999997,,1.0
divvy,2,test,2024-06-05,0.2,StructuralRobust,196.0,1.7166209832940262,82.3999999999999,115.09999999999994,58.800000000000054,0.0,1.0
divvy,2,test,2024-06-05,0.2,ExpectedActionValue,196.0,60.79548834935618,31.600000000000016,40.0,15.999999999999972,,1.0
divvy,2,test,2024-06-05,0.2,PointwiseWorstAction,196.0,60.91609584334194,30.800000000000015,39.2,15.999999999999982,,1.0
divvy,2,test,2024-06-05,0.2,ScenarioCVaR,196.0,60.91609584334194,30.800000000000015,39.2,15.999999999999982,,1.0
divvy,2,test,2024-06-05,0.2,RiskFirst,196.0,12.740547479947617,82.3999999999999,116.69999999999993,62.000000000000014,,1.0
divvy,2,test,2024-06-05,0.2,TemporalContext2024,196.0,13.652698839033235,80.79999999999991,113.69999999999993,59.59999999999998,,1.0
divvy,2,test,2024-06-05,0.2,NetworkPropagation2024,196.0,12.913251255696204,77.59999999999994,108.69999999999996,55.60000000000002,,1.0
divvy,2,test,2024-06-05,0.2,CalibratedUncertainty2025,196.0,11.433877251028935,83.19999999999989,111.89999999999989,49.20000000000003,,1.0
divvy,2,test,2024-06-05,0.2,MappedPTO2026,196.0,12.830025945103754,82.3999999999999,115.09999999999994,58.800000000000054,,1.0
divvy,2,test,2024-06-05,0.2,GroupAware2025,196.0,13.28225456052346,77.59999999999994,108.29999999999993,53.99999999999997,,1.0
divvy,2,test,2024-06-05,0.2,RobustImprovement2025,196.0,15.96030459046533,72.79999999999995,100.29999999999994,47.599999999999966,,1.0
divvy,2,test,2024-06-06,0.01,StructuralRobust,10.0,0.2158217119807757,10.0,15.2,9.599999999999998,0.0,1.0
divvy,2,test,2024-06-06,0.01,ExpectedActionValue,10.0,9.016943568605242,2.4000000000000004,3.8000000000000003,2.4000000000000004,,1.0
divvy,2,test,2024-06-06,0.01,PointwiseWorstAction,10.0,9.468518046394799,0.8,1.6,1.6000000000000003,,1.0
divvy,2,test,2024-06-06,0.01,ScenarioCVaR,10.0,9.468518046394799,0.8,1.6,1.6000000000000003,,1.0
divvy,2,test,2024-06-06,0.01,RiskFirst,10.0,0.7263680506191137,11.200000000000003,17.0,10.399999999999999,,1.0
divvy,2,test,2024-06-06,0.01,TemporalContext2024,10.0,0.7263680506191137,11.200000000000003,17.0,10.399999999999999,,1.0
divvy,2,test,2024-06-06,0.01,NetworkPropagation2024,10.0,0.48381507859712897,9.600000000000003,14.200000000000003,8.799999999999999,,1.0
divvy,2,test,2024-06-06,0.01,CalibratedUncertainty2025,10.0,0.7263680506191137,11.2,17.0,10.400000000000002,,1.0
divvy,2,test,2024-06-06,0.01,MappedPTO2026,10.0,0.48381507859712897,9.600000000000003,14.200000000000003,8.799999999999999,,1.0
divvy,2,test,2024-06-06,0.01,GroupAware2025,10.0,0.48381507859712897,9.600000000000003,14.200000000000003,8.799999999999999,,1.0
divvy,2,test,2024-06-06,0.01,RobustImprovement2025,10.0,0.48381507859712897,8.799999999999999,13.400000000000002,8.800000000000002,,1.0
divvy,2,test,2024-06-06,0.03,StructuralRobust,29.0,27.9607803424991,24.400000000000006,34.800000000000004,17.6,0.0,1.0
divvy,2,test,2024-06-06,0.03,ExpectedActionValue,29.0,19.31570563991008,7.2,9.2,3.2,,1.0
divvy,2,test,2024-06-06,0.03,PointwiseWorstAction,29.0,19.900147505231942,7.199999999999999,9.200000000000001,3.200000000000001,,1.0
divvy,2,test,2024-06-06,0.03,ScenarioCVaR,29.0,19.900147505231942,7.199999999999999,9.200000000000001,3.200000000000001,,1.0
divvy,2,test,2024-06-06,0.03,RiskFirst,29.0,2.0022734725268947,24.400000000000006,33.8,16.799999999999983,,1.0
divvy,2,test,2024-06-06,0.03,TemporalContext2024,29.0,2.1496952011236434,23.60000000000001,33.400000000000006,18.399999999999984,,1.0
divvy,2,test,2024-06-06,0.03,NetworkPropagation2024,29.0,2.198470116998188,25.20000000000001,35.0,18.399999999999977,,1.0
divvy,2,test,2024-06-06,0.03,CalibratedUncertainty2025,29.0,1.853745976321381,23.6,34.99999999999999,19.999999999999993,,1.0
divvy,2,test,2024-06-06,0.03,MappedPTO2026,29.0,2.268835670549182,23.60000000000001,32.6,16.799999999999983,,1.0
divvy,2,test,2024-06-06,0.03,GroupAware2025,29.0,2.168886544465282,23.600000000000005,32.400000000000006,15.99999999999999,,1.0
divvy,2,test,2024-06-06,0.03,RobustImprovement2025,29.0,2.0022734725268947,23.6,33.0,16.79999999999999,,1.0
divvy,2,test,2024-06-06,0.05,StructuralRobust,48.0,38.27147253211188,34.000000000000014,46.79999999999999,22.39999999999997,0.0,1.0
divvy,2,test,2024-06-06,0.05,ExpectedActionValue,48.0,26.877880854230906,10.400000000000002,12.4,3.1999999999999993,,1.0
divvy,2,test,2024-06-06,0.05,PointwiseWorstAction,48.0,27.40432887260365,9.6,11.600000000000001,3.200000000000001,,1.0
divvy,2,test,2024-06-06,0.05,ScenarioCVaR,48.0,27.40432887260365,9.6,11.600000000000001,3.200000000000001,,1.0
divvy,2,test,2024-06-06,0.05,RiskFirst,48.0,3.0581180266645718,34.800000000000004,48.599999999999994,24.799999999999983,,1.0
divvy,2,test,2024-06-06,0.05,TemporalContext2024,48.0,2.985189386406666,34.80000000000001,48.6,24.799999999999976,,1.0
divvy,2,test,2024-06-06,0.05,NetworkPropagation2024,48.0,3.141955149608179,32.40000000000001,45.4,23.199999999999974,,1.0
divvy,2,test,2024-06-06,0.05,CalibratedUncertainty2025,48.0,3.7992849353653404,32.400000000000006,45.39999999999999,23.19999999999999,,1.0
divvy,2,test,2024-06-06,0.05,MappedPTO2026,48.0,3.0581180266645718,34.80000000000001,48.6,24.799999999999976,,1.0
divvy,2,test,2024-06-06,0.05,GroupAware2025,48.0,3.058118026664572,34.800000000000004,48.599999999999994,24.79999999999999,,1.0
divvy,2,test,2024-06-06,0.05,RobustImprovement2025,48.0,2.9873372018336966,31.600000000000005,44.6,23.199999999999985,,1.0
divvy,2,test,2024-06-06,0.1,StructuralRobust,97.0,53.380314654188595,53.199999999999974,69.19999999999996,28.79999999999997,0.0,1.0
divvy,2,test,2024-06-06,0.1,ExpectedActionValue,97.0,38.91011260007772,22.400000000000006,29.000000000000007,11.999999999999993,,1.0
divvy,2,test,2024-06-06,0.1,PointwiseWorstAction,97.0,39.17099657279465,20.800000000000004,27.400000000000006,12.0,,1.0
divvy,2,test,2024-06-06,0.1,ScenarioCVaR,97.0,39.17099657279465,20.800000000000004,27.400000000000006,12.0,,1.0
divvy,2,test,2024-06-06,0.1,RiskFirst,97.0,6.772270903245396,49.199999999999974,66.39999999999996,30.399999999999977,,1.0
divvy,2,test,2024-06-06,0.1,TemporalContext2024,97.0,6.775779117917259,47.59999999999999,63.39999999999998,27.999999999999964,,1.0
divvy,2,test,2024-06-06,0.1,NetworkPropagation2024,97.0,6.996186979311363,48.399999999999984,63.59999999999998,27.19999999999998,,1.0
divvy,2,test,2024-06-06,0.1,CalibratedUncertainty2025,97.0,7.288441273938901,52.39999999999996,71.19999999999996,33.599999999999994,,1.0
divvy,2,test,2024-06-06,0.1,MappedPTO2026,97.0,7.19524637746762,49.99999999999998,66.59999999999997,29.599999999999973,,1.0
divvy,2,test,2024-06-06,0.1,GroupAware2025,97.0,7.117740030366868,49.99999999999997,67.19999999999996,30.39999999999999,,1.0
divvy,2,test,2024-06-06,0.1,RobustImprovement2025,97.0,7.48811705687083,51.599999999999966,68.19999999999996,29.599999999999994,,1.0
divvy,2,test,2024-06-06,0.2,StructuralRobust,193.0,1.4677321526123686,70.79999999999993,95.79999999999991,43.999999999999986,0.0,1.0
divvy,2,test,2024-06-06,0.2,ExpectedActionValue,193.0,47.876710389010576,29.600000000000012,38.6,16.799999999999972,,1.0
divvy,2,test,2024-06-06,0.2,PointwiseWorstAction,193.0,47.968601779262485,31.200000000000014,41.800000000000004,19.999999999999975,,1.0
divvy,2,test,2024-06-06,0.2,ScenarioCVaR,193.0,47.968601779262485,31.200000000000014,41.800000000000004,19.999999999999975,,1.0
divvy,2,test,2024-06-06,0.2,RiskFirst,193.0,11.866644762692836,78.7999999999999,106.99999999999989,50.400000000000006,,1.0
divvy,2,test,2024-06-06,0.2,TemporalContext2024,193.0,12.630987465509419,68.39999999999993,93.59999999999992,44.8,,1.0
divvy,2,test,2024-06-06,0.2,NetworkPropagation2024,193.0,12.28639694156545,70.79999999999995,95.99999999999991,44.79999999999998,,1.0
divvy,2,test,2024-06-06,0.2,CalibratedUncertainty2025,193.0,12.460247590878128,81.19999999999987,109.19999999999985,48.0,,1.0
divvy,2,test,2024-06-06,0.2,MappedPTO2026,193.0,11.706534961083248,70.79999999999993,95.79999999999991,43.999999999999986,,1.0
divvy,2,test,2024-06-06,0.2,GroupAware2025,193.0,10.88393864854843,65.99999999999994,87.99999999999991,38.39999999999998,,1.0
divvy,2,test,2024-06-06,0.2,RobustImprovement2025,193.0,13.761420222880245,58.79999999999995,77.59999999999994,33.6,,1.0
divvy,2,test,2024-06-07,0.01,StructuralRobust,11.0,0.14307266954209968,14.400000000000002,24.3,20.399999999999995,0.0,1.0
divvy,2,test,2024-06-07,0.01,ExpectedActionValue,11.0,13.179118530650813,0.8,0.8,0.0,,1.0
divvy,2,test,2024-06-07,0.01,PointwiseWorstAction,11.0,13.74051574840946,2.0,2.0,0.0,,1.0
divvy,2,test,2024-06-07,0.01,ScenarioCVaR,11.0,13.74051574840946,2.0,2.0,0.0,,1.0
divvy,2,test,2024-06-07,0.01,RiskFirst,11.0,0.1891129288907524,13.600000000000001,23.5,20.4,,1.0
divvy,2,test,2024-06-07,0.01,TemporalContext2024,11.0,0.1891129288907524,13.600000000000001,23.5,20.4,,1.0
divvy,2,test,2024-06-07,0.01,NetworkPropagation2024,11.0,0.1940477618812731,12.000000000000002,20.900000000000002,18.0,,1.0
divvy,2,test,2024-06-07,0.01,CalibratedUncertainty2025,11.0,0.1512133064500614,16.0,25.7,19.599999999999994,,1.0
divvy,2,test,2024-06-07,0.01,MappedPTO2026,11.0,0.1891129288907524,14.400000000000002,24.3,20.399999999999995,,1.0
divvy,2,test,2024-06-07,0.01,GroupAware2025,11.0,0.1891129288907524,13.600000000000001,23.5,20.4,,1.0
divvy,2,test,2024-06-07,0.01,RobustImprovement2025,11.0,0.1891129288907524,16.0,26.5,21.200000000000003,,1.0
divvy,2,test,2024-06-07,0.03,StructuralRobust,33.0,20.721132487728262,31.200000000000006,44.9,25.99999999999999,0.0,1.0
divvy,2,test,2024-06-07,0.03,ExpectedActionValue,33.0,27.110453530920246,3.6,3.6,0.0,,1.0
divvy,2,test,2024-06-07,0.03,PointwiseWorstAction,33.0,27.36053022494075,3.6,3.6,0.0,,1.0
divvy,2,test,2024-06-07,0.03,ScenarioCVaR,33.0,27.36053022494075,3.6,3.6,0.0,,1.0
divvy,2,test,2024-06-07,0.03,RiskFirst,33.0,2.2244423001496165,24.800000000000008,36.9,24.399999999999974,,1.0
divvy,2,test,2024-06-07,0.03,TemporalContext2024,33.0,1.3147982078822342,24.000000000000007,36.099999999999994,24.399999999999977,,1.0
divvy,2,test,2024-06-07,0.03,NetworkPropagation2024,33.0,0.6545302857605854,24.800000000000004,36.9,24.399999999999984,,1.0
divvy,2,test,2024-06-07,0.03,CalibratedUncertainty2025,33.0,2.25494676456081,25.60000000000001,36.7,21.99999999999997,,1.0
divvy,2,test,2024-06-07,0.03,MappedPTO2026,33.0,2.2202056341102043,24.000000000000004,35.3,22.79999999999998,,1.0
divvy,2,test,2024-06-07,0.03,GroupAware2025,33.0,2.2202056341102043,26.40000000000001,37.699999999999996,22.799999999999972,,1.0
divvy,2,test,2024-06-07,0.03,RobustImprovement2025,33.0,2.2506011747583075,28.800000000000015,40.5,22.799999999999972,,1.0
divvy,2,test,2024-06-07,0.05,StructuralRobust,55.0,28.655000425697285,41.599999999999994,55.899999999999984,26.799999999999983,0.0,1.0
divvy,2,test,2024-06-07,0.05,ExpectedActionValue,55.0,36.6897583891064,7.6000000000000005,8.2,0.7999999999999998,,1.0
divvy,2,test,2024-06-07,0.05,PointwiseWorstAction,55.0,36.84727421335256,8.4,9.0,0.7999999999999989,,1.0
divvy,2,test,2024-06-07,0.05,ScenarioCVaR,55.0,36.84727421335256,8.4,9.0,0.7999999999999989,,1.0
divvy,2,test,2024-06-07,0.05,RiskFirst,55.0,3.273485924085633,38.400000000000006,52.89999999999999,27.599999999999966,,1.0
divvy,2,test,2024-06-07,0.05,TemporalContext2024,55.0,3.1171911546540856,40.00000000000001,55.099999999999994,28.399999999999956,,1.0
divvy,2,test,2024-06-07,0.05,NetworkPropagation2024,55.0,3.3571952132597707,41.6,57.69999999999999,30.799999999999976,,1.0
divvy,2,test,2024-06-07,0.05,CalibratedUncertainty2025,55.0,3.3467603357403406,37.6,51.499999999999986,26.79999999999996,,1.0
divvy,2,test,2024-06-07,0.05,MappedPTO2026,55.0,3.326427442269796,36.0,49.29999999999999,25.999999999999964,,1.0
divvy,2,test,2024-06-07,0.05,GroupAware2025,55.0,3.3193450714221076,38.400000000000006,52.89999999999999,27.599999999999966,,1.0
divvy,2,test,2024-06-07,0.05,RobustImprovement2025,55.0,3.4760386663084413,41.60000000000001,56.89999999999999,29.19999999999996,,1.0
divvy,2,test,2024-06-07,0.1,StructuralRobust,110.0,41.851649151921016,65.19999999999997,87.29999999999997,40.400000000000006,0.0,1.0
divvy,2,test,2024-06-07,0.1,ExpectedActionValue,110.0,49.98180186267937,14.000000000000002,17.200000000000003,4.8000000000000025,,1.0
divvy,2,test,2024-06-07,0.1,PointwiseWorstAction,110.0,50.375387212583234,18.000000000000004,23.400000000000006,8.800000000000004,,1.0
divvy,2,test,2024-06-07,0.1,ScenarioCVaR,110.0,50.375387212583234,18.000000000000004,23.400000000000006,8.800000000000004,,1.0
divvy,2,test,2024-06-07,0.1,RiskFirst,110.0,6.548137452252939,61.199999999999974,83.29999999999995,40.39999999999998,,1.0
divvy,2,test,2024-06-07,0.1,TemporalContext2024,110.0,5.873100462943263,58.79999999999997,79.69999999999996,38.79999999999997,,1.0
divvy,2,test,2024-06-07,0.1,NetworkPropagation2024,110.0,5.87520231580639,58.79999999999997,80.69999999999996,41.2,,1.0
divvy,2,test,2024-06-07,0.1,CalibratedUncertainty2025,110.0,6.519119803598106,55.99999999999997,75.29999999999995,35.599999999999966,,1.0
divvy,2,test,2024-06-07,0.1,MappedPTO2026,110.0,6.5481374522529405,61.199999999999974,83.29999999999995,40.39999999999998,,1.0
divvy,2,test,2024-06-07,0.1,GroupAware2025,110.0,7.150303585799339,65.19999999999997,88.09999999999995,41.99999999999997,,1.0
divvy,2,test,2024-06-07,0.1,RobustImprovement2025,110.0,6.707217389851092,61.199999999999974,82.89999999999995,40.39999999999998,,1.0
divvy,2,test,2024-06-07,0.2,StructuralRobust,219.0,1.3586148791201116,77.99999999999991,104.89999999999992,50.000000000000014,0.0,1.0
divvy,2,test,2024-06-07,0.2,ExpectedActionValue,219.0,61.1510446093521,36.00000000000001,47.800000000000004,18.4,,1.0
divvy,2,test,2024-06-07,0.2,PointwiseWorstAction,219.0,60.94346783289748,39.2,52.50000000000001,21.20000000000001,,1.0
divvy,2,test,2024-06-07,0.2,ScenarioCVaR,219.0,60.94346783289748,39.2,52.50000000000001,21.20000000000001,,1.0
divvy,2,test,2024-06-07,0.2,RiskFirst,219.0,11.033580786524212,81.59999999999992,109.49999999999991,50.8,,1.0
divvy,2,test,2024-06-07,0.2,TemporalContext2024,219.0,12.520995361008048,83.5999999999999,112.69999999999992,54.00000000000007,,1.0
divvy,2,test,2024-06-07,0.2,NetworkPropagation2024,219.0,10.168735818809203,75.59999999999992,102.89999999999993,50.00000000000003,,1.0
divvy,2,test,2024-06-07,0.2,CalibratedUncertainty2025,219.0,11.77244776735428,95.19999999999989,126.49999999999993,54.80000000000011,,1.0
divvy,2,test,2024-06-07,0.2,MappedPTO2026,219.0,13.516024468264813,77.99999999999991,104.89999999999992,50.000000000000014,,1.0
divvy,2,test,2024-06-07,0.2,GroupAware2025,219.0,11.151713041550547,79.59999999999992,106.89999999999992,50.000000000000014,,1.0
divvy,2,test,2024-06-07,0.2,RobustImprovement2025,219.0,13.706491816601455,71.19999999999996,97.09999999999994,47.59999999999998,,1.0
divvy,2,test,2024-06-08,0.01,StructuralRobust,10.0,0.09960158842581439,0.8,0.8,0.0,0.0,1.0
divvy,2,test,2024-06-08,0.01,ExpectedActionValue,10.0,11.20957959464057,4.0,6.2,4.0,,1.0
divvy,2,test,2024-06-08,0.01,PointwiseWorstAction,10.0,11.349155968948788,4.0,6.199999999999999,4.000000000000002,,1.0
divvy,2,test,2024-06-08,0.01,ScenarioCVaR,10.0,11.349155968948788,4.0,6.199999999999999,4.000000000000002,,1.0
divvy,2,test,2024-06-08,0.01,RiskFirst,10.0,0.38157555252484787,0.8,0.8,0.0,,1.0
divvy,2,test,2024-06-08,0.01,TemporalContext2024,10.0,0.38157555252484787,0.8,0.8,0.0,,1.0
divvy,2,test,2024-06-08,0.01,NetworkPropagation2024,10.0,0.38157555252484787,0.8,0.8,0.0,,1.0
divvy,2,test,2024-06-08,0.01,CalibratedUncertainty2025,10.0,0.3874623416737553,0.8,0.8,0.0,,1.0
divvy,2,test,2024-06-08,0.01,MappedPTO2026,10.0,0.36675780950740794,0.8,0.8,0.0,,1.0
divvy,2,test,2024-06-08,0.01,GroupAware2025,10.0,0.38157555252484787,0.8,0.8,0.0,,1.0
divvy,2,test,2024-06-08,0.01,RobustImprovement2025,10.0,0.3227161260675021,0.8,0.8,0.0,,1.0
divvy,2,test,2024-06-08,0.03,StructuralRobust,29.0,16.407914924369837,11.2,13.8,5.600000000000001,0.0,1.0
divvy,2,test,2024-06-08,0.03,ExpectedActionValue,29.0,22.96022748481168,8.0,10.8,4.800000000000001,,1.0
divvy,2,test,2024-06-08,0.03,PointwiseWorstAction,29.0,23.161510580800076,9.600000000000001,13.000000000000002,5.600000000000001,,1.0
divvy,2,test,2024-06-08,0.03,ScenarioCVaR,29.0,23.161510580800076,9.600000000000001,13.000000000000002,5.600000000000001,,1.0
divvy,2,test,2024-06-08,0.03,RiskFirst,29.0,1.7352830792548113,8.0,9.400000000000002,2.400000000000002,,1.0
divvy,2,test,2024-06-08,0.03,TemporalContext2024,29.0,1.9393617911343117,8.0,9.400000000000002,2.400000000000002,,1.0
divvy,2,test,2024-06-08,0.03,NetworkPropagation2024,29.0,0.8631429029048929,4.8,6.2,2.4000000000000004,,1.0
divvy,2,test,2024-06-08,0.03,CalibratedUncertainty2025,29.0,1.7368369504452366,8.8,11.200000000000001,4.799999999999999,,1.0
divvy,2,test,2024-06-08,0.03,MappedPTO2026,29.0,2.870226065034956,8.8,11.0,4.0,,1.0
divvy,2,test,2024-06-08,0.03,GroupAware2025,29.0,1.540586038081809,4.8,6.199999999999999,2.4000000000000004,,1.0
divvy,2,test,2024-06-08,0.03,RobustImprovement2025,29.0,3.0229327586846755,8.0,9.600000000000001,3.1999999999999993,,1.0
divvy,2,test,2024-06-08,0.05,StructuralRobust,48.0,21.858343389852383,16.000000000000004,19.400000000000002,7.199999999999996,0.0,1.0
divvy,2,test,2024-06-08,0.05,ExpectedActionValue,48.0,31.58688400639943,12.0,15.4,5.600000000000001,,1.0
divvy,2,test,2024-06-08,0.05,PointwiseWorstAction,48.0,31.690256674924573,12.000000000000002,15.400000000000002,5.600000000000003,,1.0
divvy,2,test,2024-06-08,0.05,ScenarioCVaR,48.0,31.690256674924573,12.000000000000002,15.400000000000002,5.600000000000003,,1.0
divvy,2,test,2024-06-08,0.05,RiskFirst,48.0,3.607145221534652,14.400000000000002,18.400000000000002,8.0,,1.0
divvy,2,test,2024-06-08,0.05,TemporalContext2024,48.0,3.5804116251970886,12.8,16.8,8.0,,1.0
divvy,2,test,2024-06-08,0.05,NetworkPropagation2024,48.0,3.7658439967635737,11.200000000000003,14.200000000000003,5.599999999999998,,1.0
divvy,2,test,2024-06-08,0.05,CalibratedUncertainty2025,48.0,3.4828174410100785,16.000000000000004,20.000000000000007,8.0,,1.0
divvy,2,test,2024-06-08,0.05,MappedPTO2026,48.0,4.353682751373525,14.400000000000004,19.200000000000003,9.6,,1.0
divvy,2,test,2024-06-08,0.05,GroupAware2025,48.0,3.6038904039363047,14.400000000000002,18.400000000000002,8.000000000000004,,1.0
divvy,2,test,2024-06-08,0.05,RobustImprovement2025,48.0,3.5880531389547343,15.200000000000003,18.600000000000005,7.199999999999999,,1.0
divvy,2,test,2024-06-08,0.1,StructuralRobust,97.0,31.54594456457947,25.600000000000016,31.000000000000014,10.399999999999991,0.0,1.0
divvy,2,test,2024-06-08,0.1,ExpectedActionValue,97.0,44.73918618625293,15.200000000000003,18.6,5.600000000000001,,1.0
divvy,2,test,2024-06-08,0.1,PointwiseWorstAction,97.0,44.784938686484686,14.400000000000004,17.800000000000004,5.600000000000003,,1.0
divvy,2,test,2024-06-08,0.1,ScenarioCVaR,97.0,44.784938686484686,14.400000000000004,17.800000000000004,5.600000000000003,,1.0
divvy,2,test,2024-06-08,0.1,RiskFirst,97.0,5.956672528034939,25.600000000000012,30.40000000000001,9.59999999999999,,1.0
divvy,2,test,2024-06-08,0.1,TemporalContext2024,97.0,6.6791295962127375,22.40000000000001,27.20000000000001,9.599999999999998,,1.0
divvy,2,test,2024-06-08,0.1,NetworkPropagation2024,97.0,6.3727226323336925,23.20000000000001,28.000000000000014,9.599999999999994,,1.0
divvy,2,test,2024-06-08,0.1,CalibratedUncertainty2025,97.0,6.056170658975364,28.800000000000015,35.80000000000001,13.600000000000005,,1.0
divvy,2,test,2024-06-08,0.1,MappedPTO2026,97.0,6.281126589893426,28.000000000000014,34.80000000000001,12.799999999999983,,1.0
divvy,2,test,2024-06-08,0.1,GroupAware2025,97.0,6.814225852123145,24.80000000000001,29.60000000000001,9.599999999999994,,1.0
divvy,2,test,2024-06-08,0.1,RobustImprovement2025,97.0,5.238838907704543,25.600000000000012,30.400000000000013,9.59999999999999,,1.0
divvy,2,test,2024-06-08,0.2,StructuralRobust,194.0,1.0798686374221211,50.39999999999999,64.89999999999998,28.399999999999977,0.0,1.0
divvy,2,test,2024-06-08,0.2,ExpectedActionValue,194.0,54.568826073981306,28.80000000000001,37.2,14.399999999999984,,1.0
divvy,2,test,2024-06-08,0.2,PointwiseWorstAction,194.0,54.728927074636935,31.200000000000014,40.20000000000001,15.199999999999985,,1.0
divvy,2,test,2024-06-08,0.2,ScenarioCVaR,194.0,54.728927074636935,31.200000000000014,40.20000000000001,15.199999999999985,,1.0
divvy,2,test,2024-06-08,0.2,RiskFirst,194.0,12.08017899874803,51.600000000000016,66.8,28.799999999999976,,1.0
divvy,2,test,2024-06-08,0.2,TemporalContext2024,194.0,11.376290806974644,43.99999999999999,55.4,21.6,,1.0
divvy,2,test,2024-06-08,0.2,NetworkPropagation2024,194.0,13.420454747041584,42.00000000000001,53.00000000000001,21.599999999999987,,1.0
divvy,2,test,2024-06-08,0.2,CalibratedUncertainty2025,194.0,11.779694440559384,56.799999999999976,73.19999999999997,30.400000000000027,,1.0
divvy,2,test,2024-06-08,0.2,MappedPTO2026,194.0,14.66863696970811,50.39999999999999,64.89999999999998,28.399999999999977,,1.0
divvy,2,test,2024-06-08,0.2,GroupAware2025,194.0,12.12530237544754,48.000000000000014,61.8,26.399999999999977,,1.0
divvy,2,test,2024-06-08,0.2,RobustImprovement2025,194.0,13.453098620614856,33.60000000000001,41.1,13.999999999999979,,1.0
divvy,2,test,2024-06-09,0.01,StructuralRobust,10.0,0.09392151147955102,4.0,4.800000000000001,1.6000000000000005,0.0,1.0
divvy,2,test,2024-06-09,0.01,ExpectedActionValue,10.0,9.883445551055525,0.0,0.0,0.0,,1.0
divvy,2,test,2024-06-09,0.01,PointwiseWorstAction,10.0,10.645788466367605,0.0,0.0,0.0,,1.0
divvy,2,test,2024-06-09,0.01,ScenarioCVaR,10.0,10.645788466367605,0.0,0.0,0.0,,1.0
divvy,2,test,2024-06-09,0.01,RiskFirst,10.0,0.5173178844975019,4.4,5.2,1.5999999999999996,,1.0
divvy,2,test,2024-06-09,0.01,TemporalContext2024,10.0,0.5173178844975019,4.4,5.2,1.5999999999999996,,1.0
divvy,2,test,2024-06-09,0.01,NetworkPropagation2024,10.0,0.46034748769040124,3.6000000000000005,4.4,1.5999999999999996,,1.0
divvy,2,test,2024-06-09,0.01,CalibratedUncertainty2025,10.0,0.8983272414694157,3.2,3.8,0.7999999999999998,,1.0
divvy,2,test,2024-06-09,0.01,MappedPTO2026,10.0,0.3919297295854981,4.3999999999999995,5.2,1.6000000000000005,,1.0
divvy,2,test,2024-06-09,0.01,GroupAware2025,10.0,0.5173178844975019,4.4,5.2,1.5999999999999996,,1.0
divvy,2,test,2024-06-09,0.01,RobustImprovement2025,10.0,1.0748794991275454,4.0,4.800000000000001,1.6000000000000005,,1.0
divvy,2,test,2024-06-09,0.03,StructuralRobust,30.0,18.107225352616098,21.200000000000003,27.000000000000007,10.40000000000001,0.0,1.0
divvy,2,test,2024-06-09,0.03,ExpectedActionValue,30.0,22.164723142300094,1.6,2.2,0.8000000000000003,,1.0
divvy,2,test,2024-06-09,0.03,PointwiseWorstAction,30.0,22.77084649922852,3.2,4.4,1.6000000000000005,,1.0
divvy,2,test,2024-06-09,0.03,ScenarioCVaR,30.0,22.77084649922852,3.2,4.4,1.6000000000000005,,1.0
divvy,2,test,2024-06-09,0.03,RiskFirst,30.0,1.814117616252435,15.600000000000001,18.800000000000004,4.800000000000004,,1.0
divvy,2,test,2024-06-09,0.03,TemporalContext2024,30.0,1.8141176162524353,16.400000000000002,19.600000000000005,4.800000000000001,,1.0
divvy,2,test,2024-06-09,0.03,NetworkPropagation2024,30.0,2.076650058427062,11.600000000000001,13.600000000000001,3.1999999999999993,,1.0
divvy,2,test,2024-06-09,0.03,CalibratedUncertainty2025,30.0,1.7775254729795105,18.000000000000004,21.200000000000006,4.800000000000001,,1.0
divvy,2,test,2024-06-09,0.03,MappedPTO2026,30.0,1.8141176162524353,15.600000000000001,18.8,4.799999999999997,,1.0
divvy,2,test,2024-06-09,0.03,GroupAware2025,30.0,1.7311453579096425,14.000000000000002,16.6,4.000000000000002,,1.0
divvy,2,test,2024-06-09,0.03,RobustImprovement2025,30.0,1.5086702115379502,14.800000000000002,18.000000000000004,4.799999999999995,,1.0
divvy,2,test,2024-06-09,0.05,StructuralRobust,50.0,25.51426649924667,32.400000000000006,42.20000000000001,16.800000000000004,0.0,1.0
divvy,2,test,2024-06-09,0.05,ExpectedActionValue,50.0,31.111451404665328,4.0,5.200000000000001,1.6000000000000005,,1.0
divvy,2,test,2024-06-09,0.05,PointwiseWorstAction,50.0,31.488300752978816,5.6000000000000005,6.8,1.5999999999999996,,1.0
divvy,2,test,2024-06-09,0.05,ScenarioCVaR,50.0,31.488300752978816,5.6000000000000005,6.8,1.5999999999999996,,1.0
divvy,2,test,2024-06-09,0.05,RiskFirst,50.0,2.950412350912776,28.000000000000007,36.40000000000001,14.400000000000006,,1.0
divvy,2,test,2024-06-09,0.05,TemporalContext2024,50.0,3.122761029865118,24.800000000000004,31.80000000000001,12.000000000000007,,1.0
divvy,2,test,2024-06-09,0.05,NetworkPropagation2024,50.0,2.5569221824193873,18.400000000000002,22.400000000000006,6.400000000000002,,1.0
divvy,2,test,2024-06-09,0.05,CalibratedUncertainty2025,50.0,3.486678111357938,23.60000000000001,28.80000000000001,8.000000000000004,,1.0
divvy,2,test,2024-06-09,0.05,MappedPTO2026,50.0,3.0458411311634634,23.60000000000001,29.60000000000001,9.599999999999994,,1.0
divvy,2,test,2024-06-09,0.05,GroupAware2025,50.0,2.7495169384547204,25.60000000000001,31.60000000000001,9.600000000000001,,1.0
divvy,2,test,2024-06-09,0.05,RobustImprovement2025,50.0,2.8368311997082984,28.000000000000007,36.40000000000001,14.399999999999999,,1.0
divvy,2,test,2024-06-09,0.1,StructuralRobust,100.0,37.011338402556724,46.39999999999999,60.599999999999994,24.80000000000001,0.0,1.0
divvy,2,test,2024-06-09,0.1,ExpectedActionValue,100.0,42.92957749557966,12.8,19.4,12.000000000000004,,1.0
divvy,2,test,2024-06-09,0.1,PointwiseWorstAction,100.0,43.15146241484372,11.200000000000003,16.400000000000002,9.600000000000001,,1.0
divvy,2,test,2024-06-09,0.1,ScenarioCVaR,100.0,43.15146241484372,11.200000000000003,16.400000000000002,9.600000000000001,,1.0
divvy,2,test,2024-06-09,0.1,RiskFirst,100.0,5.587491429521462,46.39999999999999,62.00000000000001,27.200000000000003,,1.0
divvy,2,test,2024-06-09,0.1,TemporalContext2024,100.0,5.979835685928073,44.0,58.800000000000004,25.599999999999994,,1.0
divvy,2,test,2024-06-09,0.1,NetworkPropagation2024,100.0,4.765688642095121,40.8,55.0,23.200000000000017,,1.0
divvy,2,test,2024-06-09,0.1,CalibratedUncertainty2025,100.0,5.410305456552993,44.0,57.800000000000004,23.200000000000017,,1.0
divvy,2,test,2024-06-09,0.1,MappedPTO2026,100.0,5.630970525416772,46.399999999999984,61.99999999999999,27.20000000000001,,1.0
divvy,2,test,2024-06-09,0.1,GroupAware2025,100.0,4.465276126043028,41.59999999999999,57.2,27.20000000000001,,1.0
divvy,2,test,2024-06-09,0.1,RobustImprovement2025,100.0,5.392309634253805,43.199999999999996,59.400000000000006,27.999999999999993,,1.0
divvy,2,test,2024-06-09,0.2,StructuralRobust,199.0,1.0971717949235347,67.19999999999995,86.69999999999995,33.19999999999999,0.0,1.0
divvy,2,test,2024-06-09,0.2,ExpectedActionValue,199.0,52.53950495693519,36.400000000000006,46.199999999999996,16.79999999999999,,1.0
divvy,2,test,2024-06-09,0.2,PointwiseWorstAction,199.0,52.67206745883411,33.20000000000001,41.6,14.399999999999991,,1.0
divvy,2,test,2024-06-09,0.2,ScenarioCVaR,199.0,52.67206745883411,33.20000000000001,41.6,14.399999999999991,,1.0
divvy,2,test,2024-06-09,0.2,RiskFirst,199.0,8.737759340785336,67.99999999999996,88.29999999999997,34.79999999999998,,1.0
divvy,2,test,2024-06-09,0.2,TemporalContext2024,199.0,10.382046844079486,62.39999999999997,81.89999999999998,33.19999999999998,,1.0
divvy,2,test,2024-06-09,0.2,NetworkPropagation2024,199.0,8.852236182882153,63.19999999999998,83.49999999999999,34.800000000000004,,1.0
divvy,2,test,2024-06-09,0.2,CalibratedUncertainty2025,199.0,9.875840870855031,71.59999999999992,91.99999999999993,34.40000000000002,,1.0
divvy,2,test,2024-06-09,0.2,MappedPTO2026,199.0,10.532402980344054,67.19999999999995,86.69999999999995,33.19999999999999,,1.0
divvy,2,test,2024-06-09,0.2,GroupAware2025,199.0,8.825192804855499,67.19999999999996,86.89999999999996,33.999999999999986,,1.0
divvy,2,test,2024-06-09,0.2,RobustImprovement2025,199.0,12.175520224258932,52.79999999999998,70.09999999999998,29.999999999999986,,1.0
divvy,2,test,2024-06-10,0.01,StructuralRobust,9.0,0.15112171109303135,12.8,19.6,12.8,0.0,1.0
divvy,2,test,2024-06-10,0.01,ExpectedActionValue,9.0,9.111238418653823,0.0,0.0,0.0,,1.0
divvy,2,test,2024-06-10,0.01,PointwiseWorstAction,9.0,9.960082827758116,0.8,1.4,0.8,,1.0
divvy,2,test,2024-06-10,0.01,ScenarioCVaR,9.0,9.960082827758116,0.8,1.4,0.8,,1.0
divvy,2,test,2024-06-10,0.01,RiskFirst,9.0,0.9267784205838459,14.4,22.2,15.200000000000001,,1.0
divvy,2,test,2024-06-10,0.01,TemporalContext2024,9.0,0.926778420583846,14.4,22.2,15.200000000000001,,1.0
divvy,2,test,2024-06-10,0.01,NetworkPropagation2024,9.0,0.6423730334725135,13.600000000000001,21.200000000000003,14.399999999999999,,1.0
divvy,2,test,2024-06-10,0.01,CalibratedUncertainty2025,9.0,0.6423730334725134,11.2,17.6,12.8,,1.0
divvy,2,test,2024-06-10,0.01,MappedPTO2026,9.0,0.861243216804313,15.200000000000001,23.8,16.799999999999997,,1.0
divvy,2,test,2024-06-10,0.01,GroupAware2025,9.0,0.9267784205838459,14.4,22.2,15.200000000000001,,1.0
divvy,2,test,2024-06-10,0.01,RobustImprovement2025,9.0,1.1712656282271146,12.8,19.6,12.8,,1.0
divvy,2,test,2024-06-10,0.03,StructuralRobust,28.0,25.982251231717473,25.200000000000006,36.8,22.399999999999988,0.0,1.0
divvy,2,test,2024-06-10,0.03,ExpectedActionValue,28.0,21.86817939951841,4.0,5.6000000000000005,3.2,,1.0
divvy,2,test,2024-06-10,0.03,PointwiseWorstAction,28.0,22.2673110406353,2.4000000000000004,3.0,0.7999999999999998,,1.0
divvy,2,test,2024-06-10,0.03,ScenarioCVaR,28.0,22.2673110406353,2.4000000000000004,3.0,0.7999999999999998,,1.0
divvy,2,test,2024-06-10,0.03,RiskFirst,28.0,2.6258091461517186,23.200000000000006,36.2,24.799999999999994,,1.0
divvy,2,test,2024-06-10,0.03,TemporalContext2024,28.0,2.5806170790509504,23.200000000000006,36.199999999999996,24.799999999999986,,1.0
divvy,2,test,2024-06-10,0.03,NetworkPropagation2024,28.0,2.760217509527223,23.200000000000006,35.2,22.399999999999995,,1.0
divvy,2,test,2024-06-10,0.03,CalibratedUncertainty2025,28.0,1.8214176477077837,20.400000000000002,28.400000000000002,15.99999999999999,,1.0
divvy,2,test,2024-06-10,0.03,MappedPTO2026,28.0,1.9303585619736778,24.800000000000008,36.8,22.399999999999988,,1.0
divvy,2,test,2024-06-10,0.03,GroupAware2025,28.0,2.1705930526904202,22.400000000000006,35.2,23.999999999999993,,1.0
divvy,2,test,2024-06-10,0.03,RobustImprovement2025,28.0,2.43065124845247,25.60000000000001,38.8,25.59999999999998,,1.0
divvy,2,test,2024-06-10,0.05,StructuralRobust,47.0,36.570051623706874,37.2,52.19999999999999,27.999999999999986,0.0,1.0
divvy,2,test,2024-06-10,0.05,ExpectedActionValue,47.0,30.853198688071664,5.6,7.800000000000001,4.000000000000002,,1.0
divvy,2,test,2024-06-10,0.05,PointwiseWorstAction,47.0,31.034531288964203,8.0,11.4,5.600000000000001,,1.0
divvy,2,test,2024-06-10,0.05,ScenarioCVaR,47.0,31.034531288964203,8.0,11.4,5.600000000000001,,1.0
divvy,2,test,2024-06-10,0.05,RiskFirst,47.0,4.169655789600071,32.80000000000001,47.19999999999999,27.199999999999974,,1.0
divvy,2,test,2024-06-10,0.05,TemporalContext2024,47.0,4.206095138935,32.000000000000014,46.39999999999999,27.199999999999967,,1.0
divvy,2,test,2024-06-10,0.05,NetworkPropagation2024,47.0,4.238369791627437,32.80000000000001,48.8,30.399999999999977,,1.0
divvy,2,test,2024-06-10,0.05,CalibratedUncertainty2025,47.0,2.690315228163491,34.00000000000001,49.6,28.799999999999976,,1.0
divvy,2,test,2024-06-10,0.05,MappedPTO2026,47.0,4.162362756932511,32.80000000000001,47.99999999999999,28.799999999999976,,1.0
divvy,2,test,2024-06-10,0.05,GroupAware2025,47.0,4.169655789600071,32.80000000000001,47.19999999999999,27.199999999999974,,1.0
divvy,2,test,2024-06-10,0.05,RobustImprovement2025,47.0,2.967615579085275,34.800000000000004,48.59999999999998,26.39999999999997,,1.0
divvy,2,test,2024-06-10,0.1,StructuralRobust,94.0,53.595920110589134,57.19999999999999,78.39999999999998,38.39999999999999,0.0,1.0
divvy,2,test,2024-06-10,0.1,ExpectedActionValue,94.0,42.51878658671985,15.2,20.200000000000003,8.800000000000004,,1.0
divvy,2,test,2024-06-10,0.1,PointwiseWorstAction,94.0,42.640534864540065,16.8,21.800000000000004,8.800000000000008,,1.0
divvy,2,test,2024-06-10,0.1,ScenarioCVaR,94.0,42.640534864540065,16.8,21.800000000000004,8.800000000000008,,1.0
divvy,2,test,2024-06-10,0.1,RiskFirst,94.0,6.996191060863191,50.79999999999998,69.99999999999996,35.199999999999974,,1.0
divvy,2,test,2024-06-10,0.1,TemporalContext2024,94.0,7.3988514700940025,49.19999999999999,67.19999999999997,33.59999999999998,,1.0
divvy,2,test,2024-06-10,0.1,NetworkPropagation2024,94.0,6.776376436533397,49.19999999999999,67.79999999999995,34.39999999999998,,1.0
divvy,2,test,2024-06-10,0.1,CalibratedUncertainty2025,94.0,6.28969138558048,53.99999999999997,74.19999999999996,37.59999999999998,,1.0
divvy,2,test,2024-06-10,0.1,MappedPTO2026,94.0,6.598370924034669,51.59999999999998,70.79999999999995,35.199999999999974,,1.0
divvy,2,test,2024-06-10,0.1,GroupAware2025,94.0,6.728015470742036,49.999999999999986,68.59999999999997,34.39999999999998,,1.0
divvy,2,test,2024-06-10,0.1,RobustImprovement2025,94.0,6.73268752900264,54.799999999999976,74.79999999999995,36.799999999999976,,1.0
divvy,2,test,2024-06-10,0.2,StructuralRobust,188.0,1.573297599241638,77.99999999999993,106.1999999999999,51.999999999999986,0.0,1.0
divvy,2,test,2024-06-10,0.2,ExpectedActionValue,188.0,50.69196312165461,30.80000000000001,40.10000000000001,17.19999999999999,,1.0
divvy,2,test,2024-06-10,0.2,PointwiseWorstAction,188.0,50.66323138447443,31.600000000000012,40.900000000000006,17.199999999999985,,1.0
divvy,2,test,2024-06-10,0.2,ScenarioCVaR,188.0,50.66323138447443,31.600000000000012,40.900000000000006,17.199999999999985,,1.0
divvy,2,test,2024-06-10,0.2,RiskFirst,188.0,10.562444867079062,75.59999999999994,101.99999999999991,47.999999999999986,,1.0
divvy,2,test,2024-06-10,0.2,TemporalContext2024,188.0,12.356092463193551,76.39999999999993,104.59999999999992,51.999999999999986,,1.0
divvy,2,test,2024-06-10,0.2,NetworkPropagation2024,188.0,10.785967402374487,72.39999999999993,98.79999999999991,47.999999999999986,,1.0
divvy,2,test,2024-06-10,0.2,CalibratedUncertainty2025,188.0,11.430727738095777,75.59999999999991,102.99999999999989,50.39999999999999,,1.0
divvy,2,test,2024-06-10,0.2,MappedPTO2026,188.0,11.185924124324593,77.99999999999993,106.1999999999999,51.999999999999986,,1.0
divvy,2,test,2024-06-10,0.2,GroupAware2025,188.0,10.945803866237585,74.79999999999993,101.9999999999999,49.599999999999994,,1.0
divvy,2,test,2024-06-10,0.2,RobustImprovement2025,188.0,10.480615718470478,69.19999999999995,94.99999999999993,47.19999999999999,,1.0
divvy,2,test,2024-06-11,0.01,StructuralRobust,10.0,0.232568373575491,11.200000000000001,17.300000000000004,12.400000000000007,0.0,1.0
divvy,2,test,2024-06-11,0.01,ExpectedActionValue,10.0,10.782474049437608,2.4000000000000004,2.4000000000000004,0.0,,1.0
divvy,2,test,2024-06-11,0.01,PointwiseWorstAction,10.0,11.047847270406383,2.4000000000000004,2.4000000000000004,0.0,,1.0
divvy,2,test,2024-06-11,0.01,ScenarioCVaR,10.0,11.047847270406383,2.4000000000000004,2.4000000000000004,0.0,,1.0
divvy,2,test,2024-06-11,0.01,RiskFirst,10.0,0.5142883413196958,12.8,20.300000000000004,14.8,,1.0
divvy,2,test,2024-06-11,0.01,TemporalContext2024,10.0,0.5142883413196958,12.8,20.300000000000004,14.8,,1.0
divvy,2,test,2024-06-11,0.01,NetworkPropagation2024,10.0,0.5142883413196958,12.8,20.300000000000004,14.8,,1.0
divvy,2,test,2024-06-11,0.01,CalibratedUncertainty2025,10.0,1.5106978246656215,12.800000000000002,20.300000000000004,14.799999999999999,,1.0
divvy,2,test,2024-06-11,0.01,MappedPTO2026,10.0,0.5142883413196958,12.800000000000002,20.300000000000004,14.799999999999999,,1.0
divvy,2,test,2024-06-11,0.01,GroupAware2025,10.0,0.5142883413196958,12.8,20.300000000000004,14.8,,1.0
divvy,2,test,2024-06-11,0.01,RobustImprovement2025,10.0,1.6736867512620757,12.000000000000002,19.500000000000007,14.800000000000002,,1.0
divvy,2,test,2024-06-11,0.03,StructuralRobust,31.0,30.031249326513226,28.40000000000001,39.900000000000006,21.199999999999992,0.0,1.0
divvy,2,test,2024-06-11,0.03,ExpectedActionValue,31.0,24.50773720208325,4.0,4.0,0.0,,1.0
divvy,2,test,2024-06-11,0.03,PointwiseWorstAction,31.0,24.891674400809574,5.2,5.2,0.0,,1.0
divvy,2,test,2024-06-11,0.03,ScenarioCVaR,31.0,24.891674400809574,5.2,5.2,0.0,,1.0
divvy,2,test,2024-06-11,0.03,RiskFirst,31.0,2.1694630988185213,24.80000000000001,37.10000000000001,22.79999999999999,,1.0
divvy,2,test,2024-06-11,0.03,TemporalContext2024,31.0,2.1694630988185213,24.80000000000001,37.10000000000001,22.79999999999999,,1.0
divvy,2,test,2024-06-11,0.03,NetworkPropagation2024,31.0,2.450658425964441,24.800000000000008,36.5,21.99999999999999,,1.0
divvy,2,test,2024-06-11,0.03,CalibratedUncertainty2025,31.0,2.44072199732057,28.00000000000001,40.900000000000006,23.599999999999998,,1.0
divvy,2,test,2024-06-11,0.03,MappedPTO2026,31.0,2.1694630988185213,25.600000000000012,38.7,24.399999999999988,,1.0
divvy,2,test,2024-06-11,0.03,GroupAware2025,31.0,2.1694630988185213,24.80000000000001,37.10000000000001,22.79999999999999,,1.0
divvy,2,test,2024-06-11,0.03,RobustImprovement2025,31.0,2.270000518798676,24.00000000000001,36.10000000000001,22.000000000000004,,1.0
divvy,2,test,2024-06-11,0.05,StructuralRobust,52.0,41.32956689309876,41.6,56.900000000000006,26.800000000000004,0.0,1.0
divvy,2,test,2024-06-11,0.05,ExpectedActionValue,52.0,34.8626029678635,10.0,11.600000000000001,3.1999999999999993,,1.0
divvy,2,test,2024-06-11,0.05,PointwiseWorstAction,52.0,35.30510659573645,10.0,11.600000000000001,3.200000000000001,,1.0
divvy,2,test,2024-06-11,0.05,ScenarioCVaR,52.0,35.30510659573645,10.0,11.600000000000001,3.200000000000001,,1.0
divvy,2,test,2024-06-11,0.05,RiskFirst,52.0,3.5308717654108817,41.99999999999999,60.5,33.200000000000024,,1.0
divvy,2,test,2024-06-11,0.05,TemporalContext2024,52.0,3.530871765410882,41.99999999999999,60.5,33.20000000000001,,1.0
divvy,2,test,2024-06-11,0.05,NetworkPropagation2024,52.0,3.5091983730310767,37.2,54.3,30.799999999999997,,1.0
divvy,2,test,2024-06-11,0.05,CalibratedUncertainty2025,52.0,4.666448503800423,37.99999999999999,54.499999999999986,29.999999999999993,,1.0
divvy,2,test,2024-06-11,0.05,MappedPTO2026,52.0,3.530871765410882,42.0,60.50000000000001,33.20000000000002,,1.0
divvy,2,test,2024-06-11,0.05,GroupAware2025,52.0,3.5308717654108817,42.0,60.50000000000001,33.20000000000002,,1.0
divvy,2,test,2024-06-11,0.05,RobustImprovement2025,52.0,3.947154422265557,41.199999999999996,58.099999999999994,30.000000000000007,,1.0
divvy,2,test,2024-06-11,0.1,StructuralRobust,104.0,58.586905419445046,63.19999999999997,87.29999999999997,42.80000000000002,0.0,1.0
divvy,2,test,2024-06-11,0.1,ExpectedActionValue,104.0,53.16233993056358,25.600000000000005,32.400000000000006,12.8,,1.0
divvy,2,test,2024-06-11,0.1,PointwiseWorstAction,104.0,53.59307620858895,25.600000000000005,32.400000000000006,12.8,,1.0
divvy,2,test,2024-06-11,0.1,ScenarioCVaR,104.0,53.59307620858895,25.600000000000005,32.400000000000006,12.8,,1.0
divvy,2,test,2024-06-11,0.1,RiskFirst,104.0,7.430842846129875,63.19999999999995,87.29999999999997,42.80000000000003,,1.0
divvy,2,test,2024-06-11,0.1,TemporalContext2024,104.0,7.651102630969347,62.399999999999956,86.49999999999996,42.80000000000002,,1.0
divvy,2,test,2024-06-11,0.1,NetworkPropagation2024,104.0,8.116109129333466,61.599999999999966,85.69999999999997,42.80000000000001,,1.0
divvy,2,test,2024-06-11,0.1,CalibratedUncertainty2025,104.0,6.155334263546329,58.39999999999995,80.69999999999995,38.8,,1.0
divvy,2,test,2024-06-11,0.1,MappedPTO2026,104.0,7.642656705680902,63.999999999999964,89.29999999999997,44.40000000000003,,1.0
divvy,2,test,2024-06-11,0.1,GroupAware2025,104.0,6.922506952994735,63.999999999999964,89.49999999999997,45.200000000000024,,1.0
divvy,2,test,2024-06-11,0.1,RobustImprovement2025,104.0,7.084460128073077,63.99999999999996,88.89999999999996,44.400000000000034,,1.0
divvy,2,test,2024-06-11,0.2,StructuralRobust,207.0,1.747678901083405,93.59999999999988,129.89999999999992,64.40000000000009,0.0,1.0
divvy,2,test,2024-06-11,0.2,ExpectedActionValue,207.0,67.16024578385672,45.999999999999986,59.89999999999999,26.0,,1.0
divvy,2,test,2024-06-11,0.2,PointwiseWorstAction,207.0,67.13152633810326,47.59999999999997,62.39999999999998,27.199999999999996,,1.0
divvy,2,test,2024-06-11,0.2,ScenarioCVaR,207.0,67.13152633810326,47.59999999999997,62.39999999999998,27.199999999999996,,1.0
divvy,2,test,2024-06-11,0.2,RiskFirst,207.0,17.034572842864964,90.79999999999987,123.09999999999991,56.40000000000015,,1.0
divvy,2,test,2024-06-11,0.2,TemporalContext2024,207.0,16.33791264622647,85.99999999999989,118.29999999999993,56.40000000000009,,1.0
divvy,2,test,2024-06-11,0.2,NetworkPropagation2024,207.0,16.03708561693056,87.19999999999989,120.89999999999992,58.80000000000011,,1.0
divvy,2,test,2024-06-11,0.2,CalibratedUncertainty2025,207.0,14.390462341023426,96.39999999999984,132.89999999999992,63.60000000000022,,1.0
divvy,2,test,2024-06-11,0.2,MappedPTO2026,207.0,16.04775037127678,93.59999999999988,129.89999999999992,64.40000000000009,,1.0
divvy,2,test,2024-06-11,0.2,GroupAware2025,207.0,15.719159158777675,88.79999999999988,121.6999999999999,57.20000000000009,,1.0
divvy,2,test,2024-06-11,0.2,RobustImprovement2025,207.0,15.639073340302575,78.39999999999992,108.29999999999994,51.60000000000008,,1.0
divvy,2,test,2024-06-12,0.01,StructuralRobust,11.0,0.2949530122827567,18.400000000000002,30.999999999999993,24.799999999999994,0.0,1.0
divvy,2,test,2024-06-12,0.01,ExpectedActionValue,11.0,11.208525954630273,0.8,0.8,0.0,,1.0
divvy,2,test,2024-06-12,0.01,PointwiseWorstAction,11.0,11.60352434395912,0.0,0.0,0.0,,1.0
divvy,2,test,2024-06-12,0.01,ScenarioCVaR,11.0,11.60352434395912,0.0,0.0,0.0,,1.0
divvy,2,test,2024-06-12,0.01,RiskFirst,11.0,0.8618538384417999,13.600000000000003,23.800000000000004,21.6,,1.0
divvy,2,test,2024-06-12,0.01,TemporalContext2024,11.0,0.8618538384417999,13.600000000000003,23.800000000000004,21.6,,1.0
divvy,2,test,2024-06-12,0.01,NetworkPropagation2024,11.0,0.8618538384417999,13.600000000000003,23.800000000000004,21.6,,1.0
divvy,2,test,2024-06-12,0.01,CalibratedUncertainty2025,11.0,1.423218429454545,12.800000000000002,21.800000000000004,18.39999999999999,,1.0
divvy,2,test,2024-06-12,0.01,MappedPTO2026,11.0,0.8618538384417999,13.600000000000003,23.800000000000004,21.6,,1.0
divvy,2,test,2024-06-12,0.01,GroupAware2025,11.0,0.8618538384417999,13.600000000000003,23.800000000000004,21.6,,1.0
divvy,2,test,2024-06-12,0.01,RobustImprovement2025,11.0,1.063209706508356,15.200000000000003,24.800000000000004,19.199999999999996,,1.0
divvy,2,test,2024-06-12,0.03,StructuralRobust,32.0,34.41506247572639,34.800000000000004,52.00000000000001,33.6,0.0,1.0
divvy,2,test,2024-06-12,0.03,ExpectedActionValue,32.0,24.281392412514883,3.2,4.800000000000001,3.2,,1.0
divvy,2,test,2024-06-12,0.03,PointwiseWorstAction,32.0,24.667475990310784,4.8,7.6,4.8,,1.0
divvy,2,test,2024-06-12,0.03,ScenarioCVaR,32.0,24.667475990310784,4.8,7.6,4.8,,1.0
divvy,2,test,2024-06-12,0.03,RiskFirst,32.0,1.8909921841775377,33.20000000000001,51.8,35.99999999999998,,1.0
divvy,2,test,2024-06-12,0.03,TemporalContext2024,32.0,1.8909921841775377,31.600000000000012,49.199999999999996,33.59999999999998,,1.0
divvy,2,test,2024-06-12,0.03,NetworkPropagation2024,32.0,1.8909921841775377,33.20000000000001,51.8,35.99999999999998,,1.0
divvy,2,test,2024-06-12,0.03,CalibratedUncertainty2025,32.0,1.9313102887458247,30.40000000000001,45.99999999999999,30.399999999999967,,1.0
divvy,2,test,2024-06-12,0.03,MappedPTO2026,32.0,1.890992184177538,33.20000000000001,51.8,35.99999999999998,,1.0
divvy,2,test,2024-06-12,0.03,GroupAware2025,32.0,1.8909921841775377,33.20000000000001,51.8,35.999999999999964,,1.0
divvy,2,test,2024-06-12,0.03,RobustImprovement2025,32.0,1.903071384222748,33.20000000000001,50.79999999999998,33.59999999999996,,1.0
divvy,2,test,2024-06-12,0.05,StructuralRobust,53.0,46.91615835917277,50.39999999999999,73.99999999999999,44.80000000000001,0.0,1.0
divvy,2,test,2024-06-12,0.05,ExpectedActionValue,53.0,34.2175754684224,5.6000000000000005,9.0,5.6000000000000005,,1.0
divvy,2,test,2024-06-12,0.05,PointwiseWorstAction,53.0,34.16946581937216,5.6,9.0,5.6,,1.0
divvy,2,test,2024-06-12,0.05,ScenarioCVaR,53.0,34.16946581937216,5.6,9.0,5.6,,1.0
divvy,2,test,2024-06-12,0.05,RiskFirst,53.0,2.7217536742672874,47.19999999999999,69.59999999999998,43.19999999999999,,1.0
divvy,2,test,2024-06-12,0.05,TemporalContext2024,53.0,2.7217536742672874,48.79999999999998,71.79999999999997,43.999999999999986,,1.0
divvy,2,test,2024-06-12,0.05,NetworkPropagation2024,53.0,3.1280583851421992,45.599999999999994,67.79999999999998,42.39999999999999,,1.0
divvy,2,test,2024-06-12,0.05,CalibratedUncertainty2025,53.0,3.6708275520162177,43.99999999999999,66.19999999999999,42.39999999999997,,1.0
divvy,2,test,2024-06-12,0.05,MappedPTO2026,53.0,2.681833837809598,47.199999999999974,70.39999999999998,44.800000000000026,,1.0
divvy,2,test,2024-06-12,0.05,GroupAware2025,53.0,2.7217536742672874,47.999999999999986,70.39999999999999,43.19999999999999,,1.0
divvy,2,test,2024-06-12,0.05,RobustImprovement2025,53.0,2.6864927566689736,47.99999999999997,70.99999999999997,44.0,,1.0
divvy,2,test,2024-06-12,0.1,StructuralRobust,106.0,66.00278921258231,66.79999999999998,94.39999999999996,52.79999999999998,0.0,1.0
divvy,2,test,2024-06-12,0.1,ExpectedActionValue,106.0,48.274403258547345,10.400000000000002,14.400000000000002,6.399999999999999,,1.0
divvy,2,test,2024-06-12,0.1,PointwiseWorstAction,106.0,48.6044433982843,12.0,17.200000000000003,8.0,,1.0
divvy,2,test,2024-06-12,0.1,ScenarioCVaR,106.0,48.6044433982843,12.0,17.200000000000003,8.0,,1.0
divvy,2,test,2024-06-12,0.1,RiskFirst,106.0,8.974853108608606,66.39999999999993,95.39999999999992,55.2,,1.0
divvy,2,test,2024-06-12,0.1,TemporalContext2024,106.0,8.821470563162332,65.59999999999994,94.59999999999992,55.2,,1.0
divvy,2,test,2024-06-12,0.1,NetworkPropagation2024,106.0,9.737326937897414,64.79999999999994,93.19999999999993,54.40000000000002,,1.0
divvy,2,test,2024-06-12,0.1,CalibratedUncertainty2025,106.0,8.87624661691988,65.59999999999994,93.39999999999992,51.999999999999986,,1.0
divvy,2,test,2024-06-12,0.1,MappedPTO2026,106.0,8.720475078002147,65.59999999999992,94.59999999999991,55.200000000000045,,1.0
divvy,2,test,2024-06-12,0.1,GroupAware2025,106.0,7.740550109156193,64.79999999999994,93.19999999999993,54.400000000000006,,1.0
divvy,2,test,2024-06-12,0.1,RobustImprovement2025,106.0,8.695050489848702,63.99999999999993,92.39999999999992,54.40000000000002,,1.0
divvy,2,test,2024-06-12,0.2,StructuralRobust,213.0,2.006528825746184,93.59999999999984,126.7999999999999,62.40000000000019,0.0,1.0
divvy,2,test,2024-06-12,0.2,ExpectedActionValue,213.0,59.21100870842433,32.000000000000014,40.9,13.199999999999974,,1.0
divvy,2,test,2024-06-12,0.2,PointwiseWorstAction,213.0,59.30080867608387,29.600000000000012,38.49999999999999,13.199999999999978,,1.0
divvy,2,test,2024-06-12,0.2,ScenarioCVaR,213.0,59.30080867608387,29.600000000000012,38.49999999999999,13.199999999999978,,1.0
divvy,2,test,2024-06-12,0.2,RiskFirst,213.0,17.190736100041093,94.39999999999985,128.39999999999986,64.00000000000018,,1.0
divvy,2,test,2024-06-12,0.2,TemporalContext2024,213.0,15.75025950608429,96.39999999999985,132.1999999999999,66.40000000000013,,1.0
divvy,2,test,2024-06-12,0.2,NetworkPropagation2024,213.0,16.32082516033656,88.79999999999987,121.3999999999999,61.600000000000165,,1.0
divvy,2,test,2024-06-12,0.2,CalibratedUncertainty2025,213.0,18.007450084037654,107.59999999999981,144.79999999999993,68.80000000000025,,1.0
divvy,2,test,2024-06-12,0.2,MappedPTO2026,213.0,17.301061031930896,93.59999999999984,126.7999999999999,62.40000000000019,,1.0
divvy,2,test,2024-06-12,0.2,GroupAware2025,213.0,18.467806946247524,87.99999999999989,122.5999999999999,64.80000000000007,,1.0
divvy,2,test,2024-06-12,0.2,RobustImprovement2025,213.0,16.63609789102221,81.99999999999989,114.1999999999999,60.000000000000085,,1.0
divvy,2,test,2024-06-13,0.01,StructuralRobust,10.0,0.18657600929704354,10.4,17.6,14.400000000000004,0.0,1.0
divvy,2,test,2024-06-13,0.01,ExpectedActionValue,10.0,9.81892627312725,0.0,0.0,0.0,,1.0
divvy,2,test,2024-06-13,0.01,PointwiseWorstAction,10.0,10.094308539432811,0.0,0.0,0.0,,1.0
divvy,2,test,2024-06-13,0.01,ScenarioCVaR,10.0,10.094308539432811,0.0,0.0,0.0,,1.0
divvy,2,test,2024-06-13,0.01,RiskFirst,10.0,0.6001052885762374,11.200000000000001,19.2,16.0,,1.0
divvy,2,test,2024-06-13,0.01,TemporalContext2024,10.0,0.6001052885762374,11.200000000000001,19.2,16.0,,1.0
divvy,2,test,2024-06-13,0.01,NetworkPropagation2024,10.0,0.6001052885762374,11.200000000000001,19.2,16.0,,1.0
divvy,2,test,2024-06-13,0.01,CalibratedUncertainty2025,10.0,0.33775723439819,10.400000000000002,18.400000000000006,16.0,,1.0
divvy,2,test,2024-06-13,0.01,MappedPTO2026,10.0,0.6049910435846501,9.6,15.999999999999998,12.799999999999999,,1.0
divvy,2,test,2024-06-13,0.01,GroupAware2025,10.0,0.6001052885762374,11.200000000000001,19.2,16.0,,1.0
divvy,2,test,2024-06-13,0.01,RobustImprovement2025,10.0,0.6001052885762374,10.4,17.6,14.400000000000004,,1.0
divvy,2,test,2024-06-13,0.03,StructuralRobust,31.0,27.198826397989745,25.60000000000001,36.5,20.39999999999999,0.0,1.0
divvy,2,test,2024-06-13,0.03,ExpectedActionValue,31.0,22.44563076880921,2.4000000000000004,3.4000000000000004,2.3999999999999995,,1.0
divvy,2,test,2024-06-13,0.03,PointwiseWorstAction,31.0,22.47099675021141,2.4000000000000004,3.4000000000000004,2.3999999999999995,,1.0
divvy,2,test,2024-06-13,0.03,ScenarioCVaR,31.0,22.47099675021141,2.4000000000000004,3.4000000000000004,2.3999999999999995,,1.0
divvy,2,test,2024-06-13,0.03,RiskFirst,31.0,0.8464022994672457,21.60000000000001,33.50000000000001,22.799999999999997,,1.0
divvy,2,test,2024-06-13,0.03,TemporalContext2024,31.0,0.8947778618412734,21.60000000000001,33.50000000000001,22.79999999999999,,1.0
divvy,2,test,2024-06-13,0.03,NetworkPropagation2024,31.0,0.8982544877313665,21.600000000000005,33.50000000000001,22.8,,1.0
divvy,2,test,2024-06-13,0.03,CalibratedUncertainty2025,31.0,0.9790707850896305,23.20000000000001,35.10000000000001,22.79999999999999,,1.0
divvy,2,test,2024-06-13,0.03,MappedPTO2026,31.0,0.9636930703064768,20.800000000000008,32.50000000000001,21.999999999999996,,1.0
divvy,2,test,2024-06-13,0.03,GroupAware2025,31.0,0.8632870948715087,23.20000000000001,35.1,22.79999999999999,,1.0
divvy,2,test,2024-06-13,0.03,RobustImprovement2025,31.0,0.7914301939902973,24.80000000000001,36.7,22.79999999999999,,1.0
divvy,2,test,2024-06-13,0.05,StructuralRobust,51.0,37.00721822855103,36.400000000000006,50.099999999999994,25.19999999999998,0.0,1.0
divvy,2,test,2024-06-13,0.05,ExpectedActionValue,51.0,30.832714835319237,4.0,5.0,2.4000000000000004,,1.0
divvy,2,test,2024-06-13,0.05,PointwiseWorstAction,51.0,31.179238596736578,2.4000000000000004,3.4000000000000004,2.3999999999999995,,1.0
divvy,2,test,2024-06-13,0.05,ScenarioCVaR,51.0,31.179238596736578,2.4000000000000004,3.4000000000000004,2.3999999999999995,,1.0
divvy,2,test,2024-06-13,0.05,RiskFirst,51.0,1.397920655111328,30.800000000000015,44.5,25.19999999999997,,1.0
divvy,2,test,2024-06-13,0.05,TemporalContext2024,51.0,1.412095437359188,30.800000000000015,45.099999999999994,25.999999999999968,,1.0
divvy,2,test,2024-06-13,0.05,NetworkPropagation2024,51.0,1.3316181070639526,31.200000000000014,45.5,25.999999999999982,,1.0
divvy,2,test,2024-06-13,0.05,CalibratedUncertainty2025,51.0,1.2046727123463852,29.600000000000016,43.300000000000004,25.199999999999974,,1.0
divvy,2,test,2024-06-13,0.05,MappedPTO2026,51.0,1.397920655111328,30.800000000000015,44.5,25.19999999999997,,1.0
divvy,2,test,2024-06-13,0.05,GroupAware2025,51.0,1.3648392350524512,32.40000000000001,46.099999999999994,25.199999999999974,,1.0
divvy,2,test,2024-06-13,0.05,RobustImprovement2025,51.0,1.520040587750154,32.80000000000002,47.099999999999994,25.99999999999997,,1.0
divvy,2,test,2024-06-13,0.1,StructuralRobust,102.0,52.44106639742833,45.199999999999996,60.09999999999998,26.79999999999996,0.0,1.0
divvy,2,test,2024-06-13,0.1,ExpectedActionValue,102.0,43.05196239238437,11.999999999999998,12.999999999999998,2.4000000000000004,,1.0
divvy,2,test,2024-06-13,0.1,PointwiseWorstAction,102.0,43.231628357478854,10.399999999999999,11.399999999999999,2.4000000000000004,,1.0
divvy,2,test,2024-06-13,0.1,ScenarioCVaR,102.0,43.231628357478854,10.399999999999999,11.399999999999999,2.4000000000000004,,1.0
divvy,2,test,2024-06-13,0.1,RiskFirst,102.0,3.1545012340696994,44.8,59.699999999999974,26.799999999999983,,1.0
divvy,2,test,2024-06-13,0.1,TemporalContext2024,102.0,3.077541440167681,46.79999999999998,62.69999999999996,29.199999999999974,,1.0
divvy,2,test,2024-06-13,0.1,NetworkPropagation2024,102.0,2.9929881886961187,44.79999999999998,59.699999999999974,26.799999999999997,,1.0
divvy,2,test,2024-06-13,0.1,CalibratedUncertainty2025,102.0,2.900209404582657,47.59999999999998,62.499999999999964,26.79999999999997,,1.0
divvy,2,test,2024-06-13,0.1,MappedPTO2026,102.0,2.9011561908711023,45.59999999999999,60.49999999999997,26.79999999999999,,1.0
divvy,2,test,2024-06-13,0.1,GroupAware2025,102.0,3.1858588307489684,45.59999999999999,60.49999999999997,26.79999999999999,,1.0
divvy,2,test,2024-06-13,0.1,RobustImprovement2025,102.0,3.272240211566022,45.599999999999994,60.49999999999997,26.799999999999983,,1.0
divvy,2,test,2024-06-13,0.2,StructuralRobust,205.0,1.480483172405267,71.19999999999996,93.79999999999993,41.59999999999998,0.0,1.0
divvy,2,test,2024-06-13,0.2,ExpectedActionValue,205.0,52.476878001100715,22.000000000000004,25.90000000000001,7.600000000000005,,1.0
divvy,2,test,2024-06-13,0.2,PointwiseWorstAction,205.0,52.53233021897593,23.600000000000005,28.500000000000007,10.000000000000004,,1.0
divvy,2,test,2024-06-13,0.2,ScenarioCVaR,205.0,52.53233021897593,23.600000000000005,28.500000000000007,10.000000000000004,,1.0
divvy,2,test,2024-06-13,0.2,RiskFirst,205.0,10.155471299497988,72.79999999999995,95.79999999999994,43.19999999999999,,1.0
divvy,2,test,2024-06-13,0.2,TemporalContext2024,205.0,9.320123679383169,71.99999999999993,93.99999999999991,40.8,,1.0
divvy,2,test,2024-06-13,0.2,NetworkPropagation2024,205.0,8.200456379326415,67.99999999999994,89.39999999999993,40.000000000000014,,1.0
divvy,2,test,2024-06-13,0.2,CalibratedUncertainty2025,205.0,7.745926672953341,84.39999999999986,110.39999999999986,47.20000000000002,,1.0
divvy,2,test,2024-06-13,0.2,MappedPTO2026,205.0,9.097827422971573,71.19999999999996,93.79999999999993,41.59999999999998,,1.0
divvy,2,test,2024-06-13,0.2,GroupAware2025,205.0,9.755641401587917,63.19999999999996,82.49999999999994,34.8,,1.0
divvy,2,test,2024-06-13,0.2,RobustImprovement2025,205.0,8.282049422045716,55.99999999999998,73.89999999999995,32.399999999999984,,1.0
divvy,2,test,2024-06-14,0.01,StructuralRobust,11.0,0.13074813985654565,9.600000000000001,14.2,8.799999999999997,0.0,1.0
divvy,2,test,2024-06-14,0.01,ExpectedActionValue,11.0,13.056446933761396,0.8,1.6,1.6000000000000003,,1.0
divvy,2,test,2024-06-14,0.01,PointwiseWorstAction,11.0,13.16191794557679,0.8,1.6,1.6000000000000003,,1.0
divvy,2,test,2024-06-14,0.01,ScenarioCVaR,11.0,13.16191794557679,0.8,1.6,1.6000000000000003,,1.0
divvy,2,test,2024-06-14,0.01,RiskFirst,11.0,1.083934780130373,5.6,8.8,6.400000000000002,,1.0
divvy,2,test,2024-06-14,0.01,TemporalContext2024,11.0,1.083934780130373,5.6,8.8,6.400000000000002,,1.0
divvy,2,test,2024-06-14,0.01,NetworkPropagation2024,11.0,1.10716967928201,6.3999999999999995,9.600000000000001,6.400000000000003,,1.0
divvy,2,test,2024-06-14,0.01,CalibratedUncertainty2025,11.0,1.2198621642370455,8.799999999999999,12.6,7.200000000000001,,1.0
divvy,2,test,2024-06-14,0.01,MappedPTO2026,11.0,1.1739673588878234,8.0,11.200000000000003,6.400000000000002,,1.0
divvy,2,test,2024-06-14,0.01,GroupAware2025,11.0,1.083934780130373,5.6,8.8,6.400000000000002,,1.0
divvy,2,test,2024-06-14,0.01,RobustImprovement2025,11.0,1.17981533928826,9.600000000000001,14.2,8.799999999999997,,1.0
divvy,2,test,2024-06-14,0.03,StructuralRobust,32.0,20.840197050938098,20.000000000000007,29.6,17.599999999999987,0.0,1.0
divvy,2,test,2024-06-14,0.03,ExpectedActionValue,32.0,25.724633410727535,2.4000000000000004,3.2,1.5999999999999996,,1.0
divvy,2,test,2024-06-14,0.03,PointwiseWorstAction,32.0,26.077644499101464,3.2,4.0,1.5999999999999996,,1.0
divvy,2,test,2024-06-14,0.03,ScenarioCVaR,32.0,26.077644499101464,3.2,4.0,1.5999999999999996,,1.0
divvy,2,test,2024-06-14,0.03,RiskFirst,32.0,3.461564339173427,16.800000000000004,24.20000000000001,13.600000000000009,,1.0
divvy,2,test,2024-06-14,0.03,TemporalContext2024,32.0,2.779775383400229,18.40000000000001,25.80000000000001,13.599999999999998,,1.0
divvy,2,test,2024-06-14,0.03,NetworkPropagation2024,32.0,2.7902302630705833,17.60000000000001,26.400000000000006,15.999999999999993,,1.0
divvy,2,test,2024-06-14,0.03,CalibratedUncertainty2025,32.0,2.7441978668081513,21.60000000000001,30.000000000000007,16.0,,1.0
divvy,2,test,2024-06-14,0.03,MappedPTO2026,32.0,2.976486042857119,17.600000000000005,25.60000000000001,14.400000000000002,,1.0
divvy,2,test,2024-06-14,0.03,GroupAware2025,32.0,3.1670507262241934,16.800000000000004,24.000000000000004,12.800000000000004,,1.0
divvy,2,test,2024-06-14,0.03,RobustImprovement2025,32.0,2.6968708647756445,16.800000000000004,24.200000000000003,13.599999999999998,,1.0
divvy,2,test,2024-06-14,0.05,StructuralRobust,53.0,29.227353210016354,30.400000000000013,41.2,19.199999999999974,0.0,1.0
divvy,2,test,2024-06-14,0.05,ExpectedActionValue,53.0,35.41044335685467,5.6,7.800000000000001,4.0,,1.0
divvy,2,test,2024-06-14,0.05,PointwiseWorstAction,53.0,35.90081353821963,4.8,6.2,2.3999999999999995,,1.0
divvy,2,test,2024-06-14,0.05,ScenarioCVaR,53.0,35.90081353821963,4.8,6.2,2.3999999999999995,,1.0
divvy,2,test,2024-06-14,0.05,RiskFirst,53.0,4.333090405872079,28.000000000000014,40.400000000000006,22.39999999999999,,1.0
divvy,2,test,2024-06-14,0.05,TemporalContext2024,53.0,4.003899847946944,28.000000000000018,39.20000000000001,20.79999999999998,,1.0
divvy,2,test,2024-06-14,0.05,NetworkPropagation2024,53.0,4.279262628234514,24.000000000000014,34.20000000000001,18.399999999999984,,1.0
divvy,2,test,2024-06-14,0.05,CalibratedUncertainty2025,53.0,4.390775178546401,28.80000000000001,39.80000000000001,19.999999999999993,,1.0
divvy,2,test,2024-06-14,0.05,MappedPTO2026,53.0,4.3330904058720785,27.200000000000014,39.0,21.599999999999984,,1.0
divvy,2,test,2024-06-14,0.05,GroupAware2025,53.0,4.431112122245919,26.400000000000013,38.2,21.599999999999987,,1.0
divvy,2,test,2024-06-14,0.05,RobustImprovement2025,53.0,4.357687520456373,26.400000000000013,38.0,20.799999999999976,,1.0
divvy,2,test,2024-06-14,0.1,StructuralRobust,106.0,39.77620671659647,50.79999999999996,68.49999999999997,30.80000000000002,0.0,1.0
divvy,2,test,2024-06-14,0.1,ExpectedActionValue,106.0,49.73700857452117,24.000000000000007,32.90000000000001,14.799999999999997,,1.0
divvy,2,test,2024-06-14,0.1,PointwiseWorstAction,106.0,50.19157338651912,22.40000000000001,30.10000000000001,13.199999999999992,,1.0
divvy,2,test,2024-06-14,0.1,ScenarioCVaR,106.0,50.19157338651912,22.40000000000001,30.10000000000001,13.199999999999992,,1.0
divvy,2,test,2024-06-14,0.1,RiskFirst,106.0,8.203169736482272,51.999999999999986,69.89999999999998,31.59999999999998,,1.0
divvy,2,test,2024-06-14,0.1,TemporalContext2024,106.0,8.363500905914915,45.59999999999999,62.599999999999994,29.599999999999987,,1.0
divvy,2,test,2024-06-14,0.1,NetworkPropagation2024,106.0,7.03894870676304,43.99999999999999,59.599999999999994,27.199999999999996,,1.0
divvy,2,test,2024-06-14,0.1,CalibratedUncertainty2025,106.0,7.835773439399953,45.59999999999998,63.499999999999986,31.60000000000001,,1.0
divvy,2,test,2024-06-14,0.1,MappedPTO2026,106.0,6.817337882171218,51.99999999999997,70.59999999999997,32.79999999999998,,1.0
divvy,2,test,2024-06-14,0.1,GroupAware2025,106.0,6.815637164304202,47.59999999999998,63.79999999999998,28.0,,1.0
divvy,2,test,2024-06-14,0.1,RobustImprovement2025,106.0,8.132975379473987,46.4,62.899999999999984,29.199999999999967,,1.0
divvy,2,test,2024-06-14,0.2,StructuralRobust,211.0,1.2734443741469164,77.99999999999993,106.19999999999995,48.00000000000003,0.0,1.0
divvy,2,test,2024-06-14,0.2,ExpectedActionValue,211.0,62.196560876785384,35.2,47.7,21.19999999999999,,1.0
divvy,2,test,2024-06-14,0.2,PointwiseWorstAction,211.0,62.21354698159312,35.20000000000001,47.699999999999996,21.199999999999974,,1.0
divvy,2,test,2024-06-14,0.2,ScenarioCVaR,211.0,62.21354698159312,35.20000000000001,47.699999999999996,21.199999999999974,,1.0
divvy,2,test,2024-06-14,0.2,RiskFirst,211.0,14.492143013677705,79.59999999999992,107.79999999999995,48.00000000000004,,1.0
divvy,2,test,2024-06-14,0.2,TemporalContext2024,211.0,14.900764452514698,77.99999999999993,105.49999999999994,47.60000000000001,,1.0
divvy,2,test,2024-06-14,0.2,NetworkPropagation2024,211.0,16.17911691329783,78.79999999999991,107.19999999999996,48.80000000000007,,1.0
divvy,2,test,2024-06-14,0.2,CalibratedUncertainty2025,211.0,12.87189929419502,81.99999999999989,111.19999999999992,49.60000000000008,,1.0
divvy,2,test,2024-06-14,0.2,MappedPTO2026,211.0,16.73704093347671,77.99999999999993,106.19999999999995,48.00000000000003,,1.0
divvy,2,test,2024-06-14,0.2,GroupAware2025,211.0,12.853604038610117,69.19999999999995,94.49999999999997,43.60000000000004,,1.0
divvy,2,test,2024-06-14,0.2,RobustImprovement2025,211.0,13.778663247569174,60.39999999999996,83.29999999999995,40.40000000000002,,1.0
divvy,2,test,2024-06-15,0.01,StructuralRobust,11.0,0.11429856520427914,5.6,7.6000000000000005,3.200000000000001,0.0,1.0
divvy,2,test,2024-06-15,0.01,ExpectedActionValue,11.0,11.889919797830148,2.4000000000000004,3.6,1.5999999999999996,,1.0
divvy,2,test,2024-06-15,0.01,PointwiseWorstAction,11.0,12.106912617535256,2.4000000000000004,3.6,1.5999999999999996,,1.0
divvy,2,test,2024-06-15,0.01,ScenarioCVaR,11.0,12.106912617535256,2.4000000000000004,3.6,1.5999999999999996,,1.0
divvy,2,test,2024-06-15,0.01,RiskFirst,11.0,0.30049737968297424,4.0,6.0,3.200000000000001,,1.0
divvy,2,test,2024-06-15,0.01,TemporalContext2024,11.0,0.3416314351965429,5.6,7.6000000000000005,3.200000000000001,,1.0
divvy,2,test,2024-06-15,0.01,NetworkPropagation2024,11.0,0.3416314351965429,5.6,7.6000000000000005,3.200000000000001,,1.0
divvy,2,test,2024-06-15,0.01,CalibratedUncertainty2025,11.0,1.097870849669533,8.8,11.600000000000001,4.800000000000001,,1.0
divvy,2,test,2024-06-15,0.01,MappedPTO2026,11.0,0.3416314351965429,5.6,7.6000000000000005,3.200000000000001,,1.0
divvy,2,test,2024-06-15,0.01,GroupAware2025,11.0,0.30049737968297424,4.0,6.0,3.200000000000001,,1.0
divvy,2,test,2024-06-15,0.01,RobustImprovement2025,11.0,0.18297470395291784,5.6,7.6000000000000005,3.200000000000001,,1.0
divvy,2,test,2024-06-15,0.03,StructuralRobust,32.0,19.17527037944551,16.000000000000004,20.800000000000004,8.000000000000004,0.0,1.0
divvy,2,test,2024-06-15,0.03,ExpectedActionValue,32.0,24.012002839214535,3.2,4.4,1.5999999999999996,,1.0
divvy,2,test,2024-06-15,0.03,PointwiseWorstAction,32.0,25.00597327826469,3.2,4.4,1.5999999999999996,,1.0
divvy,2,test,2024-06-15,0.03,ScenarioCVaR,32.0,25.00597327826469,3.2,4.4,1.5999999999999996,,1.0
divvy,2,test,2024-06-15,0.03,RiskFirst,32.0,2.2823429967973423,12.800000000000002,17.600000000000005,8.000000000000002,,1.0
divvy,2,test,2024-06-15,0.03,TemporalContext2024,32.0,2.2755123886880906,12.800000000000002,17.600000000000005,8.000000000000002,,1.0
divvy,2,test,2024-06-15,0.03,NetworkPropagation2024,32.0,2.2687176530015174,11.200000000000001,14.600000000000003,5.600000000000003,,1.0
divvy,2,test,2024-06-15,0.03,CalibratedUncertainty2025,32.0,2.7023484020749384,16.8,22.800000000000004,9.600000000000005,,1.0
divvy,2,test,2024-06-15,0.03,MappedPTO2026,32.0,2.2823429967973423,12.800000000000002,17.600000000000005,8.000000000000002,,1.0
divvy,2,test,2024-06-15,0.03,GroupAware2025,32.0,2.2823429967973423,12.800000000000002,17.600000000000005,8.000000000000002,,1.0
divvy,2,test,2024-06-15,0.03,RobustImprovement2025,32.0,2.9060276574650787,12.000000000000002,16.800000000000004,8.000000000000005,,1.0
divvy,2,test,2024-06-15,0.05,StructuralRobust,54.0,26.54208306089687,28.000000000000007,34.60000000000001,10.399999999999984,0.0,1.0
divvy,2,test,2024-06-15,0.05,ExpectedActionValue,54.0,34.551531405802294,5.6,6.8,1.5999999999999996,,1.0
divvy,2,test,2024-06-15,0.05,PointwiseWorstAction,54.0,35.24556481389903,4.800000000000001,6.0,1.5999999999999996,,1.0
divvy,2,test,2024-06-15,0.05,ScenarioCVaR,54.0,35.24556481389903,4.800000000000001,6.0,1.5999999999999996,,1.0
divvy,2,test,2024-06-15,0.05,RiskFirst,54.0,4.8660234331897305,19.200000000000006,25.20000000000001,9.600000000000001,,1.0
divvy,2,test,2024-06-15,0.05,TemporalContext2024,54.0,4.883204418571795,19.200000000000003,25.200000000000003,9.600000000000001,,1.0
divvy,2,test,2024-06-15,0.05,NetworkPropagation2024,54.0,4.3420899411698155,14.400000000000004,19.800000000000004,8.800000000000002,,1.0
divvy,2,test,2024-06-15,0.05,CalibratedUncertainty2025,54.0,5.037460415434265,23.200000000000006,29.800000000000004,10.399999999999995,,1.0
divvy,2,test,2024-06-15,0.05,MappedPTO2026,54.0,4.207185924388109,20.000000000000007,26.00000000000001,9.600000000000001,,1.0
divvy,2,test,2024-06-15,0.05,GroupAware2025,54.0,5.196008357509529,18.400000000000006,23.20000000000001,8.000000000000004,,1.0
divvy,2,test,2024-06-15,0.05,RobustImprovement2025,54.0,5.407004762636284,20.000000000000007,26.000000000000004,9.600000000000001,,1.0
divvy,2,test,2024-06-15,0.1,StructuralRobust,107.0,37.06097793900699,44.79999999999998,58.999999999999986,23.19999999999999,0.0,1.0
divvy,2,test,2024-06-15,0.1,ExpectedActionValue,107.0,50.02368836713433,13.6,19.0,10.4,,1.0
divvy,2,test,2024-06-15,0.1,PointwiseWorstAction,107.0,50.09178421157073,14.400000000000002,19.8,10.399999999999999,,1.0
divvy,2,test,2024-06-15,0.1,ScenarioCVaR,107.0,50.09178421157073,14.400000000000002,19.8,10.399999999999999,,1.0
divvy,2,test,2024-06-15,0.1,RiskFirst,107.0,8.844589161486326,40.8,52.0,17.599999999999994,,1.0
divvy,2,test,2024-06-15,0.1,TemporalContext2024,107.0,7.645243117589551,34.40000000000001,45.0,16.799999999999983,,1.0
divvy,2,test,2024-06-15,0.1,NetworkPropagation2024,107.0,8.177622484151769,33.600000000000016,43.00000000000001,15.199999999999989,,1.0
divvy,2,test,2024-06-15,0.1,CalibratedUncertainty2025,107.0,9.092029112827914,43.2,57.39999999999999,23.19999999999999,,1.0
divvy,2,test,2024-06-15,0.1,MappedPTO2026,107.0,9.242219457269107,37.599999999999994,46.999999999999986,15.199999999999989,,1.0
divvy,2,test,2024-06-15,0.1,GroupAware2025,107.0,9.811194240366591,36.00000000000001,45.60000000000001,15.999999999999993,,1.0
divvy,2,test,2024-06-15,0.1,RobustImprovement2025,107.0,7.609210667142056,38.400000000000006,50.2,19.999999999999993,,1.0
divvy,2,test,2024-06-15,0.2,StructuralRobust,214.0,1.159593269532736,65.59999999999997,90.09999999999997,42.8,0.0,1.0
divvy,2,test,2024-06-15,0.2,ExpectedActionValue,214.0,61.29074951996968,30.80000000000001,39.199999999999996,15.999999999999964,,1.0
divvy,2,test,2024-06-15,0.2,PointwiseWorstAction,214.0,61.375123978005014,37.20000000000001,48.599999999999994,19.999999999999964,,1.0
divvy,2,test,2024-06-15,0.2,ScenarioCVaR,214.0,61.375123978005014,37.20000000000001,48.599999999999994,19.999999999999964,,1.0
divvy,2,test,2024-06-15,0.2,RiskFirst,214.0,14.28773101955435,65.59999999999997,89.89999999999998,42.000000000000014,,1.0
divvy,2,test,2024-06-15,0.2,TemporalContext2024,214.0,18.812681854998797,59.199999999999974,81.79999999999998,39.20000000000002,,1.0
divvy,2,test,2024-06-15,0.2,NetworkPropagation2024,214.0,15.18054176287673,61.19999999999997,81.99999999999997,35.20000000000001,,1.0
divvy,2,test,2024-06-15,0.2,CalibratedUncertainty2025,214.0,14.720766668476108,72.79999999999993,96.2999999999999,38.79999999999998,,1.0
divvy,2,test,2024-06-15,0.2,MappedPTO2026,214.0,15.523265514196817,65.59999999999997,90.09999999999997,42.8,,1.0
divvy,2,test,2024-06-15,0.2,GroupAware2025,214.0,13.774711269590389,63.199999999999974,86.69999999999999,40.39999999999998,,1.0
divvy,2,test,2024-06-15,0.2,RobustImprovement2025,214.0,13.861997282872467,54.39999999999996,70.59999999999997,26.400000000000006,,1.0
divvy,2,test,2024-06-16,0.01,StructuralRobust,10.0,0.0863613282763326,5.6,8.8,6.400000000000002,0.0,1.0
divvy,2,test,2024-06-16,0.01,ExpectedActionValue,10.0,7.981391570261801,1.6,2.2,0.8000000000000003,,1.0
divvy,2,test,2024-06-16,0.01,PointwiseWorstAction,10.0,8.45273080326916,2.4000000000000004,3.6,1.5999999999999996,,1.0
divvy,2,test,2024-06-16,0.01,ScenarioCVaR,10.0,8.45273080326916,2.4000000000000004,3.6,1.5999999999999996,,1.0
divvy,2,test,2024-06-16,0.01,RiskFirst,10.0,1.318842093067241,4.0,5.6,3.2,,1.0
divvy,2,test,2024-06-16,0.01,TemporalContext2024,10.0,1.2911131436532859,3.2,4.0,1.5999999999999996,,1.0
divvy,2,test,2024-06-16,0.01,NetworkPropagation2024,10.0,1.2911131436532859,3.2,4.0,1.5999999999999996,,1.0
divvy,2,test,2024-06-16,0.01,CalibratedUncertainty2025,10.0,0.315609705959489,4.0,5.600000000000001,3.200000000000001,,1.0
divvy,2,test,2024-06-16,0.01,MappedPTO2026,10.0,1.3375091012577087,4.0,5.4,2.4000000000000004,,1.0
divvy,2,test,2024-06-16,0.01,GroupAware2025,10.0,1.318842093067241,4.0,5.6,3.2,,1.0
divvy,2,test,2024-06-16,0.01,RobustImprovement2025,10.0,1.358481421891293,4.8,7.0,4.000000000000001,,1.0
divvy,2,test,2024-06-16,0.03,StructuralRobust,30.0,17.066821859254482,14.4,22.000000000000004,14.400000000000007,0.0,1.0
divvy,2,test,2024-06-16,0.03,ExpectedActionValue,30.0,19.83226546039568,3.2,4.4,1.5999999999999996,,1.0
divvy,2,test,2024-06-16,0.03,PointwiseWorstAction,30.0,20.220653011093273,3.2,4.4,1.5999999999999996,,1.0
divvy,2,test,2024-06-16,0.03,ScenarioCVaR,30.0,20.220653011093273,3.2,4.4,1.5999999999999996,,1.0
divvy,2,test,2024-06-16,0.03,RiskFirst,30.0,1.8037427231603331,11.200000000000001,16.6,10.4,,1.0
divvy,2,test,2024-06-16,0.03,TemporalContext2024,30.0,1.792768355444195,11.200000000000001,16.6,10.400000000000004,,1.0
divvy,2,test,2024-06-16,0.03,NetworkPropagation2024,30.0,1.568195735733444,9.6,15.0,10.4,,1.0
divvy,2,test,2024-06-16,0.03,CalibratedUncertainty2025,30.0,2.6261069690957077,10.4,15.000000000000002,8.800000000000002,,1.0
divvy,2,test,2024-06-16,0.03,MappedPTO2026,30.0,1.8037427231603331,11.200000000000001,16.6,10.4,,1.0
divvy,2,test,2024-06-16,0.03,GroupAware2025,30.0,1.792768355444195,11.2,16.6,10.400000000000002,,1.0
divvy,2,test,2024-06-16,0.03,RobustImprovement2025,30.0,1.7943581364228829,11.200000000000001,16.6,10.4,,1.0
divvy,2,test,2024-06-16,0.05,StructuralRobust,50.0,23.379618355315014,20.000000000000004,29.400000000000013,16.8,0.0,1.0
divvy,2,test,2024-06-16,0.05,ExpectedActionValue,50.0,28.162029583689897,3.2,4.4,1.5999999999999996,,1.0
divvy,2,test,2024-06-16,0.05,PointwiseWorstAction,50.0,28.187534197089924,3.2,4.4,1.5999999999999996,,1.0
divvy,2,test,2024-06-16,0.05,ScenarioCVaR,50.0,28.187534197089924,3.2,4.4,1.5999999999999996,,1.0
divvy,2,test,2024-06-16,0.05,RiskFirst,50.0,3.7828426726610935,18.400000000000006,27.200000000000006,16.0,,1.0
divvy,2,test,2024-06-16,0.05,TemporalContext2024,50.0,3.270769037737395,16.800000000000004,25.000000000000007,15.200000000000003,,1.0
divvy,2,test,2024-06-16,0.05,NetworkPropagation2024,50.0,2.3182090640637285,15.600000000000001,22.6,13.600000000000001,,1.0
divvy,2,test,2024-06-16,0.05,CalibratedUncertainty2025,50.0,3.713888700368293,16.800000000000004,24.600000000000005,13.600000000000005,,1.0
divvy,2,test,2024-06-16,0.05,MappedPTO2026,50.0,3.122486744341154,19.200000000000006,28.000000000000007,16.000000000000004,,1.0
divvy,2,test,2024-06-16,0.05,GroupAware2025,50.0,3.77047829193308,19.200000000000003,28.000000000000004,16.0,,1.0
divvy,2,test,2024-06-16,0.05,RobustImprovement2025,50.0,3.8478462028475326,19.600000000000005,28.400000000000006,16.000000000000004,,1.0
divvy,2,test,2024-06-16,0.1,StructuralRobust,100.0,31.711322521540207,26.80000000000001,36.8,17.59999999999998,0.0,1.0
divvy,2,test,2024-06-16,0.1,ExpectedActionValue,100.0,38.640444149182365,9.6,11.600000000000001,3.200000000000001,,1.0
divvy,2,test,2024-06-16,0.1,PointwiseWorstAction,100.0,38.607864719735005,8.799999999999999,9.999999999999998,1.5999999999999996,,1.0
divvy,2,test,2024-06-16,0.1,ScenarioCVaR,100.0,38.607864719735005,8.799999999999999,9.999999999999998,1.5999999999999996,,1.0
divvy,2,test,2024-06-16,0.1,RiskFirst,100.0,5.814916947625473,27.600000000000012,37.6,17.599999999999984,,1.0
divvy,2,test,2024-06-16,0.1,TemporalContext2024,100.0,6.00175691314637,23.60000000000001,33.60000000000001,17.599999999999994,,1.0
divvy,2,test,2024-06-16,0.1,NetworkPropagation2024,100.0,5.251317923001853,24.40000000000001,34.400000000000006,17.59999999999999,,1.0
divvy,2,test,2024-06-16,0.1,CalibratedUncertainty2025,100.0,6.182642007609779,22.40000000000001,30.800000000000008,14.399999999999988,,1.0
divvy,2,test,2024-06-16,0.1,MappedPTO2026,100.0,6.62875638354521,28.400000000000013,39.00000000000001,18.39999999999999,,1.0
divvy,2,test,2024-06-16,0.1,GroupAware2025,100.0,5.80524583378929,26.800000000000008,37.4,18.399999999999988,,1.0
divvy,2,test,2024-06-16,0.1,RobustImprovement2025,100.0,6.228884428609722,27.600000000000012,37.599999999999994,17.599999999999984,,1.0
divvy,2,test,2024-06-16,0.2,StructuralRobust,200.0,0.9734641190008605,42.0,54.39999999999998,22.399999999999977,0.0,1.0
divvy,2,test,2024-06-16,0.2,ExpectedActionValue,200.0,47.66497443720812,22.40000000000001,29.700000000000006,13.2,,1.0
divvy,2,test,2024-06-16,0.2,PointwiseWorstAction,200.0,47.54799238121442,24.00000000000001,31.900000000000006,13.99999999999999,,1.0
divvy,2,test,2024-06-16,0.2,ScenarioCVaR,200.0,47.54799238121442,24.00000000000001,31.900000000000006,13.99999999999999,,1.0
divvy,2,test,2024-06-16,0.2,RiskFirst,200.0,13.044769240109108,39.60000000000001,52.499999999999986,22.79999999999997,,1.0
divvy,2,test,2024-06-16,0.2,TemporalContext2024,200.0,10.278284389569926,36.80000000000002,48.099999999999994,19.599999999999966,,1.0
divvy,2,test,2024-06-16,0.2,NetworkPropagation2024,200.0,13.551039681865486,35.60000000000001,46.19999999999998,18.39999999999997,,1.0
divvy,2,test,2024-06-16,0.2,CalibratedUncertainty2025,200.0,9.34370668106961,52.39999999999998,67.89999999999995,26.799999999999955,,1.0
divvy,2,test,2024-06-16,0.2,MappedPTO2026,200.0,11.868114360603137,42.0,54.39999999999998,22.399999999999977,,1.0
divvy,2,test,2024-06-16,0.2,GroupAware2025,200.0,13.442295951395305,36.400000000000006,48.59999999999999,21.599999999999973,,1.0
divvy,2,test,2024-06-16,0.2,RobustImprovement2025,200.0,10.103033985493866,33.20000000000002,44.5,20.399999999999977,,1.0
divvy,2,test,2024-06-17,0.01,StructuralRobust,9.0,0.1997789899358977,7.2,13.0,12.000000000000004,0.0,1.0
divvy,2,test,2024-06-17,0.01,ExpectedActionValue,9.0,7.5456746876447225,0.0,0.0,0.0,,1.0
divvy,2,test,2024-06-17,0.01,PointwiseWorstAction,9.0,8.156713934751224,0.0,0.0,0.0,,1.0
divvy,2,test,2024-06-17,0.01,ScenarioCVaR,9.0,8.156713934751224,0.0,0.0,0.0,,1.0
divvy,2,test,2024-06-17,0.01,RiskFirst,9.0,0.29366665308248,8.8,16.2,15.2,,1.0
divvy,2,test,2024-06-17,0.01,TemporalContext2024,9.0,0.29366665308248,8.8,16.2,15.2,,1.0
divvy,2,test,2024-06-17,0.01,NetworkPropagation2024,9.0,0.3201980243185407,8.8,15.400000000000002,13.600000000000001,,1.0
divvy,2,test,2024-06-17,0.01,CalibratedUncertainty2025,9.0,0.325302266513537,7.2,12.2,10.400000000000002,,1.0
divvy,2,test,2024-06-17,0.01,MappedPTO2026,9.0,0.29366665308248,8.800000000000002,16.200000000000003,15.199999999999998,,1.0
divvy,2,test,2024-06-17,0.01,GroupAware2025,9.0,0.3685258671719034,8.8,15.400000000000002,13.600000000000001,,1.0
divvy,2,test,2024-06-17,0.01,RobustImprovement2025,9.0,0.29366665308247997,8.8,16.2,15.2,,1.0
divvy,2,test,2024-06-17,0.03,StructuralRobust,28.0,27.626468609144478,19.6,29.60000000000001,19.200000000000003,0.0,1.0
divvy,2,test,2024-06-17,0.03,ExpectedActionValue,28.0,18.971885529153127,0.8,1.6,1.6000000000000003,,1.0
divvy,2,test,2024-06-17,0.03,PointwiseWorstAction,28.0,19.053525482221563,0.0,0.0,0.0,,1.0
divvy,2,test,2024-06-17,0.03,ScenarioCVaR,28.0,19.053525482221563,0.0,0.0,0.0,,1.0
divvy,2,test,2024-06-17,0.03,RiskFirst,28.0,1.168597714547058,18.000000000000004,27.800000000000004,18.399999999999995,,1.0
divvy,2,test,2024-06-17,0.03,TemporalContext2024,28.0,1.1359761487598399,19.600000000000005,30.0,19.2,,1.0
divvy,2,test,2024-06-17,0.03,NetworkPropagation2024,28.0,0.9130049965456007,16.000000000000004,25.2,17.59999999999999,,1.0
divvy,2,test,2024-06-17,0.03,CalibratedUncertainty2025,28.0,1.2826171093839385,22.800000000000008,32.8,19.199999999999992,,1.0
divvy,2,test,2024-06-17,0.03,MappedPTO2026,28.0,1.1359761487598397,17.600000000000005,27.400000000000002,18.399999999999995,,1.0
divvy,2,test,2024-06-17,0.03,GroupAware2025,28.0,1.2910154177444464,16.400000000000002,25.000000000000004,16.8,,1.0
divvy,2,test,2024-06-17,0.03,RobustImprovement2025,28.0,1.147726026274533,21.600000000000005,30.8,17.599999999999984,,1.0
divvy,2,test,2024-06-17,0.05,StructuralRobust,47.0,38.68257864225432,30.000000000000014,41.8,21.59999999999998,0.0,1.0
divvy,2,test,2024-06-17,0.05,ExpectedActionValue,47.0,25.941430713300704,3.2,5.2,3.2,,1.0
divvy,2,test,2024-06-17,0.05,PointwiseWorstAction,47.0,26.03589283325764,3.2,5.2,3.2,,1.0
divvy,2,test,2024-06-17,0.05,ScenarioCVaR,47.0,26.03589283325764,3.2,5.2,3.2,,1.0
divvy,2,test,2024-06-17,0.05,RiskFirst,47.0,1.546615940972003,28.80000000000001,40.59999999999999,21.599999999999973,,1.0
divvy,2,test,2024-06-17,0.05,TemporalContext2024,47.0,1.6396591830786458,28.80000000000001,39.79999999999999,19.99999999999997,,1.0
divvy,2,test,2024-06-17,0.05,NetworkPropagation2024,47.0,2.1182577711050317,28.000000000000014,39.79999999999999,21.599999999999966,,1.0
divvy,2,test,2024-06-17,0.05,CalibratedUncertainty2025,47.0,1.7266609662982497,27.20000000000001,37.19999999999999,19.199999999999974,,1.0
divvy,2,test,2024-06-17,0.05,MappedPTO2026,47.0,1.5067792300397946,28.000000000000014,40.39999999999999,22.39999999999997,,1.0
divvy,2,test,2024-06-17,0.05,GroupAware2025,47.0,1.546615940972003,28.80000000000001,40.599999999999994,21.59999999999998,,1.0
divvy,2,test,2024-06-17,0.05,RobustImprovement2025,47.0,1.5466159409720033,28.800000000000008,40.599999999999994,21.599999999999977,,1.0
divvy,2,test,2024-06-17,0.1,StructuralRobust,95.0,56.130775020980884,46.79999999999999,65.39999999999999,32.79999999999999,0.0,1.0
divvy,2,test,2024-06-17,0.1,ExpectedActionValue,95.0,36.512775584983785,8.799999999999999,12.0,4.800000000000001,,1.0
divvy,2,test,2024-06-17,0.1,PointwiseWorstAction,95.0,36.64599953141714,9.600000000000001,12.8,4.799999999999999,,1.0
divvy,2,test,2024-06-17,0.1,ScenarioCVaR,95.0,36.64599953141714,9.600000000000001,12.8,4.799999999999999,,1.0
divvy,2,test,2024-06-17,0.1,RiskFirst,95.0,5.860062158088109,45.59999999999999,62.999999999999986,31.199999999999996,,1.0
divvy,2,test,2024-06-17,0.1,TemporalContext2024,95.0,5.485740901199655,46.399999999999984,62.99999999999998,29.599999999999987,,1.0
divvy,2,test,2024-06-17,0.1,NetworkPropagation2024,95.0,5.311946351535424,43.99999999999999,61.199999999999974,30.39999999999997,,1.0
divvy,2,test,2024-06-17,0.1,CalibratedUncertainty2025,95.0,5.451404463077357,49.19999999999998,66.99999999999997,31.19999999999998,,1.0
divvy,2,test,2024-06-17,0.1,MappedPTO2026,95.0,5.365546089847642,45.99999999999999,62.59999999999998,29.599999999999987,,1.0
divvy,2,test,2024-06-17,0.1,GroupAware2025,95.0,5.98849548575569,45.59999999999999,62.999999999999986,31.199999999999996,,1.0
divvy,2,test,2024-06-17,0.1,RobustImprovement2025,95.0,6.34571652244992,41.599999999999994,58.19999999999999,29.59999999999998,,1.0
divvy,2,test,2024-06-17,0.2,StructuralRobust,190.0,1.6388705252593356,65.19999999999997,87.19999999999995,38.39999999999998,0.0,1.0
divvy,2,test,2024-06-17,0.2,ExpectedActionValue,190.0,45.154315284496086,15.200000000000005,19.800000000000004,7.200000000000001,,1.0
divvy,2,test,2024-06-17,0.2,PointwiseWorstAction,190.0,45.17000983511914,18.000000000000007,23.200000000000003,7.9999999999999964,,1.0
divvy,2,test,2024-06-17,0.2,ScenarioCVaR,190.0,45.17000983511914,18.000000000000007,23.200000000000003,7.9999999999999964,,1.0
divvy,2,test,2024-06-17,0.2,RiskFirst,190.0,11.375132342906417,65.19999999999996,87.79999999999994,39.19999999999999,,1.0
divvy,2,test,2024-06-17,0.2,TemporalContext2024,190.0,9.735964158310276,67.59999999999995,90.79999999999994,40.0,,1.0
divvy,2,test,2024-06-17,0.2,NetworkPropagation2024,190.0,11.119401700184987,65.19999999999996,87.79999999999994,39.199999999999974,,1.0
divvy,2,test,2024-06-17,0.2,CalibratedUncertainty2025,190.0,11.757451703929892,69.99999999999994,93.1999999999999,39.99999999999996,,1.0
divvy,2,test,2024-06-17,0.2,MappedPTO2026,190.0,11.34801358541838,65.19999999999997,87.19999999999995,38.39999999999998,,1.0
divvy,2,test,2024-06-17,0.2,GroupAware2025,190.0,11.33117491409128,65.19999999999997,87.79999999999995,39.199999999999974,,1.0
divvy,2,test,2024-06-17,0.2,RobustImprovement2025,190.0,10.63043800353165,63.59999999999996,85.39999999999993,37.59999999999997,,1.0
divvy,2,test,2024-06-18,0.01,StructuralRobust,11.0,0.250628398568596,9.600000000000003,14.600000000000001,10.4,0.0,1.0
divvy,2,test,2024-06-18,0.01,ExpectedActionValue,11.0,10.183014567351552,0.0,0.0,0.0,,1.0
divvy,2,test,2024-06-18,0.01,PointwiseWorstAction,11.0,10.498041002620441,0.0,0.0,0.0,,1.0
divvy,2,test,2024-06-18,0.01,ScenarioCVaR,11.0,10.498041002620441,0.0,0.0,0.0,,1.0
divvy,2,test,2024-06-18,0.01,RiskFirst,11.0,0.6762488919881986,10.4,17.8,15.200000000000001,,1.0
divvy,2,test,2024-06-18,0.01,TemporalContext2024,11.0,0.6762488919881986,10.4,17.8,15.200000000000001,,1.0
divvy,2,test,2024-06-18,0.01,NetworkPropagation2024,11.0,0.6762488919881986,10.4,17.8,15.200000000000001,,1.0
divvy,2,test,2024-06-18,0.01,CalibratedUncertainty2025,11.0,0.6757076665487715,11.200000000000001,18.6,15.199999999999998,,1.0
divvy,2,test,2024-06-18,0.01,MappedPTO2026,11.0,0.6762488919881986,10.4,17.8,15.200000000000005,,1.0
divvy,2,test,2024-06-18,0.01,GroupAware2025,11.0,0.6762488919881986,10.4,17.8,15.200000000000001,,1.0
divvy,2,test,2024-06-18,0.01,RobustImprovement2025,11.0,0.9084351432355496,10.400000000000002,17.0,13.600000000000001,,1.0
divvy,2,test,2024-06-18,0.03,StructuralRobust,32.0,32.20982520911615,23.20000000000001,35.2,23.999999999999993,0.0,1.0
divvy,2,test,2024-06-18,0.03,ExpectedActionValue,32.0,22.295514315566926,10.4,16.900000000000002,13.200000000000001,,1.0
divvy,2,test,2024-06-18,0.03,PointwiseWorstAction,32.0,22.79736412823409,9.6,15.9,12.4,,1.0
divvy,2,test,2024-06-18,0.03,ScenarioCVaR,32.0,22.79736412823409,9.6,15.9,12.4,,1.0
divvy,2,test,2024-06-18,0.03,RiskFirst,32.0,1.960743237800794,24.80000000000001,40.2,29.59999999999998,,1.0
divvy,2,test,2024-06-18,0.03,TemporalContext2024,32.0,1.9602580901108155,24.80000000000001,40.20000000000001,29.599999999999987,,1.0
divvy,2,test,2024-06-18,0.03,NetworkPropagation2024,32.0,2.079845160670568,24.00000000000001,38.60000000000001,27.999999999999982,,1.0
divvy,2,test,2024-06-18,0.03,CalibratedUncertainty2025,32.0,2.7313043456297788,22.40000000000001,35.60000000000001,25.599999999999984,,1.0
divvy,2,test,2024-06-18,0.03,MappedPTO2026,32.0,2.6853789524650415,24.00000000000001,37.400000000000006,26.39999999999998,,1.0
divvy,2,test,2024-06-18,0.03,GroupAware2025,32.0,1.960743237800794,24.80000000000001,40.2,29.59999999999998,,1.0
divvy,2,test,2024-06-18,0.03,RobustImprovement2025,32.0,1.9374384668461642,23.20000000000001,36.6,26.399999999999984,,1.0
divvy,2,test,2024-06-18,0.05,StructuralRobust,54.0,44.953943758233855,33.600000000000016,49.1,29.99999999999998,0.0,1.0
divvy,2,test,2024-06-18,0.05,ExpectedActionValue,54.0,32.3459207992138,11.200000000000001,18.300000000000004,14.000000000000002,,1.0
divvy,2,test,2024-06-18,0.05,PointwiseWorstAction,54.0,32.77910049628359,11.2,18.3,14.0,,1.0
divvy,2,test,2024-06-18,0.05,ScenarioCVaR,54.0,32.77910049628359,11.2,18.3,14.0,,1.0
divvy,2,test,2024-06-18,0.05,RiskFirst,54.0,3.4008253405207785,36.000000000000014,55.9,37.99999999999996,,1.0
divvy,2,test,2024-06-18,0.05,TemporalContext2024,54.0,3.400825340520779,37.600000000000016,58.099999999999994,38.79999999999996,,1.0
divvy,2,test,2024-06-18,0.05,NetworkPropagation2024,54.0,3.3835288176503386,36.80000000000001,57.3,38.79999999999997,,1.0
divvy,2,test,2024-06-18,0.05,CalibratedUncertainty2025,54.0,3.2058536036015908,34.400000000000006,50.39999999999999,30.399999999999977,,1.0
divvy,2,test,2024-06-18,0.05,MappedPTO2026,54.0,3.469004341691206,34.40000000000001,53.4,35.999999999999964,,1.0
divvy,2,test,2024-06-18,0.05,GroupAware2025,54.0,3.40347123108614,36.80000000000001,56.69999999999999,37.99999999999996,,1.0
divvy,2,test,2024-06-18,0.05,RobustImprovement2025,54.0,3.1645149407983366,36.000000000000014,55.7,37.19999999999996,,1.0
divvy,2,test,2024-06-18,0.1,StructuralRobust,108.0,64.52899444132801,55.999999999999986,80.29999999999997,44.39999999999998,0.0,1.0
divvy,2,test,2024-06-18,0.1,ExpectedActionValue,108.0,48.4238594090532,18.400000000000002,29.700000000000003,22.799999999999994,,1.0
divvy,2,test,2024-06-18,0.1,PointwiseWorstAction,108.0,48.599724229221756,18.4,29.5,22.0,,1.0
divvy,2,test,2024-06-18,0.1,ScenarioCVaR,108.0,48.599724229221756,18.4,29.5,22.0,,1.0
divvy,2,test,2024-06-18,0.1,RiskFirst,108.0,6.227357131095411,57.59999999999998,84.29999999999997,49.19999999999996,,1.0
divvy,2,test,2024-06-18,0.1,TemporalContext2024,108.0,6.542620418637699,56.79999999999998,83.49999999999997,49.19999999999996,,1.0
divvy,2,test,2024-06-18,0.1,NetworkPropagation2024,108.0,6.121871372703029,55.999999999999986,81.89999999999996,47.59999999999995,,1.0
divvy,2,test,2024-06-18,0.1,CalibratedUncertainty2025,108.0,6.623967869834998,57.599999999999966,79.69999999999996,40.39999999999999,,1.0
divvy,2,test,2024-06-18,0.1,MappedPTO2026,108.0,6.22085704140955,56.79999999999998,83.49999999999996,49.19999999999996,,1.0
divvy,2,test,2024-06-18,0.1,GroupAware2025,108.0,6.983740768320087,59.19999999999998,85.69999999999996,48.399999999999956,,1.0
divvy,2,test,2024-06-18,0.1,RobustImprovement2025,108.0,6.293334404612283,56.799999999999976,82.89999999999996,48.39999999999997,,1.0
divvy,2,test,2024-06-18,0.2,StructuralRobust,215.0,2.0407977263290213,85.59999999999991,124.39999999999992,72.00000000000009,0.0,1.0
divvy,2,test,2024-06-18,0.2,ExpectedActionValue,215.0,60.76598993380784,34.40000000000001,52.10000000000001,33.99999999999998,,1.0
divvy,2,test,2024-06-18,0.2,PointwiseWorstAction,215.0,60.77982612321938,34.400000000000006,52.099999999999994,33.999999999999986,,1.0
divvy,2,test,2024-06-18,0.2,ScenarioCVaR,215.0,60.77982612321938,34.400000000000006,52.099999999999994,33.999999999999986,,1.0
divvy,2,test,2024-06-18,0.2,RiskFirst,215.0,15.89690102237542,85.59999999999991,123.79999999999994,71.2000000000001,,1.0
divvy,2,test,2024-06-18,0.2,TemporalContext2024,215.0,16.706898179067885,87.1999999999999,125.39999999999992,71.20000000000005,,1.0
divvy,2,test,2024-06-18,0.2,NetworkPropagation2024,215.0,16.35453400491029,83.19999999999992,119.59999999999994,67.20000000000006,,1.0
divvy,2,test,2024-06-18,0.2,CalibratedUncertainty2025,215.0,14.265766035457236,92.79999999999986,131.49999999999991,70.00000000000021,,1.0
divvy,2,test,2024-06-18,0.2,MappedPTO2026,215.0,15.671237841844084,85.59999999999991,124.39999999999992,72.00000000000009,,1.0
divvy,2,test,2024-06-18,0.2,GroupAware2025,215.0,14.518504694701306,74.39999999999993,105.99999999999991,57.59999999999998,,1.0
divvy,2,test,2024-06-18,0.2,RobustImprovement2025,215.0,14.534566254048606,76.79999999999994,108.39999999999995,57.60000000000001,,1.0
divvy,2,test,2024-06-19,0.01,StructuralRobust,11.0,0.2189659891023756,12.0,17.6,9.600000000000001,0.0,1.0
divvy,2,test,2024-06-19,0.01,ExpectedActionValue,11.0,13.729409490351582,3.2,3.8,0.7999999999999998,,1.0
divvy,2,test,2024-06-19,0.01,PointwiseWorstAction,11.0,13.900609146882946,3.2,3.8,0.7999999999999998,,1.0
divvy,2,test,2024-06-19,0.01,ScenarioCVaR,11.0,13.900609146882946,3.2,3.8,0.7999999999999998,,1.0
divvy,2,test,2024-06-19,0.01,RiskFirst,11.0,0.09632745316817319,9.600000000000001,13.8,7.199999999999999,,1.0
divvy,2,test,2024-06-19,0.01,TemporalContext2024,11.0,0.12291414534806172,10.400000000000002,15.200000000000003,8.0,,1.0
divvy,2,test,2024-06-19,0.01,NetworkPropagation2024,11.0,0.12291414534806172,10.400000000000002,15.200000000000003,8.0,,1.0
divvy,2,test,2024-06-19,0.01,CalibratedUncertainty2025,11.0,0.12645534844878442,9.600000000000001,13.8,7.199999999999999,,1.0
divvy,2,test,2024-06-19,0.01,MappedPTO2026,11.0,0.09632745316817319,9.6,13.8,7.200000000000001,,1.0
divvy,2,test,2024-06-19,0.01,GroupAware2025,11.0,0.09632745316817319,9.600000000000001,13.8,7.199999999999999,,1.0
divvy,2,test,2024-06-19,0.01,RobustImprovement2025,11.0,0.20309531940687903,10.4,14.600000000000001,7.200000000000001,,1.0
divvy,2,test,2024-06-19,0.03,StructuralRobust,33.0,28.26865955560901,25.60000000000001,37.400000000000006,20.0,0.0,1.0
divvy,2,test,2024-06-19,0.03,ExpectedActionValue,33.0,27.200564189395664,6.800000000000001,8.6,2.3999999999999986,,1.0
divvy,2,test,2024-06-19,0.03,PointwiseWorstAction,33.0,27.80970584786284,7.6000000000000005,9.4,2.3999999999999995,,1.0
divvy,2,test,2024-06-19,0.03,ScenarioCVaR,33.0,27.80970584786284,7.6000000000000005,9.4,2.3999999999999995,,1.0
divvy,2,test,2024-06-19,0.03,RiskFirst,33.0,1.0647066636914242,22.40000000000001,33.6,19.199999999999992,,1.0
divvy,2,test,2024-06-19,0.03,TemporalContext2024,33.0,1.084196887414883,22.400000000000006,33.6,19.199999999999996,,1.0
divvy,2,test,2024-06-19,0.03,NetworkPropagation2024,33.0,0.41529642618659984,20.800000000000004,32.0,19.200000000000003,,1.0
divvy,2,test,2024-06-19,0.03,CalibratedUncertainty2025,33.0,1.3687612348977378,23.200000000000006,33.6,17.599999999999998,,1.0
divvy,2,test,2024-06-19,0.03,MappedPTO2026,33.0,1.026017588435044,22.400000000000006,32.0,16.0,,1.0
divvy,2,test,2024-06-19,0.03,GroupAware2025,33.0,1.0647066636914242,22.40000000000001,33.6,19.199999999999992,,1.0
divvy,2,test,2024-06-19,0.03,RobustImprovement2025,33.0,1.0647066636914244,21.600000000000005,32.800000000000004,19.2,,1.0
divvy,2,test,2024-06-19,0.05,StructuralRobust,55.0,37.86190573318909,37.60000000000001,54.0,27.19999999999999,0.0,1.0
divvy,2,test,2024-06-19,0.05,ExpectedActionValue,55.0,36.66598644549401,9.200000000000001,11.8,3.9999999999999982,,1.0
divvy,2,test,2024-06-19,0.05,PointwiseWorstAction,55.0,36.78870649201496,10.000000000000002,12.600000000000001,3.9999999999999982,,1.0
divvy,2,test,2024-06-19,0.05,ScenarioCVaR,55.0,36.78870649201496,10.000000000000002,12.600000000000001,3.9999999999999982,,1.0
divvy,2,test,2024-06-19,0.05,RiskFirst,55.0,2.9090970001742433,31.200000000000017,43.6,20.799999999999976,,1.0
divvy,2,test,2024-06-19,0.05,TemporalContext2024,55.0,2.911914089845525,32.80000000000001,45.79999999999999,21.599999999999973,,1.0
divvy,2,test,2024-06-19,0.05,NetworkPropagation2024,55.0,3.314866917868544,29.600000000000012,42.0,20.799999999999986,,1.0
divvy,2,test,2024-06-19,0.05,CalibratedUncertainty2025,55.0,3.344777061930995,31.200000000000014,44.4,22.399999999999974,,1.0
divvy,2,test,2024-06-19,0.05,MappedPTO2026,55.0,2.8738842977589263,32.80000000000001,45.800000000000004,21.599999999999987,,1.0
divvy,2,test,2024-06-19,0.05,GroupAware2025,55.0,2.8862305606528937,30.400000000000016,42.800000000000004,20.79999999999998,,1.0
divvy,2,test,2024-06-19,0.05,RobustImprovement2025,55.0,2.624300944097638,36.00000000000001,51.6,25.599999999999994,,1.0
divvy,2,test,2024-06-19,0.1,StructuralRobust,110.0,52.03169717384638,48.399999999999984,64.79999999999998,27.19999999999998,0.0,1.0
divvy,2,test,2024-06-19,0.1,ExpectedActionValue,110.0,50.11322973983167,18.800000000000004,25.400000000000002,11.999999999999996,,1.0
divvy,2,test,2024-06-19,0.1,PointwiseWorstAction,110.0,50.23982147360646,18.800000000000004,25.400000000000002,11.999999999999996,,1.0
divvy,2,test,2024-06-19,0.1,ScenarioCVaR,110.0,50.23982147360646,18.800000000000004,25.400000000000002,11.999999999999996,,1.0
divvy,2,test,2024-06-19,0.1,RiskFirst,110.0,6.712458375659777,49.199999999999974,65.59999999999997,27.200000000000003,,1.0
divvy,2,test,2024-06-19,0.1,TemporalContext2024,110.0,7.036469020829855,47.99999999999998,65.99999999999997,30.399999999999984,,1.0
divvy,2,test,2024-06-19,0.1,NetworkPropagation2024,110.0,6.774549542300382,47.59999999999997,63.99999999999998,27.20000000000001,,1.0
divvy,2,test,2024-06-19,0.1,CalibratedUncertainty2025,110.0,6.126006748268565,46.39999999999998,62.39999999999997,27.19999999999999,,1.0
divvy,2,test,2024-06-19,0.1,MappedPTO2026,110.0,6.698475278903819,48.799999999999976,66.59999999999997,29.6,,1.0
divvy,2,test,2024-06-19,0.1,GroupAware2025,110.0,6.718265083426977,49.99999999999997,66.99999999999997,28.0,,1.0
divvy,2,test,2024-06-19,0.1,RobustImprovement2025,110.0,6.621134826890796,50.79999999999997,67.99999999999997,28.80000000000001,,1.0
divvy,2,test,2024-06-19,0.2,StructuralRobust,221.0,1.6768471572803405,76.39999999999992,102.79999999999994,44.80000000000001,0.0,1.0
divvy,2,test,2024-06-19,0.2,ExpectedActionValue,221.0,61.503919849101344,37.2,50.99999999999999,24.799999999999976,,1.0
divvy,2,test,2024-06-19,0.2,PointwiseWorstAction,221.0,61.58546794688622,39.60000000000001,53.2,23.99999999999997,,1.0
divvy,2,test,2024-06-19,0.2,ScenarioCVaR,221.0,61.58546794688622,39.60000000000001,53.2,23.99999999999997,,1.0
divvy,2,test,2024-06-19,0.2,RiskFirst,221.0,13.24681705167789,78.7999999999999,105.3999999999999,45.60000000000002,,1.0
divvy,2,test,2024-06-19,0.2,TemporalContext2024,221.0,12.162477237683186,76.39999999999993,101.59999999999992,43.199999999999974,,1.0
divvy,2,test,2024-06-19,0.2,NetworkPropagation2024,221.0,12.50231598030322,69.19999999999993,95.19999999999995,44.800000000000026,,1.0
divvy,2,test,2024-06-19,0.2,CalibratedUncertainty2025,221.0,15.36915391446635,81.19999999999989,105.79999999999987,40.79999999999998,,1.0
divvy,2,test,2024-06-19,0.2,MappedPTO2026,221.0,12.658745400311112,76.39999999999992,102.79999999999994,44.80000000000001,,1.0
divvy,2,test,2024-06-19,0.2,GroupAware2025,221.0,14.078456761290004,71.19999999999995,96.59999999999994,43.999999999999986,,1.0
divvy,2,test,2024-06-19,0.2,RobustImprovement2025,221.0,11.858104406682164,57.59999999999996,75.39999999999998,29.60000000000003,,1.0
divvy,2,test,2024-06-20,0.01,StructuralRobust,10.0,0.23140264466522129,9.600000000000001,16.4,14.399999999999999,0.0,1.0
divvy,2,test,2024-06-20,0.01,ExpectedActionValue,10.0,11.179985684610614,0.8,0.8,0.0,,1.0
divvy,2,test,2024-06-20,0.01,PointwiseWorstAction,10.0,11.670259950196915,2.0,2.0,0.0,,1.0
divvy,2,test,2024-06-20,0.01,ScenarioCVaR,10.0,11.670259950196915,2.0,2.0,0.0,,1.0
divvy,2,test,2024-06-20,0.01,RiskFirst,10.0,0.8442001303916274,10.400000000000002,18.0,15.999999999999996,,1.0
divvy,2,test,2024-06-20,0.01,TemporalContext2024,10.0,0.8442001303916274,10.400000000000002,18.0,15.999999999999996,,1.0
divvy,2,test,2024-06-20,0.01,NetworkPropagation2024,10.0,0.9400233752855054,11.200000000000003,19.6,17.599999999999994,,1.0
divvy,2,test,2024-06-20,0.01,CalibratedUncertainty2025,10.0,0.8914502848656799,10.400000000000002,18.0,15.999999999999996,,1.0
divvy,2,test,2024-06-20,0.01,MappedPTO2026,10.0,0.6457309284469286,10.400000000000002,18.0,15.999999999999996,,1.0
divvy,2,test,2024-06-20,0.01,GroupAware2025,10.0,0.8442001303916274,10.400000000000002,18.0,15.999999999999996,,1.0
divvy,2,test,2024-06-20,0.01,RobustImprovement2025,10.0,0.5499076835530506,9.600000000000001,16.4,14.399999999999999,,1.0
divvy,2,test,2024-06-20,0.03,StructuralRobust,31.0,29.023063657057413,24.000000000000007,36.300000000000004,25.999999999999993,0.0,1.0
divvy,2,test,2024-06-20,0.03,ExpectedActionValue,31.0,25.08701129413432,3.5999999999999996,3.5999999999999996,0.0,,1.0
divvy,2,test,2024-06-20,0.03,PointwiseWorstAction,31.0,25.523151934493637,2.8,2.8,0.0,,1.0
divvy,2,test,2024-06-20,0.03,ScenarioCVaR,31.0,25.523151934493637,2.8,2.8,0.0,,1.0
divvy,2,test,2024-06-20,0.03,RiskFirst,31.0,2.0692443113091774,22.400000000000006,33.7,23.59999999999998,,1.0
divvy,2,test,2024-06-20,0.03,TemporalContext2024,31.0,2.1904262031250306,22.40000000000001,33.7,23.599999999999977,,1.0
divvy,2,test,2024-06-20,0.03,NetworkPropagation2024,31.0,1.684505055009364,21.60000000000001,32.900000000000006,23.59999999999998,,1.0
divvy,2,test,2024-06-20,0.03,CalibratedUncertainty2025,31.0,1.723672101985091,20.800000000000008,32.9,25.199999999999985,,1.0
divvy,2,test,2024-06-20,0.03,MappedPTO2026,31.0,2.075777754796214,22.400000000000006,33.699999999999996,23.59999999999998,,1.0
divvy,2,test,2024-06-20,0.03,GroupAware2025,31.0,2.0499983240116206,22.400000000000006,33.7,23.59999999999998,,1.0
divvy,2,test,2024-06-20,0.03,RobustImprovement2025,31.0,2.086069218781974,21.60000000000001,34.400000000000006,27.199999999999974,,1.0
divvy,2,test,2024-06-20,0.05,StructuralRobust,51.0,39.15316392493293,32.80000000000001,48.900000000000006,33.199999999999974,0.0,1.0
divvy,2,test,2024-06-20,0.05,ExpectedActionValue,51.0,34.60631155874416,6.0,7.999999999999999,3.1999999999999993,,1.0
divvy,2,test,2024-06-20,0.05,PointwiseWorstAction,51.0,35.000636589833526,6.799999999999999,8.8,3.200000000000001,,1.0
divvy,2,test,2024-06-20,0.05,ScenarioCVaR,51.0,35.000636589833526,6.799999999999999,8.8,3.200000000000001,,1.0
divvy,2,test,2024-06-20,0.05,RiskFirst,51.0,3.1240032294507643,32.80000000000001,49.099999999999994,33.99999999999996,,1.0
divvy,2,test,2024-06-20,0.05,TemporalContext2024,51.0,3.1240032294507643,32.000000000000014,48.89999999999999,34.799999999999955,,1.0
divvy,2,test,2024-06-20,0.05,NetworkPropagation2024,51.0,3.2862351215200203,30.400000000000016,46.7,33.99999999999996,,1.0
divvy,2,test,2024-06-20,0.05,CalibratedUncertainty2025,51.0,3.462462380427195,33.600000000000016,50.69999999999999,33.999999999999964,,1.0
divvy,2,test,2024-06-20,0.05,MappedPTO2026,51.0,3.1188238792028122,32.80000000000001,49.099999999999994,33.99999999999997,,1.0
divvy,2,test,2024-06-20,0.05,GroupAware2025,51.0,3.1250417334124774,33.60000000000001,49.89999999999999,33.99999999999996,,1.0
divvy,2,test,2024-06-20,0.05,RobustImprovement2025,51.0,3.2563037420406626,35.20000000000001,54.3,38.79999999999995,,1.0
divvy,2,test,2024-06-20,0.1,StructuralRobust,102.0,54.70272682053855,53.59999999999997,74.29999999999998,42.00000000000001,0.0,1.0
divvy,2,test,2024-06-20,0.1,ExpectedActionValue,102.0,49.406985758590785,21.200000000000006,30.400000000000006,15.999999999999996,,1.0
divvy,2,test,2024-06-20,0.1,PointwiseWorstAction,102.0,49.53835164456618,20.400000000000006,29.600000000000005,16.0,,1.0
divvy,2,test,2024-06-20,0.1,ScenarioCVaR,102.0,49.53835164456618,20.400000000000006,29.600000000000005,16.0,,1.0
divvy,2,test,2024-06-20,0.1,RiskFirst,102.0,7.335140485137161,56.79999999999997,80.49999999999996,47.599999999999966,,1.0
divvy,2,test,2024-06-20,0.1,TemporalContext2024,102.0,7.9044225710958225,58.39999999999996,82.59999999999994,47.999999999999986,,1.0
divvy,2,test,2024-06-20,0.1,NetworkPropagation2024,102.0,7.655348976308787,55.19999999999997,78.89999999999995,47.59999999999997,,1.0
divvy,2,test,2024-06-20,0.1,CalibratedUncertainty2025,102.0,9.905275426125668,60.79999999999996,83.69999999999993,45.999999999999964,,1.0
divvy,2,test,2024-06-20,0.1,MappedPTO2026,102.0,6.939541694307534,61.59999999999996,85.79999999999993,47.99999999999998,,1.0
divvy,2,test,2024-06-20,0.1,GroupAware2025,102.0,8.071238809522491,59.199999999999974,82.09999999999995,45.99999999999994,,1.0
divvy,2,test,2024-06-20,0.1,RobustImprovement2025,102.0,7.923797740262902,55.99999999999998,78.89999999999996,45.99999999999995,,1.0
divvy,2,test,2024-06-20,0.2,StructuralRobust,204.0,1.6350087533137903,87.9999999999999,120.7999999999999,61.60000000000004,0.0,1.0
divvy,2,test,2024-06-20,0.2,ExpectedActionValue,204.0,60.59084823641631,38.0,52.599999999999994,26.39999999999999,,1.0
divvy,2,test,2024-06-20,0.2,PointwiseWorstAction,204.0,60.6508891530472,41.199999999999996,56.39999999999999,27.19999999999998,,1.0
divvy,2,test,2024-06-20,0.2,ScenarioCVaR,204.0,60.6508891530472,41.199999999999996,56.39999999999999,27.19999999999998,,1.0
divvy,2,test,2024-06-20,0.2,RiskFirst,204.0,15.021300840516595,87.59999999999992,118.7999999999999,59.999999999999986,,1.0
divvy,2,test,2024-06-20,0.2,TemporalContext2024,204.0,15.108010132309227,87.99999999999989,119.39999999999989,60.8000000000001,,1.0
divvy,2,test,2024-06-20,0.2,NetworkPropagation2024,204.0,16.70325281941903,84.79999999999988,115.79999999999988,59.20000000000006,,1.0
divvy,2,test,2024-06-20,0.2,CalibratedUncertainty2025,204.0,17.05438506198757,105.19999999999982,144.39999999999986,74.40000000000018,,1.0
divvy,2,test,2024-06-20,0.2,MappedPTO2026,204.0,16.605893180350094,87.9999999999999,120.7999999999999,61.60000000000004,,1.0
divvy,2,test,2024-06-20,0.2,GroupAware2025,204.0,13.663108314336123,83.99999999999993,114.39999999999992,58.40000000000002,,1.0
divvy,2,test,2024-06-20,0.2,RobustImprovement2025,204.0,17.770742591663378,71.19999999999996,101.39999999999993,59.19999999999996,,1.0
divvy,2,test,2024-06-21,0.01,StructuralRobust,11.0,0.13617316379973274,14.4,19.6,9.600000000000007,0.0,1.0
divvy,2,test,2024-06-21,0.01,ExpectedActionValue,11.0,13.034739657091599,0.0,0.0,0.0,,1.0
divvy,2,test,2024-06-21,0.01,PointwiseWorstAction,11.0,13.034739657091599,0.0,0.0,0.0,,1.0
divvy,2,test,2024-06-21,0.01,ScenarioCVaR,11.0,13.034739657091599,0.0,0.0,0.0,,1.0
divvy,2,test,2024-06-21,0.01,RiskFirst,11.0,1.090700607273797,12.8,18.800000000000004,11.200000000000006,,1.0
divvy,2,test,2024-06-21,0.01,TemporalContext2024,11.0,0.6288407548013379,12.8,20.400000000000002,14.400000000000006,,1.0
divvy,2,test,2024-06-21,0.01,NetworkPropagation2024,11.0,0.6646575147554322,11.200000000000001,18.8,14.400000000000004,,1.0
divvy,2,test,2024-06-21,0.01,CalibratedUncertainty2025,11.0,1.209810878312696,11.200000000000001,16.4,9.600000000000003,,1.0
divvy,2,test,2024-06-21,0.01,MappedPTO2026,11.0,0.6288407548013379,12.8,20.400000000000002,14.400000000000006,,1.0
divvy,2,test,2024-06-21,0.01,GroupAware2025,11.0,1.090700607273797,12.8,18.800000000000004,11.200000000000006,,1.0
divvy,2,test,2024-06-21,0.01,RobustImprovement2025,11.0,1.5757083998796158,13.600000000000001,18.800000000000004,9.600000000000005,,1.0
divvy,2,test,2024-06-21,0.03,StructuralRobust,32.0,22.510462432610247,28.800000000000015,38.2,16.799999999999986,0.0,1.0
divvy,2,test,2024-06-21,0.03,ExpectedActionValue,32.0,24.931730461923777,4.0,5.199999999999999,1.5999999999999996,,1.0
divvy,2,test,2024-06-21,0.03,PointwiseWorstAction,32.0,24.997123789946883,4.0,5.199999999999999,1.5999999999999996,,1.0
divvy,2,test,2024-06-21,0.03,ScenarioCVaR,32.0,24.997123789946883,4.0,5.199999999999999,1.5999999999999996,,1.0
divvy,2,test,2024-06-21,0.03,RiskFirst,32.0,2.3458693249855234,28.80000000000001,40.3,21.199999999999974,,1.0
divvy,2,test,2024-06-21,0.03,TemporalContext2024,32.0,2.3206382490831436,29.60000000000001,41.9,22.799999999999976,,1.0
divvy,2,test,2024-06-21,0.03,NetworkPropagation2024,32.0,2.3458693249855234,27.20000000000001,38.699999999999996,21.199999999999974,,1.0
divvy,2,test,2024-06-21,0.03,CalibratedUncertainty2025,32.0,3.0635239140374058,25.60000000000001,38.00000000000001,23.999999999999993,,1.0
divvy,2,test,2024-06-21,0.03,MappedPTO2026,32.0,2.173593785674884,28.80000000000001,40.9,21.99999999999998,,1.0
divvy,2,test,2024-06-21,0.03,GroupAware2025,32.0,2.2044991531812865,29.600000000000012,41.9,22.79999999999998,,1.0
divvy,2,test,2024-06-21,0.03,RobustImprovement2025,32.0,2.264443194107323,31.200000000000014,44.10000000000001,23.599999999999984,,1.0
divvy,2,test,2024-06-21,0.05,StructuralRobust,54.0,31.521229225527648,41.60000000000001,58.1,29.999999999999986,0.0,1.0
divvy,2,test,2024-06-21,0.05,ExpectedActionValue,54.0,33.23566395959916,6.3999999999999995,7.6,1.5999999999999996,,1.0
divvy,2,test,2024-06-21,0.05,PointwiseWorstAction,54.0,33.292632794934754,5.6,6.8,1.5999999999999996,,1.0
divvy,2,test,2024-06-21,0.05,ScenarioCVaR,54.0,33.292632794934754,5.6,6.8,1.5999999999999996,,1.0
divvy,2,test,2024-06-21,0.05,RiskFirst,54.0,3.253655855000707,38.4,54.69999999999998,29.199999999999967,,1.0
divvy,2,test,2024-06-21,0.05,TemporalContext2024,54.0,3.8920088590290445,40.79999999999999,56.49999999999998,28.39999999999997,,1.0
divvy,2,test,2024-06-21,0.05,NetworkPropagation2024,54.0,3.2117956075290532,39.99999999999999,54.69999999999998,25.99999999999998,,1.0
divvy,2,test,2024-06-21,0.05,CalibratedUncertainty2025,54.0,4.066398281756853,38.400000000000006,53.69999999999999,28.399999999999977,,1.0
divvy,2,test,2024-06-21,0.05,MappedPTO2026,54.0,3.4841398781728743,39.2,55.69999999999999,29.99999999999997,,1.0
divvy,2,test,2024-06-21,0.05,GroupAware2025,54.0,3.3013703773584795,39.199999999999996,54.899999999999984,28.39999999999997,,1.0
divvy,2,test,2024-06-21,0.05,RobustImprovement2025,54.0,3.2411618086719898,39.199999999999996,55.49999999999999,29.19999999999998,,1.0
divvy,2,test,2024-06-21,0.1,StructuralRobust,108.0,44.22445183256725,51.99999999999998,71.69999999999999,34.800000000000004,0.0,1.0
divvy,2,test,2024-06-21,0.1,ExpectedActionValue,108.0,43.76087671104147,17.6,23.900000000000006,10.8,,1.0
divvy,2,test,2024-06-21,0.1,PointwiseWorstAction,108.0,43.895123594198395,16.8,22.1,8.400000000000006,,1.0
divvy,2,test,2024-06-21,0.1,ScenarioCVaR,108.0,43.895123594198395,16.8,22.1,8.400000000000006,,1.0
divvy,2,test,2024-06-21,0.1,RiskFirst,108.0,6.309099496597276,53.599999999999966,73.89999999999995,35.59999999999998,,1.0
divvy,2,test,2024-06-21,0.1,TemporalContext2024,108.0,7.374203968602582,53.59999999999996,73.89999999999995,35.59999999999997,,1.0
divvy,2,test,2024-06-21,0.1,NetworkPropagation2024,108.0,8.187266173387721,53.19999999999997,73.49999999999997,35.59999999999999,,1.0
divvy,2,test,2024-06-21,0.1,CalibratedUncertainty2025,108.0,6.713761720360605,54.39999999999996,75.49999999999996,37.19999999999999,,1.0
divvy,2,test,2024-06-21,0.1,MappedPTO2026,108.0,5.785302788332328,53.19999999999997,73.49999999999996,35.59999999999999,,1.0
divvy,2,test,2024-06-21,0.1,GroupAware2025,108.0,7.127816557999245,55.599999999999966,75.89999999999996,35.59999999999998,,1.0
divvy,2,test,2024-06-21,0.1,RobustImprovement2025,108.0,5.75875010403448,53.19999999999997,72.89999999999998,34.800000000000004,,1.0
divvy,2,test,2024-06-21,0.2,StructuralRobust,215.0,1.265845576481701,76.39999999999992,102.29999999999991,45.2,0.0,1.0
divvy,2,test,2024-06-21,0.2,ExpectedActionValue,215.0,52.54096722458364,33.60000000000001,42.900000000000006,14.799999999999983,,1.0
divvy,2,test,2024-06-21,0.2,PointwiseWorstAction,215.0,52.52231032021376,32.80000000000001,42.1,14.79999999999999,,1.0
divvy,2,test,2024-06-21,0.2,ScenarioCVaR,215.0,52.52231032021376,32.80000000000001,42.1,14.79999999999999,,1.0
divvy,2,test,2024-06-21,0.2,RiskFirst,215.0,13.861399557456076,79.99999999999991,107.4999999999999,46.8,,1.0
divvy,2,test,2024-06-21,0.2,TemporalContext2024,215.0,13.569898301882441,79.59999999999991,107.49999999999991,48.39999999999999,,1.0
divvy,2,test,2024-06-21,0.2,NetworkPropagation2024,215.0,14.408026147879715,77.19999999999992,103.49999999999993,45.2,,1.0
divvy,2,test,2024-06-21,0.2,CalibratedUncertainty2025,215.0,11.968834841713681,83.59999999999988,109.89999999999986,45.19999999999999,,1.0
divvy,2,test,2024-06-21,0.2,MappedPTO2026,215.0,14.540524271014334,76.39999999999992,102.29999999999991,45.2,,1.0
divvy,2,test,2024-06-21,0.2,GroupAware2025,215.0,11.735970356387124,76.79999999999993,104.29999999999993,46.8,,1.0
divvy,2,test,2024-06-21,0.2,RobustImprovement2025,215.0,13.06396931992705,61.999999999999964,84.09999999999997,38.00000000000001,,1.0
divvy,2,test,2024-06-22,0.01,StructuralRobust,10.0,0.09172735013258959,6.4,7.6,1.5999999999999996,0.0,1.0
divvy,2,test,2024-06-22,0.01,ExpectedActionValue,10.0,9.689750135273357,0.8,0.8,0.0,,1.0
divvy,2,test,2024-06-22,0.01,PointwiseWorstAction,10.0,10.032593393927195,2.4000000000000004,3.0,0.7999999999999998,,1.0
divvy,2,test,2024-06-22,0.01,ScenarioCVaR,10.0,10.032593393927195,2.4000000000000004,3.0,0.7999999999999998,,1.0
divvy,2,test,2024-06-22,0.01,RiskFirst,10.0,1.4546556870901197,4.8,6.0,1.6000000000000005,,1.0
divvy,2,test,2024-06-22,0.01,TemporalContext2024,10.0,1.4546556870901197,4.8,6.0,1.6000000000000005,,1.0
divvy,2,test,2024-06-22,0.01,NetworkPropagation2024,10.0,1.5244389876026638,4.8,6.0,1.6000000000000005,,1.0
divvy,2,test,2024-06-22,0.01,CalibratedUncertainty2025,10.0,0.8966246322589645,8.0,9.200000000000001,1.6000000000000014,,1.0
divvy,2,test,2024-06-22,0.01,MappedPTO2026,10.0,1.4522097298993772,4.8,6.0,1.6000000000000005,,1.0
divvy,2,test,2024-06-22,0.01,GroupAware2025,10.0,1.4546556870901197,4.8,6.0,1.6000000000000005,,1.0
divvy,2,test,2024-06-22,0.01,RobustImprovement2025,10.0,1.3886431358259508,6.4,7.6,1.5999999999999996,,1.0
divvy,2,test,2024-06-22,0.03,StructuralRobust,30.0,18.179387629838327,17.2,21.000000000000004,5.6000000000000085,0.0,1.0
divvy,2,test,2024-06-22,0.03,ExpectedActionValue,30.0,21.79498963567596,5.6,7.6000000000000005,3.200000000000001,,1.0
divvy,2,test,2024-06-22,0.03,PointwiseWorstAction,30.0,21.95579517720387,4.8,5.999999999999999,1.5999999999999996,,1.0
divvy,2,test,2024-06-22,0.03,ScenarioCVaR,30.0,21.95579517720387,4.8,5.999999999999999,1.5999999999999996,,1.0
divvy,2,test,2024-06-22,0.03,RiskFirst,30.0,2.13534139400467,15.200000000000003,19.0,5.600000000000001,,1.0
divvy,2,test,2024-06-22,0.03,TemporalContext2024,30.0,2.222673514294311,14.400000000000002,17.6,4.800000000000001,,1.0
divvy,2,test,2024-06-22,0.03,NetworkPropagation2024,30.0,2.174687996906049,15.200000000000003,18.400000000000002,4.800000000000001,,1.0
divvy,2,test,2024-06-22,0.03,CalibratedUncertainty2025,30.0,1.8167576688131342,14.000000000000002,17.800000000000004,5.600000000000003,,1.0
divvy,2,test,2024-06-22,0.03,MappedPTO2026,30.0,2.1353413940046697,15.200000000000003,19.0,5.600000000000001,,1.0
divvy,2,test,2024-06-22,0.03,GroupAware2025,30.0,2.180909009438999,15.200000000000003,19.0,5.600000000000001,,1.0
divvy,2,test,2024-06-22,0.03,RobustImprovement2025,30.0,1.9184434701366306,14.800000000000002,18.000000000000004,4.8000000000000025,,1.0
divvy,2,test,2024-06-22,0.05,StructuralRobust,51.0,25.617774569271965,25.20000000000001,32.000000000000014,11.200000000000003,0.0,1.0
divvy,2,test,2024-06-22,0.05,ExpectedActionValue,51.0,30.370915232172237,8.8,10.8,3.200000000000001,,1.0
divvy,2,test,2024-06-22,0.05,PointwiseWorstAction,51.0,30.42250290750433,7.999999999999999,10.0,3.200000000000002,,1.0
divvy,2,test,2024-06-22,0.05,ScenarioCVaR,51.0,30.42250290750433,7.999999999999999,10.0,3.200000000000002,,1.0
divvy,2,test,2024-06-22,0.05,RiskFirst,51.0,2.811608607866047,22.000000000000007,27.000000000000007,7.200000000000003,,1.0
divvy,2,test,2024-06-22,0.05,TemporalContext2024,51.0,2.7334135058509146,21.200000000000006,25.60000000000001,6.400000000000002,,1.0
divvy,2,test,2024-06-22,0.05,NetworkPropagation2024,51.0,2.3432165731126013,21.200000000000006,25.60000000000001,6.400000000000002,,1.0
divvy,2,test,2024-06-22,0.05,CalibratedUncertainty2025,51.0,2.3853201528024224,23.60000000000001,30.400000000000013,11.200000000000003,,1.0
divvy,2,test,2024-06-22,0.05,MappedPTO2026,51.0,3.286749274301005,21.200000000000006,25.60000000000001,6.400000000000002,,1.0
divvy,2,test,2024-06-22,0.05,GroupAware2025,51.0,2.4221422861639867,22.000000000000007,27.000000000000007,7.200000000000003,,1.0
divvy,2,test,2024-06-22,0.05,RobustImprovement2025,51.0,3.3934462262009344,22.800000000000008,28.40000000000001,8.000000000000004,,1.0
divvy,2,test,2024-06-22,0.1,StructuralRobust,101.0,35.39641067316241,39.6,50.40000000000001,17.60000000000001,0.0,1.0
divvy,2,test,2024-06-22,0.1,ExpectedActionValue,101.0,41.81190235381179,18.400000000000006,25.10000000000001,10.400000000000002,,1.0
divvy,2,test,2024-06-22,0.1,PointwiseWorstAction,101.0,41.84409931376273,19.200000000000003,25.900000000000006,10.400000000000006,,1.0
divvy,2,test,2024-06-22,0.1,ScenarioCVaR,101.0,41.84409931376273,19.200000000000003,25.900000000000006,10.400000000000006,,1.0
divvy,2,test,2024-06-22,0.1,RiskFirst,101.0,5.211755630220433,38.800000000000004,47.39999999999999,13.599999999999987,,1.0
divvy,2,test,2024-06-22,0.1,TemporalContext2024,101.0,6.119975091600932,35.600000000000016,42.80000000000001,11.199999999999989,,1.0
divvy,2,test,2024-06-22,0.1,NetworkPropagation2024,101.0,5.8468918729687305,33.20000000000001,41.2,12.799999999999997,,1.0
divvy,2,test,2024-06-22,0.1,CalibratedUncertainty2025,101.0,7.3600436738386374,37.99999999999999,47.79999999999999,15.199999999999996,,1.0
divvy,2,test,2024-06-22,0.1,MappedPTO2026,101.0,5.211755630220432,38.800000000000004,47.4,13.599999999999994,,1.0
divvy,2,test,2024-06-22,0.1,GroupAware2025,101.0,5.104658739299591,39.59999999999999,48.999999999999986,15.199999999999996,,1.0
divvy,2,test,2024-06-22,0.1,RobustImprovement2025,101.0,5.3575737056196076,36.4,45.199999999999996,14.399999999999991,,1.0
divvy,2,test,2024-06-22,0.2,StructuralRobust,203.0,1.1220968911199427,68.39999999999998,88.39999999999998,33.599999999999994,0.0,1.0
divvy,2,test,2024-06-22,0.2,ExpectedActionValue,203.0,49.61981882742499,42.0,54.099999999999994,19.199999999999996,,1.0
divvy,2,test,2024-06-22,0.2,PointwiseWorstAction,203.0,49.73676614896924,37.6,48.4,16.799999999999997,,1.0
divvy,2,test,2024-06-22,0.2,ScenarioCVaR,203.0,49.73676614896924,37.6,48.4,16.799999999999997,,1.0
divvy,2,test,2024-06-22,0.2,RiskFirst,203.0,12.823390613349625,67.59999999999998,88.79999999999998,35.19999999999999,,1.0
divvy,2,test,2024-06-22,0.2,TemporalContext2024,203.0,13.052159715639181,55.59999999999999,70.39999999999999,23.999999999999993,,1.0
divvy,2,test,2024-06-22,0.2,NetworkPropagation2024,203.0,14.269389764827103,56.39999999999998,72.19999999999997,26.399999999999977,,1.0
divvy,2,test,2024-06-22,0.2,CalibratedUncertainty2025,203.0,12.527480962964626,64.39999999999996,82.29999999999997,30.799999999999997,,1.0
divvy,2,test,2024-06-22,0.2,MappedPTO2026,203.0,12.27056553923154,68.39999999999998,88.39999999999998,33.599999999999994,,1.0
divvy,2,test,2024-06-22,0.2,GroupAware2025,203.0,11.27200832683942,57.999999999999986,75.19999999999997,28.799999999999983,,1.0
divvy,2,test,2024-06-22,0.2,RobustImprovement2025,203.0,10.221038704436179,50.8,63.3,19.599999999999994,,1.0
divvy,2,test,2024-06-23,0.01,StructuralRobust,10.0,0.08548242802648523,6.3999999999999995,10.0,4.8,0.0,1.0
divvy,2,test,2024-06-23,0.01,ExpectedActionValue,10.0,12.473331821692307,0.0,0.0,0.0,,1.0
divvy,2,test,2024-06-23,0.01,PointwiseWorstAction,10.0,12.61002758483365,0.8,0.8,0.0,,1.0
divvy,2,test,2024-06-23,0.01,ScenarioCVaR,10.0,12.61002758483365,0.8,0.8,0.0,,1.0
divvy,2,test,2024-06-23,0.01,RiskFirst,10.0,0.6130347460111158,6.3999999999999995,9.8,5.6000000000000005,,1.0
divvy,2,test,2024-06-23,0.01,TemporalContext2024,10.0,0.6130347460111158,6.3999999999999995,9.8,5.6000000000000005,,1.0
divvy,2,test,2024-06-23,0.01,NetworkPropagation2024,10.0,0.6130347460111158,6.3999999999999995,9.8,5.600000000000002,,1.0
divvy,2,test,2024-06-23,0.01,CalibratedUncertainty2025,10.0,0.6322677510811185,8.8,13.400000000000002,7.200000000000003,,1.0
divvy,2,test,2024-06-23,0.01,MappedPTO2026,10.0,0.5610778128865265,6.3999999999999995,10.000000000000002,4.800000000000003,,1.0
divvy,2,test,2024-06-23,0.01,GroupAware2025,10.0,0.571285933246418,7.199999999999999,12.2,8.8,,1.0
divvy,2,test,2024-06-23,0.01,RobustImprovement2025,10.0,0.6131975973903709,6.3999999999999995,10.0,4.8,,1.0
divvy,2,test,2024-06-23,0.03,StructuralRobust,29.0,14.883640710086631,15.200000000000001,22.000000000000004,11.200000000000005,0.0,1.0
divvy,2,test,2024-06-23,0.03,ExpectedActionValue,29.0,22.049213490552887,3.2,3.8,0.7999999999999998,,1.0
divvy,2,test,2024-06-23,0.03,PointwiseWorstAction,29.0,22.561356513511747,2.4000000000000004,2.4000000000000004,0.0,,1.0
divvy,2,test,2024-06-23,0.03,ScenarioCVaR,29.0,22.561356513511747,2.4000000000000004,2.4000000000000004,0.0,,1.0
divvy,2,test,2024-06-23,0.03,RiskFirst,29.0,1.4202160861634552,14.400000000000002,23.0,15.2,,1.0
divvy,2,test,2024-06-23,0.03,TemporalContext2024,29.0,1.2824698814752333,14.400000000000002,23.000000000000004,15.200000000000003,,1.0
divvy,2,test,2024-06-23,0.03,NetworkPropagation2024,29.0,1.5279148982637747,13.600000000000001,21.6,14.400000000000002,,1.0
divvy,2,test,2024-06-23,0.03,CalibratedUncertainty2025,29.0,1.1815656361758573,16.800000000000004,23.800000000000008,12.000000000000004,,1.0
divvy,2,test,2024-06-23,0.03,MappedPTO2026,29.0,1.4553680459726772,15.200000000000003,23.800000000000008,15.200000000000006,,1.0
divvy,2,test,2024-06-23,0.03,GroupAware2025,29.0,1.3777808700239607,15.200000000000003,23.800000000000004,15.2,,1.0
divvy,2,test,2024-06-23,0.03,RobustImprovement2025,29.0,1.2180716802884082,16.000000000000004,24.600000000000005,15.200000000000003,,1.0
divvy,2,test,2024-06-23,0.05,StructuralRobust,48.0,20.967686134978553,25.60000000000001,36.0,19.19999999999998,0.0,1.0
divvy,2,test,2024-06-23,0.05,ExpectedActionValue,48.0,29.71501497471382,3.2,3.8,0.7999999999999998,,1.0
divvy,2,test,2024-06-23,0.05,PointwiseWorstAction,48.0,29.915180265458794,3.2,3.8,0.7999999999999998,,1.0
divvy,2,test,2024-06-23,0.05,ScenarioCVaR,48.0,29.915180265458794,3.2,3.8,0.7999999999999998,,1.0
divvy,2,test,2024-06-23,0.05,RiskFirst,48.0,2.3346262737190733,18.400000000000006,27.000000000000007,15.199999999999996,,1.0
divvy,2,test,2024-06-23,0.05,TemporalContext2024,48.0,2.3798280127579376,17.600000000000005,26.200000000000003,15.2,,1.0
divvy,2,test,2024-06-23,0.05,NetworkPropagation2024,48.0,2.627590503414978,16.800000000000004,25.400000000000006,15.200000000000003,,1.0
divvy,2,test,2024-06-23,0.05,CalibratedUncertainty2025,48.0,2.3389845575334807,21.60000000000001,30.00000000000001,14.399999999999991,,1.0
divvy,2,test,2024-06-23,0.05,MappedPTO2026,48.0,2.541186875024199,20.000000000000007,28.600000000000016,15.200000000000003,,1.0
divvy,2,test,2024-06-23,0.05,GroupAware2025,48.0,2.1904583415514516,19.200000000000006,29.400000000000002,18.399999999999988,,1.0
divvy,2,test,2024-06-23,0.05,RobustImprovement2025,48.0,2.2172481754563726,21.60000000000001,31.8,18.39999999999999,,1.0
divvy,2,test,2024-06-23,0.1,StructuralRobust,97.0,30.287733716537772,34.80000000000001,47.59999999999999,23.99999999999998,0.0,1.0
divvy,2,test,2024-06-23,0.1,ExpectedActionValue,97.0,40.84175917302352,12.000000000000002,15.000000000000004,5.600000000000003,,1.0
divvy,2,test,2024-06-23,0.1,PointwiseWorstAction,97.0,41.01625652586085,12.800000000000002,15.800000000000004,5.600000000000003,,1.0
divvy,2,test,2024-06-23,0.1,ScenarioCVaR,97.0,41.01625652586085,12.800000000000002,15.800000000000004,5.600000000000003,,1.0
divvy,2,test,2024-06-23,0.1,RiskFirst,97.0,4.132484587166118,36.000000000000014,49.6,25.599999999999973,,1.0
divvy,2,test,2024-06-23,0.1,TemporalContext2024,97.0,3.9673358684660975,32.80000000000001,46.39999999999999,25.599999999999973,,1.0
divvy,2,test,2024-06-23,0.1,NetworkPropagation2024,97.0,3.6441791960714043,32.000000000000014,43.2,20.799999999999976,,1.0
divvy,2,test,2024-06-23,0.1,CalibratedUncertainty2025,97.0,4.250185531389198,36.80000000000001,51.2,27.19999999999998,,1.0
divvy,2,test,2024-06-23,0.1,MappedPTO2026,97.0,3.8530419014463986,36.40000000000001,50.0,25.59999999999998,,1.0
divvy,2,test,2024-06-23,0.1,GroupAware2025,97.0,4.232135605818653,36.000000000000014,49.599999999999994,25.59999999999996,,1.0
divvy,2,test,2024-06-23,0.1,RobustImprovement2025,97.0,3.781331235187377,34.40000000000001,47.999999999999986,25.599999999999973,,1.0
divvy,2,test,2024-06-23,0.2,StructuralRobust,193.0,0.9462588755169942,49.199999999999996,65.79999999999998,31.199999999999953,0.0,1.0
divvy,2,test,2024-06-23,0.2,ExpectedActionValue,193.0,50.386254744452245,22.40000000000001,28.20000000000001,10.400000000000002,,1.0
divvy,2,test,2024-06-23,0.2,PointwiseWorstAction,193.0,50.26997699820271,22.40000000000001,27.600000000000012,9.600000000000005,,1.0
divvy,2,test,2024-06-23,0.2,ScenarioCVaR,193.0,50.26997699820271,22.40000000000001,27.600000000000012,9.600000000000005,,1.0
divvy,2,test,2024-06-23,0.2,RiskFirst,193.0,8.206925437205859,50.800000000000004,69.99999999999997,36.79999999999995,,1.0
divvy,2,test,2024-06-23,0.2,TemporalContext2024,193.0,10.178436608208592,48.800000000000004,65.79999999999998,32.79999999999995,,1.0
divvy,2,test,2024-06-23,0.2,NetworkPropagation2024,193.0,8.079940341595064,48.0,66.19999999999999,34.39999999999998,,1.0
divvy,2,test,2024-06-23,0.2,CalibratedUncertainty2025,193.0,10.754677256217674,69.19999999999996,89.79999999999994,39.199999999999974,,1.0
divvy,2,test,2024-06-23,0.2,MappedPTO2026,193.0,8.979935610883876,49.199999999999996,65.79999999999998,31.199999999999953,,1.0
divvy,2,test,2024-06-23,0.2,GroupAware2025,193.0,9.158204209025786,47.600000000000016,65.19999999999999,33.59999999999996,,1.0
divvy,2,test,2024-06-23,0.2,RobustImprovement2025,193.0,9.844626960825162,37.6,51.79999999999998,26.399999999999977,,1.0
divvy,2,test,2024-06-24,0.01,StructuralRobust,10.0,0.1576916177459124,9.200000000000001,15.4,12.000000000000002,0.0,1.0
divvy,2,test,2024-06-24,0.01,ExpectedActionValue,10.0,13.361724212308399,2.4000000000000004,2.4000000000000004,0.0,,1.0
divvy,2,test,2024-06-24,0.01,PointwiseWorstAction,10.0,13.67859702684602,1.6,1.6,0.0,,1.0
divvy,2,test,2024-06-24,0.01,ScenarioCVaR,10.0,13.67859702684602,1.6,1.6,0.0,,1.0
divvy,2,test,2024-06-24,0.01,RiskFirst,10.0,0.27718221227422185,9.200000000000001,14.399999999999999,9.599999999999996,,1.0
divvy,2,test,2024-06-24,0.01,TemporalContext2024,10.0,0.27718221227422185,9.200000000000001,14.399999999999999,9.599999999999996,,1.0
divvy,2,test,2024-06-24,0.01,NetworkPropagation2024,10.0,0.2512934018094578,8.4,13.0,8.799999999999999,,1.0
divvy,2,test,2024-06-24,0.01,CalibratedUncertainty2025,10.0,0.7954645121906536,10.799999999999999,18.200000000000003,13.600000000000003,,1.0
divvy,2,test,2024-06-24,0.01,MappedPTO2026,10.0,0.2512934018094578,8.4,13.799999999999999,10.399999999999997,,1.0
divvy,2,test,2024-06-24,0.01,GroupAware2025,10.0,0.2790132932372324,7.6000000000000005,12.2,8.799999999999997,,1.0
divvy,2,test,2024-06-24,0.01,RobustImprovement2025,10.0,0.2635094660101581,10.000000000000002,17.0,13.6,,1.0
divvy,2,test,2024-06-24,0.03,StructuralRobust,29.0,25.42739151530377,18.800000000000004,26.400000000000002,14.399999999999999,0.0,1.0
divvy,2,test,2024-06-24,0.03,ExpectedActionValue,29.0,27.1564942733023,8.8,9.400000000000002,0.8000000000000007,,1.0
divvy,2,test,2024-06-24,0.03,PointwiseWorstAction,29.0,27.49420950624478,6.4,7.000000000000002,0.8000000000000007,,1.0
divvy,2,test,2024-06-24,0.03,ScenarioCVaR,29.0,27.49420950624478,6.4,7.000000000000002,0.8000000000000007,,1.0
divvy,2,test,2024-06-24,0.03,RiskFirst,29.0,1.172979559084328,19.600000000000005,29.600000000000005,19.199999999999992,,1.0
divvy,2,test,2024-06-24,0.03,TemporalContext2024,29.0,1.172979559084328,19.600000000000005,29.60000000000001,19.199999999999985,,1.0
divvy,2,test,2024-06-24,0.03,NetworkPropagation2024,29.0,0.5670819523161367,19.60000000000001,29.600000000000005,19.19999999999999,,1.0
divvy,2,test,2024-06-24,0.03,CalibratedUncertainty2025,29.0,1.660163553360245,17.200000000000003,27.800000000000004,20.0,,1.0
divvy,2,test,2024-06-24,0.03,MappedPTO2026,29.0,1.1076046706423315,18.800000000000004,28.800000000000004,19.199999999999996,,1.0
divvy,2,test,2024-06-24,0.03,GroupAware2025,29.0,1.173592103954244,19.600000000000005,29.600000000000005,19.199999999999992,,1.0
divvy,2,test,2024-06-24,0.03,RobustImprovement2025,29.0,2.385517793547777,19.600000000000005,30.0,19.199999999999992,,1.0
divvy,2,test,2024-06-24,0.05,StructuralRobust,49.0,36.12468602370787,30.400000000000013,44.199999999999996,24.799999999999976,0.0,1.0
divvy,2,test,2024-06-24,0.05,ExpectedActionValue,49.0,38.00821705443017,11.200000000000001,13.000000000000002,2.4000000000000004,,1.0
divvy,2,test,2024-06-24,0.05,PointwiseWorstAction,49.0,38.17437559521758,12.000000000000002,14.600000000000001,3.9999999999999982,,1.0
divvy,2,test,2024-06-24,0.05,ScenarioCVaR,49.0,38.17437559521758,12.000000000000002,14.600000000000001,3.9999999999999982,,1.0
divvy,2,test,2024-06-24,0.05,RiskFirst,49.0,2.6223389350931705,23.60000000000001,35.400000000000006,21.599999999999987,,1.0
divvy,2,test,2024-06-24,0.05,TemporalContext2024,49.0,2.607101848898113,23.60000000000001,35.400000000000006,21.59999999999998,,1.0
divvy,2,test,2024-06-24,0.05,NetworkPropagation2024,49.0,3.353303576173542,23.600000000000012,35.400000000000006,21.599999999999984,,1.0
divvy,2,test,2024-06-24,0.05,CalibratedUncertainty2025,49.0,2.3494891535270837,26.80000000000001,41.400000000000006,26.39999999999999,,1.0
divvy,2,test,2024-06-24,0.05,MappedPTO2026,49.0,2.6223389350931705,23.60000000000001,35.400000000000006,21.599999999999987,,1.0
divvy,2,test,2024-06-24,0.05,GroupAware2025,49.0,2.633744765864591,23.60000000000001,35.400000000000006,21.599999999999987,,1.0
divvy,2,test,2024-06-24,0.05,RobustImprovement2025,49.0,2.528421909393683,25.20000000000001,37.599999999999994,22.399999999999984,,1.0
divvy,2,test,2024-06-24,0.1,StructuralRobust,97.0,52.92301287877588,43.199999999999996,60.199999999999996,29.599999999999987,0.0,1.0
divvy,2,test,2024-06-24,0.1,ExpectedActionValue,97.0,50.897097193329714,17.600000000000005,22.400000000000006,7.9999999999999964,,1.0
divvy,2,test,2024-06-24,0.1,PointwiseWorstAction,97.0,50.91152134623179,15.200000000000005,20.000000000000004,7.999999999999995,,1.0
divvy,2,test,2024-06-24,0.1,ScenarioCVaR,97.0,50.91152134623179,15.200000000000005,20.000000000000004,7.999999999999995,,1.0
divvy,2,test,2024-06-24,0.1,RiskFirst,97.0,5.9244292994471355,44.000000000000014,60.99999999999999,29.59999999999995,,1.0
divvy,2,test,2024-06-24,0.1,TemporalContext2024,97.0,7.024316161287734,43.20000000000002,59.599999999999994,28.799999999999955,,1.0
divvy,2,test,2024-06-24,0.1,NetworkPropagation2024,97.0,5.918605001638043,41.600000000000016,58.79999999999999,30.399999999999956,,1.0
divvy,2,test,2024-06-24,0.1,CalibratedUncertainty2025,97.0,8.468306268885438,42.39999999999999,59.399999999999984,29.59999999999998,,1.0
divvy,2,test,2024-06-24,0.1,MappedPTO2026,97.0,5.986506069865183,42.40000000000002,58.8,28.799999999999955,,1.0
divvy,2,test,2024-06-24,0.1,GroupAware2025,97.0,6.4145153547951095,39.20000000000001,54.39999999999999,27.199999999999967,,1.0
divvy,2,test,2024-06-24,0.1,RobustImprovement2025,97.0,7.732386345261215,41.20000000000001,57.59999999999999,28.79999999999996,,1.0
divvy,2,test,2024-06-24,0.2,StructuralRobust,195.0,1.55955920057563,65.59999999999997,89.59999999999994,41.599999999999966,0.0,1.0
divvy,2,test,2024-06-24,0.2,ExpectedActionValue,195.0,59.80400953256745,34.40000000000001,46.8,22.399999999999977,,1.0
divvy,2,test,2024-06-24,0.2,PointwiseWorstAction,195.0,59.82111454579729,32.000000000000014,42.6,18.399999999999977,,1.0
divvy,2,test,2024-06-24,0.2,ScenarioCVaR,195.0,59.82111454579729,32.000000000000014,42.6,18.399999999999977,,1.0
divvy,2,test,2024-06-24,0.2,RiskFirst,195.0,14.519104745153689,63.99999999999998,86.59999999999995,39.19999999999995,,1.0
divvy,2,test,2024-06-24,0.2,TemporalContext2024,195.0,14.774206980626907,65.59999999999997,88.19999999999993,39.19999999999996,,1.0
divvy,2,test,2024-06-24,0.2,NetworkPropagation2024,195.0,14.844226289888486,64.79999999999998,88.19999999999993,40.799999999999955,,1.0
divvy,2,test,2024-06-24,0.2,CalibratedUncertainty2025,195.0,14.85277017700836,76.3999999999999,102.79999999999988,44.79999999999998,,1.0
divvy,2,test,2024-06-24,0.2,MappedPTO2026,195.0,14.783622422793703,65.59999999999997,89.59999999999994,41.599999999999966,,1.0
divvy,2,test,2024-06-24,0.2,GroupAware2025,195.0,14.841765135988355,63.199999999999974,84.99999999999994,37.59999999999995,,1.0
divvy,2,test,2024-06-24,0.2,RobustImprovement2025,195.0,14.8489897142439,55.999999999999986,77.79999999999997,37.599999999999966,,1.0
divvy,2,test,2024-06-25,0.01,StructuralRobust,9.0,0.1696773823026944,6.3999999999999995,8.0,3.2000000000000037,0.0,1.0
divvy,2,test,2024-06-25,0.01,ExpectedActionValue,9.0,11.451857119118257,0.0,0.0,0.0,,1.0
divvy,2,test,2024-06-25,0.01,PointwiseWorstAction,9.0,11.870603438442338,0.0,0.0,0.0,,1.0
divvy,2,test,2024-06-25,0.01,ScenarioCVaR,9.0,11.870603438442338,0.0,0.0,0.0,,1.0
divvy,2,test,2024-06-25,0.01,RiskFirst,9.0,0.314023124101651,6.4,8.0,3.200000000000001,,1.0
divvy,2,test,2024-06-25,0.01,TemporalContext2024,9.0,0.3482367868775814,4.8,6.4,3.2,,1.0
divvy,2,test,2024-06-25,0.01,NetworkPropagation2024,9.0,0.17872700586732243,4.0,4.0,0.0,,1.0
divvy,2,test,2024-06-25,0.01,CalibratedUncertainty2025,9.0,0.09805573359080445,4.0,4.0,0.0,,1.0
divvy,2,test,2024-06-25,0.01,MappedPTO2026,9.0,0.12062632633283778,4.0,4.0,0.0,,1.0
divvy,2,test,2024-06-25,0.01,GroupAware2025,9.0,0.314023124101651,6.4,8.0,3.200000000000001,,1.0
divvy,2,test,2024-06-25,0.01,RobustImprovement2025,9.0,0.36545035375088536,6.3999999999999995,8.0,3.2000000000000037,,1.0
divvy,2,test,2024-06-25,0.03,StructuralRobust,28.0,23.569543529016318,15.200000000000003,17.400000000000006,4.0000000000000036,0.0,1.0
divvy,2,test,2024-06-25,0.03,ExpectedActionValue,28.0,24.151338603874173,3.2,4.6,2.3999999999999995,,1.0
divvy,2,test,2024-06-25,0.03,PointwiseWorstAction,28.0,24.61845979249182,2.4000000000000004,3.8,2.3999999999999995,,1.0
divvy,2,test,2024-06-25,0.03,ScenarioCVaR,28.0,24.61845979249182,2.4000000000000004,3.8,2.3999999999999995,,1.0
divvy,2,test,2024-06-25,0.03,RiskFirst,28.0,0.8399834660419182,13.600000000000005,16.600000000000005,5.599999999999998,,1.0
divvy,2,test,2024-06-25,0.03,TemporalContext2024,28.0,0.8399834660419182,14.400000000000007,17.400000000000006,5.599999999999996,,1.0
divvy,2,test,2024-06-25,0.03,NetworkPropagation2024,28.0,0.8585058209419779,12.800000000000004,15.800000000000004,5.600000000000001,,1.0
divvy,2,test,2024-06-25,0.03,CalibratedUncertainty2025,28.0,0.7572406970910179,12.0,14.200000000000003,4.0000000000000036,,1.0
divvy,2,test,2024-06-25,0.03,MappedPTO2026,28.0,1.0662177453026465,13.600000000000005,17.200000000000003,6.400000000000002,,1.0
divvy,2,test,2024-06-25,0.03,GroupAware2025,28.0,0.8399162473032017,13.600000000000005,15.800000000000004,4.0,,1.0
divvy,2,test,2024-06-25,0.03,RobustImprovement2025,28.0,0.8270786615901171,12.800000000000004,15.000000000000004,4.0000000000000036,,1.0
divvy,2,test,2024-06-25,0.05,StructuralRobust,47.0,32.59503973392477,23.200000000000006,29.000000000000007,10.399999999999995,0.0,1.0
divvy,2,test,2024-06-25,0.05,ExpectedActionValue,47.0,33.42652556766757,3.2,4.6,2.3999999999999995,,1.0
divvy,2,test,2024-06-25,0.05,PointwiseWorstAction,47.0,33.852645091871544,3.2,4.6,2.3999999999999995,,1.0
divvy,2,test,2024-06-25,0.05,ScenarioCVaR,47.0,33.852645091871544,3.2,4.6,2.3999999999999995,,1.0
divvy,2,test,2024-06-25,0.05,RiskFirst,47.0,2.228419064474747,22.00000000000001,26.20000000000001,7.199999999999999,,1.0
divvy,2,test,2024-06-25,0.05,TemporalContext2024,47.0,1.8313085481771467,22.400000000000013,26.600000000000012,7.199999999999999,,1.0
divvy,2,test,2024-06-25,0.05,NetworkPropagation2024,47.0,1.8426397037228133,20.400000000000006,24.000000000000007,6.400000000000002,,1.0
divvy,2,test,2024-06-25,0.05,CalibratedUncertainty2025,47.0,2.4463157661237287,20.800000000000008,24.20000000000001,5.600000000000005,,1.0
divvy,2,test,2024-06-25,0.05,MappedPTO2026,47.0,1.9921329754201316,20.40000000000001,25.20000000000001,8.000000000000004,,1.0
divvy,2,test,2024-06-25,0.05,GroupAware2025,47.0,2.0650314159774394,22.80000000000001,27.600000000000012,8.0,,1.0
divvy,2,test,2024-06-25,0.05,RobustImprovement2025,47.0,2.547546518658586,21.20000000000001,25.20000000000001,6.400000000000006,,1.0
divvy,2,test,2024-06-25,0.1,StructuralRobust,94.0,44.75313110884075,37.6,46.800000000000004,15.999999999999986,0.0,1.0
divvy,2,test,2024-06-25,0.1,ExpectedActionValue,94.0,46.21043585292793,9.6,13.8,7.200000000000001,,1.0
divvy,2,test,2024-06-25,0.1,PointwiseWorstAction,94.0,46.3126479615852,9.600000000000001,13.8,7.200000000000003,,1.0
divvy,2,test,2024-06-25,0.1,ScenarioCVaR,94.0,46.3126479615852,9.600000000000001,13.8,7.200000000000003,,1.0
divvy,2,test,2024-06-25,0.1,RiskFirst,94.0,5.6500527768830535,34.80000000000001,43.400000000000006,15.199999999999982,,1.0
divvy,2,test,2024-06-25,0.1,TemporalContext2024,94.0,5.712718358156665,33.20000000000001,41.80000000000001,15.199999999999996,,1.0
divvy,2,test,2024-06-25,0.1,NetworkPropagation2024,94.0,5.3405908755606015,33.20000000000001,41.800000000000004,15.199999999999989,,1.0
divvy,2,test,2024-06-25,0.1,CalibratedUncertainty2025,94.0,6.854303189586921,34.40000000000001,43.00000000000001,15.199999999999982,,1.0
divvy,2,test,2024-06-25,0.1,MappedPTO2026,94.0,6.165880640057342,34.80000000000001,43.400000000000006,15.199999999999989,,1.0
divvy,2,test,2024-06-25,0.1,GroupAware2025,94.0,5.6614541645991325,35.20000000000001,43.8,15.199999999999982,,1.0
divvy,2,test,2024-06-25,0.1,RobustImprovement2025,94.0,5.811873051550412,34.80000000000001,43.400000000000006,15.199999999999982,,1.0
divvy,2,test,2024-06-25,0.2,StructuralRobust,187.0,1.3315238220012404,49.59999999999999,60.59999999999998,18.399999999999984,0.0,1.0
divvy,2,test,2024-06-25,0.2,ExpectedActionValue,187.0,55.759243771982824,18.400000000000006,24.000000000000004,9.599999999999998,,1.0
divvy,2,test,2024-06-25,0.2,PointwiseWorstAction,187.0,55.81215763333693,19.200000000000006,24.800000000000008,9.600000000000005,,1.0
divvy,2,test,2024-06-25,0.2,ScenarioCVaR,187.0,55.81215763333693,19.200000000000006,24.800000000000008,9.600000000000005,,1.0
divvy,2,test,2024-06-25,0.2,RiskFirst,187.0,12.784340297537835,49.59999999999998,61.39999999999998,20.0,,1.0
divvy,2,test,2024-06-25,0.2,TemporalContext2024,187.0,13.721378978035958,51.99999999999999,66.6,24.79999999999999,,1.0
divvy,2,test,2024-06-25,0.2,NetworkPropagation2024,187.0,12.75733665294959,43.999999999999986,53.79999999999999,16.799999999999997,,1.0
divvy,2,test,2024-06-25,0.2,CalibratedUncertainty2025,187.0,14.84062877318775,59.59999999999996,73.79999999999997,24.800000000000004,,1.0
divvy,2,test,2024-06-25,0.2,MappedPTO2026,187.0,15.300229164255068,49.59999999999999,60.59999999999998,18.399999999999984,,1.0
divvy,2,test,2024-06-25,0.2,GroupAware2025,187.0,12.748690155622652,45.19999999999999,55.59999999999999,17.599999999999994,,1.0
divvy,2,test,2024-06-25,0.2,RobustImprovement2025,187.0,16.14604228348083,42.4,53.19999999999999,19.19999999999998,,1.0
divvy,2,test,2024-06-26,0.01,StructuralRobust,10.0,0.15929375270409482,12.8,19.8,15.200000000000003,0.0,1.0
divvy,2,test,2024-06-26,0.01,ExpectedActionValue,10.0,15.369607942275717,2.4000000000000004,3.0,0.7999999999999998,,1.0
divvy,2,test,2024-06-26,0.01,PointwiseWorstAction,10.0,15.466219072300893,2.4000000000000004,3.0,0.7999999999999998,,1.0
divvy,2,test,2024-06-26,0.01,ScenarioCVaR,10.0,15.466219072300893,2.4000000000000004,3.0,0.7999999999999998,,1.0
divvy,2,test,2024-06-26,0.01,RiskFirst,10.0,0.296664079520818,12.000000000000004,18.600000000000005,13.600000000000001,,1.0
divvy,2,test,2024-06-26,0.01,TemporalContext2024,10.0,0.26787167767765957,11.200000000000003,17.800000000000004,13.600000000000001,,1.0
divvy,2,test,2024-06-26,0.01,NetworkPropagation2024,10.0,0.26787167767765957,11.200000000000003,17.800000000000004,13.600000000000001,,1.0
divvy,2,test,2024-06-26,0.01,CalibratedUncertainty2025,10.0,0.7434910132362345,10.400000000000004,16.8,12.799999999999999,,1.0
divvy,2,test,2024-06-26,0.01,MappedPTO2026,10.0,0.2633837357453428,12.000000000000002,16.800000000000004,9.600000000000003,,1.0
divvy,2,test,2024-06-26,0.01,GroupAware2025,10.0,0.296664079520818,12.000000000000004,18.600000000000005,13.600000000000001,,1.0
divvy,2,test,2024-06-26,0.01,RobustImprovement2025,10.0,0.2607592499169532,9.600000000000001,14.400000000000002,9.600000000000001,,1.0
divvy,2,test,2024-06-26,0.03,StructuralRobust,30.0,24.697669347130443,26.400000000000006,36.2,20.0,0.0,1.0
divvy,2,test,2024-06-26,0.03,ExpectedActionValue,30.0,30.154870006092043,6.4,8.2,2.4000000000000004,,1.0
divvy,2,test,2024-06-26,0.03,PointwiseWorstAction,30.0,30.489429981220898,6.4,8.2,2.4000000000000004,,1.0
divvy,2,test,2024-06-26,0.03,ScenarioCVaR,30.0,30.489429981220898,6.4,8.2,2.4000000000000004,,1.0
divvy,2,test,2024-06-26,0.03,RiskFirst,30.0,1.6585262861558985,24.80000000000001,36.2,23.19999999999999,,1.0
divvy,2,test,2024-06-26,0.03,TemporalContext2024,30.0,1.7653212386273112,25.600000000000012,37.0,23.199999999999985,,1.0
divvy,2,test,2024-06-26,0.03,NetworkPropagation2024,30.0,1.8376539093466846,24.000000000000007,34.400000000000006,20.79999999999999,,1.0
divvy,2,test,2024-06-26,0.03,CalibratedUncertainty2025,30.0,1.8565201613204407,24.00000000000001,34.400000000000006,20.799999999999994,,1.0
divvy,2,test,2024-06-26,0.03,MappedPTO2026,30.0,1.804450705296012,23.20000000000001,32.400000000000006,19.19999999999998,,1.0
divvy,2,test,2024-06-26,0.03,GroupAware2025,30.0,1.7653212386273112,25.600000000000012,37.0,23.199999999999985,,1.0
divvy,2,test,2024-06-26,0.03,RobustImprovement2025,30.0,1.9592864331880788,24.800000000000008,34.6,19.999999999999982,,1.0
divvy,2,test,2024-06-26,0.05,StructuralRobust,50.0,36.25828146914344,35.20000000000001,50.2,29.599999999999987,0.0,1.0
divvy,2,test,2024-06-26,0.05,ExpectedActionValue,50.0,40.50227966226776,6.4,8.2,2.4000000000000004,,1.0
divvy,2,test,2024-06-26,0.05,PointwiseWorstAction,50.0,40.6572539800654,6.4,8.2,2.4000000000000004,,1.0
divvy,2,test,2024-06-26,0.05,ScenarioCVaR,50.0,40.6572539800654,6.4,8.2,2.4000000000000004,,1.0
divvy,2,test,2024-06-26,0.05,RiskFirst,50.0,2.536375931467465,35.20000000000001,49.39999999999999,27.999999999999986,,1.0
divvy,2,test,2024-06-26,0.05,TemporalContext2024,50.0,2.55375843204906,34.40000000000001,47.8,26.399999999999977,,1.0
divvy,2,test,2024-06-26,0.05,NetworkPropagation2024,50.0,2.4523871725031516,35.20000000000001,49.4,27.99999999999997,,1.0
divvy,2,test,2024-06-26,0.05,CalibratedUncertainty2025,50.0,4.036092958109153,36.00000000000001,52.400000000000006,30.399999999999984,,1.0
divvy,2,test,2024-06-26,0.05,MappedPTO2026,50.0,2.5413926632321813,34.400000000000006,48.59999999999999,27.99999999999998,,1.0
divvy,2,test,2024-06-26,0.05,GroupAware2025,50.0,2.55344859379942,36.000000000000014,50.199999999999996,27.99999999999998,,1.0
divvy,2,test,2024-06-26,0.05,RobustImprovement2025,50.0,2.478923141301202,35.2,49.59999999999999,28.79999999999997,,1.0
divvy,2,test,2024-06-26,0.1,StructuralRobust,101.0,54.19012881353474,59.19999999999998,81.99999999999997,43.199999999999996,0.0,1.0
divvy,2,test,2024-06-26,0.1,ExpectedActionValue,101.0,53.49662757232835,14.800000000000002,19.8,8.799999999999995,,1.0
divvy,2,test,2024-06-26,0.1,PointwiseWorstAction,101.0,53.576783524840856,15.6,20.6,8.799999999999999,,1.0
divvy,2,test,2024-06-26,0.1,ScenarioCVaR,101.0,53.576783524840856,15.6,20.6,8.799999999999999,,1.0
divvy,2,test,2024-06-26,0.1,RiskFirst,101.0,8.464665737011734,53.59999999999998,75.79999999999997,40.79999999999998,,1.0
divvy,2,test,2024-06-26,0.1,TemporalContext2024,101.0,7.907974036758571,52.79999999999998,74.99999999999997,40.79999999999998,,1.0
divvy,2,test,2024-06-26,0.1,NetworkPropagation2024,101.0,7.019898630469444,51.19999999999998,73.39999999999998,40.79999999999999,,1.0
divvy,2,test,2024-06-26,0.1,CalibratedUncertainty2025,101.0,9.295356046306429,55.99999999999998,77.79999999999998,40.79999999999999,,1.0
divvy,2,test,2024-06-26,0.1,MappedPTO2026,101.0,8.559380389329963,52.799999999999976,74.39999999999996,39.99999999999998,,1.0
divvy,2,test,2024-06-26,0.1,GroupAware2025,101.0,8.564740157664062,54.39999999999999,77.39999999999998,42.39999999999998,,1.0
divvy,2,test,2024-06-26,0.1,RobustImprovement2025,101.0,8.266794134901417,55.199999999999974,77.39999999999996,40.79999999999997,,1.0
divvy,2,test,2024-06-26,0.2,StructuralRobust,202.0,1.6365141548556983,85.19999999999992,116.29999999999993,58.80000000000008,0.0,1.0
divvy,2,test,2024-06-26,0.2,ExpectedActionValue,202.0,62.83970797247264,33.20000000000001,43.599999999999994,17.59999999999998,,1.0
divvy,2,test,2024-06-26,0.2,PointwiseWorstAction,202.0,62.80955656867454,33.2,42.99999999999999,16.799999999999976,,1.0
divvy,2,test,2024-06-26,0.2,ScenarioCVaR,202.0,62.80955656867454,33.2,42.99999999999999,16.799999999999976,,1.0
divvy,2,test,2024-06-26,0.2,RiskFirst,202.0,13.365022753626787,84.39999999999992,115.49999999999994,58.8000000000001,,1.0
divvy,2,test,2024-06-26,0.2,TemporalContext2024,202.0,13.354167507350452,85.9999999999999,117.49999999999994,60.40000000000008,,1.0
divvy,2,test,2024-06-26,0.2,NetworkPropagation2024,202.0,13.229263580094251,82.79999999999991,112.29999999999993,55.600000000000065,,1.0
divvy,2,test,2024-06-26,0.2,CalibratedUncertainty2025,202.0,14.095181805312258,90.79999999999987,124.29999999999994,63.600000000000165,,1.0
divvy,2,test,2024-06-26,0.2,MappedPTO2026,202.0,13.619622219195032,85.19999999999992,116.29999999999993,58.80000000000008,,1.0
divvy,2,test,2024-06-26,0.2,GroupAware2025,202.0,13.612962997569955,81.99999999999994,112.79999999999993,57.60000000000002,,1.0
divvy,2,test,2024-06-26,0.2,RobustImprovement2025,202.0,16.177444728053146,74.79999999999994,105.09999999999995,57.2,,1.0
divvy,2,test,2024-06-27,0.01,StructuralRobust,11.0,0.26451274661937474,12.000000000000002,14.8,4.799999999999999,0.0,1.0
divvy,2,test,2024-06-27,0.01,ExpectedActionValue,11.0,11.429779961341765,1.6,2.4000000000000004,1.6,,1.0
divvy,2,test,2024-06-27,0.01,PointwiseWorstAction,11.0,11.80676697152525,1.6,2.4000000000000004,1.6,,1.0
divvy,2,test,2024-06-27,0.01,ScenarioCVaR,11.0,11.80676697152525,1.6,2.4000000000000004,1.6,,1.0
divvy,2,test,2024-06-27,0.01,RiskFirst,11.0,0.5068835614357088,11.200000000000005,15.600000000000001,7.999999999999998,,1.0
divvy,2,test,2024-06-27,0.01,TemporalContext2024,11.0,0.5068835614357088,11.200000000000005,15.600000000000001,7.999999999999998,,1.0
divvy,2,test,2024-06-27,0.01,NetworkPropagation2024,11.0,0.5068835614357088,11.200000000000003,15.600000000000001,8.0,,1.0
divvy,2,test,2024-06-27,0.01,CalibratedUncertainty2025,11.0,0.4688743436228309,12.000000000000004,15.600000000000001,6.399999999999999,,1.0
divvy,2,test,2024-06-27,0.01,MappedPTO2026,11.0,0.5086705667644551,12.000000000000002,15.600000000000001,6.4,,1.0
divvy,2,test,2024-06-27,0.01,GroupAware2025,11.0,0.5068835614357088,11.200000000000005,15.600000000000001,7.999999999999998,,1.0
divvy,2,test,2024-06-27,0.01,RobustImprovement2025,11.0,0.4357061894025653,12.000000000000004,16.400000000000002,7.9999999999999964,,1.0
divvy,2,test,2024-06-27,0.03,StructuralRobust,34.0,32.42168164503785,31.200000000000014,44.7,25.199999999999985,0.0,1.0
divvy,2,test,2024-06-27,0.03,ExpectedActionValue,34.0,25.106692472515448,4.8,7.2,4.800000000000002,,1.0
divvy,2,test,2024-06-27,0.03,PointwiseWorstAction,34.0,25.446726923858332,5.6,8.0,4.8000000000000025,,1.0
divvy,2,test,2024-06-27,0.03,ScenarioCVaR,34.0,25.446726923858332,5.6,8.0,4.8000000000000025,,1.0
divvy,2,test,2024-06-27,0.03,RiskFirst,34.0,0.9634471902530448,35.20000000000001,49.900000000000006,26.799999999999997,,1.0
divvy,2,test,2024-06-27,0.03,TemporalContext2024,34.0,0.9634471902530448,35.20000000000001,49.900000000000006,26.799999999999983,,1.0
divvy,2,test,2024-06-27,0.03,NetworkPropagation2024,34.0,1.1352147931382404,33.60000000000001,47.7,25.999999999999986,,1.0
divvy,2,test,2024-06-27,0.03,CalibratedUncertainty2025,34.0,0.9686539565995895,32.800000000000004,46.1,24.4,,1.0
divvy,2,test,2024-06-27,0.03,MappedPTO2026,34.0,1.5481499727583006,36.800000000000004,52.099999999999994,27.599999999999987,,1.0
divvy,2,test,2024-06-27,0.03,GroupAware2025,34.0,0.9634471902530448,35.20000000000002,49.900000000000006,26.79999999999999,,1.0
divvy,2,test,2024-06-27,0.03,RobustImprovement2025,34.0,1.1793698807265698,32.80000000000001,47.1,26.79999999999999,,1.0
divvy,2,test,2024-06-27,0.05,StructuralRobust,56.0,42.597412272865995,47.19999999999998,67.69999999999999,37.19999999999998,0.0,1.0
divvy,2,test,2024-06-27,0.05,ExpectedActionValue,56.0,34.51939876898334,11.200000000000001,17.8,12.000000000000002,,1.0
divvy,2,test,2024-06-27,0.05,PointwiseWorstAction,56.0,34.79494894795468,10.4,16.2,10.4,,1.0
divvy,2,test,2024-06-27,0.05,ScenarioCVaR,56.0,34.79494894795468,10.4,16.2,10.4,,1.0
divvy,2,test,2024-06-27,0.05,RiskFirst,56.0,5.246125535730429,47.99999999999999,69.89999999999998,39.59999999999999,,1.0
divvy,2,test,2024-06-27,0.05,TemporalContext2024,56.0,4.615863173627386,47.99999999999999,68.89999999999999,37.199999999999996,,1.0
divvy,2,test,2024-06-27,0.05,NetworkPropagation2024,56.0,5.2033984961376945,47.199999999999996,68.29999999999998,37.999999999999964,,1.0
divvy,2,test,2024-06-27,0.05,CalibratedUncertainty2025,56.0,3.2472965665624085,42.39999999999999,62.10000000000001,35.60000000000001,,1.0
divvy,2,test,2024-06-27,0.05,MappedPTO2026,56.0,4.62884859243105,46.39999999999999,66.69999999999999,36.39999999999999,,1.0
divvy,2,test,2024-06-27,0.05,GroupAware2025,56.0,4.641993826584111,46.4,66.69999999999999,36.399999999999984,,1.0
divvy,2,test,2024-06-27,0.05,RobustImprovement2025,56.0,5.244343209471891,48.8,70.69999999999999,39.59999999999998,,1.0
divvy,2,test,2024-06-27,0.1,StructuralRobust,112.0,58.09279517538418,67.19999999999996,95.49999999999996,50.8,0.0,1.0
divvy,2,test,2024-06-27,0.1,ExpectedActionValue,112.0,49.84674030436047,20.800000000000008,32.60000000000001,21.59999999999999,,1.0
divvy,2,test,2024-06-27,0.1,PointwiseWorstAction,112.0,49.96650643616134,20.800000000000008,32.6,21.599999999999998,,1.0
divvy,2,test,2024-06-27,0.1,ScenarioCVaR,112.0,49.96650643616134,20.800000000000008,32.6,21.599999999999998,,1.0
divvy,2,test,2024-06-27,0.1,RiskFirst,112.0,8.069886863100052,64.79999999999995,93.09999999999994,50.79999999999998,,1.0
divvy,2,test,2024-06-27,0.1,TemporalContext2024,112.0,7.958451706965126,59.99999999999996,85.89999999999995,46.0,,1.0
divvy,2,test,2024-06-27,0.1,NetworkPropagation2024,112.0,7.1725819838447595,59.999999999999964,84.69999999999996,44.399999999999984,,1.0
divvy,2,test,2024-06-27,0.1,CalibratedUncertainty2025,112.0,6.997992380684305,61.59999999999995,87.89999999999995,46.0,,1.0
divvy,2,test,2024-06-27,0.1,MappedPTO2026,112.0,7.144330142921573,59.19999999999996,84.49999999999996,45.2,,1.0
divvy,2,test,2024-06-27,0.1,GroupAware2025,112.0,9.42081737988975,62.39999999999996,88.49999999999996,46.79999999999998,,1.0
divvy,2,test,2024-06-27,0.1,RobustImprovement2025,112.0,8.74418969363498,63.19999999999997,88.89999999999995,45.19999999999998,,1.0
divvy,2,test,2024-06-27,0.2,StructuralRobust,225.0,1.732997724558826,92.79999999999988,134.29999999999993,74.80000000000011,0.0,1.0
divvy,2,test,2024-06-27,0.2,ExpectedActionValue,225.0,61.22729517654295,34.400000000000006,51.199999999999996,30.399999999999977,,1.0
divvy,2,test,2024-06-27,0.2,PointwiseWorstAction,225.0,61.468795850610434,36.80000000000001,54.60000000000001,32.8,,1.0
divvy,2,test,2024-06-27,0.2,ScenarioCVaR,225.0,61.468795850610434,36.80000000000001,54.60000000000001,32.8,,1.0
divvy,2,test,2024-06-27,0.2,RiskFirst,225.0,13.94978780010245,89.59999999999988,128.49999999999994,69.20000000000013,,1.0
divvy,2,test,2024-06-27,0.2,TemporalContext2024,225.0,14.91938725511407,87.99999999999989,125.49999999999993,66.80000000000013,,1.0
divvy,2,test,2024-06-27,0.2,NetworkPropagation2024,225.0,13.128196562173862,84.7999999999999,121.69999999999992,66.00000000000006,,1.0
divvy,2,test,2024-06-27,0.2,CalibratedUncertainty2025,225.0,14.61942912242721,107.9999999999998,149.89999999999998,73.20000000000039,,1.0
divvy,2,test,2024-06-27,0.2,MappedPTO2026,225.0,15.587585483094855,92.79999999999988,134.29999999999993,74.80000000000011,,1.0
divvy,2,test,2024-06-27,0.2,GroupAware2025,225.0,16.41831755220466,85.59999999999991,123.29999999999993,67.60000000000005,,1.0
divvy,2,test,2024-06-27,0.2,RobustImprovement2025,225.0,18.08470425771986,78.39999999999993,113.69999999999993,62.800000000000026,,1.0
divvy,2,test,2024-06-28,0.01,StructuralRobust,10.0,0.14105297858165108,9.6,13.6,8.000000000000002,0.0,1.0
divvy,2,test,2024-06-28,0.01,ExpectedActionValue,10.0,11.260832933612123,0.0,0.0,0.0,,1.0
divvy,2,test,2024-06-28,0.01,PointwiseWorstAction,10.0,11.320569837174453,0.0,0.0,0.0,,1.0
divvy,2,test,2024-06-28,0.01,ScenarioCVaR,10.0,11.320569837174453,0.0,0.0,0.0,,1.0
divvy,2,test,2024-06-28,0.01,RiskFirst,10.0,0.7113396317760536,9.6,13.0,7.200000000000001,,1.0
divvy,2,test,2024-06-28,0.01,TemporalContext2024,10.0,1.4454129965070348,9.6,13.000000000000002,7.200000000000005,,1.0
divvy,2,test,2024-06-28,0.01,NetworkPropagation2024,10.0,1.4441582359122485,8.8,12.200000000000001,7.199999999999999,,1.0
divvy,2,test,2024-06-28,0.01,CalibratedUncertainty2025,10.0,1.389896733454739,11.2,15.200000000000001,8.000000000000004,,1.0
divvy,2,test,2024-06-28,0.01,MappedPTO2026,10.0,0.7113396317760536,9.6,13.0,7.200000000000001,,1.0
divvy,2,test,2024-06-28,0.01,GroupAware2025,10.0,0.7022544789145454,9.6,13.600000000000001,8.000000000000002,,1.0
divvy,2,test,2024-06-28,0.01,RobustImprovement2025,10.0,0.6794318083135353,10.4,14.400000000000002,8.000000000000002,,1.0
divvy,2,test,2024-06-28,0.03,StructuralRobust,29.0,21.17922328908153,21.600000000000005,26.800000000000004,9.600000000000005,0.0,1.0
divvy,2,test,2024-06-28,0.03,ExpectedActionValue,29.0,23.86357489818012,2.4000000000000004,2.4000000000000004,0.0,,1.0
divvy,2,test,2024-06-28,0.03,PointwiseWorstAction,29.0,24.197591892211815,2.4000000000000004,2.4000000000000004,0.0,,1.0
divvy,2,test,2024-06-28,0.03,ScenarioCVaR,29.0,24.197591892211815,2.4000000000000004,2.4000000000000004,0.0,,1.0
divvy,2,test,2024-06-28,0.03,RiskFirst,29.0,2.1580372038405864,20.800000000000004,27.400000000000013,12.000000000000007,,1.0
divvy,2,test,2024-06-28,0.03,TemporalContext2024,29.0,2.236469040257985,20.800000000000008,26.80000000000001,11.2,,1.0
divvy,2,test,2024-06-28,0.03,NetworkPropagation2024,29.0,2.3980084760012197,20.800000000000008,26.800000000000004,11.2,,1.0
divvy,2,test,2024-06-28,0.03,CalibratedUncertainty2025,29.0,2.4572167912624736,21.60000000000001,27.400000000000013,10.400000000000006,,1.0
divvy,2,test,2024-06-28,0.03,MappedPTO2026,29.0,1.7968507164157785,20.800000000000004,26.80000000000001,11.200000000000003,,1.0
divvy,2,test,2024-06-28,0.03,GroupAware2025,29.0,2.1580372038405864,20.800000000000004,27.400000000000013,12.000000000000007,,1.0
divvy,2,test,2024-06-28,0.03,RobustImprovement2025,29.0,2.308382769657092,21.600000000000005,27.60000000000001,11.2,,1.0
divvy,2,test,2024-06-28,0.05,StructuralRobust,48.0,28.82970324845169,32.000000000000014,39.2,12.799999999999976,0.0,1.0
divvy,2,test,2024-06-28,0.05,ExpectedActionValue,48.0,32.67501283948658,4.8,6.4,3.200000000000002,,1.0
divvy,2,test,2024-06-28,0.05,PointwiseWorstAction,48.0,32.91121955432662,4.8,6.4,3.200000000000002,,1.0
divvy,2,test,2024-06-28,0.05,ScenarioCVaR,48.0,32.91121955432662,4.8,6.4,3.200000000000002,,1.0
divvy,2,test,2024-06-28,0.05,RiskFirst,48.0,4.72737925228015,30.00000000000001,37.2,12.799999999999986,,1.0
divvy,2,test,2024-06-28,0.05,TemporalContext2024,48.0,3.8163197310034653,28.800000000000015,36.00000000000001,12.799999999999986,,1.0
divvy,2,test,2024-06-28,0.05,NetworkPropagation2024,48.0,3.5921937569858264,29.200000000000014,37.00000000000001,13.59999999999999,,1.0
divvy,2,test,2024-06-28,0.05,CalibratedUncertainty2025,48.0,4.405461116638746,29.600000000000016,36.800000000000004,12.799999999999983,,1.0
divvy,2,test,2024-06-28,0.05,MappedPTO2026,48.0,4.8288528471722545,30.400000000000013,37.600000000000016,12.79999999999999,,1.0
divvy,2,test,2024-06-28,0.05,GroupAware2025,48.0,4.412074801212014,29.600000000000012,36.800000000000004,12.799999999999986,,1.0
divvy,2,test,2024-06-28,0.05,RobustImprovement2025,48.0,4.4950658605670295,30.400000000000013,37.60000000000001,12.79999999999999,,1.0
divvy,2,test,2024-06-28,0.1,StructuralRobust,96.0,39.661444944125975,39.199999999999996,46.999999999999986,13.59999999999998,0.0,1.0
divvy,2,test,2024-06-28,0.1,ExpectedActionValue,96.0,44.233897586352526,12.000000000000002,13.600000000000007,3.2000000000000064,,1.0
divvy,2,test,2024-06-28,0.1,PointwiseWorstAction,96.0,44.35177566552371,12.000000000000002,13.600000000000007,3.2000000000000064,,1.0
divvy,2,test,2024-06-28,0.1,ScenarioCVaR,96.0,44.35177566552371,12.000000000000002,13.600000000000007,3.2000000000000064,,1.0
divvy,2,test,2024-06-28,0.1,RiskFirst,96.0,8.946117693085176,39.19999999999999,47.59999999999998,14.399999999999991,,1.0
divvy,2,test,2024-06-28,0.1,TemporalContext2024,96.0,8.295357173154665,39.19999999999999,47.59999999999998,14.399999999999991,,1.0
divvy,2,test,2024-06-28,0.1,NetworkPropagation2024,96.0,9.086339341705104,37.199999999999996,44.99999999999999,13.599999999999987,,1.0
divvy,2,test,2024-06-28,0.1,CalibratedUncertainty2025,96.0,8.39107227951357,38.0,46.39999999999999,14.399999999999984,,1.0
divvy,2,test,2024-06-28,0.1,MappedPTO2026,96.0,8.570889689316793,39.199999999999996,46.99999999999999,13.599999999999987,,1.0
divvy,2,test,2024-06-28,0.1,GroupAware2025,96.0,8.981755317134114,40.8,49.19999999999999,14.399999999999984,,1.0
divvy,2,test,2024-06-28,0.1,RobustImprovement2025,96.0,9.24930543728997,39.999999999999986,48.39999999999998,14.399999999999991,,1.0
divvy,2,test,2024-06-28,0.2,StructuralRobust,193.0,1.21687223856582,49.19999999999997,60.39999999999997,19.19999999999998,0.0,1.0
divvy,2,test,2024-06-28,0.2,ExpectedActionValue,193.0,54.18257678453284,16.800000000000004,19.000000000000007,4.000000000000007,,1.0
divvy,2,test,2024-06-28,0.2,PointwiseWorstAction,193.0,54.37886559846301,17.600000000000005,19.800000000000008,4.000000000000007,,1.0
divvy,2,test,2024-06-28,0.2,ScenarioCVaR,193.0,54.37886559846301,17.600000000000005,19.800000000000008,4.000000000000007,,1.0
divvy,2,test,2024-06-28,0.2,RiskFirst,193.0,14.033644371235201,49.999999999999964,61.39999999999996,19.999999999999993,,1.0
divvy,2,test,2024-06-28,0.2,TemporalContext2024,193.0,15.265725940348215,48.39999999999997,58.99999999999997,18.4,,1.0
divvy,2,test,2024-06-28,0.2,NetworkPropagation2024,193.0,14.058894914708212,45.99999999999997,54.99999999999997,15.199999999999996,,1.0
divvy,2,test,2024-06-28,0.2,CalibratedUncertainty2025,193.0,14.96685111300459,56.799999999999955,69.39999999999995,21.59999999999998,,1.0
divvy,2,test,2024-06-28,0.2,MappedPTO2026,193.0,15.466365384432542,49.19999999999997,60.39999999999997,19.19999999999998,,1.0
divvy,2,test,2024-06-28,0.2,GroupAware2025,193.0,15.059019439375133,47.59999999999997,57.39999999999998,16.79999999999999,,1.0
divvy,2,test,2024-06-28,0.2,RobustImprovement2025,193.0,18.06590360070329,43.199999999999974,52.199999999999974,15.199999999999996,,1.0
divvy,2,test,2024-06-29,0.01,StructuralRobust,10.0,0.08860843373575567,4.3999999999999995,5.0,0.8000000000000007,0.0,1.0
divvy,2,test,2024-06-29,0.01,ExpectedActionValue,10.0,12.66048639453713,1.6,1.9,0.3999999999999999,,1.0
divvy,2,test,2024-06-29,0.01,PointwiseWorstAction,10.0,12.971594177481943,1.6,1.9,0.3999999999999999,,1.0
divvy,2,test,2024-06-29,0.01,ScenarioCVaR,10.0,12.971594177481943,1.6,1.9,0.3999999999999999,,1.0
divvy,2,test,2024-06-29,0.01,RiskFirst,10.0,2.172289131933573,5.199999999999999,6.5,2.0000000000000018,,1.0
divvy,2,test,2024-06-29,0.01,TemporalContext2024,10.0,2.2053693551246516,3.5999999999999996,4.2,0.8000000000000007,,1.0
divvy,2,test,2024-06-29,0.01,NetworkPropagation2024,10.0,2.229550941554947,2.0,2.0,0.0,,1.0
divvy,2,test,2024-06-29,0.01,CalibratedUncertainty2025,10.0,1.2725162169409114,3.6,5.800000000000001,4.000000000000002,,1.0
divvy,2,test,2024-06-29,0.01,MappedPTO2026,10.0,2.095828106420995,2.0,2.0,0.0,,1.0
divvy,2,test,2024-06-29,0.01,GroupAware2025,10.0,2.205369355124652,3.5999999999999996,4.2,0.8000000000000007,,1.0
divvy,2,test,2024-06-29,0.01,RobustImprovement2025,10.0,2.2249410516565056,4.3999999999999995,5.0,0.8000000000000007,,1.0
divvy,2,test,2024-06-29,0.03,StructuralRobust,30.0,16.638869203316347,11.600000000000001,15.100000000000001,6.0,0.0,1.0
divvy,2,test,2024-06-29,0.03,ExpectedActionValue,30.0,27.363272621736687,1.6,1.9,0.3999999999999999,,1.0
divvy,2,test,2024-06-29,0.03,PointwiseWorstAction,30.0,27.838628871482094,1.6,1.9,0.3999999999999999,,1.0
divvy,2,test,2024-06-29,0.03,ScenarioCVaR,30.0,27.838628871482094,1.6,1.9,0.3999999999999999,,1.0
divvy,2,test,2024-06-29,0.03,RiskFirst,30.0,2.434279098279468,10.000000000000002,13.500000000000004,6.000000000000002,,1.0
divvy,2,test,2024-06-29,0.03,TemporalContext2024,30.0,2.4788880005409775,10.000000000000002,13.500000000000002,5.999999999999998,,1.0
divvy,2,test,2024-06-29,0.03,NetworkPropagation2024,30.0,2.5870701994698138,8.4,11.3,5.200000000000001,,1.0
divvy,2,test,2024-06-29,0.03,CalibratedUncertainty2025,30.0,2.829516060965342,8.4,11.900000000000002,6.0000000000000036,,1.0
divvy,2,test,2024-06-29,0.03,MappedPTO2026,30.0,3.6288779442388908,12.400000000000002,16.200000000000003,6.399999999999999,,1.0
divvy,2,test,2024-06-29,0.03,GroupAware2025,30.0,2.331888444889064,10.000000000000002,13.500000000000002,5.999999999999998,,1.0
divvy,2,test,2024-06-29,0.03,RobustImprovement2025,30.0,3.058067670981698,10.800000000000002,14.3,5.999999999999998,,1.0
divvy,2,test,2024-06-29,0.05,StructuralRobust,50.0,22.857479352672836,13.200000000000001,17.5,7.600000000000003,0.0,1.0
divvy,2,test,2024-06-29,0.05,ExpectedActionValue,50.0,37.53325520932916,3.2,5.1000000000000005,3.6000000000000005,,1.0
divvy,2,test,2024-06-29,0.05,PointwiseWorstAction,50.0,37.81129127307388,2.4000000000000004,3.5,2.0,,1.0
divvy,2,test,2024-06-29,0.05,ScenarioCVaR,50.0,37.81129127307388,2.4000000000000004,3.5,2.0,,1.0
divvy,2,test,2024-06-29,0.05,RiskFirst,50.0,5.318308450770668,14.000000000000004,18.6,8.000000000000004,,1.0
divvy,2,test,2024-06-29,0.05,TemporalContext2024,50.0,5.841711298820789,14.000000000000004,18.400000000000002,7.199999999999999,,1.0
divvy,2,test,2024-06-29,0.05,NetworkPropagation2024,50.0,3.7516379523633763,11.600000000000003,15.100000000000005,6.000000000000002,,1.0
divvy,2,test,2024-06-29,0.05,CalibratedUncertainty2025,50.0,3.268309854324241,14.000000000000005,18.900000000000006,8.400000000000004,,1.0
divvy,2,test,2024-06-29,0.05,MappedPTO2026,50.0,5.1594147807522495,14.800000000000004,19.400000000000006,7.9999999999999964,,1.0
divvy,2,test,2024-06-29,0.05,GroupAware2025,50.0,5.242364359607386,14.800000000000004,19.200000000000006,7.199999999999999,,1.0
divvy,2,test,2024-06-29,0.05,RobustImprovement2025,50.0,4.2710260525797885,12.400000000000004,16.700000000000003,7.6,,1.0
divvy,2,test,2024-06-29,0.1,StructuralRobust,100.0,31.168323292788152,20.40000000000001,29.000000000000007,14.399999999999995,0.0,1.0
divvy,2,test,2024-06-29,0.1,ExpectedActionValue,100.0,52.86520250826047,4.8,7.300000000000001,4.400000000000001,,1.0
divvy,2,test,2024-06-29,0.1,PointwiseWorstAction,100.0,53.1020177051932,4.8,7.300000000000001,4.400000000000001,,1.0
divvy,2,test,2024-06-29,0.1,ScenarioCVaR,100.0,53.1020177051932,4.8,7.300000000000001,4.400000000000001,,1.0
divvy,2,test,2024-06-29,0.1,RiskFirst,100.0,9.795230944026471,19.60000000000001,27.60000000000001,13.600000000000001,,1.0
divvy,2,test,2024-06-29,0.1,TemporalContext2024,100.0,8.172399149350476,20.000000000000007,27.200000000000006,11.999999999999993,,1.0
divvy,2,test,2024-06-29,0.1,NetworkPropagation2024,100.0,9.472626068898617,17.200000000000006,23.200000000000006,10.399999999999999,,1.0
divvy,2,test,2024-06-29,0.1,CalibratedUncertainty2025,100.0,8.043898648611586,19.60000000000001,28.00000000000001,13.600000000000009,,1.0
divvy,2,test,2024-06-29,0.1,MappedPTO2026,100.0,9.055979119521249,20.40000000000001,28.400000000000013,13.599999999999998,,1.0
divvy,2,test,2024-06-29,0.1,GroupAware2025,100.0,9.21572641971414,18.800000000000008,25.400000000000006,11.199999999999996,,1.0
divvy,2,test,2024-06-29,0.1,RobustImprovement2025,100.0,10.16136574043883,21.20000000000001,28.400000000000013,12.0,,1.0
divvy,2,test,2024-06-29,0.2,StructuralRobust,200.0,0.9689603164886408,33.20000000000002,47.400000000000006,22.39999999999999,0.0,1.0
divvy,2,test,2024-06-29,0.2,ExpectedActionValue,200.0,64.44785712697026,11.999999999999998,16.5,7.600000000000007,,1.0
divvy,2,test,2024-06-29,0.2,PointwiseWorstAction,200.0,64.45159268635338,12.799999999999999,17.3,7.600000000000007,,1.0
divvy,2,test,2024-06-29,0.2,ScenarioCVaR,200.0,64.45159268635338,12.799999999999999,17.3,7.600000000000007,,1.0
divvy,2,test,2024-06-29,0.2,RiskFirst,200.0,16.234158578568355,32.40000000000002,44.800000000000004,19.99999999999998,,1.0
divvy,2,test,2024-06-29,0.2,TemporalContext2024,200.0,14.253647288407121,30.400000000000016,43.00000000000001,20.799999999999972,,1.0
divvy,2,test,2024-06-29,0.2,NetworkPropagation2024,200.0,14.599895382989986,26.800000000000015,37.40000000000001,17.599999999999984,,1.0
divvy,2,test,2024-06-29,0.2,CalibratedUncertainty2025,200.0,16.33742595297371,41.199999999999996,55.80000000000001,22.400000000000013,,1.0
divvy,2,test,2024-06-29,0.2,MappedPTO2026,200.0,14.37585396416552,33.20000000000002,47.400000000000006,22.39999999999999,,1.0
divvy,2,test,2024-06-29,0.2,GroupAware2025,200.0,17.201169805827966,25.200000000000014,35.20000000000001,16.799999999999986,,1.0
divvy,2,test,2024-06-29,0.2,RobustImprovement2025,200.0,15.530025947553595,30.000000000000018,41.80000000000001,19.199999999999992,,1.0
divvy,2,test,2024-06-30,0.01,StructuralRobust,10.0,0.06912047459617454,6.3999999999999995,9.3,4.400000000000001,0.0,1.0
divvy,2,test,2024-06-30,0.01,ExpectedActionValue,10.0,10.584279577225677,3.2,4.6000000000000005,2.4000000000000004,,1.0
divvy,2,test,2024-06-30,0.01,PointwiseWorstAction,10.0,10.715166309802129,1.6,1.6,0.0,,1.0
divvy,2,test,2024-06-30,0.01,ScenarioCVaR,10.0,10.715166309802129,1.6,1.6,0.0,,1.0
divvy,2,test,2024-06-30,0.01,RiskFirst,10.0,0.47260974123122945,5.6000000000000005,8.1,4.3999999999999995,,1.0
divvy,2,test,2024-06-30,0.01,TemporalContext2024,10.0,0.4633478145990373,4.0,6.2,4.0,,1.0
divvy,2,test,2024-06-30,0.01,NetworkPropagation2024,10.0,0.13840945992783296,1.6,2.4000000000000004,1.6,,1.0
divvy,2,test,2024-06-30,0.01,CalibratedUncertainty2025,10.0,0.7847339522351596,3.2,4.6000000000000005,2.4000000000000004,,1.0
divvy,2,test,2024-06-30,0.01,MappedPTO2026,10.0,0.47283145347700495,5.6,8.3,5.200000000000001,,1.0
divvy,2,test,2024-06-30,0.01,GroupAware2025,10.0,0.5116452296275329,4.0,6.4,4.800000000000001,,1.0
divvy,2,test,2024-06-30,0.01,RobustImprovement2025,10.0,1.581012513256368,6.3999999999999995,9.3,4.400000000000001,,1.0
divvy,2,test,2024-06-30,0.03,StructuralRobust,31.0,15.066589825442632,16.0,21.5,8.399999999999999,0.0,1.0
divvy,2,test,2024-06-30,0.03,ExpectedActionValue,31.0,23.222035652141365,6.3999999999999995,8.8,4.800000000000002,,1.0
divvy,2,test,2024-06-30,0.03,PointwiseWorstAction,31.0,23.59114917413525,6.3999999999999995,8.8,4.800000000000002,,1.0
divvy,2,test,2024-06-30,0.03,ScenarioCVaR,31.0,23.59114917413525,6.3999999999999995,8.8,4.800000000000002,,1.0
divvy,2,test,2024-06-30,0.03,RiskFirst,31.0,2.331199823213022,16.800000000000004,23.700000000000006,10.800000000000004,,1.0
divvy,2,test,2024-06-30,0.03,TemporalContext2024,31.0,1.6787648582479624,16.8,23.900000000000006,11.600000000000005,,1.0
divvy,2,test,2024-06-30,0.03,NetworkPropagation2024,31.0,2.1231101591424486,16.800000000000004,24.300000000000004,11.600000000000005,,1.0
divvy,2,test,2024-06-30,0.03,CalibratedUncertainty2025,31.0,2.0857141169239983,16.000000000000004,22.900000000000006,10.800000000000004,,1.0
divvy,2,test,2024-06-30,0.03,MappedPTO2026,31.0,1.679651451967738,16.0,22.900000000000006,10.800000000000008,,1.0
divvy,2,test,2024-06-30,0.03,GroupAware2025,31.0,2.331199823213022,16.800000000000004,23.700000000000006,10.800000000000004,,1.0
divvy,2,test,2024-06-30,0.03,RobustImprovement2025,31.0,2.697635896542736,17.600000000000005,24.300000000000008,10.000000000000004,,1.0
divvy,2,test,2024-06-30,0.05,StructuralRobust,51.0,20.563710672370977,24.00000000000001,32.30000000000001,13.199999999999992,0.0,1.0
divvy,2,test,2024-06-30,0.05,ExpectedActionValue,51.0,32.39840543129451,9.6,13.400000000000002,7.200000000000005,,1.0
divvy,2,test,2024-06-30,0.05,PointwiseWorstAction,51.0,33.020124487159244,9.6,13.400000000000002,7.200000000000005,,1.0
divvy,2,test,2024-06-30,0.05,ScenarioCVaR,51.0,33.020124487159244,9.6,13.400000000000002,7.200000000000005,,1.0
divvy,2,test,2024-06-30,0.05,RiskFirst,51.0,3.992661215852371,22.40000000000001,30.700000000000003,13.199999999999992,,1.0
divvy,2,test,2024-06-30,0.05,TemporalContext2024,51.0,3.4137510903756283,21.600000000000005,29.900000000000006,13.199999999999992,,1.0
divvy,2,test,2024-06-30,0.05,NetworkPropagation2024,51.0,3.602065021537769,20.000000000000007,28.30000000000001,13.200000000000003,,1.0
divvy,2,test,2024-06-30,0.05,CalibratedUncertainty2025,51.0,2.9866597772283074,21.60000000000001,29.900000000000006,13.199999999999996,,1.0
divvy,2,test,2024-06-30,0.05,MappedPTO2026,51.0,3.6759527724077734,24.000000000000007,33.10000000000001,14.79999999999999,,1.0
divvy,2,test,2024-06-30,0.05,GroupAware2025,51.0,3.3652138255784485,24.00000000000001,32.30000000000001,13.199999999999992,,1.0
divvy,2,test,2024-06-30,0.05,RobustImprovement2025,51.0,3.4030364459662574,20.000000000000007,28.30000000000001,13.200000000000003,,1.0
divvy,2,test,2024-06-30,0.1,StructuralRobust,102.0,28.644573378704692,35.20000000000001,48.3,21.19999999999998,0.0,1.0
divvy,2,test,2024-06-30,0.1,ExpectedActionValue,102.0,48.417568911373856,12.4,17.8,10.400000000000004,,1.0
divvy,2,test,2024-06-30,0.1,PointwiseWorstAction,102.0,48.571291102312045,12.8,18.800000000000004,11.200000000000006,,1.0
divvy,2,test,2024-06-30,0.1,ScenarioCVaR,102.0,48.571291102312045,12.8,18.800000000000004,11.200000000000006,,1.0
divvy,2,test,2024-06-30,0.1,RiskFirst,102.0,6.6410564354908095,35.20000000000001,47.49999999999999,19.599999999999973,,1.0
divvy,2,test,2024-06-30,0.1,TemporalContext2024,102.0,7.806569236979432,31.200000000000014,42.300000000000004,17.999999999999968,,1.0
divvy,2,test,2024-06-30,0.1,NetworkPropagation2024,102.0,7.1246343719676295,31.200000000000017,41.699999999999996,17.199999999999967,,1.0
divvy,2,test,2024-06-30,0.1,CalibratedUncertainty2025,102.0,6.673592659738244,36.80000000000001,49.3,20.39999999999997,,1.0
divvy,2,test,2024-06-30,0.1,MappedPTO2026,102.0,6.902686173293799,32.000000000000014,43.099999999999994,17.999999999999964,,1.0
divvy,2,test,2024-06-30,0.1,GroupAware2025,102.0,6.180959395865027,35.20000000000001,46.099999999999994,17.199999999999967,,1.0
divvy,2,test,2024-06-30,0.1,RobustImprovement2025,102.0,6.257931211206163,35.20000000000001,47.49999999999999,19.599999999999966,,1.0
divvy,2,test,2024-06-30,0.2,StructuralRobust,205.0,1.0037925649598594,48.79999999999998,65.49999999999997,27.599999999999994,0.0,1.0
divvy,2,test,2024-06-30,0.2,ExpectedActionValue,205.0,60.8886487996103,17.200000000000003,24.000000000000007,12.800000000000008,,1.0
divvy,2,test,2024-06-30,0.2,PointwiseWorstAction,205.0,60.607163606466806,18.800000000000004,27.20000000000001,16.000000000000007,,1.0
divvy,2,test,2024-06-30,0.2,ScenarioCVaR,205.0,60.607163606466806,18.800000000000004,27.20000000000001,16.000000000000007,,1.0
divvy,2,test,2024-06-30,0.2,RiskFirst,205.0,12.93045188538681,55.999999999999986,78.29999999999997,35.599999999999994,,1.0
divvy,2,test,2024-06-30,0.2,TemporalContext2024,205.0,14.679322640760867,53.59999999999999,74.29999999999998,33.99999999999999,,1.0
divvy,2,test,2024-06-30,0.2,NetworkPropagation2024,205.0,14.168871520951422,48.79999999999998,65.89999999999996,27.59999999999998,,1.0
divvy,2,test,2024-06-30,0.2,CalibratedUncertainty2025,205.0,12.885235462564548,59.19999999999995,79.09999999999995,32.4,,1.0
divvy,2,test,2024-06-30,0.2,MappedPTO2026,205.0,12.852005967620787,48.79999999999998,65.49999999999997,27.599999999999994,,1.0
divvy,2,test,2024-06-30,0.2,GroupAware2025,205.0,12.284984606569436,46.39999999999999,63.499999999999986,25.999999999999986,,1.0
divvy,2,test,2024-06-30,0.2,RobustImprovement2025,205.0,12.499047360922509,44.79999999999999,59.799999999999976,23.999999999999964,,1.0
