dataset,fold_id,partition,block_id,budget_fraction,method,selected_n,predicted_worst_value,realized_worst_value,realized_mean_value,realized_scenario_spread,solver_gap,feasible
bts,1,set_cal,2024-04-01,0.01,StructuralRobust,10.0,77.93883469963853,11.650000000000002,16.7125,11.524999999999999,0.0,1.0
bts,1,set_cal,2024-04-01,0.01,ExpectedActionValue,10.0,58.14248099934157,5.525,8.2875,8.2875,,1.0
bts,1,set_cal,2024-04-01,0.01,PointwiseWorstAction,10.0,58.31533089752457,5.525,8.2875,8.2875,,1.0
bts,1,set_cal,2024-04-01,0.01,ScenarioCVaR,10.0,58.31533089752457,5.525,8.2875,8.2875,,1.0
bts,1,set_cal,2024-04-01,0.01,RiskFirst,10.0,7.866531415392125,6.700000000000001,10.05,10.049999999999999,,1.0
bts,1,set_cal,2024-04-01,0.01,TemporalContext2024,10.0,7.866531415392125,6.700000000000001,10.05,10.049999999999999,,1.0
bts,1,set_cal,2024-04-01,0.01,NetworkPropagation2024,10.0,7.866531415392125,6.700000000000001,10.05,10.049999999999999,,1.0
bts,1,set_cal,2024-04-01,0.01,CalibratedUncertainty2025,10.0,7.395117035697537,0.4,0.6,0.6,,1.0
bts,1,set_cal,2024-04-01,0.01,MappedPTO2026,10.0,5.701005345329632,2.4,3.5999999999999996,3.599999999999999,,1.0
bts,1,set_cal,2024-04-01,0.01,GroupAware2025,10.0,7.866531415392125,6.700000000000001,10.05,10.049999999999999,,1.0
bts,1,set_cal,2024-04-01,0.01,RobustImprovement2025,10.0,6.4469141477477985,11.650000000000002,16.712500000000002,11.524999999999999,,1.0
bts,1,set_cal,2024-04-01,0.03,StructuralRobust,29.0,183.5685530239572,19.05,27.8125,22.624999999999996,0.0,1.0
bts,1,set_cal,2024-04-01,0.03,ExpectedActionValue,29.0,112.23135186155854,20.24501452778108,29.86752179167162,28.867521791671614,,1.0
bts,1,set_cal,2024-04-01,0.03,PointwiseWorstAction,29.0,112.3625289465171,20.24501452778108,29.86752179167162,28.867521791671614,,1.0
bts,1,set_cal,2024-04-01,0.03,ScenarioCVaR,29.0,112.3625289465171,20.24501452778108,29.86752179167162,28.867521791671614,,1.0
bts,1,set_cal,2024-04-01,0.03,RiskFirst,29.0,21.59608466450837,15.150000000000002,21.9625,16.775,,1.0
bts,1,set_cal,2024-04-01,0.03,TemporalContext2024,29.0,23.13636770046097,15.150000000000002,21.9625,16.775,,1.0
bts,1,set_cal,2024-04-01,0.03,NetworkPropagation2024,29.0,23.534937241910246,19.050000000000004,27.8125,22.624999999999993,,1.0
bts,1,set_cal,2024-04-01,0.03,CalibratedUncertainty2025,29.0,21.484760187489634,14.7,21.287499999999998,16.1,,1.0
bts,1,set_cal,2024-04-01,0.03,MappedPTO2026,29.0,22.5351899527141,22.675,33.175,27.424999999999994,,1.0
bts,1,set_cal,2024-04-01,0.03,GroupAware2025,29.0,23.102842612285677,23.375000000000004,34.225,28.474999999999998,,1.0
bts,1,set_cal,2024-04-01,0.03,RobustImprovement2025,29.0,23.343615726936562,19.05,27.8125,22.624999999999996,,1.0
bts,1,set_cal,2024-04-01,0.05,StructuralRobust,49.0,187.71201229989623,40.717727272727274,59.163636363636364,45.34772727272727,0.0,1.0
bts,1,set_cal,2024-04-01,0.05,ExpectedActionValue,49.0,151.50272871903087,31.570014527781087,46.83002179167161,45.6425217916716,,1.0
bts,1,set_cal,2024-04-01,0.05,PointwiseWorstAction,49.0,152.29299535792578,33.59501452778109,49.89252179167162,48.8925217916716,,1.0
bts,1,set_cal,2024-04-01,0.05,ScenarioCVaR,49.0,152.29299535792578,33.59501452778109,49.89252179167162,48.8925217916716,,1.0
bts,1,set_cal,2024-04-01,0.05,RiskFirst,49.0,32.127255670089355,30.025000000000006,44.2,38.44999999999999,,1.0
bts,1,set_cal,2024-04-01,0.05,TemporalContext2024,49.0,35.467737951111125,28.803723404255326,42.36808510638298,36.61808510638296,,1.0
bts,1,set_cal,2024-04-01,0.05,NetworkPropagation2024,49.0,34.054503149642485,28.575000000000006,42.025000000000006,36.27499999999999,,1.0
bts,1,set_cal,2024-04-01,0.05,CalibratedUncertainty2025,49.0,40.80625253492944,29.02872340425532,42.78058510638297,37.59308510638297,,1.0
bts,1,set_cal,2024-04-01,0.05,MappedPTO2026,49.0,35.51224700206591,47.803723404255315,69.93058510638298,61.29308510638298,,1.0
bts,1,set_cal,2024-04-01,0.05,GroupAware2025,49.0,31.390270502242522,30.025000000000006,44.2,38.44999999999999,,1.0
bts,1,set_cal,2024-04-01,0.05,RobustImprovement2025,49.0,33.748314624510336,32.35,47.412499999999994,39.59999999999999,,1.0
bts,1,set_cal,2024-04-01,0.1,StructuralRobust,97.0,263.6648862181949,110.50544793566858,162.1880946546363,138.69376528813666,0.0,1.0
bts,1,set_cal,2024-04-01,0.1,ExpectedActionValue,97.0,233.12175907074663,61.2282773854102,90.17991607811528,82.58616607811527,,1.0
bts,1,set_cal,2024-04-01,0.1,PointwiseWorstAction,97.0,232.85066421840529,60.23585314298597,88.69127971447892,81.0975297144789,,1.0
bts,1,set_cal,2024-04-01,0.1,ScenarioCVaR,97.0,232.85066421840529,60.23585314298597,88.69127971447892,81.0975297144789,,1.0
bts,1,set_cal,2024-04-01,0.1,RiskFirst,97.0,60.03964228656199,96.02794575448571,142.53233529839528,131.74171029839528,,1.0
bts,1,set_cal,2024-04-01,0.1,TemporalContext2024,97.0,71.17034933812619,100.65294575448576,149.46983529839528,138.67921029839525,,1.0
bts,1,set_cal,2024-04-01,0.1,NetworkPropagation2024,97.0,61.983944645115564,96.89922235023042,143.8392501920123,133.04862519201228,,1.0
bts,1,set_cal,2024-04-01,0.1,CalibratedUncertainty2025,97.0,71.98516136021179,78.82378227091048,116.38396886091117,105.77743477000207,,1.0
bts,1,set_cal,2024-04-01,0.1,MappedPTO2026,97.0,76.97120848123572,89.93098146877145,132.4589722031572,121.60272220315716,,1.0
bts,1,set_cal,2024-04-01,0.1,GroupAware2025,97.0,62.04361485030779,93.7742223502304,139.22675019201228,128.9986251920123,,1.0
bts,1,set_cal,2024-04-01,0.1,RobustImprovement2025,97.0,65.93977524559583,86.21123533724341,127.58681512707723,115.14278103616812,,1.0
bts,1,set_cal,2024-04-01,0.2,StructuralRobust,194.0,277.9159731577999,185.26023089418035,270.0847417172027,226.2802070366935,0.0,1.0
bts,1,set_cal,2024-04-01,0.2,ExpectedActionValue,194.0,359.0241553219695,134.9327328338864,199.52623006388774,184.92658616182422,,1.0
bts,1,set_cal,2024-04-01,0.2,PointwiseWorstAction,194.0,358.9713016249273,138.03273283388637,204.17623006388772,189.57658616182425,,1.0
bts,1,set_cal,2024-04-01,0.2,ScenarioCVaR,194.0,358.9713016249273,138.03273283388637,204.17623006388772,189.57658616182425,,1.0
bts,1,set_cal,2024-04-01,0.2,RiskFirst,194.0,145.41472770932097,180.16974051253294,266.9750485088222,248.40958155899335,,1.0
bts,1,set_cal,2024-04-01,0.2,TemporalContext2024,194.0,146.34245146513484,168.62268496242189,248.84346218964362,228.33922278472488,,1.0
bts,1,set_cal,2024-04-01,0.2,NetworkPropagation2024,194.0,144.609640224796,176.32336954479103,260.6105846498019,237.5833121444174,,1.0
bts,1,set_cal,2024-04-01,0.2,CalibratedUncertainty2025,194.0,148.6162065813654,173.70240760032334,257.64313873908844,239.09584377861415,,1.0
bts,1,set_cal,2024-04-01,0.2,MappedPTO2026,194.0,151.54534516095785,171.67192529391357,253.19741527947377,231.04387031899947,,1.0
bts,1,set_cal,2024-04-01,0.2,GroupAware2025,194.0,155.48767788760236,166.3234992501661,245.8997762138526,226.43373125337826,,1.0
bts,1,set_cal,2024-04-01,0.2,RobustImprovement2025,194.0,135.68128627937006,124.02369565470373,183.9305056032677,168.6739715123586,,1.0
bts,1,set_cal,2024-04-02,0.01,StructuralRobust,9.0,50.114813895932976,4.950000000000001,7.275,6.149999999999999,0.0,1.0
bts,1,set_cal,2024-04-02,0.01,ExpectedActionValue,9.0,53.054605316247375,0.4,0.65,0.6,,1.0
bts,1,set_cal,2024-04-02,0.01,PointwiseWorstAction,9.0,52.29566182611738,0.4,0.65,0.6,,1.0
bts,1,set_cal,2024-04-02,0.01,ScenarioCVaR,9.0,52.29566182611738,0.4,0.65,0.6,,1.0
bts,1,set_cal,2024-04-02,0.01,RiskFirst,9.0,6.345036352388619,4.950000000000001,7.275,6.149999999999999,,1.0
bts,1,set_cal,2024-04-02,0.01,TemporalContext2024,9.0,6.345036352388619,4.950000000000001,7.275,6.149999999999999,,1.0
bts,1,set_cal,2024-04-02,0.01,NetworkPropagation2024,9.0,6.345036352388619,4.950000000000001,7.275,6.149999999999999,,1.0
bts,1,set_cal,2024-04-02,0.01,CalibratedUncertainty2025,9.0,5.778105162317872,4.950000000000001,7.275,6.149999999999999,,1.0
bts,1,set_cal,2024-04-02,0.01,MappedPTO2026,9.0,5.460455677218916,61.75000000000001,92.625,92.625,,1.0
bts,1,set_cal,2024-04-02,0.01,GroupAware2025,9.0,6.34503635238862,4.950000000000001,7.275,6.149999999999999,,1.0
bts,1,set_cal,2024-04-02,0.01,RobustImprovement2025,9.0,6.223516499739008,4.950000000000001,7.275,6.149999999999999,,1.0
bts,1,set_cal,2024-04-02,0.03,StructuralRobust,28.0,104.80623212657461,68.75957264957266,102.76713675213675,99.97547008547006,0.0,1.0
bts,1,set_cal,2024-04-02,0.03,ExpectedActionValue,28.0,113.51943132008063,19.187853356890457,28.615304770318023,27.366740282685512,,1.0
bts,1,set_cal,2024-04-02,0.03,PointwiseWorstAction,28.0,113.3430389719748,20.0807104997476,29.776019056032304,27.188168854114085,,1.0
bts,1,set_cal,2024-04-02,0.03,ScenarioCVaR,28.0,113.3430389719748,20.0807104997476,29.776019056032304,27.188168854114085,,1.0
bts,1,set_cal,2024-04-02,0.03,RiskFirst,28.0,16.158694086024777,72.47474747474747,107.88456302151954,101.67787659200702,,1.0
bts,1,set_cal,2024-04-02,0.03,TemporalContext2024,28.0,16.701749836771285,70.0,104.66739130434783,102.17282608695652,,1.0
bts,1,set_cal,2024-04-02,0.03,NetworkPropagation2024,28.0,16.878519369630798,68.85000000000001,102.94239130434782,100.44782608695651,,1.0
bts,1,set_cal,2024-04-02,0.03,CalibratedUncertainty2025,28.0,16.096794568363514,69.825,104.5875,103.46249999999999,,1.0
bts,1,set_cal,2024-04-02,0.03,MappedPTO2026,28.0,18.138125837035908,72.47474747474749,107.88456302151954,101.67787659200701,,1.0
bts,1,set_cal,2024-04-02,0.03,GroupAware2025,28.0,16.280602922393307,71.32474747474747,106.15956302151955,99.95287659200703,,1.0
bts,1,set_cal,2024-04-02,0.03,RobustImprovement2025,28.0,15.083631329031855,68.75957264957266,102.76713675213675,99.97547008547006,,1.0
bts,1,set_cal,2024-04-02,0.05,StructuralRobust,47.0,144.89270283939155,92.92207264957266,136.9332780564846,122.27829617242658,0.0,1.0
bts,1,set_cal,2024-04-02,0.05,ExpectedActionValue,47.0,155.2000331264005,27.326493020072803,40.34260950318678,35.489134301268564,,1.0
bts,1,set_cal,2024-04-02,0.05,PointwiseWorstAction,47.0,155.3609467477642,26.441076353406135,39.19156783652011,35.66621763460189,,1.0
bts,1,set_cal,2024-04-02,0.05,ScenarioCVaR,47.0,155.3609467477642,26.441076353406135,39.19156783652011,35.66621763460189,,1.0
bts,1,set_cal,2024-04-02,0.05,RiskFirst,47.0,30.11981661041571,85.22320901320901,127.00725532921186,120.80056889969933,,1.0
bts,1,set_cal,2024-04-02,0.05,TemporalContext2024,47.0,28.214703269578102,82.77320901320901,123.33225532921185,117.12556889969933,,1.0
bts,1,set_cal,2024-04-02,0.05,NetworkPropagation2024,47.0,27.649313604729535,79.52474747474749,118.45956302151953,112.25287659200701,,1.0
bts,1,set_cal,2024-04-02,0.05,CalibratedUncertainty2025,47.0,26.780829403266882,86.49012820512822,129.40258361204013,126.9080183946488,,1.0
bts,1,set_cal,2024-04-02,0.05,MappedPTO2026,47.0,29.798176515490887,78.8247474747475,117.30956302151955,110.35287659200701,,1.0
bts,1,set_cal,2024-04-02,0.05,GroupAware2025,47.0,29.723110577440405,79.74974747474747,118.75206302151955,112.20787659200704,,1.0
bts,1,set_cal,2024-04-02,0.05,RobustImprovement2025,47.0,29.45645170449375,97.2633685876771,144.361909584531,132.86333485714613,,1.0
bts,1,set_cal,2024-04-02,0.1,StructuralRobust,95.0,227.22461265381835,163.6670208890329,240.37495996333024,212.45192468668645,0.0,1.0
bts,1,set_cal,2024-04-02,0.1,ExpectedActionValue,95.0,239.4452939064307,58.36662219940412,85.28960418403784,71.0871358210254,,1.0
bts,1,set_cal,2024-04-02,0.1,PointwiseWorstAction,95.0,239.75156664052156,59.36662219940411,86.78960418403784,72.58713582102538,,1.0
bts,1,set_cal,2024-04-02,0.1,ScenarioCVaR,95.0,239.75156664052156,59.36662219940411,86.78960418403784,72.58713582102538,,1.0
bts,1,set_cal,2024-04-02,0.1,RiskFirst,95.0,63.40814354461407,148.5526107424825,221.48392984988755,212.884032871116,,1.0
bts,1,set_cal,2024-04-02,0.1,TemporalContext2024,95.0,66.7622043667254,155.33855474722432,231.55261329886076,222.1259721340427,,1.0
bts,1,set_cal,2024-04-02,0.1,NetworkPropagation2024,95.0,61.7046238613558,151.63504552509121,226.1075820238006,217.5076850450291,,1.0
bts,1,set_cal,2024-04-02,0.1,CalibratedUncertainty2025,95.0,67.90405636156731,142.43784616304976,212.30041934437475,202.12779509287594,,1.0
bts,1,set_cal,2024-04-02,0.1,MappedPTO2026,95.0,61.51122328388875,115.50515913126742,172.168642044761,164.00041715370998,,1.0
bts,1,set_cal,2024-04-02,0.1,GroupAware2025,95.0,61.5108225231454,114.94379993167169,171.19233525529296,163.50460043868364,,1.0
bts,1,set_cal,2024-04-02,0.1,RobustImprovement2025,95.0,62.531257241599626,167.71868755569966,247.10245996333032,222.99192468668645,,1.0
bts,1,set_cal,2024-04-02,0.2,StructuralRobust,190.0,277.97223335050387,226.42605883516686,332.70215324616754,293.9260335539394,0.0,1.0
bts,1,set_cal,2024-04-02,0.2,ExpectedActionValue,190.0,358.91854993424903,111.15109211027163,162.98370035468696,140.8491667742832,,1.0
bts,1,set_cal,2024-04-02,0.2,PointwiseWorstAction,190.0,358.6792330063048,102.14386988804941,149.47286702135358,127.33833344094984,,1.0
bts,1,set_cal,2024-04-02,0.2,ScenarioCVaR,190.0,358.6792330063048,102.14386988804941,149.47286702135358,127.33833344094984,,1.0
bts,1,set_cal,2024-04-02,0.2,RiskFirst,190.0,131.83063875697016,198.20421843872128,294.7693926514991,277.229880102128,,1.0
bts,1,set_cal,2024-04-02,0.2,TemporalContext2024,190.0,134.1161544314082,209.23185409763605,310.0256135817317,288.15935684631404,,1.0
bts,1,set_cal,2024-04-02,0.2,NetworkPropagation2024,190.0,128.7931396160656,201.01737465372688,299.4947120803905,285.7470878288917,,1.0
bts,1,set_cal,2024-04-02,0.2,CalibratedUncertainty2025,190.0,132.63288293556175,230.4465722712647,341.5385085066972,320.0096342551984,,1.0
bts,1,set_cal,2024-04-02,0.2,MappedPTO2026,190.0,135.39426886532493,172.9367791814251,257.323644046763,243.199708606453,,1.0
bts,1,set_cal,2024-04-02,0.2,GroupAware2025,190.0,129.57417071797397,189.06672605338593,281.231239179879,264.9523649283803,,1.0
bts,1,set_cal,2024-04-02,0.2,RobustImprovement2025,190.0,150.83872760924618,222.0062309462616,327.85877504917323,299.7482397725294,,1.0
bts,1,set_cal,2024-04-03,0.01,StructuralRobust,9.0,88.06296954004806,32.332848837209305,48.14549418604652,45.4921511627907,0.0,1.0
bts,1,set_cal,2024-04-03,0.01,ExpectedActionValue,9.0,78.10019878319461,8.053076923076922,12.079615384615384,12.079615384615384,,1.0
bts,1,set_cal,2024-04-03,0.01,PointwiseWorstAction,9.0,78.7966973053859,11.603076923076923,17.304615384615385,16.554615384615385,,1.0
bts,1,set_cal,2024-04-03,0.01,ScenarioCVaR,9.0,78.7966973053859,11.603076923076923,17.304615384615385,16.554615384615385,,1.0
bts,1,set_cal,2024-04-03,0.01,RiskFirst,9.0,6.655143309675767,29.207848837209305,43.782994186046515,43.5671511627907,,1.0
bts,1,set_cal,2024-04-03,0.01,TemporalContext2024,9.0,6.655143309675767,29.207848837209305,43.782994186046515,43.5671511627907,,1.0
bts,1,set_cal,2024-04-03,0.01,NetworkPropagation2024,9.0,8.054710980026087,29.207848837209305,43.782994186046515,43.5671511627907,,1.0
bts,1,set_cal,2024-04-03,0.01,CalibratedUncertainty2025,9.0,7.684884330836628,0.4,0.65,0.6,,1.0
bts,1,set_cal,2024-04-03,0.01,MappedPTO2026,9.0,5.762870618311149,8.675,12.9375,12.375,,1.0
bts,1,set_cal,2024-04-03,0.01,GroupAware2025,9.0,6.655143309675767,29.207848837209305,43.782994186046515,43.5671511627907,,1.0
bts,1,set_cal,2024-04-03,0.01,RobustImprovement2025,9.0,7.746240900317312,32.332848837209305,48.14549418604652,45.4921511627907,,1.0
bts,1,set_cal,2024-04-03,0.03,StructuralRobust,26.0,182.9813159721547,95.70237721755446,141.97104082822545,130.1021033424289,0.0,1.0
bts,1,set_cal,2024-04-03,0.03,ExpectedActionValue,26.0,130.68857469004186,26.230334987593057,38.82050248138958,34.88300248138957,,1.0
bts,1,set_cal,2024-04-03,0.03,PointwiseWorstAction,26.0,131.05000364536357,23.560334987593055,34.81550248138958,30.878002481389576,,1.0
bts,1,set_cal,2024-04-03,0.03,ScenarioCVaR,26.0,131.05000364536357,23.560334987593055,34.81550248138958,30.878002481389576,,1.0
bts,1,set_cal,2024-04-03,0.03,RiskFirst,26.0,18.847203668428943,49.36542459478507,73.51935782241016,69.55351479915433,,1.0
bts,1,set_cal,2024-04-03,0.03,TemporalContext2024,26.0,19.741084413148034,54.56542459478507,81.31935782241015,77.35351479915434,,1.0
bts,1,set_cal,2024-04-03,0.03,NetworkPropagation2024,26.0,20.617562092156906,52.71542459478508,78.54435782241016,74.57851479915432,,1.0
bts,1,set_cal,2024-04-03,0.03,CalibratedUncertainty2025,26.0,19.80388494455021,24.934829761640703,36.948465572693614,33.54512254943781,,1.0
bts,1,set_cal,2024-04-03,0.03,MappedPTO2026,26.0,17.979214148555684,49.36542459478507,73.51935782241016,69.55351479915433,,1.0
bts,1,set_cal,2024-04-03,0.03,GroupAware2025,26.0,18.03024567311569,51.2487579281184,76.34435782241016,72.37851479915432,,1.0
bts,1,set_cal,2024-04-03,0.03,RobustImprovement2025,26.0,20.808189650667973,95.70237721755446,141.97104082822545,130.1021033424289,,1.0
bts,1,set_cal,2024-04-03,0.05,StructuralRobust,44.0,179.75405202802884,117.31131320027092,173.4010020255647,154.1562437142522,0.0,1.0
bts,1,set_cal,2024-04-03,0.05,ExpectedActionValue,44.0,171.67881962569265,58.488495097150306,85.7074574159999,77.39281819305815,,1.0
bts,1,set_cal,2024-04-03,0.05,PointwiseWorstAction,44.0,171.7019833615587,54.0384950971503,80.28245741599987,74.46781819305812,,1.0
bts,1,set_cal,2024-04-03,0.05,ScenarioCVaR,44.0,171.7019833615587,54.0384950971503,80.28245741599987,74.46781819305812,,1.0
bts,1,set_cal,2024-04-03,0.05,RiskFirst,44.0,36.98572497888316,97.55393034191151,145.80211644309983,141.83627341984402,,1.0
bts,1,set_cal,2024-04-03,0.05,TemporalContext2024,44.0,33.77388450413596,71.3539303419115,106.50211644309981,102.53627341984402,,1.0
bts,1,set_cal,2024-04-03,0.05,NetworkPropagation2024,44.0,35.614321366947024,102.2007388525498,152.77232920905726,148.80648618580142,,1.0
bts,1,set_cal,2024-04-03,0.05,CalibratedUncertainty2025,44.0,33.69861408595435,83.15547755346772,124.20443726043413,120.2385942371783,,1.0
bts,1,set_cal,2024-04-03,0.05,MappedPTO2026,44.0,41.971063820076374,97.93103363335166,146.10894785084827,140.20192835700425,,1.0
bts,1,set_cal,2024-04-03,0.05,GroupAware2025,44.0,36.94193672245549,91.27893034191149,136.3146164430998,131.786273419844,,1.0
bts,1,set_cal,2024-04-03,0.05,RobustImprovement2025,44.0,36.19621215919293,119.6761009986794,177.1962606462544,159.81207925801883,,1.0
bts,1,set_cal,2024-04-03,0.1,StructuralRobust,88.0,253.15919104475822,189.8688369695654,280.58737983599315,248.9683126983316,0.0,1.0
bts,1,set_cal,2024-04-03,0.1,ExpectedActionValue,88.0,249.35915562115576,206.73909677369954,307.1472959947598,291.8121772513386,,1.0
bts,1,set_cal,2024-04-03,0.1,PointwiseWorstAction,88.0,249.03122288929933,218.20968500899366,324.6031783477009,311.14305960427964,,1.0
bts,1,set_cal,2024-04-03,0.1,ScenarioCVaR,88.0,249.03122288929933,218.20968500899366,324.6031783477009,311.14305960427964,,1.0
bts,1,set_cal,2024-04-03,0.1,RiskFirst,88.0,76.34275926390154,184.2549085146634,274.671683249739,261.84158683281794,,1.0
bts,1,set_cal,2024-04-03,0.1,TemporalContext2024,88.0,74.5593092935313,171.30490851466334,255.19668324973895,241.9915868328181,,1.0
bts,1,set_cal,2024-04-03,0.1,NetworkPropagation2024,88.0,78.45051456145056,185.0499085146634,275.98918324973897,264.096586832818,,1.0
bts,1,set_cal,2024-04-03,0.1,CalibratedUncertainty2025,88.0,65.80700796984634,211.97311333420302,315.5889736476996,297.80875099566254,,1.0
bts,1,set_cal,2024-04-03,0.1,MappedPTO2026,88.0,77.34642273529231,217.39802968238138,324.7082400013161,314.2922060843952,,1.0
bts,1,set_cal,2024-04-03,0.1,GroupAware2025,88.0,71.07643446656222,168.2784379264281,251.26580089679777,242.62688095046505,,1.0
bts,1,set_cal,2024-04-03,0.1,RobustImprovement2025,88.0,73.17850016080138,237.11237797110837,351.27325135573403,325.18338434876944,,1.0
bts,1,set_cal,2024-04-03,0.2,StructuralRobust,176.0,290.6214378577101,441.3441112211563,655.813949981512,612.2723236048437,0.0,1.0
bts,1,set_cal,2024-04-03,0.2,ExpectedActionValue,176.0,363.87339461846767,293.18594194792695,435.40521940371343,409.47751801738616,,1.0
bts,1,set_cal,2024-04-03,0.2,PointwiseWorstAction,176.0,364.3006840489176,327.4838686571264,486.0522934895323,454.1259722683531,,1.0
bts,1,set_cal,2024-04-03,0.2,ScenarioCVaR,176.0,364.3006840489176,327.4838686571264,486.0522934895323,454.1259722683531,,1.0
bts,1,set_cal,2024-04-03,0.2,RiskFirst,176.0,142.62484614275385,473.5312338955308,706.4526170159861,677.6208633111602,,1.0
bts,1,set_cal,2024-04-03,0.2,TemporalContext2024,176.0,147.88930964006988,391.7847373639314,584.0548419155568,556.887860938004,,1.0
bts,1,set_cal,2024-04-03,0.2,NetworkPropagation2024,176.0,143.9898598042066,455.16752940744624,678.8626498530202,649.6978179169021,,1.0
bts,1,set_cal,2024-04-03,0.2,CalibratedUncertainty2025,176.0,145.7892301397976,446.08762811949265,665.0991911769569,634.8573086598408,,1.0
bts,1,set_cal,2024-04-03,0.2,MappedPTO2026,176.0,148.4029492709868,463.5960720745795,691.961536826006,666.217252182031,,1.0
bts,1,set_cal,2024-04-03,0.2,GroupAware2025,176.0,156.84472849544406,362.66466059882976,541.2064158094677,520.2771026436411,,1.0
bts,1,set_cal,2024-04-03,0.2,RobustImprovement2025,176.0,132.69680104246203,371.9905836143001,553.0175416352889,522.6300382390796,,1.0
bts,1,set_cal,2024-04-04,0.01,StructuralRobust,10.0,66.10165934287552,13.640142225904446,20.378875310687658,19.768840099420053,0.0,1.0
bts,1,set_cal,2024-04-04,0.01,ExpectedActionValue,10.0,59.05535658652677,1.25,1.875,1.875,,1.0
bts,1,set_cal,2024-04-04,0.01,PointwiseWorstAction,10.0,59.05535658652677,1.25,1.875,1.875,,1.0
bts,1,set_cal,2024-04-04,0.01,ScenarioCVaR,10.0,59.05535658652677,1.25,1.875,1.875,,1.0
bts,1,set_cal,2024-04-04,0.01,RiskFirst,10.0,7.229290949947664,18.998142225904445,28.039875310687655,24.609840099420055,,1.0
bts,1,set_cal,2024-04-04,0.01,TemporalContext2024,10.0,5.96878549034017,17.718142225904444,26.119875310687654,22.689840099420053,,1.0
bts,1,set_cal,2024-04-04,0.01,NetworkPropagation2024,10.0,7.603486996444852,18.998142225904445,28.039875310687655,24.609840099420055,,1.0
bts,1,set_cal,2024-04-04,0.01,CalibratedUncertainty2025,10.0,6.806096671479585,8.690142225904445,12.953875310687653,12.34384009942005,,1.0
bts,1,set_cal,2024-04-04,0.01,MappedPTO2026,10.0,5.11815094564018,12.701219512195124,19.051829268292682,19.051829268292682,,1.0
bts,1,set_cal,2024-04-04,0.01,GroupAware2025,10.0,6.738946383592677,16.318142225904445,24.019875310687656,20.58984009942005,,1.0
bts,1,set_cal,2024-04-04,0.01,RobustImprovement2025,10.0,5.596158621712941,13.890142225904446,20.703875310687657,19.718840099420056,,1.0
bts,1,set_cal,2024-04-04,0.03,StructuralRobust,31.0,133.59471390256925,47.67628019836447,70.78051976937769,65.27626580811008,0.0,1.0
bts,1,set_cal,2024-04-04,0.03,ExpectedActionValue,31.0,123.09778462299695,30.597247085931148,45.42390288696123,41.88414482244511,,1.0
bts,1,set_cal,2024-04-04,0.03,PointwiseWorstAction,31.0,123.42207264009133,31.63592633121417,46.98192175488576,43.442163690369625,,1.0
bts,1,set_cal,2024-04-04,0.03,ScenarioCVaR,31.0,123.42207264009133,31.63592633121417,46.98192175488576,43.442163690369625,,1.0
bts,1,set_cal,2024-04-04,0.03,RiskFirst,31.0,20.932383090915806,36.25936173809957,53.88170457898034,50.07666936771274,,1.0
bts,1,set_cal,2024-04-04,0.03,TemporalContext2024,31.0,22.608368158982096,36.20936173809957,53.80670457898034,50.00166936771274,,1.0
bts,1,set_cal,2024-04-04,0.03,NetworkPropagation2024,31.0,20.480143655398354,38.90936173809957,57.85670457898034,54.05166936771274,,1.0
bts,1,set_cal,2024-04-04,0.03,CalibratedUncertainty2025,31.0,23.06957029247503,27.759361738099567,41.13170457898033,37.326669367712725,,1.0
bts,1,set_cal,2024-04-04,0.03,MappedPTO2026,31.0,20.932383090915806,36.25936173809957,53.88170457898033,50.076669367712725,,1.0
bts,1,set_cal,2024-04-04,0.03,GroupAware2025,31.0,25.00102112200432,37.65936173809957,55.98170457898034,52.17666936771274,,1.0
bts,1,set_cal,2024-04-04,0.03,RobustImprovement2025,31.0,29.421609719099045,47.67628019836447,70.78051976937769,65.27626580811008,,1.0
bts,1,set_cal,2024-04-04,0.05,StructuralRobust,51.0,162.69374666407364,94.79794395127823,140.70794061242353,129.54062575372,0.0,1.0
bts,1,set_cal,2024-04-04,0.05,ExpectedActionValue,51.0,168.06564432249573,55.88510321346488,83.23068707826184,78.75342901374572,,1.0
bts,1,set_cal,2024-04-04,0.05,PointwiseWorstAction,51.0,169.24226921451964,63.44224607060774,94.69140136397613,91.15164329945999,,1.0
bts,1,set_cal,2024-04-04,0.05,ScenarioCVaR,51.0,169.24226921451964,63.44224607060774,94.69140136397613,91.15164329945999,,1.0
bts,1,set_cal,2024-04-04,0.05,RiskFirst,51.0,36.336282295135746,54.33494480087013,80.76851667313619,75.2642627118686,,1.0
bts,1,set_cal,2024-04-04,0.05,TemporalContext2024,51.0,36.9827122055959,59.79065908658442,88.95208810170762,83.44783414044002,,1.0
bts,1,set_cal,2024-04-04,0.05,NetworkPropagation2024,51.0,37.9004689622642,50.88645995238529,75.59578940040892,70.0915354391413,,1.0
bts,1,set_cal,2024-04-04,0.05,CalibratedUncertainty2025,51.0,37.195897037044205,64.80246599455026,96.46979846365637,90.96554450238878,,1.0
bts,1,set_cal,2024-04-04,0.05,MappedPTO2026,51.0,36.77328745841295,46.21336173809957,67.68770457898034,60.75766936771273,,1.0
bts,1,set_cal,2024-04-04,0.05,GroupAware2025,51.0,36.31633930065256,55.19065908658442,82.05208810170761,76.54783414044002,,1.0
bts,1,set_cal,2024-04-04,0.05,RobustImprovement2025,51.0,40.945769802775736,63.35184838018265,93.99456648654942,86.24552085861515,,1.0
bts,1,set_cal,2024-04-04,0.1,StructuralRobust,102.0,243.89047868161254,155.09190656201986,229.69888452853593,212.96906966983238,0.0,1.0
bts,1,set_cal,2024-04-04,0.1,ExpectedActionValue,102.0,258.7355694017727,108.93293001817355,161.9660832023091,151.21624451517485,,1.0
bts,1,set_cal,2024-04-04,0.1,PointwiseWorstAction,102.0,258.7352712393478,104.7630490657926,155.60173796421384,144.030470705651,,1.0
bts,1,set_cal,2024-04-04,0.1,ScenarioCVaR,102.0,258.7352712393478,104.7630490657926,155.60173796421384,144.030470705651,,1.0
bts,1,set_cal,2024-04-04,0.1,RiskFirst,102.0,77.03900567500206,150.18340840820142,224.1531810383815,215.7386942339767,,1.0
bts,1,set_cal,2024-04-04,0.1,TemporalContext2024,102.0,75.1585341351569,152.83919502664628,228.13686096604874,219.72237416164387,,1.0
bts,1,set_cal,2024-04-04,0.1,NetworkPropagation2024,102.0,75.10887739192793,143.81025393432353,214.59344932756463,206.17896252315975,,1.0
bts,1,set_cal,2024-04-04,0.1,CalibratedUncertainty2025,102.0,70.00410085323806,137.50369590570665,205.10861228463932,196.5066254802345,,1.0
bts,1,set_cal,2024-04-04,0.1,MappedPTO2026,102.0,73.6290119768696,122.91983156530196,181.99804443817231,169.44777261481798,,1.0
bts,1,set_cal,2024-04-04,0.1,GroupAware2025,102.0,75.64922598122153,140.09121027719092,209.00360933206179,200.5045637041275,,1.0
bts,1,set_cal,2024-04-04,0.1,RobustImprovement2025,102.0,75.28807006264142,99.7157205265548,146.6346054753384,129.9047906166349,,1.0
bts,1,set_cal,2024-04-04,0.2,StructuralRobust,204.0,282.1522055307558,318.54328718114476,472.01647290394493,436.5905388956534,0.0,1.0
bts,1,set_cal,2024-04-04,0.2,ExpectedActionValue,204.0,392.29551942682855,181.93939167736912,269.29450769553216,247.61265904162062,,1.0
bts,1,set_cal,2024-04-04,0.2,PointwiseWorstAction,204.0,392.46801207730147,176.40711026451442,260.99608557625015,239.31423692233864,,1.0
bts,1,set_cal,2024-04-04,0.2,ScenarioCVaR,204.0,392.46801207730147,176.40711026451442,260.99608557625015,239.31423692233864,,1.0
bts,1,set_cal,2024-04-04,0.2,RiskFirst,204.0,150.79170472225346,283.49785519268556,422.8163656753555,404.58823732280865,,1.0
bts,1,set_cal,2024-04-04,0.2,TemporalContext2024,204.0,147.44127535093781,268.0013347395018,399.877980344417,383.94781710814914,,1.0
bts,1,set_cal,2024-04-04,0.2,NetworkPropagation2024,204.0,149.31086250765037,263.5460032698885,391.8589959544252,371.2214288263682,,1.0
bts,1,set_cal,2024-04-04,0.2,CalibratedUncertainty2025,204.0,151.91298397608657,279.47152550462266,416.89790542459434,399.57753418204715,,1.0
bts,1,set_cal,2024-04-04,0.2,MappedPTO2026,204.0,150.17338383470513,291.062766867462,432.8998194970438,410.50483846592505,,1.0
bts,1,set_cal,2024-04-04,0.2,GroupAware2025,204.0,142.19075223782016,294.38542955056073,439.1929653074062,421.30412266914493,,1.0
bts,1,set_cal,2024-04-04,0.2,RobustImprovement2025,204.0,146.61148230915515,158.6550264568014,235.04356437070825,218.31374951200468,,1.0
bts,1,set_cal,2024-04-05,0.01,StructuralRobust,11.0,72.08024193432212,8.975000000000001,13.4375,13.25,0.0,1.0
bts,1,set_cal,2024-04-05,0.01,ExpectedActionValue,11.0,101.09730587789001,10.365323091542603,15.41973788406715,14.457887234716498,,1.0
bts,1,set_cal,2024-04-05,0.01,PointwiseWorstAction,11.0,101.09730587789001,10.365323091542603,15.41973788406715,14.457887234716498,,1.0
bts,1,set_cal,2024-04-05,0.01,ScenarioCVaR,11.0,101.09730587789001,10.365323091542603,15.41973788406715,14.457887234716498,,1.0
bts,1,set_cal,2024-04-05,0.01,RiskFirst,11.0,7.622378005368427,5.275,7.887500000000001,7.699999999999999,,1.0
bts,1,set_cal,2024-04-05,0.01,TemporalContext2024,11.0,7.11150684651406,1.625,2.4125,2.225,,1.0
bts,1,set_cal,2024-04-05,0.01,NetworkPropagation2024,11.0,6.379243963175432,0.1,0.1625,0.15,,1.0
bts,1,set_cal,2024-04-05,0.01,CalibratedUncertainty2025,11.0,12.771214243355166,1.625,2.4125,2.225,,1.0
bts,1,set_cal,2024-04-05,0.01,MappedPTO2026,11.0,10.62896010430483,8.850000000000001,13.275,13.274999999999999,,1.0
bts,1,set_cal,2024-04-05,0.01,GroupAware2025,11.0,7.622378005368425,5.275,7.887500000000001,7.699999999999999,,1.0
bts,1,set_cal,2024-04-05,0.01,RobustImprovement2025,11.0,6.351183268700709,1.5,2.25,2.25,,1.0
bts,1,set_cal,2024-04-05,0.03,StructuralRobust,33.0,143.59035003658082,17.60326086956522,26.379891304347826,26.192391304347822,0.0,1.0
bts,1,set_cal,2024-04-05,0.03,ExpectedActionValue,33.0,168.22459565980273,15.45161341412325,22.817721755034892,20.119984008910045,,1.0
bts,1,set_cal,2024-04-05,0.03,PointwiseWorstAction,33.0,168.3412661459848,13.165323091542604,19.569737884067152,18.232887234716497,,1.0
bts,1,set_cal,2024-04-05,0.03,ScenarioCVaR,33.0,168.3412661459848,13.165323091542604,19.569737884067152,18.232887234716497,,1.0
bts,1,set_cal,2024-04-05,0.03,RiskFirst,33.0,32.620420278342074,22.191005967604436,33.164940323955676,32.253175618073314,,1.0
bts,1,set_cal,2024-04-05,0.03,TemporalContext2024,33.0,32.4893262112914,18.962745098039218,28.272549019607844,26.985784313725492,,1.0
bts,1,set_cal,2024-04-05,0.03,NetworkPropagation2024,33.0,33.63431778586212,18.200000000000003,27.25,26.875,,1.0
bts,1,set_cal,2024-04-05,0.03,CalibratedUncertainty2025,33.0,27.300101351165633,9.511363636363637,14.192045454545454,13.629545454545454,,1.0
bts,1,set_cal,2024-04-05,0.03,MappedPTO2026,33.0,32.59164270474089,19.32826086956522,28.94239130434783,28.56739130434783,,1.0
bts,1,set_cal,2024-04-05,0.03,GroupAware2025,33.0,31.361331415791007,22.191005967604436,33.164940323955676,32.253175618073314,,1.0
bts,1,set_cal,2024-04-05,0.03,RobustImprovement2025,33.0,36.01219539603414,17.60326086956522,26.379891304347826,26.192391304347822,,1.0
bts,1,set_cal,2024-04-05,0.05,StructuralRobust,54.0,172.37143287488215,33.19057477517181,48.334531785817575,42.76205395876657,0.0,1.0
bts,1,set_cal,2024-04-05,0.05,ExpectedActionValue,54.0,213.51789076876983,27.466645397065676,40.525344356314214,35.46566631168191,,1.0
bts,1,set_cal,2024-04-05,0.05,PointwiseWorstAction,54.0,213.50653311818198,24.352359682779966,36.10391578488564,32.91923774025334,,1.0
bts,1,set_cal,2024-04-05,0.05,ScenarioCVaR,54.0,213.50653311818198,24.352359682779966,36.10391578488564,32.91923774025334,,1.0
bts,1,set_cal,2024-04-05,0.05,RiskFirst,54.0,49.28167474483676,25.766005967604436,38.50244032395567,37.40317561807332,,1.0
bts,1,set_cal,2024-04-05,0.05,TemporalContext2024,54.0,50.40399776106063,25.566005967604433,38.152440323955666,36.678175618073325,,1.0
bts,1,set_cal,2024-04-05,0.05,NetworkPropagation2024,54.0,48.336296191656636,30.266005967604436,45.252440323955675,44.15317561807333,,1.0
bts,1,set_cal,2024-04-05,0.05,CalibratedUncertainty2025,54.0,38.86293962205426,13.960047846889953,20.84007177033493,20.090071770334927,,1.0
bts,1,set_cal,2024-04-05,0.05,MappedPTO2026,54.0,54.036591086861364,28.9563602983131,43.31297182001867,42.40120711413631,,1.0
bts,1,set_cal,2024-04-05,0.05,GroupAware2025,54.0,45.75004304185625,45.608207673481274,68.26574288277092,67.16647817688857,,1.0
bts,1,set_cal,2024-04-05,0.05,RobustImprovement2025,54.0,50.90392705503257,27.666005967604438,41.30244032395567,39.82817561807332,,1.0
bts,1,set_cal,2024-04-05,0.1,StructuralRobust,109.0,264.78025663362763,96.89705659903142,142.91316208463212,129.98249098027014,0.0,1.0
bts,1,set_cal,2024-04-05,0.1,ExpectedActionValue,109.0,310.57309606802977,47.30532960759199,70.25837067210368,65.01119262747139,,1.0
bts,1,set_cal,2024-04-05,0.1,PointwiseWorstAction,109.0,309.88105402135176,55.248977325076915,81.86736076684959,74.32157161110618,,1.0
bts,1,set_cal,2024-04-05,0.1,ScenarioCVaR,109.0,309.88105402135176,55.248977325076915,81.86736076684959,74.32157161110618,,1.0
bts,1,set_cal,2024-04-05,0.1,RiskFirst,109.0,88.54474797161234,79.59229398190968,118.75437234541354,113.9988576395312,,1.0
bts,1,set_cal,2024-04-05,0.1,TemporalContext2024,109.0,85.39426541711185,68.64812731524302,102.68395567874688,100.52219097286454,,1.0
bts,1,set_cal,2024-04-05,0.1,NetworkPropagation2024,109.0,87.1809077747868,69.48271605983177,103.59893403372521,98.91038361355712,,1.0
bts,1,set_cal,2024-04-05,0.1,CalibratedUncertainty2025,109.0,83.37874198908476,47.85028378742001,71.50028562510761,69.43673520493954,,1.0
bts,1,set_cal,2024-04-05,0.1,MappedPTO2026,109.0,108.13045894134457,73.32930871940107,109.33849985787228,104.42252569865255,,1.0
bts,1,set_cal,2024-04-05,0.1,GroupAware2025,109.0,84.11438333396072,69.72259701221272,104.24982689086809,101.74431218498573,,1.0
bts,1,set_cal,2024-04-05,0.1,RobustImprovement2025,109.0,100.90823857057934,65.34971857762723,96.98190534288598,89.16186141622443,,1.0
bts,1,set_cal,2024-04-05,0.2,StructuralRobust,218.0,304.6767741405632,188.01876545669526,278.8801005330032,260.582243142705,0.0,1.0
bts,1,set_cal,2024-04-05,0.2,ExpectedActionValue,218.0,454.2519180288216,184.0827815457185,274.3811691826429,261.3086456631324,,1.0
bts,1,set_cal,2024-04-05,0.2,PointwiseWorstAction,218.0,453.49020432550935,178.79488124624527,266.39728881890323,252.9345409404183,,1.0
bts,1,set_cal,2024-04-05,0.2,ScenarioCVaR,218.0,453.49020432550935,178.79488124624527,266.39728881890323,252.9345409404183,,1.0
bts,1,set_cal,2024-04-05,0.2,RiskFirst,218.0,172.17412516746148,172.10007189954163,256.91652508423755,247.66465434617598,,1.0
bts,1,set_cal,2024-04-05,0.2,TemporalContext2024,218.0,173.0772317193655,147.2589519969197,219.6372695133387,210.25358089803242,,1.0
bts,1,set_cal,2024-04-05,0.2,NetworkPropagation2024,218.0,183.56066134275116,214.980997724419,321.3961505310806,313.3310551144717,,1.0
bts,1,set_cal,2024-04-05,0.2,CalibratedUncertainty2025,218.0,180.4323757141993,231.4714215890755,345.8290277515165,335.49324301079105,,1.0
bts,1,set_cal,2024-04-05,0.2,MappedPTO2026,218.0,182.78171831661743,218.0172153350271,325.69091057875244,315.6790674003405,,1.0
bts,1,set_cal,2024-04-05,0.2,GroupAware2025,218.0,176.3712913095052,139.15457336388783,207.47017042825973,198.00749829646992,,1.0
bts,1,set_cal,2024-04-05,0.2,RobustImprovement2025,218.0,214.3259497565008,119.58178936956192,178.23001153078803,169.65996760412645,,1.0
bts,1,set_cal,2024-04-06,0.01,StructuralRobust,9.0,97.29698165832033,4.5,6.3999999999999995,3.7749999999999986,0.0,1.0
bts,1,set_cal,2024-04-06,0.01,ExpectedActionValue,9.0,67.09320703036386,2.4583333333333335,3.6624999999999996,3.474999999999999,,1.0
bts,1,set_cal,2024-04-06,0.01,PointwiseWorstAction,9.0,69.2908276653053,2.4583333333333335,3.6624999999999996,3.474999999999999,,1.0
bts,1,set_cal,2024-04-06,0.01,ScenarioCVaR,9.0,69.2908276653053,2.4583333333333335,3.6624999999999996,3.474999999999999,,1.0
bts,1,set_cal,2024-04-06,0.01,RiskFirst,9.0,4.808652927323143,1.7750000000000001,2.6375,2.4499999999999993,,1.0
bts,1,set_cal,2024-04-06,0.01,TemporalContext2024,9.0,3.6226320612195053,1.7750000000000001,2.6375,2.4499999999999993,,1.0
bts,1,set_cal,2024-04-06,0.01,NetworkPropagation2024,9.0,4.808652927323143,1.7750000000000001,2.6375,2.4499999999999993,,1.0
bts,1,set_cal,2024-04-06,0.01,CalibratedUncertainty2025,9.0,4.500970644881513,1.7750000000000001,2.6375,2.4499999999999993,,1.0
bts,1,set_cal,2024-04-06,0.01,MappedPTO2026,9.0,6.925936638916551,0.0,0.0,0.0,,1.0
bts,1,set_cal,2024-04-06,0.01,GroupAware2025,9.0,4.808652927323143,1.7750000000000001,2.6375,2.4499999999999993,,1.0
bts,1,set_cal,2024-04-06,0.01,RobustImprovement2025,9.0,4.617073826234273,1.7750000000000001,2.6375,2.4499999999999993,,1.0
bts,1,set_cal,2024-04-06,0.03,StructuralRobust,27.0,177.08866586630282,7.996511627906977,11.644767441860466,9.019767441860466,0.0,1.0
bts,1,set_cal,2024-04-06,0.03,ExpectedActionValue,27.0,122.77628504845063,5.161607142857142,7.086755952380953,4.9193452380952385,,1.0
bts,1,set_cal,2024-04-06,0.03,PointwiseWorstAction,27.0,123.76035396559648,4.111607142857142,5.511755952380952,3.3443452380952383,,1.0
bts,1,set_cal,2024-04-06,0.03,ScenarioCVaR,27.0,123.76035396559648,4.111607142857142,5.511755952380952,3.3443452380952383,,1.0
bts,1,set_cal,2024-04-06,0.03,RiskFirst,27.0,19.146293643679403,3.2250000000000005,4.8125,4.624999999999999,,1.0
bts,1,set_cal,2024-04-06,0.03,TemporalContext2024,27.0,17.492508546621238,4.8500000000000005,7.2250000000000005,6.849999999999999,,1.0
bts,1,set_cal,2024-04-06,0.03,NetworkPropagation2024,27.0,19.790160714117114,3.2250000000000005,4.8125,4.624999999999999,,1.0
bts,1,set_cal,2024-04-06,0.03,CalibratedUncertainty2025,27.0,17.31909105765855,5.271511627906977,7.882267441860465,7.694767441860464,,1.0
bts,1,set_cal,2024-04-06,0.03,MappedPTO2026,27.0,19.711649360951412,2.45,3.675,3.675,,1.0
bts,1,set_cal,2024-04-06,0.03,GroupAware2025,27.0,17.48137341115555,1.7750000000000001,2.6375,2.4499999999999993,,1.0
bts,1,set_cal,2024-04-06,0.03,RobustImprovement2025,27.0,17.64003399308289,7.996511627906977,11.644767441860466,9.019767441860466,,1.0
bts,1,set_cal,2024-04-06,0.05,StructuralRobust,45.0,191.92525331039175,24.91169854379483,35.734603890458594,28.98752445120625,0.0,1.0
bts,1,set_cal,2024-04-06,0.05,ExpectedActionValue,45.0,161.02805256726828,6.227396616541353,8.472282268170426,4.706187343358397,,1.0
bts,1,set_cal,2024-04-06,0.05,PointwiseWorstAction,45.0,161.7359365814489,8.877396616541354,12.447282268170426,8.681187343358395,,1.0
bts,1,set_cal,2024-04-06,0.05,ScenarioCVaR,45.0,161.7359365814489,8.877396616541354,12.447282268170426,8.681187343358395,,1.0
bts,1,set_cal,2024-04-06,0.05,RiskFirst,45.0,30.898949737139198,20.06518691588785,29.464836448598128,24.717757009345796,,1.0
bts,1,set_cal,2024-04-06,0.05,TemporalContext2024,45.0,32.680794759313066,20.523520249221182,30.37733644859813,27.3177570093458,,1.0
bts,1,set_cal,2024-04-06,0.05,NetworkPropagation2024,45.0,33.54727919490123,17.46169854379483,25.809603890458597,22.937524451206258,,1.0
bts,1,set_cal,2024-04-06,0.05,CalibratedUncertainty2025,45.0,33.010043751155905,10.046511627906977,14.719767441860464,12.094767441860466,,1.0
bts,1,set_cal,2024-04-06,0.05,MappedPTO2026,45.0,30.269127292477084,19.865186915887854,29.41483644859813,26.54275700934579,,1.0
bts,1,set_cal,2024-04-06,0.05,GroupAware2025,45.0,31.236988196946196,16.553846153846152,24.230769230769226,19.730769230769226,,1.0
bts,1,set_cal,2024-04-06,0.05,RobustImprovement2025,45.0,31.46660194688754,20.11169854379483,28.784603890458598,23.91252445120626,,1.0
bts,1,set_cal,2024-04-06,0.1,StructuralRobust,89.0,266.41380890761644,71.14880757523753,104.8631841042893,96.41297966503697,0.0,1.0
bts,1,set_cal,2024-04-06,0.1,ExpectedActionValue,89.0,236.09215404644578,15.966931500262286,23.08158459375182,19.31548966893979,,1.0
bts,1,set_cal,2024-04-06,0.1,PointwiseWorstAction,89.0,236.21186241247133,17.993854577185363,25.256584593751825,15.00010505355517,,1.0
bts,1,set_cal,2024-04-06,0.1,ScenarioCVaR,89.0,236.21186241247133,17.993854577185363,25.256584593751825,15.00010505355517,,1.0
bts,1,set_cal,2024-04-06,0.1,RiskFirst,89.0,62.218108931284284,65.28103796739438,97.18861302585793,91.6915335866056,,1.0
bts,1,set_cal,2024-04-06,0.1,TemporalContext2024,89.0,63.64516488707911,64.28103796739438,95.68861302585793,90.1915335866056,,1.0
bts,1,set_cal,2024-04-06,0.1,NetworkPropagation2024,89.0,63.230565306329886,70.54474764481374,104.05917754198697,96.37459810273462,,1.0
bts,1,set_cal,2024-04-06,0.1,CalibratedUncertainty2025,89.0,71.17008457712306,37.34109449572399,55.353697818352344,50.419118379099984,,1.0
bts,1,set_cal,2024-04-06,0.1,MappedPTO2026,89.0,66.24656425844276,44.90197553377403,65.19501937542739,57.26043993617508,,1.0
bts,1,set_cal,2024-04-06,0.1,GroupAware2025,89.0,70.5059324898181,65.3310379673944,97.26361302585792,91.76653358660559,,1.0
bts,1,set_cal,2024-04-06,0.1,RobustImprovement2025,89.0,58.75091505278573,43.80831325899197,63.979525963254304,56.48244652400196,,1.0
bts,1,set_cal,2024-04-06,0.2,StructuralRobust,178.0,305.2209373485971,119.42444879572932,176.3808391102728,161.212083485364,0.0,1.0
bts,1,set_cal,2024-04-06,0.2,ExpectedActionValue,178.0,345.3005935642913,43.37036182616956,62.8213454672281,48.81486592703145,,1.0
bts,1,set_cal,2024-04-06,0.2,PointwiseWorstAction,178.0,345.5072373915008,41.545361826169554,59.9588454672281,45.01486592703145,,1.0
bts,1,set_cal,2024-04-06,0.2,ScenarioCVaR,178.0,345.5072373915008,41.545361826169554,59.9588454672281,45.01486592703145,,1.0
bts,1,set_cal,2024-04-06,0.2,RiskFirst,178.0,142.64183827391415,142.18461054625948,210.74188856082228,199.97918412156997,,1.0
bts,1,set_cal,2024-04-06,0.2,TemporalContext2024,178.0,135.19071693981556,141.9096105462595,210.75438856082226,200.42918412156996,,1.0
bts,1,set_cal,2024-04-06,0.2,NetworkPropagation2024,178.0,143.1174180397908,140.23390132640134,208.36582473103505,198.97812029178272,,1.0
bts,1,set_cal,2024-04-06,0.2,CalibratedUncertainty2025,178.0,137.17884745101344,124.44230285395184,185.07842702236073,175.9407225831083,,1.0
bts,1,set_cal,2024-04-06,0.2,MappedPTO2026,178.0,137.1835663318002,124.36909114728269,183.92694279569037,172.47673835643803,,1.0
bts,1,set_cal,2024-04-06,0.2,GroupAware2025,178.0,148.01747852758757,138.6674555537056,205.4349060719914,194.43782663273905,,1.0
bts,1,set_cal,2024-04-06,0.2,RobustImprovement2025,178.0,128.45032130238704,86.73078558706311,128.288234455361,120.22865501610866,,1.0
bts,1,set_cal,2024-04-07,0.01,StructuralRobust,11.0,74.05280472673583,72.38345599294334,108.24517355100164,105.77009526290146,0.0,1.0
bts,1,set_cal,2024-04-07,0.01,ExpectedActionValue,11.0,80.2185197753387,7.135,10.4775,8.790000000000001,,1.0
bts,1,set_cal,2024-04-07,0.01,PointwiseWorstAction,11.0,80.2185197753387,7.135,10.4775,8.790000000000001,,1.0
bts,1,set_cal,2024-04-07,0.01,ScenarioCVaR,11.0,80.2185197753387,7.135,10.4775,8.790000000000001,,1.0
bts,1,set_cal,2024-04-07,0.01,RiskFirst,11.0,4.697975413300789,42.03311827956989,62.77467741935484,60.712177419354845,,1.0
bts,1,set_cal,2024-04-07,0.01,TemporalContext2024,11.0,5.445650509047375,47.18008797653959,70.49513196480939,68.43263196480939,,1.0
bts,1,set_cal,2024-04-07,0.01,NetworkPropagation2024,11.0,5.691942604132509,4.985,7.2025,5.14,,1.0
bts,1,set_cal,2024-04-07,0.01,CalibratedUncertainty2025,11.0,6.105542356863517,8.870588235294118,13.005882352941176,10.755882352941175,,1.0
bts,1,set_cal,2024-04-07,0.01,MappedPTO2026,11.0,6.652617515986444,44.215223542727784,66.04783531409169,63.985335314091685,,1.0
bts,1,set_cal,2024-04-07,0.01,GroupAware2025,11.0,5.047842719563764,42.03311827956989,62.77467741935484,60.712177419354845,,1.0
bts,1,set_cal,2024-04-07,0.01,RobustImprovement2025,11.0,5.32892958833757,55.77513508629258,83.25913120086744,80.23234548658172,,1.0
bts,1,set_cal,2024-04-07,0.03,StructuralRobust,33.0,155.30041600385812,93.90448584028897,140.1560416302908,134.90088815422067,0.0,1.0
bts,1,set_cal,2024-04-07,0.03,ExpectedActionValue,33.0,146.55157506285988,10.035,14.8275,13.14,,1.0
bts,1,set_cal,2024-04-07,0.03,PointwiseWorstAction,33.0,147.03396237111866,10.035,14.8275,13.14,,1.0
bts,1,set_cal,2024-04-07,0.03,ScenarioCVaR,33.0,147.03396237111866,10.035,14.8275,13.14,,1.0
bts,1,set_cal,2024-04-07,0.03,RiskFirst,33.0,21.052100614029197,91.20605629869306,136.3255025810548,132.6986385786689,,1.0
bts,1,set_cal,2024-04-07,0.03,TemporalContext2024,33.0,21.52858918278741,91.20605629869306,136.3255025810548,132.6986385786689,,1.0
bts,1,set_cal,2024-04-07,0.03,NetworkPropagation2024,33.0,22.288711089942943,89.8189595244995,134.24485741976446,130.61799341737856,,1.0
bts,1,set_cal,2024-04-07,0.03,CalibratedUncertainty2025,33.0,20.88844177584599,49.07387154795992,73.12722545495508,69.50036145256917,,1.0
bts,1,set_cal,2024-04-07,0.03,MappedPTO2026,33.0,21.777841487037147,88.88546806339893,132.84462022811363,129.21775622572773,,1.0
bts,1,set_cal,2024-04-07,0.03,GroupAware2025,33.0,20.5171673020457,91.54947735132464,136.62352889684428,131.36837542077416,,1.0
bts,1,set_cal,2024-04-07,0.03,RobustImprovement2025,33.0,21.34810280594208,93.90448584028897,140.1560416302908,134.90088815422067,,1.0
bts,1,set_cal,2024-04-07,0.05,StructuralRobust,54.0,188.18916880135055,98.129485840289,146.3685416302908,140.17588815422067,0.0,1.0
bts,1,set_cal,2024-04-07,0.05,ExpectedActionValue,54.0,191.9071837833895,16.280054945054946,24.19508241758242,22.507582417582416,,1.0
bts,1,set_cal,2024-04-07,0.05,PointwiseWorstAction,54.0,191.90204515412876,16.280054945054946,24.19508241758242,22.507582417582416,,1.0
bts,1,set_cal,2024-04-07,0.05,ScenarioCVaR,54.0,191.90204515412876,16.280054945054946,24.19508241758242,22.507582417582416,,1.0
bts,1,set_cal,2024-04-07,0.05,RiskFirst,54.0,36.20203752829488,97.98196722986715,146.2434175608119,140.7719179308956,,1.0
bts,1,set_cal,2024-04-07,0.05,TemporalContext2024,54.0,35.293792384629455,96.74158261448254,144.41168679158113,139.156533315511,,1.0
bts,1,set_cal,2024-04-07,0.05,NetworkPropagation2024,54.0,37.09053652031912,97.98196722986715,146.24341756081188,140.7719179308956,,1.0
bts,1,set_cal,2024-04-07,0.05,CalibratedUncertainty2025,54.0,38.16263968034619,93.57194891099952,139.84549534566835,136.0022851894363,,1.0
bts,1,set_cal,2024-04-07,0.05,MappedPTO2026,54.0,50.962789478913386,95.29158261448254,142.23668679158112,136.981533315511,,1.0
bts,1,set_cal,2024-04-07,0.05,GroupAware2025,54.0,34.97236808104282,96.96486196670926,144.59275966607504,138.18376003615876,,1.0
bts,1,set_cal,2024-04-07,0.05,RobustImprovement2025,54.0,34.85056841766508,95.72948584028897,142.76854163029077,136.57588815422065,,1.0
bts,1,set_cal,2024-04-07,0.1,StructuralRobust,109.0,281.9178534807536,129.7775309847508,192.77700128837546,178.60728737274485,0.0,1.0
bts,1,set_cal,2024-04-07,0.1,ExpectedActionValue,109.0,283.00650443818915,25.227612706578228,37.48496137961655,34.81152877773567,,1.0
bts,1,set_cal,2024-04-07,0.1,PointwiseWorstAction,109.0,284.0352478341173,37.19757024373322,55.43989768534904,52.766465083468155,,1.0
bts,1,set_cal,2024-04-07,0.1,ScenarioCVaR,109.0,284.0352478341173,37.19757024373322,55.43989768534904,52.766465083468155,,1.0
bts,1,set_cal,2024-04-07,0.1,RiskFirst,109.0,77.71770820242726,112.1514248965147,167.15093739411657,159.0794377642003,,1.0
bts,1,set_cal,2024-04-07,0.1,TemporalContext2024,109.0,94.21188085124498,120.65812592744251,179.91098894050833,171.83948931059209,,1.0
bts,1,set_cal,2024-04-07,0.1,NetworkPropagation2024,109.0,76.40778795806277,121.57816482325464,180.79104728422644,171.7195476543101,,1.0
bts,1,set_cal,2024-04-07,0.1,CalibratedUncertainty2025,109.0,75.62716322585807,139.31200848902282,207.68180267506202,198.78656652223466,,1.0
bts,1,set_cal,2024-04-07,0.1,MappedPTO2026,109.0,94.1626975048807,111.98272730262893,167.10191061113102,160.56055804003825,,1.0
bts,1,set_cal,2024-04-07,0.1,GroupAware2025,109.0,91.50996119170655,115.06701194104909,171.74598462758485,165.3369849976686,,1.0
bts,1,set_cal,2024-04-07,0.1,RobustImprovement2025,109.0,80.48016620639909,118.55080431279733,175.98991128044526,162.21769736481474,,1.0
bts,1,set_cal,2024-04-07,0.2,StructuralRobust,218.0,324.38087672172423,235.1173254385473,348.6146125568159,318.9056348349923,0.0,1.0
bts,1,set_cal,2024-04-07,0.2,ExpectedActionValue,218.0,417.93202007540765,71.1063855778432,104.6217431399738,94.83797893904129,,1.0
bts,1,set_cal,2024-04-07,0.2,PointwiseWorstAction,218.0,418.06901825691057,64.23138557784321,95.33424313997381,87.73797893904131,,1.0
bts,1,set_cal,2024-04-07,0.2,ScenarioCVaR,218.0,418.06901825691057,64.23138557784321,95.33424313997381,87.73797893904131,,1.0
bts,1,set_cal,2024-04-07,0.2,RiskFirst,218.0,160.35985307341264,187.5406802263223,279.49968528101124,266.6660116281839,,1.0
bts,1,set_cal,2024-04-07,0.2,TemporalContext2024,218.0,160.60514861134055,210.49924417258677,313.89065620040793,300.7054200475806,,1.0
bts,1,set_cal,2024-04-07,0.2,NetworkPropagation2024,218.0,168.028107044311,189.24136796763503,281.67884189298036,268.806105740153,,1.0
bts,1,set_cal,2024-04-07,0.2,CalibratedUncertainty2025,218.0,147.49668754240759,205.52059623066285,305.7707732599531,287.69620440035885,,1.0
bts,1,set_cal,2024-04-07,0.2,MappedPTO2026,218.0,163.92624204333114,215.08383553006314,319.5674864568503,299.3804851700169,,1.0
bts,1,set_cal,2024-04-07,0.2,GroupAware2025,218.0,167.71399819335073,194.96430294987505,290.3141670629741,275.07335113489955,,1.0
bts,1,set_cal,2024-04-07,0.2,RobustImprovement2025,218.0,178.79248806698132,158.48770416118458,235.57726105302615,219.42004713739567,,1.0
bts,1,set_cal,2024-04-08,0.01,StructuralRobust,10.0,65.59913413001944,6.803846153846154,10.132692307692308,9.584615384615384,0.0,1.0
bts,1,set_cal,2024-04-08,0.01,ExpectedActionValue,10.0,78.03311548581563,3.6538461538461537,5.407692307692308,4.859615384615385,,1.0
bts,1,set_cal,2024-04-08,0.01,PointwiseWorstAction,10.0,78.44148663101149,3.6538461538461537,5.407692307692308,4.859615384615385,,1.0
bts,1,set_cal,2024-04-08,0.01,ScenarioCVaR,10.0,78.44148663101149,3.6538461538461537,5.407692307692308,4.859615384615385,,1.0
bts,1,set_cal,2024-04-08,0.01,RiskFirst,10.0,19.894890815867463,6.803846153846154,10.132692307692308,9.584615384615384,,1.0
bts,1,set_cal,2024-04-08,0.01,TemporalContext2024,10.0,5.47667436114319,3.15,4.725,4.725,,1.0
bts,1,set_cal,2024-04-08,0.01,NetworkPropagation2024,10.0,19.894890815867463,6.803846153846154,10.132692307692308,9.584615384615384,,1.0
bts,1,set_cal,2024-04-08,0.01,CalibratedUncertainty2025,10.0,20.77778049367074,6.803846153846154,10.132692307692308,9.584615384615384,,1.0
bts,1,set_cal,2024-04-08,0.01,MappedPTO2026,10.0,5.98584508016864,8.452215189873417,12.653322784810126,12.465822784810126,,1.0
bts,1,set_cal,2024-04-08,0.01,GroupAware2025,10.0,4.593252347954224,3.15,4.725,4.725,,1.0
bts,1,set_cal,2024-04-08,0.01,RobustImprovement2025,10.0,21.57640964585036,6.928846153846154,10.245192307692308,9.134615384615385,,1.0
bts,1,set_cal,2024-04-08,0.03,StructuralRobust,31.0,136.1036386616015,18.644755244755245,27.475874125874128,23.791433566433568,0.0,1.0
bts,1,set_cal,2024-04-08,0.03,ExpectedActionValue,31.0,137.54354870824972,11.104798534798537,15.991263736263736,13.74675824175824,,1.0
bts,1,set_cal,2024-04-08,0.03,PointwiseWorstAction,31.0,137.2842743054298,11.104798534798537,15.991263736263736,13.74675824175824,,1.0
bts,1,set_cal,2024-04-08,0.03,ScenarioCVaR,31.0,137.2842743054298,11.104798534798537,15.991263736263736,13.74675824175824,,1.0
bts,1,set_cal,2024-04-08,0.03,RiskFirst,31.0,33.66257098933867,19.481061343719574,29.048515092502434,27.7504381694255,,1.0
bts,1,set_cal,2024-04-08,0.03,TemporalContext2024,31.0,34.22029106212334,21.881061343719573,32.648515092502436,31.3504381694255,,1.0
bts,1,set_cal,2024-04-08,0.03,NetworkPropagation2024,31.0,33.698217452290905,18.531061343719575,27.623515092502434,26.325438169425507,,1.0
bts,1,set_cal,2024-04-08,0.03,CalibratedUncertainty2025,31.0,33.91330001252574,18.522596153846152,27.685817307692307,26.950240384615384,,1.0
bts,1,set_cal,2024-04-08,0.03,MappedPTO2026,31.0,33.685959931929744,23.881061343719573,35.648515092502436,34.35043816942551,,1.0
bts,1,set_cal,2024-04-08,0.03,GroupAware2025,31.0,34.04166679856301,19.853846153846156,29.60769230769231,28.309615384615384,,1.0
bts,1,set_cal,2024-04-08,0.03,RobustImprovement2025,31.0,35.96128256907843,18.644755244755245,27.475874125874128,23.791433566433568,,1.0
bts,1,set_cal,2024-04-08,0.05,StructuralRobust,51.0,170.1077055946624,45.184343659780794,66.73525674841245,58.92581618897188,0.0,1.0
bts,1,set_cal,2024-04-08,0.05,ExpectedActionValue,51.0,180.1667729102739,46.09784040671972,68.45582654414551,66.02382104963999,,1.0
bts,1,set_cal,2024-04-08,0.05,PointwiseWorstAction,51.0,180.6465235547463,46.181893562865895,67.67841790627176,58.470249621068575,,1.0
bts,1,set_cal,2024-04-08,0.05,ScenarioCVaR,51.0,180.6465235547463,46.181893562865895,67.67841790627176,58.470249621068575,,1.0
bts,1,set_cal,2024-04-08,0.05,RiskFirst,51.0,46.85458178238342,31.59772801038624,47.22351509250244,45.92543816942551,,1.0
bts,1,set_cal,2024-04-08,0.05,TemporalContext2024,51.0,46.36441236345334,28.331061343719572,42.32351509250243,41.02543816942551,,1.0
bts,1,set_cal,2024-04-08,0.05,NetworkPropagation2024,51.0,45.55830610199965,29.04772801038624,43.398515092502436,42.100438169425516,,1.0
bts,1,set_cal,2024-04-08,0.05,CalibratedUncertainty2025,51.0,46.64853695299883,21.72259615384615,32.48581730769231,31.750240384615385,,1.0
bts,1,set_cal,2024-04-08,0.05,MappedPTO2026,51.0,48.818837437404305,33.78106134371957,50.49851509250243,49.20043816942551,,1.0
bts,1,set_cal,2024-04-08,0.05,GroupAware2025,51.0,47.85706977757581,31.59772801038624,47.22351509250244,45.92543816942551,,1.0
bts,1,set_cal,2024-04-08,0.05,RobustImprovement2025,51.0,46.061190238227546,29.561421911421913,43.35087412587413,35.91643356643357,,1.0
bts,1,set_cal,2024-04-08,0.1,StructuralRobust,103.0,256.1639765212977,91.30365010873345,133.94232379442926,111.34368852939738,0.0,1.0
bts,1,set_cal,2024-04-08,0.1,ExpectedActionValue,103.0,266.1094841599869,68.64908933006167,99.91439674225059,81.84511734593626,,1.0
bts,1,set_cal,2024-04-08,0.1,PointwiseWorstAction,103.0,266.47798173879,85.24908933006166,124.71439674225059,105.89511734593627,,1.0
bts,1,set_cal,2024-04-08,0.1,ScenarioCVaR,103.0,266.47798173879,85.24908933006166,124.71439674225059,105.89511734593627,,1.0
bts,1,set_cal,2024-04-08,0.1,RiskFirst,103.0,77.12935185015958,64.15384100200455,95.31450276174809,88.44256220230753,,1.0
bts,1,set_cal,2024-04-08,0.1,TemporalContext2024,103.0,79.98884348272132,64.042803767962,95.37294691068425,90.18850635124369,,1.0
bts,1,set_cal,2024-04-08,0.1,NetworkPropagation2024,103.0,77.56816468336083,66.92976805367628,99.47839333925569,92.60645277981514,,1.0
bts,1,set_cal,2024-04-08,0.1,CalibratedUncertainty2025,103.0,85.12797972026247,104.76547495896223,156.06354944186546,147.92857696753128,,1.0
bts,1,set_cal,2024-04-08,0.1,MappedPTO2026,103.0,85.95747994896149,102.23788077788143,152.11775587165215,142.82476615787755,,1.0
bts,1,set_cal,2024-04-08,0.1,GroupAware2025,103.0,78.81690707923659,59.299053767962,88.20732191068424,82.64788135124368,,1.0
bts,1,set_cal,2024-04-08,0.1,RobustImprovement2025,103.0,80.07145533623762,83.52273344667431,123.22443717343359,107.77696469909942,,1.0
bts,1,set_cal,2024-04-08,0.2,StructuralRobust,206.0,305.20011012610394,201.85560551268776,297.99715782201974,264.85027946943035,0.0,1.0
bts,1,set_cal,2024-04-08,0.2,ExpectedActionValue,206.0,392.58016761146155,148.02973678241872,218.2103679207862,194.328588524472,,1.0
bts,1,set_cal,2024-04-08,0.2,PointwiseWorstAction,206.0,393.5818566674039,144.65473678241872,213.2228679207862,189.90358852447199,,1.0
bts,1,set_cal,2024-04-08,0.2,ScenarioCVaR,206.0,393.5818566674039,144.65473678241872,213.2228679207862,189.90358852447199,,1.0
bts,1,set_cal,2024-04-08,0.2,RiskFirst,206.0,149.4590019508357,183.55956310922974,273.7921816672667,262.18845919293256,,1.0
bts,1,set_cal,2024-04-08,0.2,TemporalContext2024,206.0,150.01415471388302,174.47851959593402,260.19561639732314,248.77939392298896,,1.0
bts,1,set_cal,2024-04-08,0.2,NetworkPropagation2024,206.0,144.79597490595748,191.57916688125079,285.8340873252983,274.3241148509641,,1.0
bts,1,set_cal,2024-04-08,0.2,CalibratedUncertainty2025,206.0,148.9535639224411,179.90558198334705,267.24346804295885,247.63168105249568,,1.0
bts,1,set_cal,2024-04-08,0.2,MappedPTO2026,206.0,153.89692918356945,184.44506616049273,274.54194787206814,258.5995626070362,,1.0
bts,1,set_cal,2024-04-08,0.2,GroupAware2025,206.0,159.60600234107542,173.37112030450749,257.62443334340946,239.38257999327118,,1.0
bts,1,set_cal,2024-04-08,0.2,RobustImprovement2025,206.0,141.87517316989926,148.7675086607203,221.03789629079887,205.18764603868698,,1.0
bts,1,set_cal,2024-04-09,0.01,StructuralRobust,9.0,63.71755188948431,29.481780991895775,44.06996878514096,42.92469851487067,0.0,1.0
bts,1,set_cal,2024-04-09,0.01,ExpectedActionValue,9.0,110.10436380928901,6.329411764705883,9.494117647058825,9.494117647058824,,1.0
bts,1,set_cal,2024-04-09,0.01,PointwiseWorstAction,9.0,110.10436380928901,6.329411764705883,9.494117647058825,9.494117647058824,,1.0
bts,1,set_cal,2024-04-09,0.01,ScenarioCVaR,9.0,110.10436380928901,6.329411764705883,9.494117647058825,9.494117647058824,,1.0
bts,1,set_cal,2024-04-09,0.01,RiskFirst,9.0,4.4937047281989795,3.4736728837876614,5.210509325681492,5.210509325681492,,1.0
bts,1,set_cal,2024-04-09,0.01,TemporalContext2024,9.0,5.393227204765398,4.898672883787661,7.323009325681491,7.135509325681491,,1.0
bts,1,set_cal,2024-04-09,0.01,NetworkPropagation2024,9.0,5.882059999323976,23.373672883787666,35.060509325681494,35.060509325681494,,1.0
bts,1,set_cal,2024-04-09,0.01,CalibratedUncertainty2025,9.0,3.74779982876471,26.448672883787665,39.54800932568149,38.61050932568149,,1.0
bts,1,set_cal,2024-04-09,0.01,MappedPTO2026,9.0,4.726535618849423,24.450000000000003,36.675000000000004,36.675,,1.0
bts,1,set_cal,2024-04-09,0.01,GroupAware2025,9.0,4.4937047281989795,3.4736728837876614,5.210509325681492,5.210509325681492,,1.0
bts,1,set_cal,2024-04-09,0.01,RobustImprovement2025,9.0,5.102461623594987,30.906780991895772,46.182468785140955,44.84969851487068,,1.0
bts,1,set_cal,2024-04-09,0.03,StructuralRobust,28.0,127.76888519892827,44.49606670618149,64.44139735656952,58.17112708629926,0.0,1.0
bts,1,set_cal,2024-04-09,0.03,ExpectedActionValue,28.0,184.65076688570338,11.725480947095821,17.3924667036626,15.924306326304102,,1.0
bts,1,set_cal,2024-04-09,0.03,PointwiseWorstAction,28.0,186.49534723393958,11.725480947095821,17.3924667036626,15.924306326304102,,1.0
bts,1,set_cal,2024-04-09,0.03,ScenarioCVaR,28.0,186.49534723393958,11.725480947095821,17.3924667036626,15.924306326304102,,1.0
bts,1,set_cal,2024-04-09,0.03,RiskFirst,28.0,17.186394626415062,52.13178099189577,77.89496878514095,75.62469851487069,,1.0
bts,1,set_cal,2024-04-09,0.03,TemporalContext2024,28.0,17.36899203653258,54.09606670618149,80.84139735656953,78.57112708629927,,1.0
bts,1,set_cal,2024-04-09,0.03,NetworkPropagation2024,28.0,17.885507993794523,38.53178099189577,57.494968785140955,55.22469851487068,,1.0
bts,1,set_cal,2024-04-09,0.03,CalibratedUncertainty2025,28.0,16.27417020716545,39.53178099189577,58.494968785140955,55.22469851487068,,1.0
bts,1,set_cal,2024-04-09,0.03,MappedPTO2026,28.0,17.018500454160787,38.53178099189577,57.494968785140955,55.22469851487067,,1.0
bts,1,set_cal,2024-04-09,0.03,GroupAware2025,28.0,24.711660497305488,40.061192756601656,59.78908643219978,57.51881616192951,,1.0
bts,1,set_cal,2024-04-09,0.03,RobustImprovement2025,28.0,16.417368421869046,44.49606670618149,64.44139735656952,58.17112708629926,,1.0
bts,1,set_cal,2024-04-09,0.05,StructuralRobust,47.0,158.58926660638298,66.62076182813271,97.20313516144758,87.74307830581145,0.0,1.0
bts,1,set_cal,2024-04-09,0.05,ExpectedActionValue,47.0,233.80654753071454,17.72548094709582,26.3924667036626,24.9243063263041,,1.0
bts,1,set_cal,2024-04-09,0.05,PointwiseWorstAction,47.0,234.18720069048328,16.825480947095823,25.042466703662598,23.5743063263041,,1.0
bts,1,set_cal,2024-04-09,0.05,ScenarioCVaR,47.0,234.18720069048328,16.825480947095823,25.042466703662598,23.5743063263041,,1.0
bts,1,set_cal,2024-04-09,0.05,RiskFirst,47.0,33.02027908235352,59.981728470887376,89.59489000362835,86.76211973335806,,1.0
bts,1,set_cal,2024-04-09,0.05,TemporalContext2024,47.0,36.74880469898466,57.54939151436563,85.52138456884575,82.25111429857549,,1.0
bts,1,set_cal,2024-04-09,0.05,NetworkPropagation2024,47.0,33.28281281232942,58.600478470887374,87.52301500362836,84.69024473335807,,1.0
bts,1,set_cal,2024-04-09,0.05,CalibratedUncertainty2025,47.0,25.30075141790584,56.106780991895775,83.28246878514096,79.44969851487069,,1.0
bts,1,set_cal,2024-04-09,0.05,MappedPTO2026,47.0,29.33460389347026,72.11148024001608,107.70211164228381,104.21379625923157,,1.0
bts,1,set_cal,2024-04-09,0.05,GroupAware2025,47.0,33.66828807472971,77.4314235928386,115.2191278085064,111.00907095287027,,1.0
bts,1,set_cal,2024-04-09,0.05,RobustImprovement2025,47.0,28.0212605051591,53.70686216072695,77.30759053838771,66.75209299539017,,1.0
bts,1,set_cal,2024-04-09,0.1,StructuralRobust,94.0,234.53680843701807,100.41430238071737,146.11011265699125,126.11482852862784,0.0,1.0
bts,1,set_cal,2024-04-09,0.1,ExpectedActionValue,94.0,317.84672390937925,33.438646816314325,49.917518537793384,48.11413088770761,,1.0
bts,1,set_cal,2024-04-09,0.1,PointwiseWorstAction,94.0,318.45489216663884,31.32447026822473,46.75290720709509,44.99942074278009,,1.0
bts,1,set_cal,2024-04-09,0.1,ScenarioCVaR,94.0,318.45489216663884,31.32447026822473,46.75290720709509,44.99942074278009,,1.0
bts,1,set_cal,2024-04-09,0.1,RiskFirst,94.0,62.26915987818134,106.95672419612549,158.54467269839913,149.9563434572537,,1.0
bts,1,set_cal,2024-04-09,0.1,TemporalContext2024,94.0,65.45903534179419,92.06988209086231,136.10181555554198,126.6690314271786,,1.0
bts,1,set_cal,2024-04-09,0.1,NetworkPropagation2024,94.0,60.204126658571106,96.75202494800519,143.32502984125628,135.39224571289282,,1.0
bts,1,set_cal,2024-04-09,0.1,CalibratedUncertainty2025,94.0,63.58570253392613,124.11790322227328,184.7738472526584,177.00129039702222,,1.0
bts,1,set_cal,2024-04-09,0.1,MappedPTO2026,94.0,76.0244543746069,112.79903611964319,168.57094546172448,163.86388007867225,,1.0
bts,1,set_cal,2024-04-09,0.1,GroupAware2025,94.0,65.02219429940408,99.00458133898262,146.61645841268484,138.02812917153943,,1.0
bts,1,set_cal,2024-04-09,0.1,RobustImprovement2025,94.0,75.68672473858612,104.75564576475294,153.234721718007,137.8338924768616,,1.0
bts,1,set_cal,2024-04-09,0.2,StructuralRobust,188.0,277.22381284035316,219.72510889697836,324.138171325181,298.48175390030497,0.0,1.0
bts,1,set_cal,2024-04-09,0.2,ExpectedActionValue,188.0,443.54437123779263,101.79682054629059,151.60432963945928,146.26234351690772,,1.0
bts,1,set_cal,2024-04-09,0.2,PointwiseWorstAction,188.0,444.04952007650377,95.87376290218029,142.71974317329386,137.3777570507424,,1.0
bts,1,set_cal,2024-04-09,0.2,ScenarioCVaR,188.0,444.04952007650377,95.87376290218029,142.71974317329386,137.3777570507424,,1.0
bts,1,set_cal,2024-04-09,0.2,RiskFirst,188.0,150.5154393882597,211.69597443722094,315.12854806004225,302.60271881889673,,1.0
bts,1,set_cal,2024-04-09,0.2,TemporalContext2024,188.0,156.92153606027622,211.89597443722093,315.22854806004227,301.20271881889676,,1.0
bts,1,set_cal,2024-04-09,0.2,NetworkPropagation2024,188.0,148.22575995431822,208.08779774549163,309.6037830224483,296.23420378130277,,1.0
bts,1,set_cal,2024-04-09,0.2,CalibratedUncertainty2025,188.0,135.1482768692703,218.52658278833815,325.548412465251,311.4874495858295,,1.0
bts,1,set_cal,2024-04-09,0.2,MappedPTO2026,188.0,151.61167370332686,188.4772859923749,281.03801539277316,268.453663424355,,1.0
bts,1,set_cal,2024-04-09,0.2,GroupAware2025,188.0,141.26872944650378,219.1943563535502,324.75689016530544,308.3368301549291,,1.0
bts,1,set_cal,2024-04-09,0.2,RobustImprovement2025,188.0,146.34554462519665,172.90162323612907,255.26992845537416,238.4909031915015,,1.0
bts,1,set_cal,2024-04-10,0.01,StructuralRobust,9.0,58.431362707502146,3.2,4.8,4.8,0.0,1.0
bts,1,set_cal,2024-04-10,0.01,ExpectedActionValue,9.0,59.00837126031744,18.489757966922145,27.734636950383216,27.734636950383216,,1.0
bts,1,set_cal,2024-04-10,0.01,PointwiseWorstAction,9.0,58.988979085478846,21.772834889999068,32.659252334998605,32.659252334998605,,1.0
bts,1,set_cal,2024-04-10,0.01,ScenarioCVaR,9.0,58.988979085478846,21.772834889999068,32.659252334998605,32.659252334998605,,1.0
bts,1,set_cal,2024-04-10,0.01,RiskFirst,9.0,18.75485628045924,10.48768115942029,15.731521739130432,15.731521739130432,,1.0
bts,1,set_cal,2024-04-10,0.01,TemporalContext2024,9.0,19.289924938219738,10.48768115942029,15.731521739130432,15.731521739130432,,1.0
bts,1,set_cal,2024-04-10,0.01,NetworkPropagation2024,9.0,21.654722343607034,12.718503937007874,19.052165354330707,18.86023622047244,,1.0
bts,1,set_cal,2024-04-10,0.01,CalibratedUncertainty2025,9.0,16.74896552945913,0.0,0.0,0.0,,1.0
bts,1,set_cal,2024-04-10,0.01,MappedPTO2026,9.0,25.017946267883378,12.350000000000001,18.525,18.525,,1.0
bts,1,set_cal,2024-04-10,0.01,GroupAware2025,9.0,18.969665427501106,10.48768115942029,15.731521739130432,15.731521739130432,,1.0
bts,1,set_cal,2024-04-10,0.01,RobustImprovement2025,9.0,21.23515404860053,0.0,0.0,0.0,,1.0
bts,1,set_cal,2024-04-10,0.03,StructuralRobust,28.0,116.98676459152351,35.86881888397119,52.756821140328036,44.90876724811247,0.0,1.0
bts,1,set_cal,2024-04-10,0.03,ExpectedActionValue,28.0,116.4575493044749,27.647552084569202,40.846384687939775,36.15930889608458,,1.0
bts,1,set_cal,2024-04-10,0.03,PointwiseWorstAction,28.0,115.63282856991054,26.445629007646126,39.283884687939775,36.399693511469195,,1.0
bts,1,set_cal,2024-04-10,0.03,ScenarioCVaR,28.0,115.63282856991054,26.445629007646126,39.283884687939775,36.399693511469195,,1.0
bts,1,set_cal,2024-04-10,0.03,RiskFirst,28.0,32.641115381720574,21.63768115942029,32.45652173913043,32.45652173913043,,1.0
bts,1,set_cal,2024-04-10,0.03,TemporalContext2024,28.0,35.60017857171838,19.63768115942029,29.45652173913043,29.45652173913043,,1.0
bts,1,set_cal,2024-04-10,0.03,NetworkPropagation2024,28.0,33.60663878647586,36.6895184297615,55.00868709346114,54.81675795960286,,1.0
bts,1,set_cal,2024-04-10,0.03,CalibratedUncertainty2025,28.0,34.01336995131583,7.700000000000001,11.55,11.549999999999999,,1.0
bts,1,set_cal,2024-04-10,0.03,MappedPTO2026,28.0,33.61727093527627,34.35618509642816,51.508687093461134,51.31675795960287,,1.0
bts,1,set_cal,2024-04-10,0.03,GroupAware2025,28.0,33.618571033624136,21.63768115942029,32.45652173913043,32.45652173913043,,1.0
bts,1,set_cal,2024-04-10,0.03,RobustImprovement2025,28.0,32.20021372998462,35.86881888397119,52.756821140328036,44.90876724811247,,1.0
bts,1,set_cal,2024-04-10,0.05,StructuralRobust,47.0,147.50559709791955,78.33067652609748,116.16832568488029,106.21065740288589,0.0,1.0
bts,1,set_cal,2024-04-10,0.05,ExpectedActionValue,47.0,156.95939964351356,41.24039051548813,60.940600317511446,54.04070939960583,,1.0
bts,1,set_cal,2024-04-10,0.05,PointwiseWorstAction,47.0,156.9293503321066,37.26539051548813,55.193100317511444,49.90570939960582,,1.0
bts,1,set_cal,2024-04-10,0.05,ScenarioCVaR,47.0,156.9293503321066,37.26539051548813,55.193100317511444,49.90570939960582,,1.0
bts,1,set_cal,2024-04-10,0.05,RiskFirst,47.0,51.51346141801676,45.301639641882716,67.72621956099361,66.0294202972652,,1.0
bts,1,set_cal,2024-04-10,0.05,TemporalContext2024,47.0,48.0592193503079,45.56592535616843,68.17264813242218,66.85084886869379,,1.0
bts,1,set_cal,2024-04-10,0.05,NetworkPropagation2024,47.0,47.08654110520105,47.13497297521605,70.52621956099361,69.20442029726519,,1.0
bts,1,set_cal,2024-04-10,0.05,CalibratedUncertainty2025,47.0,48.45765043731637,31.968503937007878,47.92716535433071,47.73523622047243,,1.0
bts,1,set_cal,2024-04-10,0.05,MappedPTO2026,47.0,48.05099580705873,53.22246416619561,79.70810569811229,78.76617656425401,,1.0
bts,1,set_cal,2024-04-10,0.05,GroupAware2025,47.0,50.1364820013535,42.41592535616842,63.397648132422184,61.70084886869379,,1.0
bts,1,set_cal,2024-04-10,0.05,RobustImprovement2025,47.0,48.63548459203508,57.10160853526478,84.53041506608733,76.11543204001347,,1.0
bts,1,set_cal,2024-04-10,0.1,StructuralRobust,94.0,222.15580163914925,110.37825231854359,162.79360951179163,141.9903422666135,0.0,1.0
bts,1,set_cal,2024-04-10,0.1,ExpectedActionValue,94.0,240.27120490248134,94.960588330047,141.3703064881687,133.34098643640488,,1.0
bts,1,set_cal,2024-04-10,0.1,PointwiseWorstAction,94.0,240.07661548918202,94.96058833004702,141.3703064881687,133.34098643640482,,1.0
bts,1,set_cal,2024-04-10,0.1,ScenarioCVaR,94.0,240.07661548918202,94.96058833004702,141.3703064881687,133.34098643640482,,1.0
bts,1,set_cal,2024-04-10,0.1,RiskFirst,94.0,91.26183171221987,119.09996558907265,177.01717453358032,164.77137065836558,,1.0
bts,1,set_cal,2024-04-10,0.1,TemporalContext2024,94.0,88.0462000295035,124.78196220102426,185.39016945150775,172.019365576293,,1.0
bts,1,set_cal,2024-04-10,0.1,NetworkPropagation2024,94.0,86.3094532928639,118.63066734345861,176.31322716515928,164.06742328994451,,1.0
bts,1,set_cal,2024-04-10,0.1,CalibratedUncertainty2025,94.0,80.55588297744669,105.06491982231162,156.73666241971688,150.2812825665878,,1.0
bts,1,set_cal,2024-04-10,0.1,MappedPTO2026,94.0,88.84335029410981,79.97677126167916,119.68891699068828,117.61711772695988,,1.0
bts,1,set_cal,2024-04-10,0.1,GroupAware2025,94.0,88.82361900000129,139.16046979075333,207.10793083610133,194.8621269608866,,1.0
bts,1,set_cal,2024-04-10,0.1,RobustImprovement2025,94.0,83.67583673081197,89.69635958266457,132.9117655239682,120.66596164875338,,1.0
bts,1,set_cal,2024-04-10,0.2,StructuralRobust,189.0,246.18050471903385,240.69772970457777,356.95977573747035,326.30863459199884,0.0,1.0
bts,1,set_cal,2024-04-10,0.2,ExpectedActionValue,189.0,360.3446839448929,181.9259525588131,271.4331034806685,260.5144132990344,,1.0
bts,1,set_cal,2024-04-10,0.2,PointwiseWorstAction,189.0,360.99953815427915,188.4759525588131,281.2581034806684,270.3394132990344,,1.0
bts,1,set_cal,2024-04-10,0.2,ScenarioCVaR,189.0,360.99953815427915,188.4759525588131,281.2581034806684,270.3394132990344,,1.0
bts,1,set_cal,2024-04-10,0.2,RiskFirst,189.0,151.23521971086927,254.12961533962277,379.01275021521246,362.6502042585496,,1.0
bts,1,set_cal,2024-04-10,0.2,TemporalContext2024,189.0,147.72504791103339,230.15241822998905,342.97469964880105,326.07024192743233,,1.0
bts,1,set_cal,2024-04-10,0.2,NetworkPropagation2024,189.0,148.81957333110864,234.10762151009345,348.03528234673536,324.5891579587,,1.0
bts,1,set_cal,2024-04-10,0.2,CalibratedUncertainty2025,189.0,149.66877659897116,242.8655562263223,361.96666154526173,344.47911558859914,,1.0
bts,1,set_cal,2024-04-10,0.2,MappedPTO2026,189.0,149.80030084078896,223.96041228282775,333.8300994761737,318.00120736566487,,1.0
bts,1,set_cal,2024-04-10,0.2,GroupAware2025,189.0,152.28842828663127,259.4990550123285,386.89190972427093,369.216863767608,,1.0
bts,1,set_cal,2024-04-10,0.2,RobustImprovement2025,189.0,149.52275822797412,146.4368300481991,217.92247122227,204.92666734705517,,1.0
bts,1,set_cal,2024-04-11,0.01,StructuralRobust,10.0,87.6730102220233,23.775,35.2375,32.050000000000004,0.0,1.0
bts,1,set_cal,2024-04-11,0.01,ExpectedActionValue,10.0,113.22578423332405,11.472272727272728,17.18340909090909,16.99590909090909,,1.0
bts,1,set_cal,2024-04-11,0.01,PointwiseWorstAction,10.0,113.22578423332405,11.472272727272728,17.18340909090909,16.99590909090909,,1.0
bts,1,set_cal,2024-04-11,0.01,ScenarioCVaR,10.0,113.22578423332405,11.472272727272728,17.18340909090909,16.99590909090909,,1.0
bts,1,set_cal,2024-04-11,0.01,RiskFirst,10.0,7.599324031597872,16.299615384615382,24.424423076923077,24.23692307692308,,1.0
bts,1,set_cal,2024-04-11,0.01,TemporalContext2024,10.0,7.599324031597872,16.299615384615382,24.424423076923077,24.23692307692308,,1.0
bts,1,set_cal,2024-04-11,0.01,NetworkPropagation2024,10.0,8.204033936411486,15.649615384615384,23.399423076923078,22.83692307692308,,1.0
bts,1,set_cal,2024-04-11,0.01,CalibratedUncertainty2025,10.0,8.522041445201443,12.875,19.1375,17.825,,1.0
bts,1,set_cal,2024-04-11,0.01,MappedPTO2026,10.0,7.471153529534578,12.8,19.0,17.499999999999996,,1.0
bts,1,set_cal,2024-04-11,0.01,GroupAware2025,10.0,8.405301481325393,16.549615384615382,24.74942307692308,24.186923076923083,,1.0
bts,1,set_cal,2024-04-11,0.01,RobustImprovement2025,10.0,8.095535809882463,7.700000000000001,11.55,11.549999999999999,,1.0
bts,1,set_cal,2024-04-11,0.03,StructuralRobust,32.0,179.97758692409664,43.98379905808478,65.37569858712715,60.87569858712714,0.0,1.0
bts,1,set_cal,2024-04-11,0.03,ExpectedActionValue,32.0,179.29197678629743,44.938974952204155,66.98346242830623,63.79596242830622,,1.0
bts,1,set_cal,2024-04-11,0.03,PointwiseWorstAction,32.0,181.88678815686947,26.62227272727273,39.50840909090909,36.32090909090909,,1.0
bts,1,set_cal,2024-04-11,0.03,ScenarioCVaR,32.0,181.88678815686947,26.62227272727273,39.50840909090909,36.32090909090909,,1.0
bts,1,set_cal,2024-04-11,0.03,RiskFirst,32.0,21.622904934551485,30.771043956043957,45.93156593406594,44.244065934065944,,1.0
bts,1,set_cal,2024-04-11,0.03,TemporalContext2024,32.0,23.93390086147899,40.75879905808477,60.913198587127155,59.22569858712716,,1.0
bts,1,set_cal,2024-04-11,0.03,NetworkPropagation2024,32.0,18.985271236382676,32.85879905808477,49.06319858712716,47.37569858712716,,1.0
bts,1,set_cal,2024-04-11,0.03,CalibratedUncertainty2025,32.0,19.72382738713931,25.817933673469387,38.551900510204085,37.23940051020408,,1.0
bts,1,set_cal,2024-04-11,0.03,MappedPTO2026,32.0,21.622904934551478,30.771043956043957,45.93156593406594,44.244065934065944,,1.0
bts,1,set_cal,2024-04-11,0.03,GroupAware2025,32.0,18.893069676364693,38.48379905808477,57.475698587127155,55.600698587127155,,1.0
bts,1,set_cal,2024-04-11,0.03,RobustImprovement2025,32.0,23.936445496745353,43.98379905808478,65.37569858712715,60.87569858712714,,1.0
bts,1,set_cal,2024-04-11,0.05,StructuralRobust,52.0,190.8435338964694,70.26888677738302,104.19777461051896,95.15610794385228,0.0,1.0
bts,1,set_cal,2024-04-11,0.05,ExpectedActionValue,52.0,225.4576938976954,81.40621131584051,121.68431697376076,118.49681697376077,,1.0
bts,1,set_cal,2024-04-11,0.05,PointwiseWorstAction,52.0,225.54442443686193,68.17522495220416,101.83783742830622,98.65033742830619,,1.0
bts,1,set_cal,2024-04-11,0.05,ScenarioCVaR,52.0,225.54442443686193,68.17522495220416,101.83783742830622,98.65033742830619,,1.0
bts,1,set_cal,2024-04-11,0.05,RiskFirst,52.0,33.403005751112644,57.090486239748614,85.3357293596229,83.0857293596229,,1.0
bts,1,set_cal,2024-04-11,0.05,TemporalContext2024,52.0,39.585861640118,63.20673623974861,94.16010435962292,89.28510435962292,,1.0
bts,1,set_cal,2024-04-11,0.05,NetworkPropagation2024,52.0,32.383732800878256,49.43831518711703,73.85747278067555,71.60747278067554,,1.0
bts,1,set_cal,2024-04-11,0.05,CalibratedUncertainty2025,52.0,29.48308208395674,53.74196807788354,80.13795211682532,76.57545211682532,,1.0
bts,1,set_cal,2024-04-11,0.05,MappedPTO2026,52.0,32.57302484514331,50.590904321242675,75.61135648186401,73.54885648186401,,1.0
bts,1,set_cal,2024-04-11,0.05,GroupAware2025,52.0,35.9202418934878,53.20673623974861,79.51010435962291,77.26010435962291,,1.0
bts,1,set_cal,2024-04-11,0.05,RobustImprovement2025,52.0,31.557685541564684,76.78421572475146,114.1707680315716,106.62910136490488,,1.0
bts,1,set_cal,2024-04-11,0.1,StructuralRobust,105.0,278.2681569984796,174.83587586637165,259.6060808246471,242.49808351281925,0.0,1.0
bts,1,set_cal,2024-04-11,0.1,ExpectedActionValue,105.0,314.8777246745357,129.52427549803514,193.54601469632806,187.99302556589328,,1.0
bts,1,set_cal,2024-04-11,0.1,PointwiseWorstAction,105.0,315.0524025590796,125.83225869131246,188.15798948624402,183.73000035580918,,1.0
bts,1,set_cal,2024-04-11,0.1,ScenarioCVaR,105.0,315.0524025590796,125.83225869131246,188.15798948624402,183.73000035580918,,1.0
bts,1,set_cal,2024-04-11,0.1,RiskFirst,105.0,63.9771040815584,158.79162908834584,237.5049436325187,232.38619363251863,,1.0
bts,1,set_cal,2024-04-11,0.1,TemporalContext2024,105.0,66.01153698231387,176.12238331064705,262.92012258501813,253.44422972787524,,1.0
bts,1,set_cal,2024-04-11,0.1,NetworkPropagation2024,105.0,61.992192103820415,157.21052340051037,235.00828510076553,228.95203510076547,,1.0
bts,1,set_cal,2024-04-11,0.1,CalibratedUncertainty2025,105.0,62.97527733306918,147.53110385841273,220.13360023206354,211.41068356539688,,1.0
bts,1,set_cal,2024-04-11,0.1,MappedPTO2026,105.0,69.11073576841389,141.78219525616763,212.33495955091811,209.7974595509181,,1.0
bts,1,set_cal,2024-04-11,0.1,GroupAware2025,105.0,63.35241145798316,151.13071707654805,226.01357561482212,220.8948256148221,,1.0
bts,1,set_cal,2024-04-11,0.1,RobustImprovement2025,105.0,67.08956747840753,141.65780294052342,209.67364885522954,194.07573218856288,,1.0
bts,1,set_cal,2024-04-11,0.2,StructuralRobust,210.0,303.70563887160813,349.3647370898091,518.9153237675191,488.67695976355986,0.0,1.0
bts,1,set_cal,2024-04-11,0.2,ExpectedActionValue,210.0,448.38009242149457,246.93028309836836,369.0390724426389,358.86643090578696,,1.0
bts,1,set_cal,2024-04-11,0.2,PointwiseWorstAction,210.0,448.82735050088087,246.32221858223934,367.7672982490906,354.8970760670775,,1.0
bts,1,set_cal,2024-04-11,0.2,ScenarioCVaR,210.0,448.82735050088087,246.32221858223934,367.7672982490906,354.8970760670775,,1.0
bts,1,set_cal,2024-04-11,0.2,RiskFirst,210.0,141.73075764381485,370.63137407854083,553.5161904362053,535.2846603241607,,1.0
bts,1,set_cal,2024-04-11,0.2,TemporalContext2024,210.0,140.07611808796827,375.2681967277219,560.6464244099768,543.727394297932,,1.0
bts,1,set_cal,2024-04-11,0.2,NetworkPropagation2024,210.0,142.69447734303233,351.22646552343133,524.5838276035411,507.66479749149653,,1.0
bts,1,set_cal,2024-04-11,0.2,CalibratedUncertainty2025,210.0,144.58484357910922,327.85621208621353,489.74491803594947,474.4494173356692,,1.0
bts,1,set_cal,2024-04-11,0.2,MappedPTO2026,210.0,140.72571360481152,354.48537541198795,530.0224503728837,517.2303547846484,,1.0
bts,1,set_cal,2024-04-11,0.2,GroupAware2025,210.0,159.49328000432334,377.34223922336264,563.986969946155,548.7890532794884,,1.0
bts,1,set_cal,2024-04-11,0.2,RobustImprovement2025,210.0,153.70793298199186,207.10231250171464,307.70665937438645,291.10558903799506,,1.0
bts,1,set_cal,2024-04-12,0.01,StructuralRobust,11.0,62.21910357724094,19.576067193675893,29.364100790513838,29.364100790513827,0.0,1.0
bts,1,set_cal,2024-04-12,0.01,ExpectedActionValue,11.0,89.54654884752662,25.169322642874366,37.72394417651314,37.498645768025085,,1.0
bts,1,set_cal,2024-04-12,0.01,PointwiseWorstAction,11.0,89.54654884752662,25.169322642874366,37.72394417651314,37.498645768025085,,1.0
bts,1,set_cal,2024-04-12,0.01,ScenarioCVaR,11.0,89.54654884752662,25.169322642874366,37.72394417651314,37.498645768025085,,1.0
bts,1,set_cal,2024-04-12,0.01,RiskFirst,11.0,7.135976047086156,14.196521739130436,21.29478260869565,21.29478260869565,,1.0
bts,1,set_cal,2024-04-12,0.01,TemporalContext2024,11.0,7.107593423895164,14.196521739130436,21.29478260869565,21.29478260869565,,1.0
bts,1,set_cal,2024-04-12,0.01,NetworkPropagation2024,11.0,6.941324897766262,6.846521739130435,10.269782608695653,10.269782608695653,,1.0
bts,1,set_cal,2024-04-12,0.01,CalibratedUncertainty2025,11.0,5.572361984251241,3.716666666666666,5.574999999999999,5.575,,1.0
bts,1,set_cal,2024-04-12,0.01,MappedPTO2026,11.0,5.550225447282301,10.700000000000001,16.05,16.049999999999997,,1.0
bts,1,set_cal,2024-04-12,0.01,GroupAware2025,11.0,9.227222423621523,18.776067193675892,28.16410079051384,28.164100790513835,,1.0
bts,1,set_cal,2024-04-12,0.01,RobustImprovement2025,11.0,8.513261672459144,18.776067193675892,28.16410079051384,28.164100790513835,,1.0
bts,1,set_cal,2024-04-12,0.03,StructuralRobust,32.0,144.24570373279326,31.990049877658578,47.75780208921513,46.053256634669665,0.0,1.0
bts,1,set_cal,2024-04-12,0.03,ExpectedActionValue,32.0,148.89393988335073,34.79944949276866,51.94529724205226,50.04121976379676,,1.0
bts,1,set_cal,2024-04-12,0.03,PointwiseWorstAction,32.0,149.74078375305422,34.79944949276866,51.94529724205226,50.04121976379676,,1.0
bts,1,set_cal,2024-04-12,0.03,ScenarioCVaR,32.0,149.74078375305422,34.79944949276866,51.94529724205226,50.04121976379676,,1.0
bts,1,set_cal,2024-04-12,0.03,RiskFirst,32.0,23.318603449076097,43.653686241294935,65.4805293619424,65.4805293619424,,1.0
bts,1,set_cal,2024-04-12,0.03,TemporalContext2024,32.0,20.92670445970859,41.25368624129494,61.88052936194241,61.88052936194241,,1.0
bts,1,set_cal,2024-04-12,0.03,NetworkPropagation2024,32.0,25.54085128049492,28.953686241294943,43.43052936194241,43.430529361942405,,1.0
bts,1,set_cal,2024-04-12,0.03,CalibratedUncertainty2025,32.0,22.299092394096867,10.463982683982683,15.468701298701298,13.764155844155843,,1.0
bts,1,set_cal,2024-04-12,0.03,MappedPTO2026,32.0,23.374240135405643,43.653686241294935,65.4805293619424,65.4805293619424,,1.0
bts,1,set_cal,2024-04-12,0.03,GroupAware2025,32.0,23.402616031081024,44.753686241294936,67.1305293619424,67.13052936194242,,1.0
bts,1,set_cal,2024-04-12,0.03,RobustImprovement2025,32.0,26.096600672786742,31.990049877658578,47.75780208921513,46.053256634669665,,1.0
bts,1,set_cal,2024-04-12,0.05,StructuralRobust,54.0,167.33052339289677,76.38927473401499,114.11092716444745,110.5635401401346,0.0,1.0
bts,1,set_cal,2024-04-12,0.05,ExpectedActionValue,54.0,196.2623313092367,38.595212204633064,57.638941309848875,55.73486383159338,,1.0
bts,1,set_cal,2024-04-12,0.05,PointwiseWorstAction,54.0,196.3464398846883,57.88330744272831,86.57108416699174,84.66700668873624,,1.0
bts,1,set_cal,2024-04-12,0.05,ScenarioCVaR,54.0,196.3464398846883,57.88330744272831,86.57108416699174,84.66700668873624,,1.0
bts,1,set_cal,2024-04-12,0.05,RiskFirst,54.0,38.664308659596,62.17504609836907,93.03529642028087,91.3307509657354,,1.0
bts,1,set_cal,2024-04-12,0.05,TemporalContext2024,54.0,41.437915870868174,56.45922977183847,84.46157193048498,82.75702647593951,,1.0
bts,1,set_cal,2024-04-12,0.05,NetworkPropagation2024,54.0,38.51243088065334,60.67474145569825,90.78483945627464,89.08029400172917,,1.0
bts,1,set_cal,2024-04-12,0.05,CalibratedUncertainty2025,54.0,40.64409753268816,66.98589535086077,100.0058580897161,96.45847106540322,,1.0
bts,1,set_cal,2024-04-12,0.05,MappedPTO2026,54.0,40.04243053673617,110.58955309953248,165.88432964929876,165.8843296492988,,1.0
bts,1,set_cal,2024-04-12,0.05,GroupAware2025,54.0,40.22516741602601,57.888009061332035,86.60474086472533,84.90019541017989,,1.0
bts,1,set_cal,2024-04-12,0.05,RobustImprovement2025,54.0,45.11007654566312,75.17732108782224,112.2929966951583,108.7456096708454,,1.0
bts,1,set_cal,2024-04-12,0.1,StructuralRobust,108.0,256.6412419486623,197.37640412765413,295.1434962549061,288.23517173059315,0.0,1.0
bts,1,set_cal,2024-04-12,0.1,ExpectedActionValue,108.0,286.0459144888672,118.56922298302416,177.05590293458783,171.0714163849748,,1.0
bts,1,set_cal,2024-04-12,0.1,PointwiseWorstAction,108.0,285.1673220833489,110.44578548302417,164.90043418458782,159.13860388497477,,1.0
bts,1,set_cal,2024-04-12,0.1,ScenarioCVaR,108.0,285.1673220833489,110.44578548302417,164.90043418458782,159.13860388497477,,1.0
bts,1,set_cal,2024-04-12,0.1,RiskFirst,108.0,73.9072241236772,187.31672015382296,280.5020952941594,276.9547082698466,,1.0
bts,1,set_cal,2024-04-12,0.1,TemporalContext2024,108.0,76.3222189416652,127.47000282537013,190.73201930148016,187.1846322771673,,1.0
bts,1,set_cal,2024-04-12,0.1,NetworkPropagation2024,108.0,71.10216894004368,200.55563069377132,300.3604611040819,296.81307407976897,,1.0
bts,1,set_cal,2024-04-12,0.1,CalibratedUncertainty2025,108.0,77.46317446340542,200.29745551743693,299.97319833958034,296.4258113152674,,1.0
bts,1,set_cal,2024-04-12,0.1,MappedPTO2026,108.0,86.70085152840782,177.95280278451767,266.4052458434432,262.47555834344325,,1.0
bts,1,set_cal,2024-04-12,0.1,GroupAware2025,108.0,77.63080703293215,190.40005348715633,285.1270952941594,281.5797082698466,,1.0
bts,1,set_cal,2024-04-12,0.1,RobustImprovement2025,108.0,70.29147408667768,139.7871753491862,208.85777808720422,202.68539106289126,,1.0
bts,1,set_cal,2024-04-12,0.2,StructuralRobust,216.0,315.27224545348764,337.76448829106096,503.8297572218835,482.7024431115749,0.0,1.0
bts,1,set_cal,2024-04-12,0.2,ExpectedActionValue,216.0,419.3219073390125,296.91783609200985,443.1540612350729,426.48386446300873,,1.0
bts,1,set_cal,2024-04-12,0.2,PointwiseWorstAction,216.0,418.43620377144487,289.02829708491765,431.3447527244346,414.8620559523704,,1.0
bts,1,set_cal,2024-04-12,0.2,ScenarioCVaR,216.0,418.43620377144487,289.02829708491765,431.3447527244346,414.8620559523704,,1.0
bts,1,set_cal,2024-04-12,0.2,RiskFirst,216.0,154.46611826806654,319.61658928891507,477.9323592681154,466.73842427868624,,1.0
bts,1,set_cal,2024-04-12,0.2,TemporalContext2024,216.0,164.99639813408322,313.14791438793156,468.1043469166402,455.97291192721093,,1.0
bts,1,set_cal,2024-04-12,0.2,NetworkPropagation2024,216.0,149.9887321795717,309.79743742960017,463.4036314791431,453.70969648971396,,1.0
bts,1,set_cal,2024-04-12,0.2,CalibratedUncertainty2025,216.0,163.79373305973462,317.20473138304965,474.4395724093171,464.18313741988754,,1.0
bts,1,set_cal,2024-04-12,0.2,MappedPTO2026,216.0,156.82340441082317,283.13963170773786,423.0684524133442,410.76098880137476,,1.0
bts,1,set_cal,2024-04-12,0.2,GroupAware2025,216.0,154.7533412155307,298.1965170591549,445.71526252974206,433.8689145873149,,1.0
bts,1,set_cal,2024-04-12,0.2,RobustImprovement2025,216.0,138.32052377509035,263.10905601434877,393.77809908494805,387.136962060635,,1.0
bts,1,set_cal,2024-04-13,0.01,StructuralRobust,9.0,62.79091323605799,0.0,0.0,0.0,0.0,1.0
bts,1,set_cal,2024-04-13,0.01,ExpectedActionValue,9.0,89.49196578157563,47.050000000000004,70.375,68.875,,1.0
bts,1,set_cal,2024-04-13,0.01,PointwiseWorstAction,9.0,89.49196578157563,47.050000000000004,70.375,68.875,,1.0
bts,1,set_cal,2024-04-13,0.01,ScenarioCVaR,9.0,89.49196578157563,47.050000000000004,70.375,68.875,,1.0
bts,1,set_cal,2024-04-13,0.01,RiskFirst,9.0,4.9313663799402985,1.425,2.1125,1.925,,1.0
bts,1,set_cal,2024-04-13,0.01,TemporalContext2024,9.0,4.6811663076935925,1.425,2.1125,1.925,,1.0
bts,1,set_cal,2024-04-13,0.01,NetworkPropagation2024,9.0,4.6133904498858955,1.425,2.1125,1.925,,1.0
bts,1,set_cal,2024-04-13,0.01,CalibratedUncertainty2025,9.0,3.6217606393050534,0.0,0.0,0.0,,1.0
bts,1,set_cal,2024-04-13,0.01,MappedPTO2026,9.0,6.3110449999115525,25.717114214106694,38.453902613677045,37.5406373075546,,1.0
bts,1,set_cal,2024-04-13,0.01,GroupAware2025,9.0,4.861278947611098,1.425,2.1125,1.925,,1.0
bts,1,set_cal,2024-04-13,0.01,RobustImprovement2025,9.0,3.504754775250348,1.425,2.1125,1.925,,1.0
bts,1,set_cal,2024-04-13,0.03,StructuralRobust,26.0,140.23645885376715,28.892114214106694,42.84140261367705,39.11563730755459,0.0,1.0
bts,1,set_cal,2024-04-13,0.03,ExpectedActionValue,26.0,140.86994394667101,57.32928459119497,85.79392688679245,84.29392688679243,,1.0
bts,1,set_cal,2024-04-13,0.03,PointwiseWorstAction,26.0,141.37278142426385,52.318867924528305,78.27830188679246,76.77830188679245,,1.0
bts,1,set_cal,2024-04-13,0.03,ScenarioCVaR,26.0,141.37278142426385,52.318867924528305,78.27830188679246,76.77830188679245,,1.0
bts,1,set_cal,2024-04-13,0.03,RiskFirst,26.0,13.652453852587039,30.557114214106697,45.33890261367705,41.6131373075546,,1.0
bts,1,set_cal,2024-04-13,0.03,TemporalContext2024,26.0,17.420296903252968,27.142114214106698,40.56640261367705,39.4656373075546,,1.0
bts,1,set_cal,2024-04-13,0.03,NetworkPropagation2024,26.0,13.652453852587039,30.557114214106697,45.33890261367705,41.6131373075546,,1.0
bts,1,set_cal,2024-04-13,0.03,CalibratedUncertainty2025,26.0,17.1772106750619,15.46311661506708,23.16967492260062,22.98217492260062,,1.0
bts,1,set_cal,2024-04-13,0.03,MappedPTO2026,26.0,14.503565037581241,52.9056774324975,78.83674744126326,74.9234821351408,,1.0
bts,1,set_cal,2024-04-13,0.03,GroupAware2025,26.0,12.654103450149806,23.87027210884354,35.30863945578231,31.58287414965986,,1.0
bts,1,set_cal,2024-04-13,0.03,RobustImprovement2025,26.0,16.53787898367363,28.892114214106694,42.84140261367705,39.11563730755459,,1.0
bts,1,set_cal,2024-04-13,0.05,StructuralRobust,44.0,163.0418425098378,59.574795079556324,88.65660038243973,83.36465860572908,0.0,1.0
bts,1,set_cal,2024-04-13,0.05,ExpectedActionValue,44.0,181.3922828492767,70.91555670003851,106.05156634257474,103.63830103645228,,1.0
bts,1,set_cal,2024-04-13,0.05,PointwiseWorstAction,44.0,181.48026595935087,70.91555670003851,106.05156634257474,103.63830103645228,,1.0
bts,1,set_cal,2024-04-13,0.05,ScenarioCVaR,44.0,181.48026595935087,70.91555670003851,106.05156634257474,103.63830103645228,,1.0
bts,1,set_cal,2024-04-13,0.05,RiskFirst,44.0,25.117235248695938,60.0806774324975,89.57424744126325,85.47348213514081,,1.0
bts,1,set_cal,2024-04-13,0.05,TemporalContext2024,44.0,26.505346953612314,58.780677432497505,87.62424744126326,83.52348213514082,,1.0
bts,1,set_cal,2024-04-13,0.05,NetworkPropagation2024,44.0,22.55064319609521,59.57479507955633,88.65660038243973,83.36465860572903,,1.0
bts,1,set_cal,2024-04-13,0.05,CalibratedUncertainty2025,44.0,56.72642015935197,35.7322342621259,53.33952786377709,51.39835139318886,,1.0
bts,1,set_cal,2024-04-13,0.05,MappedPTO2026,44.0,25.0697937709735,61.0306774324975,90.99924744126325,86.8984821351408,,1.0
bts,1,set_cal,2024-04-13,0.05,GroupAware2025,44.0,25.070983466357756,48.94383532723434,72.86898428336852,68.76821897724608,,1.0
bts,1,set_cal,2024-04-13,0.05,RobustImprovement2025,44.0,26.8663106862106,58.780677432497505,87.62424744126326,83.5234821351408,,1.0
bts,1,set_cal,2024-04-13,0.1,StructuralRobust,88.0,237.17447978448183,113.17650602172301,168.32149604051898,157.4970236000276,0.0,1.0
bts,1,set_cal,2024-04-13,0.1,ExpectedActionValue,88.0,255.97174804796188,107.64740652327207,159.60291250599653,148.95304005701695,,1.0
bts,1,set_cal,2024-04-13,0.1,PointwiseWorstAction,88.0,256.1136941260066,107.64740652327207,159.60291250599653,148.95304005701695,,1.0
bts,1,set_cal,2024-04-13,0.1,ScenarioCVaR,88.0,256.1136941260066,107.64740652327207,159.60291250599653,148.95304005701695,,1.0
bts,1,set_cal,2024-04-13,0.1,RiskFirst,88.0,89.32014280307789,102.98072788016901,153.3757262755682,145.16048469042838,,1.0
bts,1,set_cal,2024-04-13,0.1,TemporalContext2024,88.0,89.96928809634994,93.7622791754169,139.82486356326763,133.68569956433473,,1.0
bts,1,set_cal,2024-04-13,0.1,NetworkPropagation2024,88.0,86.17279951653046,95.46982650469344,142.10937421235485,133.89413262721501,,1.0
bts,1,set_cal,2024-04-13,0.1,CalibratedUncertainty2025,88.0,89.19674791932867,90.3828177029124,134.75567135451087,128.616507355578,,1.0
bts,1,set_cal,2024-04-13,0.1,MappedPTO2026,88.0,55.98878320397431,91.37938954082396,135.60918172951358,124.659912366596,,1.0
bts,1,set_cal,2024-04-13,0.1,GroupAware2025,88.0,61.18152131198638,93.60103593917242,139.1161883640733,129.47594677893352,,1.0
bts,1,set_cal,2024-04-13,0.1,RobustImprovement2025,88.0,83.97135123459606,98.2254747761176,145.80715696431864,134.32424296538568,,1.0
bts,1,set_cal,2024-04-13,0.2,StructuralRobust,177.0,271.7203838119422,160.43379885164626,237.90086303581444,219.0449558662591,0.0,1.0
bts,1,set_cal,2024-04-13,0.2,ExpectedActionValue,177.0,365.1055648389764,204.61015340150973,304.4156524148312,289.03042690193763,,1.0
bts,1,set_cal,2024-04-13,0.2,PointwiseWorstAction,177.0,364.7971172469207,200.80482998837553,298.63947873813447,282.74283904777553,,1.0
bts,1,set_cal,2024-04-13,0.2,ScenarioCVaR,177.0,364.7971172469207,200.80482998837553,298.63947873813447,282.74283904777553,,1.0
bts,1,set_cal,2024-04-13,0.2,RiskFirst,177.0,149.4556744610088,160.1406639310114,237.98008922629063,221.2482891995924,,1.0
bts,1,set_cal,2024-04-13,0.2,TemporalContext2024,177.0,151.94439254960557,163.59066393101136,243.1550892262906,226.42328919959232,,1.0
bts,1,set_cal,2024-04-13,0.2,NetworkPropagation2024,177.0,147.14982933627036,156.49066393101143,232.50508922629064,215.77328919959237,,1.0
bts,1,set_cal,2024-04-13,0.2,CalibratedUncertainty2025,177.0,145.4506104834889,149.12724103100956,222.06859123992425,209.90156394049873,,1.0
bts,1,set_cal,2024-04-13,0.2,MappedPTO2026,177.0,133.24730023721062,145.754381314242,216.12673672970809,199.10832956015278,,1.0
bts,1,set_cal,2024-04-13,0.2,GroupAware2025,177.0,154.27671241541114,152.53085276516572,226.7772772394269,211.63476292701438,,1.0
bts,1,set_cal,2024-04-13,0.2,RobustImprovement2025,177.0,159.0945357295735,164.3955293164636,244.81223877483768,231.45432477590478,,1.0
bts,1,set_cal,2024-04-14,0.01,StructuralRobust,11.0,92.9918999698551,12.472286295793758,18.477832428765264,16.748354816824968,0.0,1.0
bts,1,set_cal,2024-04-14,0.01,ExpectedActionValue,11.0,66.23173572306469,14.890438596491228,22.260657894736845,21.698157894736838,,1.0
bts,1,set_cal,2024-04-14,0.01,PointwiseWorstAction,11.0,66.2317357230647,14.890438596491228,22.260657894736845,21.698157894736838,,1.0
bts,1,set_cal,2024-04-14,0.01,ScenarioCVaR,11.0,66.2317357230647,14.890438596491228,22.260657894736845,21.698157894736838,,1.0
bts,1,set_cal,2024-04-14,0.01,RiskFirst,11.0,8.754599519933704,12.472286295793758,18.477832428765264,16.748354816824964,,1.0
bts,1,set_cal,2024-04-14,0.01,TemporalContext2024,11.0,8.754599519933704,12.472286295793758,18.477832428765264,16.748354816824964,,1.0
bts,1,set_cal,2024-04-14,0.01,NetworkPropagation2024,11.0,8.91127044976353,12.472286295793758,18.477832428765264,16.748354816824964,,1.0
bts,1,set_cal,2024-04-14,0.01,CalibratedUncertainty2025,11.0,7.93930868801908,0.8,1.3,1.2,,1.0
bts,1,set_cal,2024-04-14,0.01,MappedPTO2026,11.0,4.2901187377508,11.472286295793758,17.177832428765264,16.948354816824967,,1.0
bts,1,set_cal,2024-04-14,0.01,GroupAware2025,11.0,8.754599519933704,12.472286295793758,18.477832428765264,16.748354816824964,,1.0
bts,1,set_cal,2024-04-14,0.01,RobustImprovement2025,11.0,8.63237902597988,12.472286295793758,18.477832428765264,16.748354816824964,,1.0
bts,1,set_cal,2024-04-14,0.03,StructuralRobust,32.0,195.64207069467963,17.172286295793757,25.277832428765265,21.673354816824965,0.0,1.0
bts,1,set_cal,2024-04-14,0.03,ExpectedActionValue,32.0,123.68847030399006,23.519010025062656,34.95351503759399,32.51601503759398,,1.0
bts,1,set_cal,2024-04-14,0.03,PointwiseWorstAction,32.0,123.72706056441291,23.394010025062656,34.79101503759398,32.54101503759398,,1.0
bts,1,set_cal,2024-04-14,0.03,ScenarioCVaR,32.0,123.72706056441291,23.394010025062656,34.79101503759398,32.54101503759398,,1.0
bts,1,set_cal,2024-04-14,0.03,RiskFirst,32.0,21.137405015673103,15.922286295793757,23.652832428765265,21.923354816824965,,1.0
bts,1,set_cal,2024-04-14,0.03,TemporalContext2024,32.0,21.2348307915662,17.172286295793757,25.277832428765265,21.673354816824965,,1.0
bts,1,set_cal,2024-04-14,0.03,NetworkPropagation2024,32.0,26.363357773372403,15.922286295793757,23.652832428765265,21.923354816824965,,1.0
bts,1,set_cal,2024-04-14,0.03,CalibratedUncertainty2025,32.0,24.926071273368407,25.215962766381992,37.343347134647615,33.73886952270732,,1.0
bts,1,set_cal,2024-04-14,0.03,MappedPTO2026,32.0,21.832811012334922,19.520245479467228,28.79977120427547,25.19529359233517,,1.0
bts,1,set_cal,2024-04-14,0.03,GroupAware2025,32.0,22.449012214944467,19.520245479467228,28.79977120427547,25.19529359233517,,1.0
bts,1,set_cal,2024-04-14,0.03,RobustImprovement2025,32.0,19.53400381725873,17.172286295793757,25.277832428765265,21.673354816824965,,1.0
bts,1,set_cal,2024-04-14,0.05,StructuralRobust,53.0,210.64961003406353,54.587976662605236,80.85835950440621,73.71256833314388,0.0,1.0
bts,1,set_cal,2024-04-14,0.05,ExpectedActionValue,53.0,165.18178377836222,24.469010025062655,36.378515037593985,33.941015037593985,,1.0
bts,1,set_cal,2024-04-14,0.05,PointwiseWorstAction,53.0,164.83133962911612,31.269010025062656,46.57851503759399,44.14101503759399,,1.0
bts,1,set_cal,2024-04-14,0.05,ScenarioCVaR,53.0,164.83133962911612,31.269010025062656,46.57851503759399,44.14101503759399,,1.0
bts,1,set_cal,2024-04-14,0.05,RiskFirst,53.0,40.52029276186416,89.57128519697248,133.87633078053332,130.271853168593,,1.0
bts,1,set_cal,2024-04-14,0.05,TemporalContext2024,53.0,40.450150307523884,87.65083065151792,130.9956489623515,127.3911713504112,,1.0
bts,1,set_cal,2024-04-14,0.05,NetworkPropagation2024,53.0,41.2241234567294,84.71878519697248,126.59758078053332,122.99310316859297,,1.0
bts,1,set_cal,2024-04-14,0.05,CalibratedUncertainty2025,53.0,37.54089997062409,37.66021824635176,56.00973035460227,52.40525274266196,,1.0
bts,1,set_cal,2024-04-14,0.05,MappedPTO2026,53.0,39.93482765760397,96.79341624164351,144.64993830644403,140.59854288628455,,1.0
bts,1,set_cal,2024-04-14,0.05,GroupAware2025,53.0,40.77786966846887,104.58290139848204,156.39375508279767,152.78927747085737,,1.0
bts,1,set_cal,2024-04-14,0.05,RobustImprovement2025,53.0,40.81356621607491,40.11025839126586,59.44729057197341,54.592812960033115,,1.0
bts,1,set_cal,2024-04-14,0.1,StructuralRobust,106.0,301.0432023156397,129.22509834044195,189.69459453699704,167.62794723450293,0.0,1.0
bts,1,set_cal,2024-04-14,0.1,ExpectedActionValue,106.0,249.1837859481877,86.00572488914592,127.99213996529784,120.90003470213993,,1.0
bts,1,set_cal,2024-04-14,0.1,PointwiseWorstAction,106.0,248.7151344611083,84.54143917486022,125.5957113938693,118.3786061307114,,1.0
bts,1,set_cal,2024-04-14,0.1,ScenarioCVaR,106.0,248.7151344611083,84.54143917486022,125.5957113938693,118.3786061307114,,1.0
bts,1,set_cal,2024-04-14,0.1,RiskFirst,106.0,75.23145158485839,154.57843766801557,231.05488735595048,225.49036876040356,,1.0
bts,1,set_cal,2024-04-14,0.1,TemporalContext2024,106.0,75.84980185533784,154.57843766801557,231.05488735595048,225.4903687604036,,1.0
bts,1,set_cal,2024-04-14,0.1,NetworkPropagation2024,106.0,78.85972617250849,152.9876481943314,228.66870314542416,223.1041845498772,,1.0
bts,1,set_cal,2024-04-14,0.1,CalibratedUncertainty2025,106.0,81.14518058596637,143.52389221347013,214.44806917413229,208.69605057858544,,1.0
bts,1,set_cal,2024-04-14,0.1,MappedPTO2026,106.0,79.25415577047885,161.18714994868319,241.11553886700352,236.12664344684404,,1.0
bts,1,set_cal,2024-04-14,0.1,GroupAware2025,106.0,79.93233413535046,154.70343766801557,231.21738735595045,225.46536876040358,,1.0
bts,1,set_cal,2024-04-14,0.1,RobustImprovement2025,106.0,70.15751598816111,140.00244886917017,208.44088348798414,197.25120986970063,,1.0
bts,1,set_cal,2024-04-14,0.2,StructuralRobust,213.0,338.87755412894114,269.4309324774184,397.8304268258473,364.6543876487442,0.0,1.0
bts,1,set_cal,2024-04-14,0.2,ExpectedActionValue,213.0,379.95046939628475,207.00077307313956,308.61242902056756,297.7281996020042,,1.0
bts,1,set_cal,2024-04-14,0.2,PointwiseWorstAction,213.0,379.10334950253355,214.4085929783528,319.47415887838747,306.71492945982425,,1.0
bts,1,set_cal,2024-04-14,0.2,ScenarioCVaR,213.0,379.10334950253355,214.4085929783528,319.47415887838747,306.71492945982425,,1.0
bts,1,set_cal,2024-04-14,0.2,RiskFirst,213.0,145.5779582081196,248.9483255889982,371.1742796511117,354.843964158219,,1.0
bts,1,set_cal,2024-04-14,0.2,TemporalContext2024,213.0,139.30828499727704,259.03443670010927,386.0506685400005,367.8245197137745,,1.0
bts,1,set_cal,2024-04-14,0.2,NetworkPropagation2024,213.0,149.97667274462313,241.79703323932537,360.3389423628202,346.1706361415611,,1.0
bts,1,set_cal,2024-04-14,0.2,CalibratedUncertainty2025,213.0,144.18361381680327,259.30131701694023,386.2662667930249,366.65470130013233,,1.0
bts,1,set_cal,2024-04-14,0.2,MappedPTO2026,213.0,147.13293379268833,242.1005407860818,360.86510244673707,344.2535369538444,,1.0
bts,1,set_cal,2024-04-14,0.2,GroupAware2025,213.0,151.13657473506598,255.98235286609503,381.3224096078528,361.9702619231793,,1.0
bts,1,set_cal,2024-04-14,0.2,RobustImprovement2025,213.0,145.73674819291108,214.1167581478533,319.34012518378654,306.10878489883635,,1.0
bts,1,set_cal,2024-04-15,0.01,StructuralRobust,10.0,68.44845770028444,0.0,0.0,0.0,0.0,1.0
bts,1,set_cal,2024-04-15,0.01,ExpectedActionValue,10.0,91.22421874351053,7.625842696629213,11.43876404494382,11.438764044943817,,1.0
bts,1,set_cal,2024-04-15,0.01,PointwiseWorstAction,10.0,91.22421874351053,7.625842696629213,11.43876404494382,11.438764044943817,,1.0
bts,1,set_cal,2024-04-15,0.01,ScenarioCVaR,10.0,91.22421874351053,7.625842696629213,11.43876404494382,11.438764044943817,,1.0
bts,1,set_cal,2024-04-15,0.01,RiskFirst,10.0,4.046821496461029,1.875,2.8125,2.8125,,1.0
bts,1,set_cal,2024-04-15,0.01,TemporalContext2024,10.0,4.440823385166291,1.875,2.8125,2.8125,,1.0
bts,1,set_cal,2024-04-15,0.01,NetworkPropagation2024,10.0,4.073854937509075,1.875,2.8125,2.8125,,1.0
bts,1,set_cal,2024-04-15,0.01,CalibratedUncertainty2025,10.0,4.816319475519223,1.875,2.8125,2.8125,,1.0
bts,1,set_cal,2024-04-15,0.01,MappedPTO2026,10.0,5.565586211162001,3.567857142857143,5.164285714285714,4.289285714285714,,1.0
bts,1,set_cal,2024-04-15,0.01,GroupAware2025,10.0,4.046821496461029,1.875,2.8125,2.8125,,1.0
bts,1,set_cal,2024-04-15,0.01,RobustImprovement2025,10.0,4.156252976286582,0.0,0.0,0.0,,1.0
bts,1,set_cal,2024-04-15,0.03,StructuralRobust,31.0,140.77847387053941,49.50114400060409,73.86241882503964,71.47394000604092,0.0,1.0
bts,1,set_cal,2024-04-15,0.03,ExpectedActionValue,31.0,153.42522711919437,48.749256810388694,72.09888521558302,67.59888521558301,,1.0
bts,1,set_cal,2024-04-15,0.03,PointwiseWorstAction,31.0,153.4389322160584,45.35219798685928,67.00329698028892,62.50329698028891,,1.0
bts,1,set_cal,2024-04-15,0.03,ScenarioCVaR,31.0,153.4389322160584,45.35219798685928,67.00329698028892,62.50329698028891,,1.0
bts,1,set_cal,2024-04-15,0.03,RiskFirst,31.0,15.062393300697655,47.87614400060409,71.44991882503965,69.24894000604093,,1.0
bts,1,set_cal,2024-04-15,0.03,TemporalContext2024,31.0,14.845841483318074,47.87614400060409,71.44991882503965,69.24894000604093,,1.0
bts,1,set_cal,2024-04-15,0.03,NetworkPropagation2024,31.0,14.888362984355643,46.576144000604096,69.54991882503964,67.72394000604092,,1.0
bts,1,set_cal,2024-04-15,0.03,CalibratedUncertainty2025,31.0,13.948830434298118,12.235733384262796,18.353600076394194,18.353600076394194,,1.0
bts,1,set_cal,2024-04-15,0.03,MappedPTO2026,31.0,17.18870257087325,7.3957983193277315,10.831197478991596,9.393697478991598,,1.0
bts,1,set_cal,2024-04-15,0.03,GroupAware2025,31.0,15.366049432237595,46.826144000604096,69.87491882503964,67.67394000604094,,1.0
bts,1,set_cal,2024-04-15,0.03,RobustImprovement2025,31.0,14.443501383291096,49.50114400060409,73.86241882503964,71.47394000604092,,1.0
bts,1,set_cal,2024-04-15,0.05,StructuralRobust,52.0,182.42922155597668,80.45529410010965,119.52778538843938,111.39536717550126,0.0,1.0
bts,1,set_cal,2024-04-15,0.05,ExpectedActionValue,52.0,197.85781230238362,64.30973693668149,95.31019364031633,89.83960540502217,,1.0
bts,1,set_cal,2024-04-15,0.05,PointwiseWorstAction,52.0,198.23854333022666,62.95973693668149,93.33519364031633,88.23960540502222,,1.0
bts,1,set_cal,2024-04-15,0.05,ScenarioCVaR,52.0,198.23854333022666,62.95973693668149,93.33519364031633,88.23960540502222,,1.0
bts,1,set_cal,2024-04-15,0.05,RiskFirst,52.0,26.628818997101806,71.9578698576854,107.52250761066162,104.94652879166291,,1.0
bts,1,set_cal,2024-04-15,0.05,TemporalContext2024,52.0,24.861285221938918,68.3578698576854,102.1225076106616,99.54652879166288,,1.0
bts,1,set_cal,2024-04-15,0.05,NetworkPropagation2024,52.0,28.009476066265133,57.3339362083963,85.63660713672795,83.43562831772923,,1.0
bts,1,set_cal,2024-04-15,0.05,CalibratedUncertainty2025,52.0,26.006700415012695,29.887694168576523,44.61904125286478,43.55654125286478,,1.0
bts,1,set_cal,2024-04-15,0.05,MappedPTO2026,52.0,44.64074199767362,57.02509870443684,85.17335088078877,82.97237206179007,,1.0
bts,1,set_cal,2024-04-15,0.05,GroupAware2025,52.0,25.982305162334224,67.3078698576854,100.54750761066161,97.9715287916629,,1.0
bts,1,set_cal,2024-04-15,0.05,RobustImprovement2025,52.0,24.37828674123137,72.7578698576854,108.72250761066161,106.1465287916629,,1.0
bts,1,set_cal,2024-04-15,0.1,StructuralRobust,104.0,273.7118068718259,142.77240418184726,212.14035039394977,197.53468130279145,0.0,1.0
bts,1,set_cal,2024-04-15,0.1,ExpectedActionValue,104.0,284.0938474868531,77.62148493444643,115.20281563696375,109.16972740166956,,1.0
bts,1,set_cal,2024-04-15,0.1,PointwiseWorstAction,104.0,283.83107459218223,74.66385781580236,110.62637495899764,103.5432867237035,,1.0
bts,1,set_cal,2024-04-15,0.1,ScenarioCVaR,104.0,283.83107459218223,74.66385781580236,110.62637495899764,103.5432867237035,,1.0
bts,1,set_cal,2024-04-15,0.1,RiskFirst,104.0,59.93375059621489,118.51615630269818,177.28640786641608,174.1589584591821,,1.0
bts,1,set_cal,2024-04-15,0.1,TemporalContext2024,104.0,65.24546877802482,113.39106313499632,169.5987681148633,166.47131870762928,,1.0
bts,1,set_cal,2024-04-15,0.1,NetworkPropagation2024,104.0,58.36531837120449,124.0181170870119,185.53934904288664,182.41189963565262,,1.0
bts,1,set_cal,2024-04-15,0.1,CalibratedUncertainty2025,104.0,58.98000151041387,123.4648306419991,184.60572656490996,180.70058107924459,,1.0
bts,1,set_cal,2024-04-15,0.1,MappedPTO2026,104.0,87.7438391023934,96.98095848818289,143.6288618678833,133.5282928849502,,1.0
bts,1,set_cal,2024-04-15,0.1,GroupAware2025,104.0,66.6397313689234,123.20184604251162,184.31494247613625,181.18749306890228,,1.0
bts,1,set_cal,2024-04-15,0.1,RobustImprovement2025,104.0,63.046674863958295,123.05361912130836,183.8040878553024,178.51278165535132,,1.0
bts,1,set_cal,2024-04-15,0.2,StructuralRobust,207.0,323.2180070584849,233.89086723038452,347.2826107930862,324.3486853994069,0.0,1.0
bts,1,set_cal,2024-04-15,0.2,ExpectedActionValue,207.0,411.03601351814524,117.36462418809558,174.06634439321385,162.39940522624264,,1.0
bts,1,set_cal,2024-04-15,0.2,PointwiseWorstAction,207.0,410.7224065491413,122.43214763686905,180.7789932027377,162.44728130849376,,1.0
bts,1,set_cal,2024-04-15,0.2,ScenarioCVaR,207.0,410.7224065491413,122.43214763686905,180.7789932027377,162.44728130849376,,1.0
bts,1,set_cal,2024-04-15,0.2,RiskFirst,207.0,162.33008889100213,202.26538194439388,301.37974541821285,289.9610391803778,,1.0
bts,1,set_cal,2024-04-15,0.2,TemporalContext2024,207.0,164.09783687388486,199.56538194439386,297.5297454182128,287.6110391803778,,1.0
bts,1,set_cal,2024-04-15,0.2,NetworkPropagation2024,207.0,164.25967071829209,205.4875431716461,307.23798725909114,300.319281021256,,1.0
bts,1,set_cal,2024-04-15,0.2,CalibratedUncertainty2025,207.0,153.3854998312874,225.6082410916504,336.48039777546126,322.52191881035355,,1.0
bts,1,set_cal,2024-04-15,0.2,MappedPTO2026,207.0,167.25674586568798,184.95136587870618,275.4359435419035,264.2214039707351,,1.0
bts,1,set_cal,2024-04-15,0.2,GroupAware2025,207.0,164.39057444851954,223.68285745435784,334.3961372545874,326.4662703024667,,1.0
bts,1,set_cal,2024-04-15,0.2,RobustImprovement2025,207.0,119.184478013524,178.7318622968133,267.2714526185598,261.60514641860874,,1.0
bts,1,set_cal,2024-04-16,0.01,StructuralRobust,10.0,58.73369712544392,8.861754385964913,13.292631578947368,13.292631578947367,0.0,1.0
bts,1,set_cal,2024-04-16,0.01,ExpectedActionValue,10.0,52.63801948908981,1.7861111111111112,2.654166666666667,2.466666666666666,,1.0
bts,1,set_cal,2024-04-16,0.01,PointwiseWorstAction,10.0,53.46506210034905,0.1,0.1625,0.15,,1.0
bts,1,set_cal,2024-04-16,0.01,ScenarioCVaR,10.0,53.46506210034905,0.1,0.1625,0.15,,1.0
bts,1,set_cal,2024-04-16,0.01,RiskFirst,10.0,5.010253806020516,1.7684210526315791,2.6526315789473682,2.652631578947368,,1.0
bts,1,set_cal,2024-04-16,0.01,TemporalContext2024,10.0,4.113471231788524,1.7684210526315791,2.6526315789473682,2.652631578947368,,1.0
bts,1,set_cal,2024-04-16,0.01,NetworkPropagation2024,10.0,4.681227573602322,1.7684210526315791,2.6526315789473682,2.652631578947368,,1.0
bts,1,set_cal,2024-04-16,0.01,CalibratedUncertainty2025,10.0,5.14341082022038,3.99233409610984,5.9885011441647595,5.9885011441647595,,1.0
bts,1,set_cal,2024-04-16,0.01,MappedPTO2026,10.0,5.410975196593789,3.568421052631579,5.352631578947369,5.352631578947368,,1.0
bts,1,set_cal,2024-04-16,0.01,GroupAware2025,10.0,6.071176957929609,1.7684210526315791,2.6526315789473682,2.652631578947368,,1.0
bts,1,set_cal,2024-04-16,0.01,RobustImprovement2025,10.0,4.287117570677925,10.474254385964914,15.67388157894737,15.392631578947368,,1.0
bts,1,set_cal,2024-04-16,0.03,StructuralRobust,29.0,122.18070410358325,16.623167429443175,24.57225114416476,21.853501144164763,0.0,1.0
bts,1,set_cal,2024-04-16,0.03,ExpectedActionValue,29.0,117.45258414270185,8.291137566137566,12.31170634920635,11.374206349206348,,1.0
bts,1,set_cal,2024-04-16,0.03,PointwiseWorstAction,29.0,117.58683343222752,7.791137566137566,11.661706349206348,11.474206349206346,,1.0
bts,1,set_cal,2024-04-16,0.03,ScenarioCVaR,29.0,117.58683343222752,7.791137566137566,11.661706349206348,11.474206349206346,,1.0
bts,1,set_cal,2024-04-16,0.03,RiskFirst,29.0,20.421149416848447,16.073167429443174,24.04725114416476,23.57850114416476,,1.0
bts,1,set_cal,2024-04-16,0.03,TemporalContext2024,29.0,19.445652513799637,16.073167429443174,24.04725114416476,23.57850114416476,,1.0
bts,1,set_cal,2024-04-16,0.03,NetworkPropagation2024,29.0,20.461811526749344,15.098167429443174,22.584751144164763,22.116001144164763,,1.0
bts,1,set_cal,2024-04-16,0.03,CalibratedUncertainty2025,29.0,19.971408769664254,18.510667429443174,27.49100114416476,25.428501144164755,,1.0
bts,1,set_cal,2024-04-16,0.03,MappedPTO2026,29.0,20.379428149426996,18.48388171515746,27.66332257273619,27.19457257273619,,1.0
bts,1,set_cal,2024-04-16,0.03,GroupAware2025,29.0,21.190642262626035,16.073167429443174,24.04725114416476,23.57850114416476,,1.0
bts,1,set_cal,2024-04-16,0.03,RobustImprovement2025,29.0,21.283151326568635,16.623167429443175,24.57225114416476,21.853501144164763,,1.0
bts,1,set_cal,2024-04-16,0.05,StructuralRobust,48.0,150.4525805055182,40.38120314372889,59.37984042987904,50.44010828702189,0.0,1.0
bts,1,set_cal,2024-04-16,0.05,ExpectedActionValue,48.0,164.89026720326723,17.028168315052863,25.188305104158246,22.53369984100036,,1.0
bts,1,set_cal,2024-04-16,0.05,PointwiseWorstAction,48.0,164.727119830056,17.028168315052863,25.188305104158246,22.533699841000352,,1.0
bts,1,set_cal,2024-04-16,0.05,ScenarioCVaR,48.0,164.727119830056,17.028168315052863,25.188305104158246,22.533699841000352,,1.0
bts,1,set_cal,2024-04-16,0.05,RiskFirst,48.0,32.962998816932895,62.058881715157455,92.72582257273618,90.00707257273619,,1.0
bts,1,set_cal,2024-04-16,0.05,TemporalContext2024,48.0,32.31014460473841,59.23388171515746,88.7383225727362,87.8945725727362,,1.0
bts,1,set_cal,2024-04-16,0.05,NetworkPropagation2024,48.0,32.127820537652624,64.55888171515747,96.27582257273619,92.05707257273619,,1.0
bts,1,set_cal,2024-04-16,0.05,CalibratedUncertainty2025,48.0,29.881023086883868,59.221381715157456,88.53207257273618,86.28207257273618,,1.0
bts,1,set_cal,2024-04-16,0.05,MappedPTO2026,48.0,31.26153887719666,24.670548381824123,36.89332257273619,36.049572572736196,,1.0
bts,1,set_cal,2024-04-16,0.05,GroupAware2025,48.0,33.19448338250008,63.38388171515746,94.9383225727362,93.90707257273621,,1.0
bts,1,set_cal,2024-04-16,0.05,RobustImprovement2025,48.0,33.42386456843785,83.4819843937289,124.10601230487906,115.72878016202192,,1.0
bts,1,set_cal,2024-04-16,0.1,StructuralRobust,96.0,228.02239163869865,132.94080792314065,197.9442475989967,186.9420154561396,0.0,1.0
bts,1,set_cal,2024-04-16,0.1,ExpectedActionValue,96.0,247.84605976567957,35.34761275949731,52.19247177082491,48.45036650766701,,1.0
bts,1,set_cal,2024-04-16,0.1,PointwiseWorstAction,96.0,248.1846413492054,44.2443518899321,65.53758046647708,61.79547520331918,,1.0
bts,1,set_cal,2024-04-16,0.1,ScenarioCVaR,96.0,248.1846413492054,44.2443518899321,65.53758046647708,61.79547520331918,,1.0
bts,1,set_cal,2024-04-16,0.1,RiskFirst,96.0,64.88557475485715,128.8069843937289,191.99351230487906,182.8662801620219,,1.0
bts,1,set_cal,2024-04-16,0.1,TemporalContext2024,96.0,65.01249813822257,130.81279834721724,195.00223323511162,185.8750010922545,,1.0
bts,1,set_cal,2024-04-16,0.1,NetworkPropagation2024,96.0,64.81640049456246,115.25966296515747,171.97699444773622,165.13324444773622,,1.0
bts,1,set_cal,2024-04-16,0.1,CalibratedUncertainty2025,96.0,67.79023320349884,116.75976217150667,174.0226789715457,165.64544682868853,,1.0
bts,1,set_cal,2024-04-16,0.1,MappedPTO2026,96.0,62.16636347795592,91.21914167049094,136.0617482200221,130.30951607716497,,1.0
bts,1,set_cal,2024-04-16,0.1,GroupAware2025,96.0,61.54618588520493,124.70566296515749,186.23799444773618,180.08424444773613,,1.0
bts,1,set_cal,2024-04-16,0.1,RobustImprovement2025,96.0,66.06005389059328,114.5279843937289,170.54201230487905,161.16728016202194,,1.0
bts,1,set_cal,2024-04-16,0.2,StructuralRobust,193.0,258.7354824290543,170.79866106816306,253.91664433780693,239.2815398545243,0.0,1.0
bts,1,set_cal,2024-04-16,0.2,ExpectedActionValue,193.0,375.01449459970763,82.6211280975406,122.17774477788984,111.49813951473197,,1.0
bts,1,set_cal,2024-04-16,0.2,PointwiseWorstAction,193.0,375.61123054491725,84.73652834769695,125.47584515312438,115.7337398899665,,1.0
bts,1,set_cal,2024-04-16,0.2,ScenarioCVaR,193.0,375.61123054491725,84.73652834769695,125.47584515312438,115.7337398899665,,1.0
bts,1,set_cal,2024-04-16,0.2,RiskFirst,193.0,134.33685066246633,172.17458883129973,256.16191896123524,242.8871868183781,,1.0
bts,1,set_cal,2024-04-16,0.2,TemporalContext2024,193.0,130.89127712254634,164.1800568506186,244.74512099021365,233.3078888473566,,1.0
bts,1,set_cal,2024-04-16,0.2,NetworkPropagation2024,193.0,134.38680577473272,172.5919960380849,257.138029771413,244.01329762855582,,1.0
bts,1,set_cal,2024-04-16,0.2,CalibratedUncertainty2025,193.0,128.39943177526044,170.82324123771681,254.6428975708609,242.70316542800376,,1.0
bts,1,set_cal,2024-04-16,0.2,MappedPTO2026,193.0,136.4168685209014,150.71000270325095,224.2730397691621,213.3083076263049,,1.0
bts,1,set_cal,2024-04-16,0.2,GroupAware2025,193.0,126.96991988765457,165.43504550072402,245.99622098664827,232.2986165033655,,1.0
bts,1,set_cal,2024-04-16,0.2,RobustImprovement2025,193.0,138.25805431340987,161.85755361212367,241.2405327991379,229.6470506562808,,1.0
bts,1,set_cal,2024-04-17,0.01,StructuralRobust,10.0,60.1029482382622,50.36673104097975,75.55009656146962,75.55009656146962,0.0,1.0
bts,1,set_cal,2024-04-17,0.01,ExpectedActionValue,10.0,67.88749638965729,51.46354922279794,77.17032383419689,76.98282383419688,,1.0
bts,1,set_cal,2024-04-17,0.01,PointwiseWorstAction,10.0,67.88749638965729,51.46354922279794,77.17032383419689,76.98282383419688,,1.0
bts,1,set_cal,2024-04-17,0.01,ScenarioCVaR,10.0,67.88749638965729,51.46354922279794,77.17032383419689,76.98282383419688,,1.0
bts,1,set_cal,2024-04-17,0.01,RiskFirst,10.0,8.705407993617602,50.36673104097975,75.55009656146962,75.55009656146962,,1.0
bts,1,set_cal,2024-04-17,0.01,TemporalContext2024,10.0,8.636005838056189,50.36673104097975,75.55009656146962,75.55009656146962,,1.0
bts,1,set_cal,2024-04-17,0.01,NetworkPropagation2024,10.0,9.409821553313396,50.36673104097975,75.55009656146962,75.55009656146962,,1.0
bts,1,set_cal,2024-04-17,0.01,CalibratedUncertainty2025,10.0,9.792974599225426,48.098549222797935,72.1478238341969,72.14782383419688,,1.0
bts,1,set_cal,2024-04-17,0.01,MappedPTO2026,10.0,6.8411036653301585,2.268181818181818,3.402272727272727,3.402272727272727,,1.0
bts,1,set_cal,2024-04-17,0.01,GroupAware2025,10.0,9.257413462748106,50.36673104097975,75.55009656146962,75.55009656146962,,1.0
bts,1,set_cal,2024-04-17,0.01,RobustImprovement2025,10.0,11.962180999524474,54.42052850933418,81.63079276400127,81.63079276400126,,1.0
bts,1,set_cal,2024-04-17,0.03,StructuralRobust,29.0,123.23774805310177,60.06216157385031,89.92136736077546,88.63230486077546,0.0,1.0
bts,1,set_cal,2024-04-17,0.03,ExpectedActionValue,29.0,133.3405046089136,63.578159940694796,95.09223991104218,93.02973991104218,,1.0
bts,1,set_cal,2024-04-17,0.03,PointwiseWorstAction,29.0,133.3405046089136,63.578159940694796,95.09223991104218,93.02973991104218,,1.0
bts,1,set_cal,2024-04-17,0.03,ScenarioCVaR,29.0,133.3405046089136,63.578159940694796,95.09223991104218,93.02973991104218,,1.0
bts,1,set_cal,2024-04-17,0.03,RiskFirst,29.0,22.515285223036763,56.45278657385031,84.67917986077546,84.67917986077546,,1.0
bts,1,set_cal,2024-04-17,0.03,TemporalContext2024,29.0,22.87620523013363,56.45278657385031,84.67917986077546,84.67917986077546,,1.0
bts,1,set_cal,2024-04-17,0.03,NetworkPropagation2024,29.0,22.28942650240955,56.45278657385031,84.67917986077546,84.67917986077546,,1.0
bts,1,set_cal,2024-04-17,0.03,CalibratedUncertainty2025,29.0,23.00175193721211,56.56216157385031,84.67136736077546,83.38230486077543,,1.0
bts,1,set_cal,2024-04-17,0.03,MappedPTO2026,29.0,22.70080553546744,56.45278657385031,84.67917986077546,84.67917986077543,,1.0
bts,1,set_cal,2024-04-17,0.03,GroupAware2025,29.0,21.802165342298434,56.45278657385031,84.67917986077546,84.67917986077546,,1.0
bts,1,set_cal,2024-04-17,0.03,RobustImprovement2025,29.0,30.457780041989533,60.06216157385031,89.92136736077546,88.63230486077546,,1.0
bts,1,set_cal,2024-04-17,0.05,StructuralRobust,48.0,157.30544414676157,64.62923903863904,96.47198355795857,92.93292105795857,0.0,1.0
bts,1,set_cal,2024-04-17,0.05,ExpectedActionValue,48.0,174.63806630107607,68.43195740904922,102.37293611357384,100.31043611357386,,1.0
bts,1,set_cal,2024-04-17,0.05,PointwiseWorstAction,48.0,174.65966989626844,68.43195740904922,102.37293611357384,100.31043611357386,,1.0
bts,1,set_cal,2024-04-17,0.05,ScenarioCVaR,48.0,174.65966989626844,68.43195740904922,102.37293611357384,100.31043611357386,,1.0
bts,1,set_cal,2024-04-17,0.05,RiskFirst,48.0,43.83500394209886,64.27923903863905,96.24698355795857,94.95792105795857,,1.0
bts,1,set_cal,2024-04-17,0.05,TemporalContext2024,48.0,43.01232503070469,68.20823903863905,102.11548355795856,100.63892105795856,,1.0
bts,1,set_cal,2024-04-17,0.05,NetworkPropagation2024,48.0,43.966045407952656,61.94173903863904,92.74073355795856,91.45167105795858,,1.0
bts,1,set_cal,2024-04-17,0.05,CalibratedUncertainty2025,48.0,51.253021835637114,65.62923903863904,97.77198355795855,92.73292105795855,,1.0
bts,1,set_cal,2024-04-17,0.05,MappedPTO2026,48.0,32.212558005226285,64.44653145928403,96.24898601871325,93.09290224211749,,1.0
bts,1,set_cal,2024-04-17,0.05,GroupAware2025,48.0,44.40977438651743,65.33323903863905,97.82798355795856,96.53892105795856,,1.0
bts,1,set_cal,2024-04-17,0.05,RobustImprovement2025,48.0,44.543252567317445,63.45366157385031,95.00861736077546,93.71955486077546,,1.0
bts,1,set_cal,2024-04-17,0.1,StructuralRobust,96.0,234.61039374233354,92.13254782493921,137.20301056719603,129.7344267906003,0.0,1.0
bts,1,set_cal,2024-04-17,0.1,ExpectedActionValue,96.0,253.03151811123408,86.07657527019143,128.56592673507438,124.44890545847869,,1.0
bts,1,set_cal,2024-04-17,0.1,PointwiseWorstAction,96.0,253.51005677241363,97.7918376678804,146.13882033160786,142.02179905501214,,1.0
bts,1,set_cal,2024-04-17,0.1,ScenarioCVaR,96.0,253.51005677241363,97.7918376678804,146.13882033160786,142.02179905501214,,1.0
bts,1,set_cal,2024-04-17,0.1,RiskFirst,96.0,86.80616253458899,84.09295857442241,125.27771760051175,118.8148156420978,,1.0
bts,1,set_cal,2024-04-17,0.1,TemporalContext2024,96.0,82.155542426305,87.93793112075048,131.3191125902166,126.91073190839842,,1.0
bts,1,set_cal,2024-04-17,0.1,NetworkPropagation2024,96.0,82.8783358430182,93.2119585744224,138.50621760051175,131.41831564209784,,1.0
bts,1,set_cal,2024-04-17,0.1,CalibratedUncertainty2025,96.0,82.69516710398011,82.45557191628771,122.92057378352246,117.19969310170427,,1.0
bts,1,set_cal,2024-04-17,0.1,MappedPTO2026,96.0,70.2334585403217,122.57249480108281,183.1535753385606,177.86482386558345,,1.0
bts,1,set_cal,2024-04-17,0.1,GroupAware2025,96.0,77.46697987103653,76.68551176591178,114.66548355795857,111.94460287614034,,1.0
bts,1,set_cal,2024-04-17,0.1,RobustImprovement2025,96.0,78.3237710815222,80.17895438886259,119.45564749238478,113.35976681056658,,1.0
bts,1,set_cal,2024-04-17,0.2,StructuralRobust,192.0,281.99728518425445,145.7546666235136,216.49527967414855,203.2198777157346,0.0,1.0
bts,1,set_cal,2024-04-17,0.2,ExpectedActionValue,192.0,369.88562769732476,157.01488364251787,233.77131984509498,220.63877770498152,,1.0
bts,1,set_cal,2024-04-17,0.2,PointwiseWorstAction,192.0,371.49096680348003,154.2297882530107,229.40691205495193,214.87363462072082,,1.0
bts,1,set_cal,2024-04-17,0.2,ScenarioCVaR,192.0,371.49096680348003,154.2297882530107,229.40691205495193,214.87363462072082,,1.0
bts,1,set_cal,2024-04-17,0.2,RiskFirst,192.0,156.87454007115736,135.11737250586654,200.88933849767798,190.23893653926407,,1.0
bts,1,set_cal,2024-04-17,0.2,TemporalContext2024,192.0,167.148064482284,132.28817482023493,196.5455419692305,185.14514001081653,,1.0
bts,1,set_cal,2024-04-17,0.2,NetworkPropagation2024,192.0,159.89761051645365,148.42026807127993,220.89368184579806,210.6182798873841,,1.0
bts,1,set_cal,2024-04-17,0.2,CalibratedUncertainty2025,192.0,146.79400297488672,142.46022988563442,211.85362456732972,200.82822260891572,,1.0
bts,1,set_cal,2024-04-17,0.2,MappedPTO2026,192.0,154.29421132397047,157.77331098131836,235.02444246605674,222.75801242165105,,1.0
bts,1,set_cal,2024-04-17,0.2,GroupAware2025,192.0,163.53730851554704,137.12331834261772,203.829810650863,192.66605917788598,,1.0
bts,1,set_cal,2024-04-17,0.2,RobustImprovement2025,192.0,145.89710083054112,113.7379179477103,169.45083102145594,160.78048677063498,,1.0
bts,1,set_cal,2024-04-18,0.01,StructuralRobust,11.0,75.46157429216771,5.396808510638298,8.095212765957447,8.095212765957447,0.0,1.0
bts,1,set_cal,2024-04-18,0.01,ExpectedActionValue,11.0,75.72737244506195,7.142179769103905,10.688269653655855,10.500769653655855,,1.0
bts,1,set_cal,2024-04-18,0.01,PointwiseWorstAction,11.0,76.06569256490818,7.142179769103905,10.688269653655855,10.500769653655855,,1.0
bts,1,set_cal,2024-04-18,0.01,ScenarioCVaR,11.0,76.06569256490818,7.142179769103905,10.688269653655855,10.500769653655855,,1.0
bts,1,set_cal,2024-04-18,0.01,RiskFirst,11.0,6.326903614459806,8.336808510638297,12.505212765957447,12.505212765957447,,1.0
bts,1,set_cal,2024-04-18,0.01,TemporalContext2024,11.0,7.687722128411136,5.396808510638298,8.095212765957447,8.095212765957447,,1.0
bts,1,set_cal,2024-04-18,0.01,NetworkPropagation2024,11.0,6.326903614459806,8.336808510638297,12.505212765957447,12.505212765957447,,1.0
bts,1,set_cal,2024-04-18,0.01,CalibratedUncertainty2025,11.0,9.16172454033808,4.646808510638298,6.970212765957447,6.970212765957447,,1.0
bts,1,set_cal,2024-04-18,0.01,MappedPTO2026,11.0,7.076432348823417,5.07,7.6049999999999995,7.605,,1.0
bts,1,set_cal,2024-04-18,0.01,GroupAware2025,11.0,6.326903614459806,8.336808510638297,12.505212765957447,12.505212765957447,,1.0
bts,1,set_cal,2024-04-18,0.01,RobustImprovement2025,11.0,9.801898581424444,5.396808510638298,8.095212765957447,8.095212765957447,,1.0
bts,1,set_cal,2024-04-18,0.03,StructuralRobust,33.0,171.92536577120194,44.988412594959776,67.09403193591791,64.17962976200485,0.0,1.0
bts,1,set_cal,2024-04-18,0.03,ExpectedActionValue,33.0,142.58793747804944,31.59231850384309,47.33847775576463,46.963477755764615,,1.0
bts,1,set_cal,2024-04-18,0.03,PointwiseWorstAction,33.0,142.7762869651584,29.617318503843087,44.40097775576462,44.21347775576461,,1.0
bts,1,set_cal,2024-04-18,0.03,ScenarioCVaR,33.0,142.7762869651584,29.617318503843087,44.40097775576462,44.21347775576461,,1.0
bts,1,set_cal,2024-04-18,0.03,RiskFirst,33.0,23.746006638096794,40.28728206253405,60.43092309380106,60.430923093801056,,1.0
bts,1,set_cal,2024-04-18,0.03,TemporalContext2024,33.0,24.687203374264403,34.58798430972505,51.769476464587584,50.92572646458759,,1.0
bts,1,set_cal,2024-04-18,0.03,NetworkPropagation2024,33.0,24.137577537435757,40.848211582452336,61.2723173736785,61.272317373678476,,1.0
bts,1,set_cal,2024-04-18,0.03,CalibratedUncertainty2025,33.0,23.194244613802535,22.677378249119,33.9035673736785,33.0598173736785,,1.0
bts,1,set_cal,2024-04-18,0.03,MappedPTO2026,33.0,21.46768252898781,50.32429504954703,75.48644257432055,75.48644257432055,,1.0
bts,1,set_cal,2024-04-18,0.03,GroupAware2025,33.0,25.171247036521528,40.84978206253405,61.16217309380106,60.31842309380106,,1.0
bts,1,set_cal,2024-04-18,0.03,RobustImprovement2025,33.0,23.110089834645322,44.988412594959776,67.09403193591791,64.17962976200485,,1.0
bts,1,set_cal,2024-04-18,0.05,StructuralRobust,54.0,192.2312701738118,66.19600735897673,98.78042408194335,94.92852190803033,0.0,1.0
bts,1,set_cal,2024-04-18,0.05,ExpectedActionValue,54.0,187.87003456376783,33.89231850384309,50.73847775576462,49.9884777557646,,1.0
bts,1,set_cal,2024-04-18,0.05,PointwiseWorstAction,54.0,188.3445359384935,34.31731850384309,51.40097775576462,50.83847775576459,,1.0
bts,1,set_cal,2024-04-18,0.05,ScenarioCVaR,54.0,188.3445359384935,34.31731850384309,51.40097775576462,50.83847775576459,,1.0
bts,1,set_cal,2024-04-18,0.05,RiskFirst,54.0,37.09828594009914,61.76018865017649,92.40278297526473,90.62153297526471,,1.0
bts,1,set_cal,2024-04-18,0.05,TemporalContext2024,54.0,34.589782083898385,57.33224959500157,85.63587439250236,82.91712439250239,,1.0
bts,1,set_cal,2024-04-18,0.05,NetworkPropagation2024,54.0,38.47042109046077,61.43973410472194,91.79710115708289,89.07835115708289,,1.0
bts,1,set_cal,2024-04-18,0.05,CalibratedUncertainty2025,54.0,37.46696499299887,46.92598599730302,70.10147899595452,67.94522899595452,,1.0
bts,1,set_cal,2024-04-18,0.05,MappedPTO2026,54.0,36.77103771812733,65.66190075779228,98.2053511366884,96.04910113668838,,1.0
bts,1,set_cal,2024-04-18,0.05,GroupAware2025,54.0,36.3253257749293,51.498389810718066,77.01008471607709,75.22883471607709,,1.0
bts,1,set_cal,2024-04-18,0.05,RobustImprovement2025,54.0,34.730985044300546,62.13281735435177,92.8106390750059,89.8962369010928,,1.0
bts,1,set_cal,2024-04-18,0.1,StructuralRobust,109.0,287.53990192305343,107.49612037867604,159.56031937981385,146.93136046831216,0.0,1.0
bts,1,set_cal,2024-04-18,0.1,ExpectedActionValue,109.0,284.1537246527582,74.58081831083277,111.50872746624916,108.78997746624913,,1.0
bts,1,set_cal,2024-04-18,0.1,PointwiseWorstAction,109.0,283.02288963212266,69.36093794489328,103.67890691733992,100.96015691733989,,1.0
bts,1,set_cal,2024-04-18,0.1,ScenarioCVaR,109.0,283.02288963212266,69.36093794489328,103.67890691733992,100.96015691733989,,1.0
bts,1,set_cal,2024-04-18,0.1,RiskFirst,109.0,70.1235337085219,104.48608781604348,155.85354476754344,149.28664259363035,,1.0
bts,1,set_cal,2024-04-18,0.1,TemporalContext2024,109.0,70.19519945127448,113.25229471259517,169.00285511237104,162.435952938458,,1.0
bts,1,set_cal,2024-04-18,0.1,NetworkPropagation2024,109.0,71.9586293547927,104.48608781604348,155.85354476754347,149.2866425936304,,1.0
bts,1,set_cal,2024-04-18,0.1,CalibratedUncertainty2025,109.0,79.14342113141278,140.31149349027677,209.68531994556002,203.8209177716469,,1.0
bts,1,set_cal,2024-04-18,0.1,MappedPTO2026,109.0,71.37747069959349,135.66964398339232,202.72813618785443,196.90566278359913,,1.0
bts,1,set_cal,2024-04-18,0.1,GroupAware2025,109.0,79.50870792326376,112.08128252426084,167.2463368298695,160.67943465595644,,1.0
bts,1,set_cal,2024-04-18,0.1,RobustImprovement2025,109.0,74.8543097921631,120.17695893666976,178.45657721680442,164.8901183053027,,1.0
bts,1,set_cal,2024-04-18,0.2,StructuralRobust,218.0,339.87230459467196,231.78394820218608,344.56122778174563,321.201018870244,0.0,1.0
bts,1,set_cal,2024-04-18,0.2,ExpectedActionValue,218.0,423.5230966389461,124.79577790468915,186.3561668570337,180.07491685703366,,1.0
bts,1,set_cal,2024-04-18,0.2,PointwiseWorstAction,218.0,423.6902556378552,124.3635650195351,185.7328475293026,179.63909752930255,,1.0
bts,1,set_cal,2024-04-18,0.2,ScenarioCVaR,218.0,423.6902556378552,124.3635650195351,185.7328475293026,179.63909752930255,,1.0
bts,1,set_cal,2024-04-18,0.2,RiskFirst,218.0,155.61423277559632,215.8286154349452,321.666006408662,308.8391308304937,,1.0
bts,1,set_cal,2024-04-18,0.2,TemporalContext2024,218.0,161.15882736469118,216.16038697170262,322.05783038046485,308.43720480229655,,1.0
bts,1,set_cal,2024-04-18,0.2,NetworkPropagation2024,218.0,162.3999934331298,197.4287521071518,294.066211416972,281.2393358388037,,1.0
bts,1,set_cal,2024-04-18,0.2,CalibratedUncertainty2025,218.0,154.5400656195768,230.23482939666414,343.5569940179072,330.0926184397389,,1.0
bts,1,set_cal,2024-04-18,0.2,MappedPTO2026,218.0,143.15371090600044,225.40355528464,336.1167253619483,321.2021686243596,,1.0
bts,1,set_cal,2024-04-18,0.2,GroupAware2025,218.0,147.87500621158026,239.13843077420566,356.2453167650158,340.5278462928205,,1.0
bts,1,set_cal,2024-04-18,0.2,RobustImprovement2025,218.0,154.9844042901149,169.39709332410425,251.86761213128946,235.15740321978777,,1.0
bts,1,set_cal,2024-04-19,0.01,StructuralRobust,11.0,75.80269962500186,6.012886597938144,8.769329896907216,6.894329896907215,0.0,1.0
bts,1,set_cal,2024-04-19,0.01,ExpectedActionValue,11.0,71.4338547667262,5.25,7.875,7.875,,1.0
bts,1,set_cal,2024-04-19,0.01,PointwiseWorstAction,11.0,71.4338547667262,5.25,7.875,7.875,,1.0
bts,1,set_cal,2024-04-19,0.01,ScenarioCVaR,11.0,71.4338547667262,5.25,7.875,7.875,,1.0
bts,1,set_cal,2024-04-19,0.01,RiskFirst,11.0,6.082276076002729,6.15,8.975,7.1,,1.0
bts,1,set_cal,2024-04-19,0.01,TemporalContext2024,11.0,6.082276076002727,6.15,8.975,7.1,,1.0
bts,1,set_cal,2024-04-19,0.01,NetworkPropagation2024,11.0,6.082276076002729,6.15,8.975,7.1,,1.0
bts,1,set_cal,2024-04-19,0.01,CalibratedUncertainty2025,11.0,5.0905902039604705,6.5,9.75,9.75,,1.0
bts,1,set_cal,2024-04-19,0.01,MappedPTO2026,11.0,7.222397529055481,9.000478468899523,13.500717703349283,13.500717703349281,,1.0
bts,1,set_cal,2024-04-19,0.01,GroupAware2025,11.0,6.082276076002729,6.15,8.975,7.1,,1.0
bts,1,set_cal,2024-04-19,0.01,RobustImprovement2025,11.0,5.942414439825379,6.012886597938144,8.769329896907216,6.894329896907215,,1.0
bts,1,set_cal,2024-04-19,0.03,StructuralRobust,33.0,136.81143462833464,14.345272961574507,21.17415944236176,18.596034442361756,0.0,1.0
bts,1,set_cal,2024-04-19,0.03,ExpectedActionValue,33.0,127.38454934967174,8.773507462686567,13.135261194029852,12.947761194029852,,1.0
bts,1,set_cal,2024-04-19,0.03,PointwiseWorstAction,33.0,127.46413445373031,8.075,12.0875,11.900000000000002,,1.0
bts,1,set_cal,2024-04-19,0.03,ScenarioCVaR,33.0,127.46413445373031,8.075,12.0875,11.900000000000002,,1.0
bts,1,set_cal,2024-04-19,0.03,RiskFirst,33.0,20.593656128698772,15.249728703201303,22.624593054801956,20.749593054801952,,1.0
bts,1,set_cal,2024-04-19,0.03,TemporalContext2024,33.0,19.91526804344839,12.086842105263157,17.880263157894735,16.00526315789474,,1.0
bts,1,set_cal,2024-04-19,0.03,NetworkPropagation2024,33.0,25.162542801131195,12.512886597938145,18.519329896907216,16.644329896907212,,1.0
bts,1,set_cal,2024-04-19,0.03,CalibratedUncertainty2025,33.0,16.529281361315945,11.1,16.4,14.525,,1.0
bts,1,set_cal,2024-04-19,0.03,MappedPTO2026,33.0,22.202269734695758,17.36336506683767,25.795047600256503,23.920047600256492,,1.0
bts,1,set_cal,2024-04-19,0.03,GroupAware2025,33.0,20.040549631960648,15.249728703201303,22.624593054801956,20.749593054801952,,1.0
bts,1,set_cal,2024-04-19,0.03,RobustImprovement2025,33.0,17.437715778850887,14.345272961574507,21.17415944236176,18.596034442361756,,1.0
bts,1,set_cal,2024-04-19,0.05,StructuralRobust,54.0,180.41330498922744,30.551522961574513,45.30228444236176,41.364784442361746,0.0,1.0
bts,1,set_cal,2024-04-19,0.05,ExpectedActionValue,54.0,167.36444131363885,28.709049631361268,43.038574447041896,42.851074447041896,,1.0
bts,1,set_cal,2024-04-19,0.05,PointwiseWorstAction,54.0,167.68128388773874,28.709049631361268,43.038574447041896,42.851074447041896,,1.0
bts,1,set_cal,2024-04-19,0.05,ScenarioCVaR,54.0,167.68128388773874,28.709049631361268,43.038574447041896,42.851074447041896,,1.0
bts,1,set_cal,2024-04-19,0.05,RiskFirst,54.0,34.46949827960431,29.19677023925146,43.41950880715305,40.602159669222004,,1.0
bts,1,set_cal,2024-04-19,0.05,TemporalContext2024,54.0,36.67151113023019,23.332115066837666,34.654422600256495,32.076297600256495,,1.0
bts,1,set_cal,2024-04-19,0.05,NetworkPropagation2024,54.0,36.37922284128578,19.632115066837667,29.1044226002565,26.526297600256495,,1.0
bts,1,set_cal,2024-04-19,0.05,CalibratedUncertainty2025,54.0,38.91874656323451,22.66288659793814,33.74432989690722,31.869329896907217,,1.0
bts,1,set_cal,2024-04-19,0.05,MappedPTO2026,54.0,37.352925907723694,26.56447552855596,39.59671329283394,37.72171329283394,,1.0
bts,1,set_cal,2024-04-19,0.05,GroupAware2025,54.0,37.23454883348593,27.046770239251458,40.19450880715305,37.37715966922201,,1.0
bts,1,set_cal,2024-04-19,0.05,RobustImprovement2025,54.0,36.34816410122161,25.270272961574506,37.28665944236176,32.64603444236176,,1.0
bts,1,set_cal,2024-04-19,0.1,StructuralRobust,108.0,272.925026300178,63.66123035740101,94.3005630194651,85.36594414469194,0.0,1.0
bts,1,set_cal,2024-04-19,0.1,ExpectedActionValue,108.0,252.49065348904253,53.93110684950545,80.87166027425816,80.68416027425815,,1.0
bts,1,set_cal,2024-04-19,0.1,PointwiseWorstAction,108.0,252.28824008059829,59.30944909549475,88.93917364324213,88.7516736432421,,1.0
bts,1,set_cal,2024-04-19,0.1,ScenarioCVaR,108.0,252.28824008059829,59.30944909549475,88.93917364324213,88.7516736432421,,1.0
bts,1,set_cal,2024-04-19,0.1,RiskFirst,108.0,73.1521393947868,69.76010357258481,103.80117547381971,97.50882633588863,,1.0
bts,1,set_cal,2024-04-19,0.1,TemporalContext2024,108.0,74.11049304414774,56.160103572584795,83.4011754738197,77.10882633588864,,1.0
bts,1,set_cal,2024-04-19,0.1,NetworkPropagation2024,108.0,72.15762424959843,78.2101035725848,116.47617547381972,110.1838263358887,,1.0
bts,1,set_cal,2024-04-19,0.1,CalibratedUncertainty2025,108.0,77.62865257780699,82.56006202709247,123.15800970730538,118.04238470730536,,1.0
bts,1,set_cal,2024-04-19,0.1,MappedPTO2026,108.0,70.77133600906092,67.21982086978804,99.85178212137896,92.51716324660578,,1.0
bts,1,set_cal,2024-04-19,0.1,GroupAware2025,108.0,72.0532782352199,63.37720883574269,94.28078073697762,88.39303686220447,,1.0
bts,1,set_cal,2024-04-19,0.1,RobustImprovement2025,108.0,75.43609762843074,69.06377870870095,102.68168817799395,95.8268390400629,,1.0
bts,1,set_cal,2024-04-19,0.2,StructuralRobust,217.0,318.8753302625313,161.25288633907866,239.39059328827787,223.47507163572703,0.0,1.0
bts,1,set_cal,2024-04-19,0.2,ExpectedActionValue,217.0,386.75768752107496,96.03493800798255,143.6274070119738,141.5024070119738,,1.0
bts,1,set_cal,2024-04-19,0.2,PointwiseWorstAction,217.0,387.3371832100787,104.51609039295512,156.31904299684004,153.96834855239558,,1.0
bts,1,set_cal,2024-04-19,0.2,ScenarioCVaR,217.0,387.3371832100787,104.51609039295512,156.31904299684004,153.96834855239558,,1.0
bts,1,set_cal,2024-04-19,0.2,RiskFirst,217.0,145.08066641842538,144.81435822683426,215.86150482361492,205.66126094884174,,1.0
bts,1,set_cal,2024-04-19,0.2,TemporalContext2024,217.0,148.36529760153658,144.26249007154536,214.9337025906816,203.9834587159085,,1.0
bts,1,set_cal,2024-04-19,0.2,NetworkPropagation2024,217.0,143.63256062241305,143.95401339924803,214.5709875822356,204.3707437074625,,1.0
bts,1,set_cal,2024-04-19,0.2,CalibratedUncertainty2025,217.0,154.06427752781238,134.54794942414176,200.3868916195762,189.62414774480308,,1.0
bts,1,set_cal,2024-04-19,0.2,MappedPTO2026,217.0,147.26085085920332,148.78384146317063,221.36572967811952,207.79048580334631,,1.0
bts,1,set_cal,2024-04-19,0.2,GroupAware2025,217.0,141.57398449510453,123.0907070922705,183.25102812176937,172.86328424699627,,1.0
bts,1,set_cal,2024-04-19,0.2,RobustImprovement2025,217.0,153.05244291572274,142.0002631526514,211.8677850362273,203.37321234060394,,1.0
bts,1,set_cal,2024-04-20,0.01,StructuralRobust,8.0,60.17131490500701,66.45666666666668,99.65166666666667,99.40166666666664,0.0,1.0
bts,1,set_cal,2024-04-20,0.01,ExpectedActionValue,8.0,38.55704054895867,23.040983125574904,34.43647468836236,33.49897468836236,,1.0
bts,1,set_cal,2024-04-20,0.01,PointwiseWorstAction,8.0,40.53761938239315,20.10624303484835,30.03436455227252,29.096864552272518,,1.0
bts,1,set_cal,2024-04-20,0.01,ScenarioCVaR,8.0,40.53761938239315,20.10624303484835,30.03436455227252,29.096864552272518,,1.0
bts,1,set_cal,2024-04-20,0.01,RiskFirst,8.0,5.336501471319761,66.45666666666668,99.65166666666667,99.40166666666664,,1.0
bts,1,set_cal,2024-04-20,0.01,TemporalContext2024,8.0,5.336501471319762,66.45666666666668,99.65166666666667,99.40166666666664,,1.0
bts,1,set_cal,2024-04-20,0.01,NetworkPropagation2024,8.0,5.336501471319761,66.45666666666668,99.65166666666667,99.40166666666664,,1.0
bts,1,set_cal,2024-04-20,0.01,CalibratedUncertainty2025,8.0,5.8420736456318565,67.45666666666668,101.10166666666666,100.47666666666663,,1.0
bts,1,set_cal,2024-04-20,0.01,MappedPTO2026,8.0,6.1042955543353425,87.64509202453988,131.23266871165643,129.47039877300614,,1.0
bts,1,set_cal,2024-04-20,0.01,GroupAware2025,8.0,5.336501471319761,66.45666666666668,99.65166666666667,99.40166666666664,,1.0
bts,1,set_cal,2024-04-20,0.01,RobustImprovement2025,8.0,5.336501471319762,66.45666666666668,99.65166666666667,99.40166666666664,,1.0
bts,1,set_cal,2024-04-20,0.03,StructuralRobust,25.0,149.0636194667873,71.86311724433034,107.21054022250749,102.82952289259734,0.0,1.0
bts,1,set_cal,2024-04-20,0.03,ExpectedActionValue,25.0,91.58792998513103,50.927690878550095,75.88380435906225,72.0758146683406,,1.0
bts,1,set_cal,2024-04-20,0.03,PointwiseWorstAction,25.0,91.73772159108523,40.4637733527769,60.44566002916534,58.57066002916534,,1.0
bts,1,set_cal,2024-04-20,0.03,ScenarioCVaR,25.0,91.73772159108523,40.4637733527769,60.44566002916534,58.57066002916534,,1.0
bts,1,set_cal,2024-04-20,0.03,RiskFirst,25.0,19.930741951789766,80.4925518341308,120.19377192982455,116.10585326953743,,1.0
bts,1,set_cal,2024-04-20,0.03,TemporalContext2024,25.0,21.98294676732709,83.16662590820486,124.20488304093566,120.11696438064855,,1.0
bts,1,set_cal,2024-04-20,0.03,NetworkPropagation2024,25.0,18.761573797573455,79.69709728867625,119.15968102073364,116.26494417862835,,1.0
bts,1,set_cal,2024-04-20,0.03,CalibratedUncertainty2025,25.0,19.46630339985821,77.91281380786054,116.62679646936655,114.80861465118471,,1.0
bts,1,set_cal,2024-04-20,0.03,MappedPTO2026,25.0,17.92370517795501,102.84764385867066,153.54144064148102,148.0662520425436,,1.0
bts,1,set_cal,2024-04-20,0.03,GroupAware2025,25.0,19.784139896414363,80.4925518341308,120.19377192982455,116.10585326953743,,1.0
bts,1,set_cal,2024-04-20,0.03,RobustImprovement2025,25.0,18.235589745351135,71.86311724433034,107.21054022250749,102.82952289259734,,1.0
bts,1,set_cal,2024-04-20,0.05,StructuralRobust,42.0,162.75117880130222,106.2981789208866,158.45840583643093,151.04193674968872,0.0,1.0
bts,1,set_cal,2024-04-20,0.05,ExpectedActionValue,42.0,128.340699347925,55.83192816668569,83.19016029126564,79.00717060054399,,1.0
bts,1,set_cal,2024-04-20,0.05,PointwiseWorstAction,42.0,128.24958420838638,45.368010640912495,67.75201596136874,65.50201596136873,,1.0
bts,1,set_cal,2024-04-20,0.05,ScenarioCVaR,42.0,128.24958420838638,45.368010640912495,67.75201596136874,65.50201596136873,,1.0
bts,1,set_cal,2024-04-20,0.05,RiskFirst,42.0,36.73253989416108,119.58823163993033,178.40415158166317,171.06768249492092,,1.0
bts,1,set_cal,2024-04-20,0.05,TemporalContext2024,42.0,38.037770431058505,119.98823163993033,179.00415158166317,171.66768249492088,,1.0
bts,1,set_cal,2024-04-20,0.05,NetworkPropagation2024,42.0,36.649097673589935,121.13823163993032,180.7291515816632,173.3926824949209,,1.0
bts,1,set_cal,2024-04-20,0.05,CalibratedUncertainty2025,42.0,34.86302936741413,106.70919272685614,159.51873326891263,155.4308146086255,,1.0
bts,1,set_cal,2024-04-20,0.05,MappedPTO2026,42.0,36.462833587232055,128.53755596425466,190.8593880681497,181.30416898140746,,1.0
bts,1,set_cal,2024-04-20,0.05,GroupAware2025,42.0,33.67884480136617,119.58823163993033,178.40415158166317,171.06768249492092,,1.0
bts,1,set_cal,2024-04-20,0.05,RobustImprovement2025,42.0,34.96839806193718,115.80943818014586,172.73596139198645,165.39949230524414,,1.0
bts,1,set_cal,2024-04-20,0.1,StructuralRobust,85.0,238.2869458860861,208.15052589547162,309.83692629830847,296.96733221156614,0.0,1.0
bts,1,set_cal,2024-04-20,0.1,ExpectedActionValue,85.0,200.24172032868864,88.2821272376877,131.5063679886777,124.6301964797742,,1.0
bts,1,set_cal,2024-04-20,0.1,PointwiseWorstAction,85.0,200.48390799214596,92.77389701232315,138.1929952533706,130.93411826501506,,1.0
bts,1,set_cal,2024-04-20,0.1,ScenarioCVaR,85.0,200.48390799214596,92.77389701232315,138.1929952533706,130.93411826501506,,1.0
bts,1,set_cal,2024-04-20,0.1,RiskFirst,85.0,63.5574848608878,190.8732877531791,284.30231908486974,274.29209999812747,,1.0
bts,1,set_cal,2024-04-20,0.1,TemporalContext2024,85.0,62.21940308733302,183.72223984898753,273.5007472285823,262.92802814184006,,1.0
bts,1,set_cal,2024-04-20,0.1,NetworkPropagation2024,85.0,64.16910578516091,213.10654018036357,318.5959477256464,310.61697863890424,,1.0
bts,1,set_cal,2024-04-20,0.1,CalibratedUncertainty2025,85.0,63.914641946478035,228.04351831971408,341.0014149346721,333.0224458479298,,1.0
bts,1,set_cal,2024-04-20,0.1,MappedPTO2026,85.0,68.74527303513233,167.92209253764685,249.50946096947519,236.75375219201135,,1.0
bts,1,set_cal,2024-04-20,0.1,GroupAware2025,85.0,62.69824433155722,181.66687351369694,270.40336439231305,259.7231453055708,,1.0
bts,1,set_cal,2024-04-20,0.1,RobustImprovement2025,85.0,58.67978970462165,187.01279018036362,279.2490727256464,269.72322863890406,,1.0
bts,1,set_cal,2024-04-20,0.2,StructuralRobust,169.0,280.5344320707346,303.54983623568313,451.89408494857224,431.21093941142914,0.0,1.0
bts,1,set_cal,2024-04-20,0.2,ExpectedActionValue,169.0,310.9018624579936,242.46453769618287,361.217349136303,347.668293576519,,1.0
bts,1,set_cal,2024-04-20,0.2,PointwiseWorstAction,169.0,311.4439894074544,242.16453769618292,360.7673491363031,347.21829357651893,,1.0
bts,1,set_cal,2024-04-20,0.2,ScenarioCVaR,169.0,311.4439894074544,242.16453769618292,360.7673491363031,347.21829357651893,,1.0
bts,1,set_cal,2024-04-20,0.2,RiskFirst,169.0,114.64975989042505,301.37329291465255,449.41824888935196,434.652445269651,,1.0
bts,1,set_cal,2024-04-20,0.2,TemporalContext2024,169.0,127.24864475392027,308.9147245929399,460.3463823967381,442.7004737017002,,1.0
bts,1,set_cal,2024-04-20,0.2,NetworkPropagation2024,169.0,113.76522212987157,312.30398820671877,465.8207434403546,451.103326917428,,1.0
bts,1,set_cal,2024-04-20,0.2,CalibratedUncertainty2025,169.0,110.99779479699365,330.1870424249048,492.173693188686,473.91903982365363,,1.0
bts,1,set_cal,2024-04-20,0.2,MappedPTO2026,169.0,117.56295122227856,311.77677001268916,464.536536461539,446.1187722803282,,1.0
bts,1,set_cal,2024-04-20,0.2,GroupAware2025,169.0,114.84183166504349,293.18867890364584,437.2173018988159,423.02130347392006,,1.0
bts,1,set_cal,2024-04-20,0.2,RobustImprovement2025,169.0,118.56984269745047,294.64600216099257,440.5669941448656,430.0519259201923,,1.0
bts,1,set_cal,2024-04-21,0.01,StructuralRobust,10.0,79.0288011083555,2.6955882352941174,3.9801470588235293,3.5058823529411764,0.0,1.0
bts,1,set_cal,2024-04-21,0.01,ExpectedActionValue,10.0,65.8625960592088,0.0,0.0,0.0,,1.0
bts,1,set_cal,2024-04-21,0.01,PointwiseWorstAction,10.0,65.8625960592088,0.0,0.0,0.0,,1.0
bts,1,set_cal,2024-04-21,0.01,ScenarioCVaR,10.0,65.8625960592088,0.0,0.0,0.0,,1.0
bts,1,set_cal,2024-04-21,0.01,RiskFirst,10.0,4.499416008914295,2.6955882352941174,3.9801470588235293,3.5058823529411764,,1.0
bts,1,set_cal,2024-04-21,0.01,TemporalContext2024,10.0,4.499416008914295,2.6955882352941174,3.9801470588235293,3.5058823529411764,,1.0
bts,1,set_cal,2024-04-21,0.01,NetworkPropagation2024,10.0,4.62428835367832,2.0955882352941178,3.0801470588235293,2.605882352941176,,1.0
bts,1,set_cal,2024-04-21,0.01,CalibratedUncertainty2025,10.0,3.7853767888140255,6.321419676214196,9.421170610211707,8.96397882938979,,1.0
bts,1,set_cal,2024-04-21,0.01,MappedPTO2026,10.0,10.04003486331076,2.234090909090909,3.3261363636363637,3.1386363636363632,,1.0
bts,1,set_cal,2024-04-21,0.01,GroupAware2025,10.0,4.499416008914295,2.6955882352941174,3.9801470588235293,3.5058823529411764,,1.0
bts,1,set_cal,2024-04-21,0.01,RobustImprovement2025,10.0,5.0664570004961105,4.379798761609907,6.506462848297213,6.032198142414861,,1.0
bts,1,set_cal,2024-04-21,0.03,StructuralRobust,31.0,169.47026322268664,26.669104616685892,39.79775540972843,38.253494044975376,0.0,1.0
bts,1,set_cal,2024-04-21,0.03,ExpectedActionValue,31.0,124.5610554393766,9.340573770491805,13.791598360655737,12.147131147540982,,1.0
bts,1,set_cal,2024-04-21,0.03,PointwiseWorstAction,31.0,124.80364275470498,2.908333333333333,4.120833333333334,2.3083333333333336,,1.0
bts,1,set_cal,2024-04-21,0.03,ScenarioCVaR,31.0,124.80364275470498,2.908333333333333,4.120833333333334,2.3083333333333336,,1.0
bts,1,set_cal,2024-04-21,0.03,RiskFirst,31.0,26.561868289268034,27.816831889413162,41.19369696816999,37.207065473546805,,1.0
bts,1,set_cal,2024-04-21,0.03,TemporalContext2024,31.0,21.932324925562583,21.270612377218043,31.43107501695048,27.869748400376075,,1.0
bts,1,set_cal,2024-04-21,0.03,NetworkPropagation2024,31.0,26.889773355478138,29.14183188941316,43.156196968169986,38.982065473546804,,1.0
bts,1,set_cal,2024-04-21,0.03,CalibratedUncertainty2025,31.0,24.368157128668027,29.14872048532615,43.24823717911264,39.686910562538245,,1.0
bts,1,set_cal,2024-04-21,0.03,MappedPTO2026,31.0,26.945880474564362,26.966831889413164,39.91869696816998,35.9320654735468,,1.0
bts,1,set_cal,2024-04-21,0.03,GroupAware2025,31.0,22.326672299467575,27.816831889413162,41.19369696816999,37.207065473546805,,1.0
bts,1,set_cal,2024-04-21,0.03,RobustImprovement2025,31.0,21.016217817672203,26.669104616685892,39.79775540972843,38.253494044975376,,1.0
bts,1,set_cal,2024-04-21,0.05,StructuralRobust,51.0,190.4809656322984,46.097812123378475,68.55841056236119,64.14610339206232,0.0,1.0
bts,1,set_cal,2024-04-21,0.05,ExpectedActionValue,51.0,167.7534316095482,13.398907103825138,19.637431693989072,16.180464480874313,,1.0
bts,1,set_cal,2024-04-21,0.05,PointwiseWorstAction,51.0,167.72677758261966,13.398907103825136,19.637431693989072,16.18046448087432,,1.0
bts,1,set_cal,2024-04-21,0.05,ScenarioCVaR,51.0,167.72677758261966,13.398907103825136,19.637431693989072,16.18046448087432,,1.0
bts,1,set_cal,2024-04-21,0.05,RiskFirst,51.0,38.207906076005536,41.52351137232314,61.68410834939772,57.175418031245144,,1.0
bts,1,set_cal,2024-04-21,0.05,TemporalContext2024,51.0,37.608175955375636,42.886945394580714,63.742110469164544,59.32980329886568,,1.0
bts,1,set_cal,2024-04-21,0.05,NetworkPropagation2024,51.0,38.290968468297635,60.80565422946601,90.60732263511201,86.09863231695942,,1.0
bts,1,set_cal,2024-04-21,0.05,CalibratedUncertainty2025,51.0,38.46545567898652,64.87472991348766,96.71093616114447,92.2022458429919,,1.0
bts,1,set_cal,2024-04-21,0.05,MappedPTO2026,51.0,37.06243539274504,40.813377974701815,60.66351609610295,56.48938460147975,,1.0
bts,1,set_cal,2024-04-21,0.05,GroupAware2025,51.0,37.36162096949114,43.02351137232315,63.934108349397725,59.42541803124514,,1.0
bts,1,set_cal,2024-04-21,0.05,RobustImprovement2025,51.0,37.29625212022432,40.89116225085639,61.06760656686652,59.049080496231106,,1.0
bts,1,set_cal,2024-04-21,0.1,StructuralRobust,102.0,274.810687775941,111.94140742963982,166.49030626825922,155.82676969675543,0.0,1.0
bts,1,set_cal,2024-04-21,0.1,ExpectedActionValue,102.0,254.80806475228997,71.01094889128527,105.80733543168003,100.48917614232101,,1.0
bts,1,set_cal,2024-04-21,0.1,PointwiseWorstAction,102.0,254.35399353282241,67.42441042974681,100.50252773937234,95.74686845001332,,1.0
bts,1,set_cal,2024-04-21,0.1,ScenarioCVaR,102.0,254.35399353282241,67.42441042974681,100.50252773937234,95.74686845001332,,1.0
bts,1,set_cal,2024-04-21,0.1,RiskFirst,102.0,72.7710740969466,89.85203011942247,133.98189441917228,128.01076371946166,,1.0
bts,1,set_cal,2024-04-21,0.1,TemporalContext2024,102.0,67.91172238895726,79.91072577159638,119.16993789743316,113.94880719772253,,1.0
bts,1,set_cal,2024-04-21,0.1,NetworkPropagation2024,102.0,68.82395333089332,95.35096958852651,142.00217862282835,134.32011042311774,,1.0
bts,1,set_cal,2024-04-21,0.1,CalibratedUncertainty2025,102.0,68.32416455668944,94.07295581112808,140.03627500760513,131.98758468945258,,1.0
bts,1,set_cal,2024-04-21,0.1,MappedPTO2026,102.0,77.29521002553405,97.17868131294124,144.9894711034621,139.15033960883898,,1.0
bts,1,set_cal,2024-04-21,0.1,GroupAware2025,102.0,74.60929565758386,101.96669922778318,152.1018710546863,145.74053765227293,,1.0
bts,1,set_cal,2024-04-21,0.1,RobustImprovement2025,102.0,75.24672403557251,106.53298381866576,158.18194945616168,146.05050241738468,,1.0
bts,1,set_cal,2024-04-21,0.2,StructuralRobust,205.0,311.894414125129,212.09100304764766,313.2009998579927,285.2020756180133,0.0,1.0
bts,1,set_cal,2024-04-21,0.2,ExpectedActionValue,205.0,381.37987738868344,151.02780096735233,225.3741006147461,217.28115684262838,,1.0
bts,1,set_cal,2024-04-21,0.2,PointwiseWorstAction,205.0,380.7410323669242,154.2211343006857,229.9421006147461,220.18415684262837,,1.0
bts,1,set_cal,2024-04-21,0.2,ScenarioCVaR,205.0,380.7410323669242,154.2211343006857,229.9421006147461,220.18415684262837,,1.0
bts,1,set_cal,2024-04-21,0.2,RiskFirst,205.0,147.4445429433363,191.09476597900425,284.36673794162505,267.3011552400154,,1.0
bts,1,set_cal,2024-04-21,0.2,TemporalContext2024,205.0,144.07777845593182,170.58439205270275,254.22949354153457,241.87628451013768,,1.0
bts,1,set_cal,2024-04-21,0.2,NetworkPropagation2024,205.0,142.64273722462647,175.97737184989623,261.81883823732477,245.71469170592795,,1.0
bts,1,set_cal,2024-04-21,0.2,CalibratedUncertainty2025,205.0,146.77383319606324,171.17705347236074,254.2863896408294,238.44246038299138,,1.0
bts,1,set_cal,2024-04-21,0.2,MappedPTO2026,205.0,150.07882104372408,185.54217355466253,275.58494578480776,257.8725866809126,,1.0
bts,1,set_cal,2024-04-21,0.2,GroupAware2025,205.0,148.02992399042247,173.31326749522697,257.22514935651634,239.3895102090857,,1.0
bts,1,set_cal,2024-04-21,0.2,RobustImprovement2025,205.0,150.67748213053454,212.06545770763614,315.94877349688136,299.8281755125851,,1.0
bts,1,set_cal,2024-04-22,0.01,StructuralRobust,11.0,65.37290961076035,11.152608142493639,15.80391221374046,11.699745547073794,0.0,1.0
bts,1,set_cal,2024-04-22,0.01,ExpectedActionValue,11.0,98.58339778350192,1.1500000000000001,1.725,1.7249999999999999,,1.0
bts,1,set_cal,2024-04-22,0.01,PointwiseWorstAction,11.0,98.3789221824255,1.1500000000000001,1.725,1.7249999999999999,,1.0
bts,1,set_cal,2024-04-22,0.01,ScenarioCVaR,11.0,98.3789221824255,1.1500000000000001,1.725,1.7249999999999999,,1.0
bts,1,set_cal,2024-04-22,0.01,RiskFirst,11.0,7.035049823341326,2.2714285714285714,3.407142857142857,3.4071428571428566,,1.0
bts,1,set_cal,2024-04-22,0.01,TemporalContext2024,11.0,7.035049823341327,2.2714285714285714,3.407142857142857,3.4071428571428566,,1.0
bts,1,set_cal,2024-04-22,0.01,NetworkPropagation2024,11.0,7.180777322171104,6.744274809160306,10.116412213740459,10.11641221374046,,1.0
bts,1,set_cal,2024-04-22,0.01,CalibratedUncertainty2025,11.0,11.089673659958914,3.975,5.8875,5.325000000000001,,1.0
bts,1,set_cal,2024-04-22,0.01,MappedPTO2026,11.0,9.779272362941086,2.5214285714285714,3.732142857142857,3.3571428571428568,,1.0
bts,1,set_cal,2024-04-22,0.01,GroupAware2025,11.0,4.182755332024271,12.97804104292654,19.46706156438981,19.46706156438981,,1.0
bts,1,set_cal,2024-04-22,0.01,RobustImprovement2025,11.0,7.585757815364373,14.8649458048313,21.42241870724695,17.69325204058029,,1.0
bts,1,set_cal,2024-04-22,0.03,StructuralRobust,33.0,125.46303695063378,24.556291958677452,35.859437938016185,31.38027127134953,0.0,1.0
bts,1,set_cal,2024-04-22,0.03,ExpectedActionValue,33.0,174.3075180914905,31.107460273972602,46.586190410958906,46.023690410958906,,1.0
bts,1,set_cal,2024-04-22,0.03,PointwiseWorstAction,33.0,175.05451074405772,23.472260273972605,35.18339041095891,34.99589041095891,,1.0
bts,1,set_cal,2024-04-22,0.03,ScenarioCVaR,33.0,175.05451074405772,23.472260273972605,35.18339041095891,34.99589041095891,,1.0
bts,1,set_cal,2024-04-22,0.03,RiskFirst,33.0,25.959277187436047,28.233781136166634,42.17567170424995,40.86317170424996,,1.0
bts,1,set_cal,2024-04-22,0.03,TemporalContext2024,33.0,25.801391635990306,25.28378113616663,37.75067170424995,36.43817170424996,,1.0
bts,1,set_cal,2024-04-22,0.03,NetworkPropagation2024,33.0,24.732608412660056,32.233781136166634,48.17567170424995,46.86317170424996,,1.0
bts,1,set_cal,2024-04-22,0.03,CalibratedUncertainty2025,33.0,27.145545178040777,20.01911247149797,29.90366870724695,28.96616870724695,,1.0
bts,1,set_cal,2024-04-22,0.03,MappedPTO2026,33.0,23.450753896834136,22.946281136166636,34.24442170424995,32.93192170424996,,1.0
bts,1,set_cal,2024-04-22,0.03,GroupAware2025,33.0,21.48104943223298,25.896281136166635,38.669421704249956,37.356921704249956,,1.0
bts,1,set_cal,2024-04-22,0.03,RobustImprovement2025,33.0,46.6642467605421,24.556291958677452,35.859437938016185,31.38027127134953,,1.0
bts,1,set_cal,2024-04-22,0.05,StructuralRobust,54.0,163.45857491003812,63.2395420375421,93.392709519376,85.22651632568062,0.0,1.0
bts,1,set_cal,2024-04-22,0.05,ExpectedActionValue,54.0,224.91670469307965,44.57698748034288,66.71548122051432,65.5904812205143,,1.0
bts,1,set_cal,2024-04-22,0.05,PointwiseWorstAction,54.0,224.8489087924528,44.57698748034288,66.71548122051432,65.5904812205143,,1.0
bts,1,set_cal,2024-04-22,0.05,ScenarioCVaR,54.0,224.8489087924528,44.57698748034288,66.71548122051432,65.5904812205143,,1.0
bts,1,set_cal,2024-04-22,0.05,RiskFirst,54.0,36.39483580332924,41.33364977052294,60.8478627154859,55.03660649658043,,1.0
bts,1,set_cal,2024-04-22,0.05,TemporalContext2024,54.0,37.29832131572925,36.80218909636564,54.05067170424995,48.23941548534448,,1.0
bts,1,set_cal,2024-04-22,0.05,NetworkPropagation2024,54.0,38.13322655937743,43.80218909636564,64.55067170424996,58.73941548534448,,1.0
bts,1,set_cal,2024-04-22,0.05,CalibratedUncertainty2025,54.0,45.17884862674592,26.781559728881934,39.1973395933229,34.71817292665624,,1.0
bts,1,set_cal,2024-04-22,0.05,MappedPTO2026,54.0,42.815543856351184,45.52220218879822,67.79830328319733,64.16080328319732,,1.0
bts,1,set_cal,2024-04-22,0.05,GroupAware2025,54.0,58.79641551380015,47.60031643718961,71.0478627154859,68.40327316324709,,1.0
bts,1,set_cal,2024-04-22,0.05,RobustImprovement2025,54.0,62.470857506288596,61.242221199094374,90.40071985834305,82.26446363943758,,1.0
bts,1,set_cal,2024-04-22,0.1,StructuralRobust,109.0,253.2311580983866,138.47072199530274,205.88947945601694,196.47328626232158,0.0,1.0
bts,1,set_cal,2024-04-22,0.1,ExpectedActionValue,109.0,320.29820130134567,86.92074626254428,130.00611939381642,127.1936193938164,,1.0
bts,1,set_cal,2024-04-22,0.1,PointwiseWorstAction,109.0,319.51038359220627,86.92074626254428,130.00611939381642,127.1936193938164,,1.0
bts,1,set_cal,2024-04-22,0.1,ScenarioCVaR,109.0,319.51038359220627,86.92074626254428,130.00611939381642,127.1936193938164,,1.0
bts,1,set_cal,2024-04-22,0.1,RiskFirst,109.0,101.38917258928196,131.70274348258744,195.73751168694398,186.3213184932486,,1.0
bts,1,set_cal,2024-04-22,0.1,TemporalContext2024,109.0,104.7358818496434,155.8315087302847,231.93065955848988,222.51446636479457,,1.0
bts,1,set_cal,2024-04-22,0.1,NetworkPropagation2024,109.0,101.24929428862272,122.91886551844631,182.62900243303994,172.34261693165223,,1.0
bts,1,set_cal,2024-04-22,0.1,CalibratedUncertainty2025,109.0,111.2404401976577,77.61323597832907,114.73485396749362,106.30568730082697,,1.0
bts,1,set_cal,2024-04-22,0.1,MappedPTO2026,109.0,87.17161314785868,103.22918155530239,153.83116039265508,146.23657084041628,,1.0
bts,1,set_cal,2024-04-22,0.1,GroupAware2025,109.0,101.11649696443065,125.7493942002908,187.26748776349902,179.92629456980364,,1.0
bts,1,set_cal,2024-04-22,0.1,RobustImprovement2025,109.0,105.4097851117185,130.39435903787185,193.62493501987063,183.08374182617527,,1.0
bts,1,set_cal,2024-04-22,0.2,StructuralRobust,218.0,281.60889690891946,249.7262286408146,371.56940491475746,353.12820289960814,0.0,1.0
bts,1,set_cal,2024-04-22,0.2,ExpectedActionValue,218.0,462.60496540776575,157.79503384976093,235.70755077464133,228.32005077464132,,1.0
bts,1,set_cal,2024-04-22,0.2,PointwiseWorstAction,218.0,463.0882672363454,149.53253384976094,223.31380077464138,215.92630077464136,,1.0
bts,1,set_cal,2024-04-22,0.2,ScenarioCVaR,218.0,463.0882672363454,149.53253384976094,223.31380077464138,215.92630077464136,,1.0
bts,1,set_cal,2024-04-22,0.2,RiskFirst,218.0,188.5668523481506,234.1282321168469,348.793052330641,335.0066668292534,,1.0
bts,1,set_cal,2024-04-22,0.2,TemporalContext2024,218.0,186.4139961365122,247.39160932121496,368.7131181371931,355.11423263580554,,1.0
bts,1,set_cal,2024-04-22,0.2,NetworkPropagation2024,218.0,189.75144853515275,228.2007086188395,340.0017670836299,326.96538158224234,,1.0
bts,1,set_cal,2024-04-22,0.2,CalibratedUncertainty2025,218.0,184.29478241373425,257.2413409707049,383.587715611428,370.7388301100404,,1.0
bts,1,set_cal,2024-04-22,0.2,MappedPTO2026,218.0,170.95512318750048,221.68642029161356,330.1117840282352,316.18626929267964,,1.0
bts,1,set_cal,2024-04-22,0.2,GroupAware2025,218.0,186.99141794571517,210.0155889095456,312.8352988598952,300.63299841005414,,1.0
bts,1,set_cal,2024-04-22,0.2,RobustImprovement2025,218.0,188.67583567652346,192.64536581889888,286.84091887562164,275.09577831350526,,1.0
bts,1,set_cal,2024-04-23,0.01,StructuralRobust,10.0,63.2717562353526,10.08087752870421,14.90491844359395,13.281934572626206,0.0,1.0
bts,1,set_cal,2024-04-23,0.01,ExpectedActionValue,10.0,69.52059033714295,0.22500000000000003,0.3375,0.33749999999999997,,1.0
bts,1,set_cal,2024-04-23,0.01,PointwiseWorstAction,10.0,69.52059033714295,0.22500000000000003,0.3375,0.33749999999999997,,1.0
bts,1,set_cal,2024-04-23,0.01,ScenarioCVaR,10.0,69.52059033714295,0.22500000000000003,0.3375,0.33749999999999997,,1.0
bts,1,set_cal,2024-04-23,0.01,RiskFirst,10.0,6.327955247622116,6.58813559322034,9.882203389830508,9.882203389830508,,1.0
bts,1,set_cal,2024-04-23,0.01,TemporalContext2024,10.0,6.860703242893893,4.238135593220339,6.3572033898305085,6.3572033898305085,,1.0
bts,1,set_cal,2024-04-23,0.01,NetworkPropagation2024,10.0,5.868716748815937,6.58813559322034,9.882203389830508,9.882203389830508,,1.0
bts,1,set_cal,2024-04-23,0.01,CalibratedUncertainty2025,10.0,6.400347665838888,15.063636363636363,22.595454545454544,22.595454545454544,,1.0
bts,1,set_cal,2024-04-23,0.01,MappedPTO2026,10.0,4.502599855612203,15.063636363636363,22.595454545454544,22.595454545454544,,1.0
bts,1,set_cal,2024-04-23,0.01,GroupAware2025,10.0,5.2250192074466275,5.050000000000001,7.575,7.574999999999999,,1.0
bts,1,set_cal,2024-04-23,0.01,RobustImprovement2025,10.0,7.090175555206163,7.9381355932203395,11.907203389830507,11.907203389830508,,1.0
bts,1,set_cal,2024-04-23,0.03,StructuralRobust,30.0,130.32643837789144,32.04316254098922,47.84834596202147,46.22536209105373,0.0,1.0
bts,1,set_cal,2024-04-23,0.03,ExpectedActionValue,30.0,126.08513298895157,6.680882352941177,10.021323529411765,10.021323529411765,,1.0
bts,1,set_cal,2024-04-23,0.03,PointwiseWorstAction,30.0,125.76375955653315,4.575,6.8625,6.8625,,1.0
bts,1,set_cal,2024-04-23,0.03,ScenarioCVaR,30.0,125.76375955653315,4.575,6.8625,6.8625,,1.0
bts,1,set_cal,2024-04-23,0.03,RiskFirst,30.0,20.49911302806477,25.25630295844653,37.88445443766979,37.88445443766979,,1.0
bts,1,set_cal,2024-04-23,0.03,TemporalContext2024,30.0,17.576134145733647,21.80042060550535,32.70063090825802,32.70063090825802,,1.0
bts,1,set_cal,2024-04-23,0.03,NetworkPropagation2024,30.0,20.707999058519388,24.406302958446528,36.60945443766979,36.60945443766978,,1.0
bts,1,set_cal,2024-04-23,0.03,CalibratedUncertainty2025,30.0,20.289499542404393,22.300420605505355,33.45063090825802,33.45063090825802,,1.0
bts,1,set_cal,2024-04-23,0.03,MappedPTO2026,30.0,20.49911302806477,25.256302958446533,37.88445443766979,37.88445443766978,,1.0
bts,1,set_cal,2024-04-23,0.03,GroupAware2025,30.0,16.033408844669264,21.80042060550535,32.70063090825802,32.70063090825802,,1.0
bts,1,set_cal,2024-04-23,0.03,RobustImprovement2025,30.0,19.220823703397564,32.04316254098922,47.84834596202147,46.22536209105373,,1.0
bts,1,set_cal,2024-04-23,0.05,StructuralRobust,49.0,158.9961445108752,41.624044893930396,62.21966949143323,60.596685620465486,0.0,1.0
bts,1,set_cal,2024-04-23,0.05,ExpectedActionValue,49.0,166.88913653975882,11.133382352941176,16.537573529411766,15.318823529411766,,1.0
bts,1,set_cal,2024-04-23,0.05,PointwiseWorstAction,49.0,165.94317555152566,11.133382352941176,16.537573529411766,15.318823529411766,,1.0
bts,1,set_cal,2024-04-23,0.05,ScenarioCVaR,49.0,165.94317555152566,11.133382352941176,16.537573529411766,15.318823529411766,,1.0
bts,1,set_cal,2024-04-23,0.05,RiskFirst,49.0,33.392146458307444,33.90630295844653,50.8594544376698,50.85945443766978,,1.0
bts,1,set_cal,2024-04-23,0.05,TemporalContext2024,49.0,32.0022437365095,76.14481348897172,114.00082238399521,112.37783851302746,,1.0
bts,1,set_cal,2024-04-23,0.05,NetworkPropagation2024,49.0,34.655481186329766,37.92001724416081,56.88002586624121,56.880025866241205,,1.0
bts,1,set_cal,2024-04-23,0.05,CalibratedUncertainty2025,49.0,33.30759920389476,53.69616254098922,80.32784596202146,78.70486209105373,,1.0
bts,1,set_cal,2024-04-23,0.05,MappedPTO2026,49.0,34.69868844455796,41.16061330327412,61.61591995491117,60.67841995491116,,1.0
bts,1,set_cal,2024-04-23,0.05,GroupAware2025,49.0,38.49194981907102,35.78130295844653,53.6719544376698,53.67195443766978,,1.0
bts,1,set_cal,2024-04-23,0.05,RobustImprovement2025,49.0,32.90157553981476,47.83775917964468,71.54024092000466,69.91725704903692,,1.0
bts,1,set_cal,2024-04-23,0.1,StructuralRobust,99.0,239.88350261828614,75.36470887867925,112.8306654685565,111.20768159758872,0.0,1.0
bts,1,set_cal,2024-04-23,0.1,ExpectedActionValue,99.0,249.7709493796647,35.32151794616151,52.78644358590894,51.317693585908955,,1.0
bts,1,set_cal,2024-04-23,0.1,PointwiseWorstAction,99.0,250.13717713705282,51.93515430979788,77.70689813136347,76.23814813136347,,1.0
bts,1,set_cal,2024-04-23,0.1,ScenarioCVaR,99.0,250.13717713705282,51.93515430979788,77.70689813136347,76.23814813136347,,1.0
bts,1,set_cal,2024-04-23,0.1,RiskFirst,99.0,64.89124094623168,103.54059760720222,155.23589641080332,154.6733964108033,,1.0
bts,1,set_cal,2024-04-23,0.1,TemporalContext2024,99.0,64.44581346491343,105.11838284714977,157.3861764212623,155.20069255029458,,1.0
bts,1,set_cal,2024-04-23,0.1,NetworkPropagation2024,99.0,66.0748356856853,63.001538983291255,94.50230847493687,94.50230847493685,,1.0
bts,1,set_cal,2024-04-23,0.1,CalibratedUncertainty2025,99.0,69.85570959617351,100.930765607849,151.1797505623111,149.55676669134337,,1.0
bts,1,set_cal,2024-04-23,0.1,MappedPTO2026,99.0,73.07939692807514,89.80904156848037,134.58856235272054,133.65106235272054,,1.0
bts,1,set_cal,2024-04-23,0.1,GroupAware2025,99.0,64.56924261612517,105.22238742380883,157.54218328625086,155.35669941528312,,1.0
bts,1,set_cal,2024-04-23,0.1,RobustImprovement2025,99.0,65.84612295609573,75.53614056789793,113.08781300238452,111.46482913141675,,1.0
bts,1,set_cal,2024-04-23,0.2,StructuralRobust,197.0,285.19477867584936,147.83365515967105,221.0715848900441,215.97985101907622,0.0,1.0
bts,1,set_cal,2024-04-23,0.2,ExpectedActionValue,197.0,371.52299660118405,108.3563352071319,162.0858782152286,158.7211937492092,,1.0
bts,1,set_cal,2024-04-23,0.2,PointwiseWorstAction,197.0,371.51274216830546,108.87698738104497,162.9168564760982,159.92717201007878,,1.0
bts,1,set_cal,2024-04-23,0.2,ScenarioCVaR,197.0,371.51274216830546,108.87698738104497,162.9168564760982,159.92717201007878,,1.0
bts,1,set_cal,2024-04-23,0.2,RiskFirst,197.0,127.81305978847516,147.35910696689987,220.52226260088744,216.6492787299197,,1.0
bts,1,set_cal,2024-04-23,0.2,TemporalContext2024,197.0,129.50479225654192,148.48910696689987,222.10908078270566,217.42473327537434,,1.0
bts,1,set_cal,2024-04-23,0.2,NetworkPropagation2024,197.0,127.43872404522936,144.84746903586543,216.84230570433576,213.62557183336796,,1.0
bts,1,set_cal,2024-04-23,0.2,CalibratedUncertainty2025,197.0,138.62956860778453,155.9019068786584,233.19617120638927,228.27100286940214,,1.0
bts,1,set_cal,2024-04-23,0.2,MappedPTO2026,197.0,133.200959289717,129.17961244439158,193.48191866658732,191.32566866658732,,1.0
bts,1,set_cal,2024-04-23,0.2,GroupAware2025,197.0,129.85714377391622,143.7899690358654,214.9353738861539,209.31352637882253,,1.0
bts,1,set_cal,2024-04-23,0.2,RobustImprovement2025,197.0,135.4199386412122,94.29072647191299,140.9509418584071,137.89670798743936,,1.0
bts,1,set_cal,2024-04-24,0.01,StructuralRobust,9.0,37.07983594111,0.8,1.2,1.2,0.0,1.0
bts,1,set_cal,2024-04-24,0.01,ExpectedActionValue,9.0,66.02224785818062,0.0,0.0,0.0,,1.0
bts,1,set_cal,2024-04-24,0.01,PointwiseWorstAction,9.0,66.02224785818063,0.0,0.0,0.0,,1.0
bts,1,set_cal,2024-04-24,0.01,ScenarioCVaR,9.0,66.02224785818063,0.0,0.0,0.0,,1.0
bts,1,set_cal,2024-04-24,0.01,RiskFirst,9.0,6.861076790708558,0.8,1.2,1.2,,1.0
bts,1,set_cal,2024-04-24,0.01,TemporalContext2024,9.0,6.86107679070856,0.8,1.2,1.2,,1.0
bts,1,set_cal,2024-04-24,0.01,NetworkPropagation2024,9.0,8.23520257043794,0.8,1.2,1.2,,1.0
bts,1,set_cal,2024-04-24,0.01,CalibratedUncertainty2025,9.0,4.733584068285609,0.0,0.0,0.0,,1.0
bts,1,set_cal,2024-04-24,0.01,MappedPTO2026,9.0,5.786776736467796,1.5,2.25,2.25,,1.0
bts,1,set_cal,2024-04-24,0.01,GroupAware2025,9.0,6.239615136510009,1.9500000000000002,2.925,2.925,,1.0
bts,1,set_cal,2024-04-24,0.01,RobustImprovement2025,9.0,6.18401859501337,0.8,1.2,1.2,,1.0
bts,1,set_cal,2024-04-24,0.03,StructuralRobust,28.0,89.26749605159837,10.88,16.32,16.32,0.0,1.0
bts,1,set_cal,2024-04-24,0.03,ExpectedActionValue,28.0,125.04037379916267,10.614189189189188,15.846283783783784,15.283783783783784,,1.0
bts,1,set_cal,2024-04-24,0.03,PointwiseWorstAction,28.0,126.21904903646622,10.614189189189188,15.846283783783784,15.283783783783784,,1.0
bts,1,set_cal,2024-04-24,0.03,ScenarioCVaR,28.0,126.21904903646622,10.614189189189188,15.846283783783784,15.283783783783784,,1.0
bts,1,set_cal,2024-04-24,0.03,RiskFirst,28.0,17.549237358944907,8.741000000000001,13.084500000000002,12.882000000000003,,1.0
bts,1,set_cal,2024-04-24,0.03,TemporalContext2024,28.0,16.403395237054916,7.580000000000001,11.370000000000001,11.370000000000001,,1.0
bts,1,set_cal,2024-04-24,0.03,NetworkPropagation2024,28.0,18.30599062718655,8.741000000000001,13.084500000000002,12.882000000000003,,1.0
bts,1,set_cal,2024-04-24,0.03,CalibratedUncertainty2025,28.0,16.70501303530084,7.643941176470589,11.438911764705882,11.236411764705883,,1.0
bts,1,set_cal,2024-04-24,0.03,MappedPTO2026,28.0,16.035184317013773,10.680517241379311,16.020775862068966,16.020775862068966,,1.0
bts,1,set_cal,2024-04-24,0.03,GroupAware2025,28.0,17.127266386814824,8.741000000000001,13.084500000000002,12.882000000000003,,1.0
bts,1,set_cal,2024-04-24,0.03,RobustImprovement2025,28.0,16.118747913255074,10.88,16.32,16.32,,1.0
bts,1,set_cal,2024-04-24,0.05,StructuralRobust,46.0,122.363356450428,21.18651260504202,31.21548319327731,26.983340336134454,0.0,1.0
bts,1,set_cal,2024-04-24,0.05,ExpectedActionValue,46.0,167.0189114586352,26.56835585585586,39.77753378378378,39.21503378378378,,1.0
bts,1,set_cal,2024-04-24,0.05,PointwiseWorstAction,46.0,167.25927451101668,23.90168918918919,35.77753378378379,35.21503378378378,,1.0
bts,1,set_cal,2024-04-24,0.05,ScenarioCVaR,46.0,167.25927451101668,23.90168918918919,35.77753378378379,35.21503378378378,,1.0
bts,1,set_cal,2024-04-24,0.05,RiskFirst,46.0,25.152162170689476,17.81894117647059,26.676411764705886,26.286411764705885,,1.0
bts,1,set_cal,2024-04-24,0.05,TemporalContext2024,46.0,25.246011430178648,12.69394117647059,19.013911764705888,18.811411764705888,,1.0
bts,1,set_cal,2024-04-24,0.05,NetworkPropagation2024,46.0,27.63973804199366,15.724333333333336,23.559500000000007,23.357000000000006,,1.0
bts,1,set_cal,2024-04-24,0.05,CalibratedUncertainty2025,46.0,27.92905428147272,16.12727450980392,24.163911764705883,23.961411764705883,,1.0
bts,1,set_cal,2024-04-24,0.05,MappedPTO2026,46.0,22.42898952860835,12.330517241379312,18.495775862068967,18.495775862068967,,1.0
bts,1,set_cal,2024-04-24,0.05,GroupAware2025,46.0,29.44464092701353,12.743941176470589,19.088911764705884,18.886411764705887,,1.0
bts,1,set_cal,2024-04-24,0.05,RobustImprovement2025,46.0,26.198004834555206,17.91894117647059,26.851411764705887,26.648911764705886,,1.0
bts,1,set_cal,2024-04-24,0.1,StructuralRobust,93.0,195.55092766434524,27.7869243697479,41.014100840336134,36.01695798319328,0.0,1.0
bts,1,set_cal,2024-04-24,0.1,ExpectedActionValue,93.0,248.53342002171388,32.35787198488812,48.286807977332174,46.41180797733216,,1.0
bts,1,set_cal,2024-04-24,0.1,PointwiseWorstAction,93.0,248.97398878868103,32.4706349256233,48.42895238843495,46.35145238843495,,1.0
bts,1,set_cal,2024-04-24,0.1,ScenarioCVaR,93.0,248.97398878868103,32.4706349256233,48.42895238843495,46.35145238843495,,1.0
bts,1,set_cal,2024-04-24,0.1,RiskFirst,93.0,56.16346213885944,27.298551105548604,40.8958266583229,40.50582665832291,,1.0
bts,1,set_cal,2024-04-24,0.1,TemporalContext2024,93.0,57.27321540435089,26.648551105548602,39.92082665832291,39.53082665832291,,1.0
bts,1,set_cal,2024-04-24,0.1,NetworkPropagation2024,93.0,56.05316931138003,27.702122534120033,41.41189808689433,40.35225522975148,,1.0
bts,1,set_cal,2024-04-24,0.1,CalibratedUncertainty2025,93.0,53.74048486032244,30.29465974871459,45.27570390878618,44.02856105164332,,1.0
bts,1,set_cal,2024-04-24,0.1,MappedPTO2026,93.0,52.97600692996885,46.005266643579226,68.84797313610053,67.64852191658832,,1.0
bts,1,set_cal,2024-04-24,0.1,GroupAware2025,93.0,55.57990844759939,23.956071430751855,35.85710714612779,35.27960714612779,,1.0
bts,1,set_cal,2024-04-24,0.1,RobustImprovement2025,93.0,52.65269680577409,34.26948230201171,50.787937738731856,46.16579488158901,,1.0
bts,1,set_cal,2024-04-24,0.2,StructuralRobust,186.0,220.87345090720845,54.516581240328954,80.22872978505858,68.63266421929737,0.0,1.0
bts,1,set_cal,2024-04-24,0.2,ExpectedActionValue,186.0,371.0621834241208,72.29507798318537,107.41377261203291,99.69743989144462,,1.0
bts,1,set_cal,2024-04-24,0.2,PointwiseWorstAction,186.0,372.2778663171047,65.82904684942037,98.21472591138544,94.2483931907972,,1.0
bts,1,set_cal,2024-04-24,0.2,ScenarioCVaR,186.0,372.2778663171047,65.82904684942037,98.21472591138544,94.2483931907972,,1.0
bts,1,set_cal,2024-04-24,0.2,RiskFirst,186.0,117.19941171970979,59.19372638868499,87.99930386874178,82.06466101159894,,1.0
bts,1,set_cal,2024-04-24,0.2,TemporalContext2024,186.0,128.7183221990605,64.02607932986146,95.29783328050647,89.73819042336362,,1.0
bts,1,set_cal,2024-04-24,0.2,NetworkPropagation2024,186.0,120.33585056331188,52.775178001588216,78.99648128809662,77.74933843095377,,1.0
bts,1,set_cal,2024-04-24,0.2,CalibratedUncertainty2025,186.0,115.07726348458787,63.324612914537084,94.2157772963708,88.43221173060962,,1.0
bts,1,set_cal,2024-04-24,0.2,MappedPTO2026,186.0,115.43236217205262,57.20497266614398,84.98324645566194,78.80165237900687,,1.0
bts,1,set_cal,2024-04-24,0.2,GroupAware2025,186.0,114.90554444249571,46.5170621823162,69.50594621465078,67.48359327347433,,1.0
bts,1,set_cal,2024-04-24,0.2,RobustImprovement2025,186.0,136.49475708744725,75.66784921711503,112.52394964984836,105.19026833116705,,1.0
bts,1,set_cal,2024-04-25,0.01,StructuralRobust,10.0,76.07148699449482,1.9500000000000002,2.925,2.925,0.0,1.0
bts,1,set_cal,2024-04-25,0.01,ExpectedActionValue,10.0,63.24338223965083,0.8500000000000001,1.275,1.275,,1.0
bts,1,set_cal,2024-04-25,0.01,PointwiseWorstAction,10.0,63.24338223965083,0.8500000000000001,1.275,1.275,,1.0
bts,1,set_cal,2024-04-25,0.01,ScenarioCVaR,10.0,63.24338223965083,0.8500000000000001,1.275,1.275,,1.0
bts,1,set_cal,2024-04-25,0.01,RiskFirst,10.0,8.507062972330782,5.15,7.655,7.130000000000001,,1.0
bts,1,set_cal,2024-04-25,0.01,TemporalContext2024,10.0,8.50706297233078,5.15,7.655,7.130000000000001,,1.0
bts,1,set_cal,2024-04-25,0.01,NetworkPropagation2024,10.0,8.83670777292686,3.75,5.625,5.625,,1.0
bts,1,set_cal,2024-04-25,0.01,CalibratedUncertainty2025,10.0,8.289967769781763,4.85,7.205,6.6800000000000015,,1.0
bts,1,set_cal,2024-04-25,0.01,MappedPTO2026,10.0,6.503121588252951,4.003333333333334,6.005,6.004999999999999,,1.0
bts,1,set_cal,2024-04-25,0.01,GroupAware2025,10.0,8.507062972330782,5.15,7.655,7.130000000000001,,1.0
bts,1,set_cal,2024-04-25,0.01,RobustImprovement2025,10.0,10.226569502611735,3.75,5.625,5.625,,1.0
bts,1,set_cal,2024-04-25,0.03,StructuralRobust,31.0,138.30675405477314,14.513170995670997,21.737256493506493,21.493506493506494,0.0,1.0
bts,1,set_cal,2024-04-25,0.03,ExpectedActionValue,31.0,128.1594358482946,8.704545454545455,13.006818181818181,12.631818181818181,,1.0
bts,1,set_cal,2024-04-25,0.03,PointwiseWorstAction,31.0,128.67655947236028,8.579545454545455,12.844318181818181,12.65681818181818,,1.0
bts,1,set_cal,2024-04-25,0.03,ScenarioCVaR,31.0,128.67655947236028,8.579545454545455,12.844318181818181,12.65681818181818,,1.0
bts,1,set_cal,2024-04-25,0.03,RiskFirst,31.0,25.012793093011936,14.713170995670996,21.967256493506493,21.198506493506496,,1.0
bts,1,set_cal,2024-04-25,0.03,TemporalContext2024,31.0,24.266701641626202,14.713170995670996,21.967256493506493,21.198506493506496,,1.0
bts,1,set_cal,2024-04-25,0.03,NetworkPropagation2024,31.0,25.182737328923427,14.713170995670996,21.967256493506493,21.198506493506496,,1.0
bts,1,set_cal,2024-04-25,0.03,CalibratedUncertainty2025,31.0,23.759145059108846,8.812337662337661,13.148506493506494,12.623506493506497,,1.0
bts,1,set_cal,2024-04-25,0.03,MappedPTO2026,31.0,25.40595715915899,15.913170995670995,23.767256493506494,22.998506493506497,,1.0
bts,1,set_cal,2024-04-25,0.03,GroupAware2025,31.0,33.51482858456279,16.763170995670997,25.042256493506493,24.273506493506495,,1.0
bts,1,set_cal,2024-04-25,0.03,RobustImprovement2025,31.0,24.533027603638626,14.513170995670997,21.737256493506493,21.493506493506494,,1.0
bts,1,set_cal,2024-04-25,0.05,StructuralRobust,52.0,174.29351619559952,30.56154761904762,43.847321428571426,34.72857142857143,0.0,1.0
bts,1,set_cal,2024-04-25,0.05,ExpectedActionValue,52.0,176.95617668352185,23.695670874478264,35.37595312022803,34.119304184057825,,1.0
bts,1,set_cal,2024-04-25,0.05,PointwiseWorstAction,52.0,176.77646721716684,24.862337541144935,37.12595312022803,35.86930418405781,,1.0
bts,1,set_cal,2024-04-25,0.05,ScenarioCVaR,52.0,176.77646721716684,24.862337541144935,37.12595312022803,35.86930418405781,,1.0
bts,1,set_cal,2024-04-25,0.05,RiskFirst,52.0,43.801494772222156,27.748885281385284,41.52082792207793,40.75207792207793,,1.0
bts,1,set_cal,2024-04-25,0.05,TemporalContext2024,52.0,43.97173839145107,27.748885281385284,41.52082792207793,40.752077922077916,,1.0
bts,1,set_cal,2024-04-25,0.05,NetworkPropagation2024,52.0,44.09555835098264,19.898885281385283,29.745827922077922,28.977077922077925,,1.0
bts,1,set_cal,2024-04-25,0.05,CalibratedUncertainty2025,52.0,37.19217308704531,24.501385281385282,36.68207792207792,36.157077922077924,,1.0
bts,1,set_cal,2024-04-25,0.05,MappedPTO2026,52.0,35.991535308347764,28.942306334016862,41.841316643882436,35.893995215310994,,1.0
bts,1,set_cal,2024-04-25,0.05,GroupAware2025,52.0,49.215174364184016,32.248885281385284,48.27082792207793,47.502077922077916,,1.0
bts,1,set_cal,2024-04-25,0.05,RobustImprovement2025,52.0,41.5254298689816,31.54888528138528,45.85332792207792,40.67207792207792,,1.0
bts,1,set_cal,2024-04-25,0.1,StructuralRobust,104.0,259.98800153377016,60.64174242424244,88.80689935064936,78.48279220779222,0.0,1.0
bts,1,set_cal,2024-04-25,0.1,ExpectedActionValue,104.0,267.41265382497244,57.78761540114505,86.36481330645464,83.99023984198254,,1.0
bts,1,set_cal,2024-04-25,0.1,PointwiseWorstAction,104.0,269.09401473365307,63.33761540114505,94.68981330645462,92.3152398419825,,1.0
bts,1,set_cal,2024-04-25,0.1,ScenarioCVaR,104.0,269.09401473365307,63.33761540114505,94.68981330645462,92.3152398419825,,1.0
bts,1,set_cal,2024-04-25,0.1,RiskFirst,104.0,85.71898155123036,45.76346018017071,68.44269027025607,66.92394027025607,,1.0
bts,1,set_cal,2024-04-25,0.1,TemporalContext2024,104.0,85.82996611812669,48.90566797237851,73.25600195856775,72.48725195856773,,1.0
bts,1,set_cal,2024-04-25,0.1,NetworkPropagation2024,104.0,84.54573600679387,49.18714439069703,73.67821658604554,72.90946658604553,,1.0
bts,1,set_cal,2024-04-25,0.1,CalibratedUncertainty2025,104.0,86.70127565734246,49.998885281385284,74.89582792207793,74.12707792207793,,1.0
bts,1,set_cal,2024-04-25,0.1,MappedPTO2026,104.0,85.89946730651371,60.97591009775104,89.75555207671772,82.78695405240157,,1.0
bts,1,set_cal,2024-04-25,0.1,GroupAware2025,104.0,82.86507661909059,48.996793513504045,73.29269027025606,71.77394027025605,,1.0
bts,1,set_cal,2024-04-25,0.1,RobustImprovement2025,104.0,78.53827221249064,64.5666529446907,94.54817817480003,83.12841885802985,,1.0
bts,1,set_cal,2024-04-25,0.2,StructuralRobust,208.0,290.80962803522846,117.38714537863437,172.40301539944454,150.66399538564195,0.0,1.0
bts,1,set_cal,2024-04-25,0.2,ExpectedActionValue,208.0,408.49682913023724,104.01574755957434,153.10457510342061,138.02943666719716,,1.0
bts,1,set_cal,2024-04-25,0.2,PointwiseWorstAction,208.0,408.892372524825,97.93227298330316,144.6255496796918,134.39680954855302,,1.0
bts,1,set_cal,2024-04-25,0.2,ScenarioCVaR,208.0,408.892372524825,97.93227298330316,144.6255496796918,134.39680954855302,,1.0
bts,1,set_cal,2024-04-25,0.2,RiskFirst,208.0,167.41807001539436,99.57872331775523,147.2210168836952,136.96175618666274,,1.0
bts,1,set_cal,2024-04-25,0.2,TemporalContext2024,208.0,174.23067470854727,99.26617851488783,146.91886634606075,137.90960564902838,,1.0
bts,1,set_cal,2024-04-25,0.2,NetworkPropagation2024,208.0,157.2697330309554,119.12182289138866,176.839134153048,168.85588277278583,,1.0
bts,1,set_cal,2024-04-25,0.2,CalibratedUncertainty2025,208.0,164.38195462017686,114.61727901394649,170.44660878664467,159.35178577958186,,1.0
bts,1,set_cal,2024-04-25,0.2,MappedPTO2026,208.0,173.715135256178,113.13194218616688,167.68239754083447,158.40977950271565,,1.0
bts,1,set_cal,2024-04-25,0.2,GroupAware2025,208.0,176.17280559950137,96.90272078549458,143.19801678558176,132.87128384063072,,1.0
bts,1,set_cal,2024-04-25,0.2,RobustImprovement2025,208.0,157.84617019920606,95.58436591236956,141.04974762631835,129.4424883095482,,1.0
bts,1,set_cal,2024-04-26,0.01,StructuralRobust,11.0,72.40337555582029,18.443518518518516,27.440277777777776,25.75277777777778,0.0,1.0
bts,1,set_cal,2024-04-26,0.01,ExpectedActionValue,11.0,67.99214745455441,3.984848484848485,5.977272727272727,5.977272727272727,,1.0
bts,1,set_cal,2024-04-26,0.01,PointwiseWorstAction,11.0,67.99214745455441,3.984848484848485,5.977272727272727,5.977272727272727,,1.0
bts,1,set_cal,2024-04-26,0.01,ScenarioCVaR,11.0,67.99214745455441,3.984848484848485,5.977272727272727,5.977272727272727,,1.0
bts,1,set_cal,2024-04-26,0.01,RiskFirst,11.0,7.339242394949303,12.29351851851852,18.365277777777777,17.802777777777777,,1.0
bts,1,set_cal,2024-04-26,0.01,TemporalContext2024,11.0,7.302788567323293,13.54351851851852,20.240277777777777,19.677777777777784,,1.0
bts,1,set_cal,2024-04-26,0.01,NetworkPropagation2024,11.0,7.2977244555549845,14.821927609427611,22.129482323232324,21.353914141414144,,1.0
bts,1,set_cal,2024-04-26,0.01,CalibratedUncertainty2025,11.0,12.649457865648372,16.07192760942761,24.004482323232324,23.228914141414144,,1.0
bts,1,set_cal,2024-04-26,0.01,MappedPTO2026,11.0,7.293440300176613,21.646927609427607,32.29198232323232,30.953914141414145,,1.0
bts,1,set_cal,2024-04-26,0.01,GroupAware2025,11.0,7.245975721750847,12.29351851851852,18.365277777777777,17.802777777777777,,1.0
bts,1,set_cal,2024-04-26,0.01,RobustImprovement2025,11.0,5.884364613550459,19.69351851851852,29.31527777777778,27.627777777777784,,1.0
bts,1,set_cal,2024-04-26,0.03,StructuralRobust,32.0,166.32867961436244,52.21516069213438,77.90354247360827,74.75955323915852,0.0,1.0
bts,1,set_cal,2024-04-26,0.03,ExpectedActionValue,32.0,128.9971829805518,22.86886487829111,34.02829731743665,31.96579731743665,,1.0
bts,1,set_cal,2024-04-26,0.03,PointwiseWorstAction,32.0,129.8829946233833,22.86886487829111,34.02829731743666,31.96579731743665,,1.0
bts,1,set_cal,2024-04-26,0.03,ScenarioCVaR,32.0,129.8829946233833,22.86886487829111,34.02829731743666,31.96579731743665,,1.0
bts,1,set_cal,2024-04-26,0.03,RiskFirst,32.0,26.175560579662484,44.71516069213438,66.65354247360827,63.5095532391585,,1.0
bts,1,set_cal,2024-04-26,0.03,TemporalContext2024,32.0,31.993569287859383,46.16516069213438,68.87854247360826,66.1095532391585,,1.0
bts,1,set_cal,2024-04-26,0.03,NetworkPropagation2024,32.0,26.265575916324305,54.86516069213439,81.87854247360826,78.73455323915846,,1.0
bts,1,set_cal,2024-04-26,0.03,CalibratedUncertainty2025,32.0,32.06480965552356,39.23621332371333,58.6009108946609,56.70034271284271,,1.0
bts,1,set_cal,2024-04-26,0.03,MappedPTO2026,32.0,26.175560579662484,44.715160692134376,66.65354247360827,63.50955323915851,,1.0
bts,1,set_cal,2024-04-26,0.03,GroupAware2025,32.0,25.345305901303554,54.86516069213438,81.87854247360826,78.7345532391585,,1.0
bts,1,set_cal,2024-04-26,0.03,RobustImprovement2025,32.0,24.705506408635685,52.21516069213438,77.90354247360827,74.75955323915852,,1.0
bts,1,set_cal,2024-04-26,0.05,StructuralRobust,54.0,182.83328309773617,97.90093429377778,146.3044064554917,142.20194406667952,0.0,1.0
bts,1,set_cal,2024-04-26,0.05,ExpectedActionValue,54.0,175.85182338858553,29.884249493675725,44.55137424051358,42.48887424051358,,1.0
bts,1,set_cal,2024-04-26,0.05,PointwiseWorstAction,54.0,176.54692099114453,31.550916160342393,47.05137424051358,44.98887424051357,,1.0
bts,1,set_cal,2024-04-26,0.05,ScenarioCVaR,54.0,176.54692099114453,31.550916160342393,47.05137424051358,44.98887424051357,,1.0
bts,1,set_cal,2024-04-26,0.05,RiskFirst,54.0,47.40594303657832,63.565160692134384,94.87854247360826,91.35955323915849,,1.0
bts,1,set_cal,2024-04-26,0.05,TemporalContext2024,54.0,44.393033795156974,84.09295711271602,125.54244068389909,121.06497829508695,,1.0
bts,1,set_cal,2024-04-26,0.05,NetworkPropagation2024,54.0,48.87726930856738,67.85131453828824,101.30777324283902,97.78878400838921,,1.0
bts,1,set_cal,2024-04-26,0.05,CalibratedUncertainty2025,54.0,45.67583456060623,55.65124152677537,83.0881590816069,80.17288501743576,,1.0
bts,1,set_cal,2024-04-26,0.05,MappedPTO2026,54.0,43.55291365853215,75.17220570191911,112.28910998828536,108.7701207538356,,1.0
bts,1,set_cal,2024-04-26,0.05,GroupAware2025,54.0,46.40930124918602,64.50131453828823,96.33277324283904,93.18878400838926,,1.0
bts,1,set_cal,2024-04-26,0.05,RobustImprovement2025,54.0,39.76079040086427,92.5785735510722,138.27086534143334,133.79340295262116,,1.0
bts,1,set_cal,2024-04-26,0.1,StructuralRobust,107.0,273.2823731622185,138.2777286416539,205.85981755828897,196.93400202684987,0.0,1.0
bts,1,set_cal,2024-04-26,0.1,ExpectedActionValue,107.0,264.248389245069,103.88330180411037,155.27495270616558,151.1499527061656,,1.0
bts,1,set_cal,2024-04-26,0.1,PointwiseWorstAction,107.0,264.029887473546,84.54437872718731,126.51656809078096,124.26656809078096,,1.0
bts,1,set_cal,2024-04-26,0.1,ScenarioCVaR,107.0,264.029887473546,84.54437872718731,126.51656809078096,124.26656809078096,,1.0
bts,1,set_cal,2024-04-26,0.1,RiskFirst,107.0,91.59455919451747,114.78109325649112,170.98935078191465,164.87218251074952,,1.0
bts,1,set_cal,2024-04-26,0.1,TemporalContext2024,107.0,91.9283861939762,132.32622100706448,197.34233652542173,191.48987413660956,,1.0
bts,1,set_cal,2024-04-26,0.1,NetworkPropagation2024,107.0,90.04144730486388,113.06274732250624,168.44712599858434,162.59466360977217,,1.0
bts,1,set_cal,2024-04-26,0.1,CalibratedUncertainty2025,107.0,88.17243646775314,114.19903258985903,170.09456990117826,163.81472752410156,,1.0
bts,1,set_cal,2024-04-26,0.1,MappedPTO2026,107.0,81.02907782373111,124.61015969051032,186.0477003821837,179.54115673032038,,1.0
bts,1,set_cal,2024-04-26,0.1,GroupAware2025,107.0,90.2541233847114,142.20144968528504,212.04539912373565,205.36958359229655,,1.0
bts,1,set_cal,2024-04-26,0.1,RobustImprovement2025,107.0,90.64891302760029,122.29573067386826,182.0713069079804,174.52913863681528,,1.0
bts,1,set_cal,2024-04-26,0.2,StructuralRobust,215.0,326.5713564521477,321.33679566638205,478.60423465643214,458.5970433328757,0.0,1.0
bts,1,set_cal,2024-04-26,0.2,ExpectedActionValue,215.0,397.0375252055364,180.19395506029022,268.7309325904353,257.0309325904353,,1.0
bts,1,set_cal,2024-04-26,0.2,PointwiseWorstAction,215.0,397.7925590226052,175.83123050939201,262.16184576408807,250.27434576408803,,1.0
bts,1,set_cal,2024-04-26,0.2,ScenarioCVaR,215.0,397.7925590226052,175.83123050939201,262.16184576408807,250.27434576408803,,1.0
bts,1,set_cal,2024-04-26,0.2,RiskFirst,215.0,168.21908468977054,291.87790435636686,435.91218362769536,424.37713682628345,,1.0
bts,1,set_cal,2024-04-26,0.2,TemporalContext2024,215.0,164.74938917011403,315.3741700906326,471.15658222909394,459.621535427682,,1.0
bts,1,set_cal,2024-04-26,0.2,NetworkPropagation2024,215.0,167.07923504917525,280.70316318774945,418.97507187476924,406.1275250733574,,1.0
bts,1,set_cal,2024-04-26,0.2,CalibratedUncertainty2025,215.0,160.63355849550274,300.05630114387714,448.0537788089607,435.57373200754876,,1.0
bts,1,set_cal,2024-04-26,0.2,MappedPTO2026,215.0,170.02741684245083,260.3953774424364,388.96692972500495,379.52090643513253,,1.0
bts,1,set_cal,2024-04-26,0.2,GroupAware2025,215.0,174.5255761795753,307.349138743239,458.9699253178936,446.3165543406574,,1.0
bts,1,set_cal,2024-04-26,0.2,RobustImprovement2025,215.0,153.47492796575844,195.15494593134025,291.18311184724894,282.3133089740378,,1.0
bts,1,set_cal,2024-04-27,0.01,StructuralRobust,9.0,59.524968541925986,3.8454545454545457,5.768181818181818,5.768181818181818,0.0,1.0
bts,1,set_cal,2024-04-27,0.01,ExpectedActionValue,9.0,75.28030785223694,0.0,0.0,0.0,,1.0
bts,1,set_cal,2024-04-27,0.01,PointwiseWorstAction,9.0,75.28030785223693,0.0,0.0,0.0,,1.0
bts,1,set_cal,2024-04-27,0.01,ScenarioCVaR,9.0,75.28030785223693,0.0,0.0,0.0,,1.0
bts,1,set_cal,2024-04-27,0.01,RiskFirst,9.0,5.343133952268844,10.209328358208955,15.232276119402986,14.619402985074627,,1.0
bts,1,set_cal,2024-04-27,0.01,TemporalContext2024,9.0,5.465080722188752,8.709328358208955,12.982276119402986,12.369402985074627,,1.0
bts,1,set_cal,2024-04-27,0.01,NetworkPropagation2024,9.0,6.544123321672141,8.709328358208955,12.982276119402986,12.369402985074627,,1.0
bts,1,set_cal,2024-04-27,0.01,CalibratedUncertainty2025,9.0,6.109238077282385,9.459328358208955,14.107276119402986,13.494402985074627,,1.0
bts,1,set_cal,2024-04-27,0.01,MappedPTO2026,9.0,12.195523155872717,18.334328358208957,27.344776119402987,26.169402985074626,,1.0
bts,1,set_cal,2024-04-27,0.01,GroupAware2025,9.0,5.343133952268843,10.209328358208955,15.232276119402986,14.619402985074627,,1.0
bts,1,set_cal,2024-04-27,0.01,RobustImprovement2025,9.0,10.024785802569193,18.434328358208955,27.494776119402985,26.31940298507463,,1.0
bts,1,set_cal,2024-04-27,0.03,StructuralRobust,28.0,130.75293116977633,22.676106433075265,33.7581785258201,31.838320097374098,0.0,1.0
bts,1,set_cal,2024-04-27,0.03,ExpectedActionValue,28.0,130.27097571777506,20.447473974280467,30.5962109614207,30.0337109614207,,1.0
bts,1,set_cal,2024-04-27,0.03,PointwiseWorstAction,28.0,130.2296933190242,20.447473974280467,30.5962109614207,30.0337109614207,,1.0
bts,1,set_cal,2024-04-27,0.03,ScenarioCVaR,28.0,130.2296933190242,20.447473974280467,30.5962109614207,30.0337109614207,,1.0
bts,1,set_cal,2024-04-27,0.03,RiskFirst,28.0,20.54754953650526,22.9797829036635,34.312957937584805,33.137584803256445,,1.0
bts,1,set_cal,2024-04-27,0.03,TemporalContext2024,28.0,19.20578179364294,25.063116236996834,37.437957937584805,36.26258480325645,,1.0
bts,1,set_cal,2024-04-27,0.03,NetworkPropagation2024,28.0,20.165059566427992,29.038799297106124,43.40148252774874,42.22610939342039,,1.0
bts,1,set_cal,2024-04-27,0.03,CalibratedUncertainty2025,28.0,20.77586287895815,26.013116236996833,38.86295793758481,37.687584803256456,,1.0
bts,1,set_cal,2024-04-27,0.03,MappedPTO2026,28.0,21.367974055497506,21.93432835820896,32.744776119402985,31.569402985074625,,1.0
bts,1,set_cal,2024-04-27,0.03,GroupAware2025,28.0,24.932704977796124,22.1797829036635,33.11295793758481,31.93758480325645,,1.0
bts,1,set_cal,2024-04-27,0.03,RobustImprovement2025,28.0,25.84297948631963,22.676106433075265,33.7581785258201,31.838320097374098,,1.0
bts,1,set_cal,2024-04-27,0.05,StructuralRobust,46.0,159.25373910488992,37.989439766408594,55.928178525820094,48.00832009737411,0.0,1.0
bts,1,set_cal,2024-04-27,0.05,ExpectedActionValue,46.0,165.9104072333139,27.756607765018032,41.53491164752704,40.78491164752704,,1.0
bts,1,set_cal,2024-04-27,0.05,PointwiseWorstAction,46.0,165.75275903714513,26.481607765018033,39.64741164752705,39.08491164752704,,1.0
bts,1,set_cal,2024-04-27,0.05,ScenarioCVaR,46.0,165.75275903714513,26.481607765018033,39.64741164752705,39.08491164752704,,1.0
bts,1,set_cal,2024-04-27,0.05,RiskFirst,46.0,34.424514089090344,23.4297829036635,34.98795793758481,33.81258480325645,,1.0
bts,1,set_cal,2024-04-27,0.05,TemporalContext2024,46.0,34.97546679202935,32.899390746800755,49.19236970229069,48.01699656796233,,1.0
bts,1,set_cal,2024-04-27,0.05,NetworkPropagation2024,46.0,37.380163329887814,37.18879929710612,55.626482527748735,54.45110939342039,,1.0
bts,1,set_cal,2024-04-27,0.05,CalibratedUncertainty2025,46.0,34.04646778150846,34.7594397664086,51.333178525820095,45.28832009737409,,1.0
bts,1,set_cal,2024-04-27,0.05,MappedPTO2026,46.0,44.22604544225153,28.05075432039921,41.82015035680601,39.900291928360005,,1.0
bts,1,set_cal,2024-04-27,0.05,GroupAware2025,46.0,35.72794347589483,22.6297829036635,33.78795793758481,32.61258480325645,,1.0
bts,1,set_cal,2024-04-27,0.05,RobustImprovement2025,46.0,36.25347234615441,39.95110643307527,58.9956785258201,52.013320097374105,,1.0
bts,1,set_cal,2024-04-27,0.1,StructuralRobust,92.0,241.31661208253365,80.60367727636945,119.23431739945704,108.07532853622841,0.0,1.0
bts,1,set_cal,2024-04-27,0.1,ExpectedActionValue,92.0,240.64420816661587,45.17404962548315,67.66107443822472,66.91107443822472,,1.0
bts,1,set_cal,2024-04-27,0.1,PointwiseWorstAction,92.0,240.8772981495621,45.17404962548315,67.66107443822472,66.91107443822472,,1.0
bts,1,set_cal,2024-04-27,0.1,ScenarioCVaR,92.0,240.8772981495621,45.17404962548315,67.66107443822472,66.91107443822472,,1.0
bts,1,set_cal,2024-04-27,0.1,RiskFirst,92.0,61.8156669128337,66.89564263549487,99.9624828294495,97.1051244010035,,1.0
bts,1,set_cal,2024-04-27,0.1,TemporalContext2024,92.0,62.41538410708457,63.078975968828196,94.2374828294495,91.38012440100351,,1.0
bts,1,set_cal,2024-04-27,0.1,NetworkPropagation2024,92.0,68.10944033933004,70.51632569560415,105.39350741961343,102.53614899116742,,1.0
bts,1,set_cal,2024-04-27,0.1,CalibratedUncertainty2025,92.0,64.03403459672886,69.76053974400261,103.7098284922111,96.72747006376508,,1.0
bts,1,set_cal,2024-04-27,0.1,MappedPTO2026,92.0,82.0006679344524,63.52948492073551,93.85244063071201,83.03904000277751,,1.0
bts,1,set_cal,2024-04-27,0.1,GroupAware2025,92.0,64.16353710243379,66.59564263549485,99.4624828294495,96.2301244010035,,1.0
bts,1,set_cal,2024-04-27,0.1,RobustImprovement2025,92.0,63.714057070511835,68.64737097006315,101.39985793999759,89.61586907676897,,1.0
bts,1,set_cal,2024-04-27,0.2,StructuralRobust,185.0,295.1896440208855,129.32011197732376,191.24636898277333,172.11787660868097,0.0,1.0
bts,1,set_cal,2024-04-27,0.2,ExpectedActionValue,185.0,354.77868295760265,105.77752911724602,157.91053871152133,152.24237647891349,,1.0
bts,1,set_cal,2024-04-27,0.2,PointwiseWorstAction,185.0,354.65118623734645,98.79170805492103,147.31461961803382,140.76755113542598,,1.0
bts,1,set_cal,2024-04-27,0.2,ScenarioCVaR,185.0,354.65118623734645,98.79170805492103,147.31461961803382,140.76755113542598,,1.0
bts,1,set_cal,2024-04-27,0.2,RiskFirst,185.0,140.08811171426498,123.91858937763936,184.27612999580637,172.26297446591116,,1.0
bts,1,set_cal,2024-04-27,0.2,TemporalContext2024,185.0,138.6313382653801,128.87170562413795,191.4874220126131,177.83639883565908,,1.0
bts,1,set_cal,2024-04-27,0.2,NetworkPropagation2024,185.0,138.62577167284908,144.7954909324363,215.84148232800175,205.70332679810653,,1.0
bts,1,set_cal,2024-04-27,0.2,CalibratedUncertainty2025,185.0,132.58393795715773,143.53004084103785,213.4245571909041,199.39577666100885,,1.0
bts,1,set_cal,2024-04-27,0.2,MappedPTO2026,185.0,146.56801211443968,137.35702178493057,203.83161357406345,187.30222029907014,,1.0
bts,1,set_cal,2024-04-27,0.2,GroupAware2025,185.0,139.6428735292071,104.87342892458226,156.11905108092662,147.18585878632553,,1.0
bts,1,set_cal,2024-04-27,0.2,RobustImprovement2025,185.0,121.4320605151339,118.87361673734515,176.70059022728424,164.62682863678296,,1.0
bts,1,set_cal,2024-04-28,0.01,StructuralRobust,11.0,81.20279544246775,20.253981916792245,29.50773102270123,22.958417129047714,0.0,1.0
bts,1,set_cal,2024-04-28,0.01,ExpectedActionValue,11.0,70.1895075953493,9.999768518518518,14.87372685185185,13.92928240740741,,1.0
bts,1,set_cal,2024-04-28,0.01,PointwiseWorstAction,11.0,69.68304512735507,11.05576851851852,16.457726851851852,15.51328240740741,,1.0
bts,1,set_cal,2024-04-28,0.01,ScenarioCVaR,11.0,69.68304512735507,11.05576851851852,16.457726851851852,15.51328240740741,,1.0
bts,1,set_cal,2024-04-28,0.01,RiskFirst,11.0,5.815689814689818,12.391182873730042,18.447623367198837,17.40399129172714,,1.0
bts,1,set_cal,2024-04-28,0.01,TemporalContext2024,11.0,6.658732589621941,11.641182873730042,17.322623367198837,16.27899129172714,,1.0
bts,1,set_cal,2024-04-28,0.01,NetworkPropagation2024,11.0,6.780482663534641,11.641182873730042,17.322623367198837,16.27899129172714,,1.0
bts,1,set_cal,2024-04-28,0.01,CalibratedUncertainty2025,11.0,10.604823023711344,5.368218623481781,8.05232793522267,8.05232793522267,,1.0
bts,1,set_cal,2024-04-28,0.01,MappedPTO2026,11.0,8.070191922464517,10.363548329779674,15.467346304193317,14.882524875621888,,1.0
bts,1,set_cal,2024-04-28,0.01,GroupAware2025,11.0,6.341287048754803,12.391182873730042,18.447623367198837,17.40399129172714,,1.0
bts,1,set_cal,2024-04-28,0.01,RobustImprovement2025,11.0,8.609955149702145,15.793421679700192,23.55098157615406,22.507349500682363,,1.0
bts,1,set_cal,2024-04-28,0.03,StructuralRobust,32.0,162.58245472792703,23.136090852632524,34.532842478409705,33.24813897436657,0.0,1.0
bts,1,set_cal,2024-04-28,0.03,ExpectedActionValue,32.0,126.16832783057076,23.785411375661376,35.21504828042328,31.742032407407414,,1.0
bts,1,set_cal,2024-04-28,0.03,PointwiseWorstAction,32.0,126.91446356161647,25.78541137566138,37.815048280423284,31.342032407407405,,1.0
bts,1,set_cal,2024-04-28,0.03,ScenarioCVaR,32.0,126.91446356161647,25.78541137566138,37.815048280423284,31.342032407407405,,1.0
bts,1,set_cal,2024-04-28,0.03,RiskFirst,32.0,26.491550603513005,26.75993483759493,40.00075131299617,38.957119237524466,,1.0
bts,1,set_cal,2024-04-28,0.03,TemporalContext2024,32.0,25.39162404411611,22.537866124144635,33.66764824282073,32.62401616734903,,1.0
bts,1,set_cal,2024-04-28,0.03,NetworkPropagation2024,32.0,23.97370931173709,24.27868483759493,36.27887631299617,35.23524423752446,,1.0
bts,1,set_cal,2024-04-28,0.03,CalibratedUncertainty2025,32.0,27.671300699597403,29.0564167918587,43.420474244391826,42.18934216892011,,1.0
bts,1,set_cal,2024-04-28,0.03,MappedPTO2026,32.0,25.392359150581417,29.535981203509714,44.08684467139216,42.45839116734903,,1.0
bts,1,set_cal,2024-04-28,0.03,GroupAware2025,32.0,26.353616688020132,29.80993483759493,44.57575131299617,43.53211923752446,,1.0
bts,1,set_cal,2024-04-28,0.03,RobustImprovement2025,32.0,24.712674060945925,23.136090852632524,34.532842478409705,33.24813897436657,,1.0
bts,1,set_cal,2024-04-28,0.05,StructuralRobust,54.0,202.80753228448452,64.37422894579453,95.51195286110858,87.64152367923452,0.0,1.0
bts,1,set_cal,2024-04-28,0.05,ExpectedActionValue,54.0,171.6683764070385,49.42713124109978,73.15262807858088,65.74211220556501,,1.0
bts,1,set_cal,2024-04-28,0.05,PointwiseWorstAction,54.0,173.20454185495254,45.974353463322004,68.09846141191422,61.62544553889833,,1.0
bts,1,set_cal,2024-04-28,0.05,ScenarioCVaR,54.0,173.20454185495254,45.974353463322004,68.09846141191422,61.62544553889833,,1.0
bts,1,set_cal,2024-04-28,0.05,RiskFirst,54.0,43.29555883011527,41.40711392662185,61.86854375606035,60.05259025201721,,1.0
bts,1,set_cal,2024-04-28,0.05,TemporalContext2024,54.0,43.91324415286333,49.00621512163838,73.29219554858514,71.66374204454202,,1.0
bts,1,set_cal,2024-04-28,0.05,NetworkPropagation2024,54.0,41.44609789501207,35.271244361404456,52.68973940823426,51.061285904191124,,1.0
bts,1,set_cal,2024-04-28,0.05,CalibratedUncertainty2025,54.0,47.29897375206933,36.32760963756253,54.249287322471375,52.43333381842824,,1.0
bts,1,set_cal,2024-04-28,0.05,MappedPTO2026,54.0,40.344836583326,44.86232986777195,67.0763676677855,65.44791416374237,,1.0
bts,1,set_cal,2024-04-28,0.05,GroupAware2025,54.0,42.08760450631698,62.40092879338202,93.25317909967886,90.64157342172267,,1.0
bts,1,set_cal,2024-04-28,0.05,RobustImprovement2025,54.0,43.86940674396399,57.460248938063486,85.89824627322281,83.70729276917972,,1.0
bts,1,set_cal,2024-04-28,0.1,StructuralRobust,107.0,295.8645429171951,115.78653191721081,171.68779623890427,156.74778396206455,0.0,1.0
bts,1,set_cal,2024-04-28,0.1,ExpectedActionValue,107.0,261.42387609292587,103.54677162674523,153.24799774795815,137.70680005676047,,1.0
bts,1,set_cal,2024-04-28,0.1,PointwiseWorstAction,107.0,261.8810962981219,97.7444988994725,145.27867956613997,135.24316369312407,,1.0
bts,1,set_cal,2024-04-28,0.1,ScenarioCVaR,107.0,261.8810962981219,97.7444988994725,145.27867956613997,135.24316369312407,,1.0
bts,1,set_cal,2024-04-28,0.1,RiskFirst,107.0,83.46428671868097,100.46048049452935,150.17350080344667,146.2943512658414,,1.0
bts,1,set_cal,2024-04-28,0.1,TemporalContext2024,107.0,84.26951834398923,104.36578212463543,156.03145324860577,152.15230371100057,,1.0
bts,1,set_cal,2024-04-28,0.1,NetworkPropagation2024,107.0,87.23757593619199,100.22059827890968,149.75430248001715,145.42984044241183,,1.0
bts,1,set_cal,2024-04-28,0.1,CalibratedUncertainty2025,107.0,93.39775486972795,140.4314111162334,210.0359836925245,205.45248632883226,,1.0
bts,1,set_cal,2024-04-28,0.1,MappedPTO2026,107.0,71.58654332652726,96.48640102215364,144.01338794659512,138.64178604683005,,1.0
bts,1,set_cal,2024-04-28,0.1,GroupAware2025,107.0,81.54955606674181,98.56474878721231,147.30490324247108,143.23825370486577,,1.0
bts,1,set_cal,2024-04-28,0.1,RobustImprovement2025,107.0,90.41495278914822,115.23191897803395,170.92156761961263,156.47423626382556,,1.0
bts,1,set_cal,2024-04-28,0.2,StructuralRobust,214.0,345.88494436958723,261.6689842647759,387.85839842823907,358.52031366130404,0.0,1.0
bts,1,set_cal,2024-04-28,0.2,ExpectedActionValue,214.0,397.81214639891436,201.79534199212966,299.85057490165815,278.5322892526359,,1.0
bts,1,set_cal,2024-04-28,0.2,PointwiseWorstAction,214.0,398.7755890052695,202.60272294451065,300.62950347308674,276.0701463954929,,1.0
bts,1,set_cal,2024-04-28,0.2,ScenarioCVaR,214.0,398.7755890052695,202.60272294451065,300.62950347308674,276.0701463954929,,1.0
bts,1,set_cal,2024-04-28,0.2,RiskFirst,214.0,159.7788041565829,225.5044828279131,336.69998224469873,325.024417265917,,1.0
bts,1,set_cal,2024-04-28,0.2,TemporalContext2024,214.0,162.311689678482,238.35940740921495,355.88009638937876,343.4374859560515,,1.0
bts,1,set_cal,2024-04-28,0.2,NetworkPropagation2024,214.0,165.3924040284986,218.3429424933159,326.1576717428029,315.9821067640211,,1.0
bts,1,set_cal,2024-04-28,0.2,CalibratedUncertainty2025,214.0,158.31384754074315,266.05589403025925,396.7145666812041,378.9450089498188,,1.0
bts,1,set_cal,2024-04-28,0.2,MappedPTO2026,214.0,156.8816353168396,242.80509930187444,362.336962276289,348.30681220236966,,1.0
bts,1,set_cal,2024-04-28,0.2,GroupAware2025,214.0,158.1802894696166,251.39865667939006,375.1866975673687,360.8520416794959,,1.0
bts,1,set_cal,2024-04-28,0.2,RobustImprovement2025,214.0,172.04637707502943,186.02080845786745,276.6714706280247,258.97340518720114,,1.0
bts,1,set_cal,2024-04-29,0.01,StructuralRobust,10.0,66.86362720896621,11.18938053097345,16.784070796460174,16.78407079646017,0.0,1.0
bts,1,set_cal,2024-04-29,0.01,ExpectedActionValue,10.0,81.05979620564959,1.55,2.325,2.325,,1.0
bts,1,set_cal,2024-04-29,0.01,PointwiseWorstAction,10.0,80.84996453498565,1.55,2.325,2.325,,1.0
bts,1,set_cal,2024-04-29,0.01,ScenarioCVaR,10.0,80.84996453498565,1.55,2.325,2.325,,1.0
bts,1,set_cal,2024-04-29,0.01,RiskFirst,10.0,6.298739664679185,1.475,2.1875,2.0,,1.0
bts,1,set_cal,2024-04-29,0.01,TemporalContext2024,10.0,6.298739664679185,1.475,2.1875,2.0,,1.0
bts,1,set_cal,2024-04-29,0.01,NetworkPropagation2024,10.0,4.8329019831630475,7.925000000000001,11.8625,11.675,,1.0
bts,1,set_cal,2024-04-29,0.01,CalibratedUncertainty2025,10.0,5.1854059199871205,2.6750000000000003,3.9875000000000003,3.7999999999999994,,1.0
bts,1,set_cal,2024-04-29,0.01,MappedPTO2026,10.0,5.673518683595888,5.983426966292136,8.950140449438203,8.762640449438202,,1.0
bts,1,set_cal,2024-04-29,0.01,GroupAware2025,10.0,6.925181960324699,12.66438053097345,18.971570796460174,18.784070796460174,,1.0
bts,1,set_cal,2024-04-29,0.01,RobustImprovement2025,10.0,5.1004142088072015,19.11438053097345,28.646570796460175,28.459070796460175,,1.0
bts,1,set_cal,2024-04-29,0.03,StructuralRobust,31.0,146.0073269958779,35.347807497265585,52.77171124589837,50.89671124589838,0.0,1.0
bts,1,set_cal,2024-04-29,0.03,ExpectedActionValue,31.0,138.6151933535515,15.089700374531834,22.530898876404493,21.753511235955056,,1.0
bts,1,set_cal,2024-04-29,0.03,PointwiseWorstAction,31.0,139.9395611982703,15.089700374531834,22.530898876404493,21.753511235955056,,1.0
bts,1,set_cal,2024-04-29,0.03,ScenarioCVaR,31.0,139.9395611982703,15.089700374531834,22.530898876404493,21.753511235955056,,1.0
bts,1,set_cal,2024-04-29,0.03,RiskFirst,31.0,25.402607658993546,30.122807497265583,45.159211245898376,44.971711245898376,,1.0
bts,1,set_cal,2024-04-29,0.03,TemporalContext2024,31.0,24.53248076715312,30.122807497265583,45.159211245898376,44.971711245898376,,1.0
bts,1,set_cal,2024-04-29,0.03,NetworkPropagation2024,31.0,27.29050382888192,31.222807497265585,46.80921124589838,46.621711245898375,,1.0
bts,1,set_cal,2024-04-29,0.03,CalibratedUncertainty2025,31.0,23.93532220837903,28.864380530973452,43.271570796460175,43.08407079646017,,1.0
bts,1,set_cal,2024-04-29,0.03,MappedPTO2026,31.0,25.402607658993546,30.122807497265583,45.159211245898376,44.971711245898376,,1.0
bts,1,set_cal,2024-04-29,0.03,GroupAware2025,31.0,24.645204060825137,30.122807497265583,45.159211245898376,44.971711245898376,,1.0
bts,1,set_cal,2024-04-29,0.03,RobustImprovement2025,31.0,17.34665562629373,35.347807497265585,52.77171124589837,50.89671124589838,,1.0
bts,1,set_cal,2024-04-29,0.05,StructuralRobust,52.0,168.72793724668784,45.689880667997286,68.30982100199594,66.62232100199596,0.0,1.0
bts,1,set_cal,2024-04-29,0.05,ExpectedActionValue,52.0,183.01577016213398,16.572053315708303,24.754428288169194,23.97704064771976,,1.0
bts,1,set_cal,2024-04-29,0.05,PointwiseWorstAction,52.0,183.4951260558631,17.9879762366008,26.87831266950794,26.1009250290585,,1.0
bts,1,set_cal,2024-04-29,0.05,ScenarioCVaR,52.0,183.4951260558631,17.9879762366008,26.87831266950794,26.1009250290585,,1.0
bts,1,set_cal,2024-04-29,0.05,RiskFirst,52.0,40.930831385475095,47.86130923942585,71.76696385913878,71.57946385913881,,1.0
bts,1,set_cal,2024-04-29,0.05,TemporalContext2024,52.0,40.0592130688955,49.239880667997284,73.83482100199593,73.64732100199595,,1.0
bts,1,set_cal,2024-04-29,0.05,NetworkPropagation2024,52.0,43.48501818815272,55.2561546002506,82.8592319003759,82.67173190037593,,1.0
bts,1,set_cal,2024-04-29,0.05,CalibratedUncertainty2025,52.0,38.44371966878776,55.29191161819814,82.91286742729721,82.7253674272972,,1.0
bts,1,set_cal,2024-04-29,0.05,MappedPTO2026,52.0,37.55860269670424,55.56651379097187,83.05064481233194,80.80720075638791,,1.0
bts,1,set_cal,2024-04-29,0.05,GroupAware2025,52.0,41.69792001235037,54.84271085667653,82.23906628501481,82.0515662850148,,1.0
bts,1,set_cal,2024-04-29,0.05,RobustImprovement2025,52.0,33.91083113582001,53.26771085667654,79.65156628501481,77.77656628501481,,1.0
bts,1,set_cal,2024-04-29,0.1,StructuralRobust,103.0,255.54420003917744,111.56712214841316,166.39386504080156,159.21772867716516,0.0,1.0
bts,1,set_cal,2024-04-29,0.1,ExpectedActionValue,103.0,266.4740125640594,29.861558790824922,44.56368650084412,42.84879886039467,,1.0
bts,1,set_cal,2024-04-29,0.1,PointwiseWorstAction,103.0,266.65963525105315,38.32863196155663,57.26429625694168,55.54940861649222,,1.0
bts,1,set_cal,2024-04-29,0.1,ScenarioCVaR,103.0,266.65963525105315,38.32863196155663,57.26429625694168,55.54940861649222,,1.0
bts,1,set_cal,2024-04-29,0.1,RiskFirst,103.0,77.51842030685062,98.33700580212036,147.25550870318054,145.38050870318057,,1.0
bts,1,set_cal,2024-04-29,0.1,TemporalContext2024,103.0,74.14429614850415,105.00046734058192,157.13339331856517,154.37858562625746,,1.0
bts,1,set_cal,2024-04-29,0.1,NetworkPropagation2024,103.0,77.29939265624542,78.16603607098112,116.99905410647169,115.12405410647172,,1.0
bts,1,set_cal,2024-04-29,0.1,CalibratedUncertainty2025,103.0,74.01863492850092,86.63319944790094,129.69979917185137,127.82479917185132,,1.0
bts,1,set_cal,2024-04-29,0.1,MappedPTO2026,103.0,80.11392889468503,83.39454956502621,124.53360756432252,120.34698169019666,,1.0
bts,1,set_cal,2024-04-29,0.1,GroupAware2025,103.0,73.64266831403103,101.4042471814307,151.85637077214605,149.98137077214602,,1.0
bts,1,set_cal,2024-04-29,0.1,RobustImprovement2025,103.0,70.91009904298127,106.83521014015521,159.53236066477825,154.1289515738692,,1.0
bts,1,set_cal,2024-04-29,0.2,StructuralRobust,206.0,286.26360661577,162.79612771289865,242.3341890718454,228.38417034057662,0.0,1.0
bts,1,set_cal,2024-04-29,0.2,ExpectedActionValue,206.0,395.81846357474666,101.99211193101598,152.2095162111307,147.74462857068124,,1.0
bts,1,set_cal,2024-04-29,0.2,PointwiseWorstAction,206.0,396.69941304612803,114.34469740023076,170.98839441495284,167.0235067745034,,1.0
bts,1,set_cal,2024-04-29,0.2,ScenarioCVaR,206.0,396.69941304612803,114.34469740023076,170.98839441495284,167.0235067745034,,1.0
bts,1,set_cal,2024-04-29,0.2,RiskFirst,206.0,153.45108907911117,157.63389188872065,235.50264778783202,228.3912224484655,,1.0
bts,1,set_cal,2024-04-29,0.2,TemporalContext2024,206.0,151.0626916695595,149.89902288436912,224.11304481606413,218.59687348739277,,1.0
bts,1,set_cal,2024-04-29,0.2,NetworkPropagation2024,206.0,156.33823533416128,156.6078680885302,233.31458372620187,222.82294567675132,,1.0
bts,1,set_cal,2024-04-29,0.2,CalibratedUncertainty2025,206.0,151.03211878977615,158.52574020734062,236.80537627749223,229.43112102610212,,1.0
bts,1,set_cal,2024-04-29,0.2,MappedPTO2026,206.0,150.6108752854399,152.75670882846373,227.84965728835587,219.69661263080764,,1.0
bts,1,set_cal,2024-04-29,0.2,GroupAware2025,206.0,154.44233859281016,146.02120057395018,218.3963113504357,213.6301400217643,,1.0
bts,1,set_cal,2024-04-29,0.2,RobustImprovement2025,206.0,152.39572981052305,162.9324669005669,243.50324580539578,236.78733671448668,,1.0
bts,1,set_cal,2024-04-30,0.01,StructuralRobust,10.0,64.26267732667192,14.975000000000001,22.2875,20.975,0.0,1.0
bts,1,set_cal,2024-04-30,0.01,ExpectedActionValue,10.0,54.72727969454394,5.425581395348837,8.138372093023255,8.138372093023255,,1.0
bts,1,set_cal,2024-04-30,0.01,PointwiseWorstAction,10.0,54.747624861280215,1.05,1.575,1.575,,1.0
bts,1,set_cal,2024-04-30,0.01,ScenarioCVaR,10.0,54.747624861280215,1.05,1.575,1.575,,1.0
bts,1,set_cal,2024-04-30,0.01,RiskFirst,10.0,5.554514511566323,49.85299539170507,74.7294930875576,74.35449308755761,,1.0
bts,1,set_cal,2024-04-30,0.01,TemporalContext2024,10.0,5.675682613119713,49.852995391705065,74.7294930875576,74.3544930875576,,1.0
bts,1,set_cal,2024-04-30,0.01,NetworkPropagation2024,10.0,5.106435156961095,50.477995391705065,75.4794930875576,74.2294930875576,,1.0
bts,1,set_cal,2024-04-30,0.01,CalibratedUncertainty2025,10.0,6.68922829848968,35.17799539170507,52.5294930875576,51.2794930875576,,1.0
bts,1,set_cal,2024-04-30,0.01,MappedPTO2026,10.0,18.74455680471449,13.55,20.275000000000002,19.900000000000002,,1.0
bts,1,set_cal,2024-04-30,0.01,GroupAware2025,10.0,5.546665375423921,49.85299539170507,74.7294930875576,74.35449308755761,,1.0
bts,1,set_cal,2024-04-30,0.01,RobustImprovement2025,10.0,6.2020106804965955,30.900000000000002,45.9875,43.8,,1.0
bts,1,set_cal,2024-04-30,0.03,StructuralRobust,29.0,113.61148534520433,34.16595744680851,50.88643617021276,48.69893617021277,0.0,1.0
bts,1,set_cal,2024-04-30,0.03,ExpectedActionValue,29.0,104.07421848383099,9.107399577167019,13.661099365750527,13.661099365750527,,1.0
bts,1,set_cal,2024-04-30,0.03,PointwiseWorstAction,29.0,106.43186627027633,9.107399577167019,13.661099365750527,13.661099365750527,,1.0
bts,1,set_cal,2024-04-30,0.03,ScenarioCVaR,29.0,106.43186627027633,9.107399577167019,13.661099365750527,13.661099365750527,,1.0
bts,1,set_cal,2024-04-30,0.03,RiskFirst,29.0,27.89732747007332,53.90299539170507,80.4919930875576,78.3044930875576,,1.0
bts,1,set_cal,2024-04-30,0.03,TemporalContext2024,29.0,25.465049145962915,50.477995391705065,75.4794930875576,74.2294930875576,,1.0
bts,1,set_cal,2024-04-30,0.03,NetworkPropagation2024,29.0,26.08388367827342,54.668952838513576,81.74092925777036,80.30342925777035,,1.0
bts,1,set_cal,2024-04-30,0.03,CalibratedUncertainty2025,29.0,20.1486538470542,38.6587646224743,57.75064693371145,56.500646933711444,,1.0
bts,1,set_cal,2024-04-30,0.03,MappedPTO2026,29.0,27.89732747007332,53.90299539170507,80.4919930875576,78.3044930875576,,1.0
bts,1,set_cal,2024-04-30,0.03,GroupAware2025,29.0,29.103548788872605,54.202995391705066,81.1044930875576,79.60449308755761,,1.0
bts,1,set_cal,2024-04-30,0.03,RobustImprovement2025,29.0,29.552092770097047,34.16595744680851,50.88643617021276,48.69893617021277,,1.0
bts,1,set_cal,2024-04-30,0.05,StructuralRobust,49.0,155.79959188787808,71.02515959131455,103.40634403813462,91.71462892185554,0.0,1.0
bts,1,set_cal,2024-04-30,0.05,ExpectedActionValue,49.0,146.17347589259984,12.107399577167019,18.161099365750527,18.161099365750527,,1.0
bts,1,set_cal,2024-04-30,0.05,PointwiseWorstAction,49.0,146.06815593115022,11.557399577167018,17.336099365750528,17.336099365750528,,1.0
bts,1,set_cal,2024-04-30,0.05,ScenarioCVaR,49.0,146.06815593115022,11.557399577167018,17.336099365750528,17.336099365750528,,1.0
bts,1,set_cal,2024-04-30,0.05,RiskFirst,49.0,40.83650441009689,58.80711073325042,87.82316609987564,85.44816609987564,,1.0
bts,1,set_cal,2024-04-30,0.05,TemporalContext2024,49.0,41.04248622800283,55.4863287250384,82.8669930875576,80.67949308755763,,1.0
bts,1,set_cal,2024-04-30,0.05,NetworkPropagation2024,49.0,39.80834473423616,58.80711073325042,87.82316609987564,85.4481660998756,,1.0
bts,1,set_cal,2024-04-30,0.05,CalibratedUncertainty2025,49.0,29.51341381109519,59.55824782660867,88.86847639107579,85.8830112747967,,1.0
bts,1,set_cal,2024-04-30,0.05,MappedPTO2026,49.0,45.38575478925099,62.54115328644192,93.42422992966287,91.04922992966286,,1.0
bts,1,set_cal,2024-04-30,0.05,GroupAware2025,49.0,45.5525207673642,60.771922517211145,90.77038377581671,88.3953837758167,,1.0
bts,1,set_cal,2024-04-30,0.05,RobustImprovement2025,49.0,40.53907788617853,63.37625205704292,94.49548273672715,90.76001762044807,,1.0
bts,1,set_cal,2024-04-30,0.1,StructuralRobust,97.0,237.9277842653335,82.96590369294795,121.31746019058471,109.62574507430558,0.0,1.0
bts,1,set_cal,2024-04-30,0.1,ExpectedActionValue,97.0,222.04817231280583,18.577854122621567,27.741781183932346,26.80428118393234,,1.0
bts,1,set_cal,2024-04-30,0.1,PointwiseWorstAction,97.0,222.65897281583568,18.577854122621563,27.741781183932343,26.804281183932343,,1.0
bts,1,set_cal,2024-04-30,0.1,ScenarioCVaR,97.0,222.65897281583568,18.577854122621563,27.741781183932343,26.804281183932343,,1.0
bts,1,set_cal,2024-04-30,0.1,RiskFirst,97.0,76.87631055987308,75.6232827083839,112.84102871373864,108.91806359745956,,1.0
bts,1,set_cal,2024-04-30,0.1,TemporalContext2024,97.0,73.05733468853023,79.49936966490563,118.65515914852124,114.73219403224218,,1.0
bts,1,set_cal,2024-04-30,0.1,NetworkPropagation2024,97.0,71.5118987343514,72.33994937505057,107.91602871373863,103.99306359745952,,1.0
bts,1,set_cal,2024-04-30,0.1,CalibratedUncertainty2025,97.0,66.93598686190697,84.33994937505058,125.86602871373863,121.56806359745953,,1.0
bts,1,set_cal,2024-04-30,0.1,MappedPTO2026,97.0,84.87910192925084,82.44605825163775,122.97785596304561,118.32487035496324,,1.0
bts,1,set_cal,2024-04-30,0.1,GroupAware2025,97.0,80.07171782165325,73.9621715972728,110.34936204707196,106.42639693079289,,1.0
bts,1,set_cal,2024-04-30,0.1,RobustImprovement2025,97.0,75.25547187006882,77.23186113975648,114.94139636079746,108.67468124451834,,1.0
bts,1,set_cal,2024-04-30,0.2,StructuralRobust,194.0,262.83681511688565,123.50057643510382,181.94713323824476,168.96289763016233,0.0,1.0
bts,1,set_cal,2024-04-30,0.2,ExpectedActionValue,194.0,338.8231753575897,42.0577250670706,62.568474135124006,58.682623144009845,,1.0
bts,1,set_cal,2024-04-30,0.2,PointwiseWorstAction,194.0,339.32029623944584,38.51261228511571,57.50982751858264,55.56664570040081,,1.0
bts,1,set_cal,2024-04-30,0.2,ScenarioCVaR,194.0,339.32029623944584,38.51261228511571,57.50982751858264,55.56664570040081,,1.0
bts,1,set_cal,2024-04-30,0.2,RiskFirst,194.0,152.31896027800803,123.67928358860605,184.50343912498093,177.41854219052004,,1.0
bts,1,set_cal,2024-04-30,0.2,TemporalContext2024,194.0,155.27435597175642,120.4005764351038,179.52213323824472,171.9628976301624,,1.0
bts,1,set_cal,2024-04-30,0.2,NetworkPropagation2024,194.0,162.0034169295791,118.32701086133332,176.50912094316277,169.67990582688364,,1.0
bts,1,set_cal,2024-04-30,0.2,CalibratedUncertainty2025,194.0,165.6039898383093,133.1188735365531,196.23707889041867,182.22159328233624,,1.0
bts,1,set_cal,2024-04-30,0.2,MappedPTO2026,194.0,150.60384062643956,109.65196532399273,163.78671657157807,159.13373096349568,,1.0
bts,1,set_cal,2024-04-30,0.2,GroupAware2025,194.0,156.88395861953882,123.55057643510384,184.14713323824472,175.83789763016227,,1.0
bts,1,set_cal,2024-04-30,0.2,RobustImprovement2025,194.0,150.20846833279452,116.51161117152671,173.78602140845283,166.9568062921737,,1.0
bts,1,test,2024-05-01,0.01,StructuralRobust,9.0,62.30727840166005,5.743354430379748,8.34003164556962,6.277531645569619,0.0,1.0
bts,1,test,2024-05-01,0.01,ExpectedActionValue,9.0,69.41631647910124,12.105714285714285,18.108571428571427,17.733571428571423,,1.0
bts,1,test,2024-05-01,0.01,PointwiseWorstAction,9.0,69.44499366003359,12.105714285714285,18.108571428571427,17.733571428571423,,1.0
bts,1,test,2024-05-01,0.01,ScenarioCVaR,9.0,69.44499366003359,12.105714285714285,18.108571428571427,17.733571428571423,,1.0
bts,1,test,2024-05-01,0.01,RiskFirst,9.0,8.97778779105153,1.775,2.3874999999999997,1.375,,1.0
bts,1,test,2024-05-01,0.01,TemporalContext2024,9.0,8.953726656486081,5.3433544303797476,7.74003164556962,5.677531645569619,,1.0
bts,1,test,2024-05-01,0.01,NetworkPropagation2024,9.0,8.847369103384878,1.775,2.3874999999999997,1.375,,1.0
bts,1,test,2024-05-01,0.01,CalibratedUncertainty2025,9.0,9.335504202460479,0.4,0.6,0.6,,1.0
bts,1,test,2024-05-01,0.01,MappedPTO2026,9.0,9.173986156917314,1.1,1.7875,1.65,,1.0
bts,1,test,2024-05-01,0.01,GroupAware2025,9.0,8.97778779105153,1.775,2.3874999999999997,1.375,,1.0
bts,1,test,2024-05-01,0.01,RobustImprovement2025,9.0,7.70592589000077,5.3433544303797476,7.74003164556962,5.677531645569619,,1.0
bts,1,test,2024-05-01,0.03,StructuralRobust,28.0,116.95630703779781,9.581512325116591,13.669636908727515,8.399900066622248,0.0,1.0
bts,1,test,2024-05-01,0.03,ExpectedActionValue,28.0,129.4757220983863,13.730714285714285,20.504404761904762,19.81690476190476,,1.0
bts,1,test,2024-05-01,0.03,PointwiseWorstAction,28.0,131.05785766500392,19.305714285714288,28.79190476190476,27.541904761904753,,1.0
bts,1,test,2024-05-01,0.03,ScenarioCVaR,28.0,131.05785766500392,19.305714285714288,28.79190476190476,27.541904761904753,,1.0
bts,1,test,2024-05-01,0.03,RiskFirst,28.0,22.62841516211632,9.096295606850335,13.369443410275501,11.306943410275503,,1.0
bts,1,test,2024-05-01,0.03,TemporalContext2024,28.0,25.043662559634228,6.50651232511659,9.332136908727515,6.124900066622249,,1.0
bts,1,test,2024-05-01,0.03,NetworkPropagation2024,28.0,24.1084689526547,6.5911805173362685,9.442205558613098,6.107966428178316,,1.0
bts,1,test,2024-05-01,0.03,CalibratedUncertainty2025,28.0,23.604294963922786,5.697826086956522,7.827173913043478,3.5978260869565224,,1.0
bts,1,test,2024-05-01,0.03,MappedPTO2026,28.0,24.481785045311785,5.743354430379748,8.34003164556962,6.277531645569619,,1.0
bts,1,test,2024-05-01,0.03,GroupAware2025,28.0,22.0473695380895,5.743354430379747,8.34003164556962,6.27753164556962,,1.0
bts,1,test,2024-05-01,0.03,RobustImprovement2025,28.0,24.910096038847353,9.581512325116591,13.669636908727515,8.399900066622248,,1.0
bts,1,test,2024-05-01,0.05,StructuralRobust,46.0,147.7667103464313,18.976410696364404,27.431549682990536,19.68355197132005,0.0,1.0
bts,1,test,2024-05-01,0.05,ExpectedActionValue,46.0,171.63750354326504,23.655714285714286,35.21690476190476,33.21690476190476,,1.0
bts,1,test,2024-05-01,0.05,PointwiseWorstAction,46.0,172.3272123702647,24.95571428571429,37.21690476190476,35.59190476190474,,1.0
bts,1,test,2024-05-01,0.05,ScenarioCVaR,46.0,172.3272123702647,24.95571428571429,37.21690476190476,35.59190476190474,,1.0
bts,1,test,2024-05-01,0.05,RiskFirst,46.0,35.79105620578686,26.91750357082951,39.67905855990559,34.45008258736555,,1.0
bts,1,test,2024-05-01,0.05,TemporalContext2024,46.0,36.02013143625615,18.911344150539655,27.789384646862118,23.457147804756858,,1.0
bts,1,test,2024-05-01,0.05,NetworkPropagation2024,46.0,36.02987178371159,28.820105910010795,42.42685095756641,36.402041651693025,,1.0
bts,1,test,2024-05-01,0.05,CalibratedUncertainty2025,46.0,38.199642538718656,20.476560634295332,29.842644155104328,23.301168182564275,,1.0
bts,1,test,2024-05-01,0.05,MappedPTO2026,46.0,37.9250755263172,31.50210235403948,46.744410841000736,42.928840665562134,,1.0
bts,1,test,2024-05-01,0.05,GroupAware2025,46.0,35.39883887691742,30.423385923770685,44.937882089317355,39.708906116777314,,1.0
bts,1,test,2024-05-01,0.05,RobustImprovement2025,46.0,37.7261631095788,15.282279588543702,22.051222586476875,15.509746613936827,,1.0
bts,1,test,2024-05-01,0.1,StructuralRobust,92.0,216.34220053881197,50.36778157914387,74.01860600715976,62.5206082954893,0.0,1.0
bts,1,test,2024-05-01,0.1,ExpectedActionValue,92.0,250.39138162987032,45.33935664633281,67.51736830283255,63.82986830283256,,1.0
bts,1,test,2024-05-01,0.1,PointwiseWorstAction,92.0,251.03182711732302,44.83935664633282,66.86736830283255,63.929868302832546,,1.0
bts,1,test,2024-05-01,0.1,ScenarioCVaR,92.0,251.03182711732302,44.83935664633282,66.86736830283255,63.929868302832546,,1.0
bts,1,test,2024-05-01,0.1,RiskFirst,92.0,77.5280018710354,45.27578155843905,67.0414755413199,60.499999568779856,,1.0
bts,1,test,2024-05-01,0.1,TemporalContext2024,92.0,76.57422081180825,38.957063609721104,57.56339861824297,51.02192264570293,,1.0
bts,1,test,2024-05-01,0.1,NetworkPropagation2024,92.0,75.28313941016486,48.08539694305443,70.64978750713186,59.56247820125849,,1.0
bts,1,test,2024-05-01,0.1,CalibratedUncertainty2025,92.0,79.74683071375571,36.15463469002202,52.798885673476974,42.05088796180648,,1.0
bts,1,test,2024-05-01,0.1,MappedPTO2026,92.0,68.90596410791575,49.982266573311406,74.20378760469124,68.43169569012223,,1.0
bts,1,test,2024-05-01,0.1,GroupAware2025,92.0,79.73417596448195,41.78539694305443,61.730898618242975,54.62692264570294,,1.0
bts,1,test,2024-05-01,0.1,RobustImprovement2025,92.0,65.21705860633486,39.33699136594756,58.03329025258267,50.74181428004261,,1.0
bts,1,test,2024-05-01,0.2,StructuralRobust,184.0,239.57588763071277,96.40755120256559,140.55319413136175,111.64165560945123,0.0,1.0
bts,1,test,2024-05-01,0.2,ExpectedActionValue,184.0,369.4734917888169,68.29408591320744,100.84940358886685,88.91146398178462,,1.0
bts,1,test,2024-05-01,0.2,PointwiseWorstAction,184.0,369.1643499121461,68.89408591320745,101.74940358886684,89.81146398178458,,1.0
bts,1,test,2024-05-01,0.2,ScenarioCVaR,184.0,369.1643499121461,68.89408591320745,101.74940358886684,89.81146398178458,,1.0
bts,1,test,2024-05-01,0.2,RiskFirst,184.0,136.8326241835576,86.9223755151292,128.69525536524404,116.03294605937069,,1.0
bts,1,test,2024-05-01,0.2,TemporalContext2024,184.0,138.60263857597496,77.67602897980599,114.74597710815293,101.48547939648246,,1.0
bts,1,test,2024-05-01,0.2,NetworkPropagation2024,184.0,139.20419929294587,87.20524907834759,129.22956571007163,117.39225640419825,,1.0
bts,1,test,2024-05-01,0.2,CalibratedUncertainty2025,184.0,146.71357775348451,82.97502215688833,122.68272774334164,109.3341865534103,,1.0
bts,1,test,2024-05-01,0.2,MappedPTO2026,184.0,138.17764194705816,81.40125757593032,120.44727410861958,108.03768219405052,,1.0
bts,1,test,2024-05-01,0.2,GroupAware2025,184.0,130.9584320021066,86.1014620913053,127.18757620660028,112.45294922891766,,1.0
bts,1,test,2024-05-01,0.2,RobustImprovement2025,184.0,126.99665190292745,49.360235513104755,73.06815647331845,65.77668050077838,,1.0
bts,1,test,2024-05-02,0.01,StructuralRobust,10.0,67.46097340613643,10.302926421404683,15.296780936454851,14.114715719063545,0.0,1.0
bts,1,test,2024-05-02,0.01,ExpectedActionValue,10.0,71.15409736408017,2.25,3.375,3.375,,1.0
bts,1,test,2024-05-02,0.01,PointwiseWorstAction,10.0,71.11726239957927,0.0,0.0,0.0,,1.0
bts,1,test,2024-05-02,0.01,ScenarioCVaR,10.0,71.11726239957927,0.0,0.0,0.0,,1.0
bts,1,test,2024-05-02,0.01,RiskFirst,10.0,6.1811244743981435,19.227813299232736,28.59363506272074,26.732998416758008,,1.0
bts,1,test,2024-05-02,0.01,TemporalContext2024,10.0,6.1811244743981435,19.227813299232736,28.59363506272074,26.732998416758008,,1.0
bts,1,test,2024-05-02,0.01,NetworkPropagation2024,10.0,5.463633174545901,19.227813299232736,28.59363506272074,26.732998416758008,,1.0
bts,1,test,2024-05-02,0.01,CalibratedUncertainty2025,10.0,5.559390710226886,8.977450980392156,13.466176470588234,13.466176470588238,,1.0
bts,1,test,2024-05-02,0.01,MappedPTO2026,10.0,5.181237048116952,15.619013765433202,23.223184679770355,21.68316491692451,,1.0
bts,1,test,2024-05-02,0.01,GroupAware2025,10.0,6.041051357363573,21.552813299232735,32.05613506272074,30.00799841675801,,1.0
bts,1,test,2024-05-02,0.01,RobustImprovement2025,10.0,4.930178825125182,10.302926421404681,15.296780936454851,14.114715719063547,,1.0
bts,1,test,2024-05-02,0.03,StructuralRobust,29.0,139.48195163211713,34.02032173123431,50.64648501231041,47.76650312825243,0.0,1.0
bts,1,test,2024-05-02,0.03,ExpectedActionValue,29.0,122.03075338118056,9.370641762452108,13.779573754789272,11.706657088122606,,1.0
bts,1,test,2024-05-02,0.03,PointwiseWorstAction,29.0,122.03075338118057,9.370641762452108,13.779573754789272,11.706657088122606,,1.0
bts,1,test,2024-05-02,0.03,ScenarioCVaR,29.0,122.03075338118057,9.370641762452108,13.779573754789272,11.706657088122606,,1.0
bts,1,test,2024-05-02,0.03,RiskFirst,29.0,14.909139877669778,38.45972805114749,57.368779917865595,54.962688726448306,,1.0
bts,1,test,2024-05-02,0.03,TemporalContext2024,29.0,16.76163328222855,39.80972805114749,59.393779917865594,56.98768872644831,,1.0
bts,1,test,2024-05-02,0.03,NetworkPropagation2024,29.0,14.706633454440322,42.819121990541426,63.907870826956504,61.50177963553923,,1.0
bts,1,test,2024-05-02,0.03,CalibratedUncertainty2025,29.0,18.990510807315154,46.25389817362431,69.04394349544685,66.51716525802473,,1.0
bts,1,test,2024-05-02,0.03,MappedPTO2026,29.0,14.96330596390651,43.18245532387476,64.4528708269565,62.04677963553924,,1.0
bts,1,test,2024-05-02,0.03,GroupAware2025,29.0,13.981576169898634,43.032455323874764,64.2278708269565,61.82177963553922,,1.0
bts,1,test,2024-05-02,0.03,RobustImprovement2025,29.0,17.238930251380022,34.02032173123431,50.64648501231041,47.76650312825243,,1.0
bts,1,test,2024-05-02,0.05,StructuralRobust,49.0,162.64511343852683,68.62636186767409,101.94331900220148,94.47164050737908,0.0,1.0
bts,1,test,2024-05-02,0.05,ExpectedActionValue,49.0,161.33011575058111,23.35660976997975,34.525192432747396,30.702275766080728,,1.0
bts,1,test,2024-05-02,0.05,PointwiseWorstAction,49.0,161.4166388855616,25.177524353545227,37.25656430809562,33.43364764142895,,1.0
bts,1,test,2024-05-02,0.05,ScenarioCVaR,49.0,161.4166388855616,25.177524353545227,37.25656430809562,33.43364764142895,,1.0
bts,1,test,2024-05-02,0.05,RiskFirst,49.0,31.87024912456776,89.3391016228403,133.60034027540482,130.5379990839875,,1.0
bts,1,test,2024-05-02,0.05,TemporalContext2024,49.0,30.70283253383988,108.92851076442336,162.98445398777937,159.922112796362,,1.0
bts,1,test,2024-05-02,0.05,NetworkPropagation2024,49.0,27.588699122899957,73.93726517100383,110.54758559765011,107.86024440623284,,1.0
bts,1,test,2024-05-02,0.05,CalibratedUncertainty2025,49.0,31.382206836477383,72.96683058473995,108.82147703275524,104.105710700095,,1.0
bts,1,test,2024-05-02,0.05,MappedPTO2026,49.0,24.928307916472537,56.14101076442334,83.76570398777939,80.42211279636213,,1.0
bts,1,test,2024-05-02,0.05,GroupAware2025,49.0,32.98061125298385,84.55715717839585,126.27603471984925,122.0782768617653,,1.0
bts,1,test,2024-05-02,0.05,RobustImprovement2025,49.0,31.56497540102587,59.30570841662101,88.05640662223202,81.2902366019859,,1.0
bts,1,test,2024-05-02,0.1,StructuralRobust,98.0,244.40045192481813,153.89350731883795,229.5315371789472,219.71610868412475,0.0,1.0
bts,1,test,2024-05-02,0.1,ExpectedActionValue,98.0,241.3783240449393,80.88540131095473,120.14019945134837,111.23093058822047,,1.0
bts,1,test,2024-05-02,0.1,PointwiseWorstAction,98.0,241.5928101099989,81.04473464428807,120.57919945134836,113.16993058822044,,1.0
bts,1,test,2024-05-02,0.1,ScenarioCVaR,98.0,241.5928101099989,81.04473464428807,120.57919945134836,113.16993058822044,,1.0
bts,1,test,2024-05-02,0.1,RiskFirst,98.0,65.97616035746863,169.29390516710228,253.13708890629874,247.10882257363855,,1.0
bts,1,test,2024-05-02,0.1,TemporalContext2024,98.0,66.70660058495825,171.9939051671023,257.1370889062987,250.73382257363835,,1.0
bts,1,test,2024-05-02,0.1,NetworkPropagation2024,98.0,67.04035034769468,163.31876727410724,243.79938206680617,234.95861573414595,,1.0
bts,1,test,2024-05-02,0.1,CalibratedUncertainty2025,98.0,62.362397354726724,133.5558597906995,199.07506588673954,189.6346373919171,,1.0
bts,1,test,2024-05-02,0.1,MappedPTO2026,98.0,54.505099474934525,121.586596075008,181.39111285545403,173.9752534275192,,1.0
bts,1,test,2024-05-02,0.1,GroupAware2025,98.0,69.20773412336415,154.52883220917218,230.9894794694036,224.96121313674334,,1.0
bts,1,test,2024-05-02,0.1,RobustImprovement2025,98.0,66.0059043632512,137.8863347193745,205.5707782797521,196.13034978492968,,1.0
bts,1,test,2024-05-02,0.2,StructuralRobust,195.0,254.4944515852507,266.1528684131513,397.32487265158613,383.04164789053016,0.0,1.0
bts,1,test,2024-05-02,0.2,ExpectedActionValue,195.0,360.560156864179,176.38369707293322,263.0654559453809,251.7397834652392,,1.0
bts,1,test,2024-05-02,0.2,PointwiseWorstAction,195.0,360.84271525000884,188.55859841528832,281.3278079589136,270.00213547877195,,1.0
bts,1,test,2024-05-02,0.2,ScenarioCVaR,195.0,360.84271525000884,188.55859841528832,281.3278079589136,270.00213547877195,,1.0
bts,1,test,2024-05-02,0.2,RiskFirst,195.0,122.2504154431161,237.2408715522204,353.9012153623039,339.20052561710406,,1.0
bts,1,test,2024-05-02,0.2,TemporalContext2024,195.0,122.43047808217595,263.8235000969483,393.89681172270275,380.1085235523058,,1.0
bts,1,test,2024-05-02,0.2,NetworkPropagation2024,195.0,127.30737930341961,233.3005635474117,348.1195412338788,334.38476057958803,,1.0
bts,1,test,2024-05-02,0.2,CalibratedUncertainty2025,195.0,126.04853906513478,281.3364537245683,420.3544540452565,407.97775498328656,,1.0
bts,1,test,2024-05-02,0.2,MappedPTO2026,195.0,128.25669827559364,283.8938095324519,423.71456762341916,407.76846755897907,,1.0
bts,1,test,2024-05-02,0.2,GroupAware2025,195.0,125.22988453483794,257.61886524564335,384.8205214436314,372.76219825737843,,1.0
bts,1,test,2024-05-02,0.2,RobustImprovement2025,195.0,145.9517809880286,187.0102003329276,278.93700595832354,267.09979690031435,,1.0
bts,1,test,2024-05-03,0.01,StructuralRobust,10.0,47.79069361838515,22.57602317157535,33.60576627487275,31.6687526561957,0.0,1.0
bts,1,test,2024-05-03,0.01,ExpectedActionValue,10.0,62.71211147130906,1.1115384615384616,1.6673076923076922,1.6673076923076922,,1.0
bts,1,test,2024-05-03,0.01,PointwiseWorstAction,10.0,62.934173792529606,2.5058823529411764,3.7588235294117647,3.7588235294117647,,1.0
bts,1,test,2024-05-03,0.01,ScenarioCVaR,10.0,62.934173792529606,2.5058823529411764,3.7588235294117647,3.7588235294117647,,1.0
bts,1,test,2024-05-03,0.01,RiskFirst,10.0,4.0915259231311225,1.75,2.625,2.625,,1.0
bts,1,test,2024-05-03,0.01,TemporalContext2024,10.0,3.8718958320971746,1.75,2.625,2.625,,1.0
bts,1,test,2024-05-03,0.01,NetworkPropagation2024,10.0,3.9215034986703086,1.75,2.625,2.625,,1.0
bts,1,test,2024-05-03,0.01,CalibratedUncertainty2025,10.0,3.1283007175693682,7.003021756647865,10.504532634971795,10.504532634971795,,1.0
bts,1,test,2024-05-03,0.01,MappedPTO2026,10.0,4.601350623407885,6.3679950186799505,9.551992528019927,9.551992528019925,,1.0
bts,1,test,2024-05-03,0.01,GroupAware2025,10.0,3.5457013068865137,4.409090909090909,6.613636363636364,6.613636363636364,,1.0
bts,1,test,2024-05-03,0.01,RobustImprovement2025,10.0,3.698268271844034,6.3679950186799505,9.551992528019927,9.551992528019925,,1.0
bts,1,test,2024-05-03,0.03,StructuralRobust,30.0,96.26124862130351,19.580222901959246,29.12033435293887,28.62033435293887,0.0,1.0
bts,1,test,2024-05-03,0.03,ExpectedActionValue,30.0,115.05547835586346,9.922945107100706,14.884417660651058,14.884417660651057,,1.0
bts,1,test,2024-05-03,0.03,PointwiseWorstAction,30.0,115.19148140136708,12.672945107100706,19.00941766065106,19.009417660651057,,1.0
bts,1,test,2024-05-03,0.03,ScenarioCVaR,30.0,115.19148140136708,12.672945107100706,19.00941766065106,19.009417660651057,,1.0
bts,1,test,2024-05-03,0.03,RiskFirst,30.0,16.149010636380087,14.310642077503479,21.438021939784633,21.22846311625522,,1.0
bts,1,test,2024-05-03,0.03,TemporalContext2024,30.0,15.600413452618534,13.662112665738773,20.49316899860816,20.493168998608155,,1.0
bts,1,test,2024-05-03,0.03,NetworkPropagation2024,30.0,18.32003298784077,14.787112665738773,22.05566899860816,21.118168998608155,,1.0
bts,1,test,2024-05-03,0.03,CalibratedUncertainty2025,30.0,14.31745382206491,17.43564207750348,26.00052193978463,24.853463116255213,,1.0
bts,1,test,2024-05-03,0.03,MappedPTO2026,30.0,16.935097391198973,15.612112665738774,23.41816899860816,23.418168998608156,,1.0
bts,1,test,2024-05-03,0.03,GroupAware2025,30.0,16.36193583582633,15.6654807871809,23.47028000430076,23.260721180771352,,1.0
bts,1,test,2024-05-03,0.03,RobustImprovement2025,30.0,12.436434395744707,19.580222901959246,29.12033435293887,28.62033435293887,,1.0
bts,1,test,2024-05-03,0.05,StructuralRobust,50.0,138.14448008841953,64.89625788532369,96.57666952659761,92.19378976618829,0.0,1.0
bts,1,test,2024-05-03,0.05,ExpectedActionValue,50.0,156.81555744642694,29.421858150578966,44.00778722586845,43.07028722586844,,1.0
bts,1,test,2024-05-03,0.05,PointwiseWorstAction,50.0,157.60534640689292,30.247945107100705,45.24691766065105,44.30941766065105,,1.0
bts,1,test,2024-05-03,0.05,ScenarioCVaR,50.0,157.60534640689292,30.247945107100705,45.24691766065105,44.30941766065105,,1.0
bts,1,test,2024-05-03,0.05,RiskFirst,50.0,25.65634931946136,18.415480787180897,27.345280004300758,25.260721180771355,,1.0
bts,1,test,2024-05-03,0.05,TemporalContext2024,50.0,24.34628557854348,22.628798544190246,33.79025663981478,32.643197816285365,,1.0
bts,1,test,2024-05-03,0.05,NetworkPropagation2024,50.0,27.23208825402135,18.6654807871809,27.670280004300757,25.21072118077134,,1.0
bts,1,test,2024-05-03,0.05,CalibratedUncertainty2025,50.0,24.459024960868646,24.83564207750348,36.80052193978463,34.77846311625522,,1.0
bts,1,test,2024-05-03,0.05,MappedPTO2026,50.0,27.6438359644405,15.862112665738774,23.743168998608162,23.36816899860816,,1.0
bts,1,test,2024-05-03,0.05,GroupAware2025,50.0,25.50129470669358,18.795582827997226,27.990433065525252,26.468374241995843,,1.0
bts,1,test,2024-05-03,0.05,RobustImprovement2025,50.0,28.34502323034489,44.667662819560526,66.34028457037994,62.75621212817348,,1.0
bts,1,test,2024-05-03,0.1,StructuralRobust,100.0,217.2758849766321,96.01977301138344,142.88917345300973,135.7105279725193,0.0,1.0
bts,1,test,2024-05-03,0.1,ExpectedActionValue,100.0,240.5014171443385,43.08227831864619,64.30261915864155,61.89663176368357,,1.0
bts,1,test,2024-05-03,0.1,PointwiseWorstAction,100.0,240.5896816409366,110.7238787979341,165.76501987757342,163.35903248261542,,1.0
bts,1,test,2024-05-03,0.1,ScenarioCVaR,100.0,240.5896816409366,110.7238787979341,165.76501987757342,163.35903248261542,,1.0
bts,1,test,2024-05-03,0.1,RiskFirst,100.0,57.15912378468294,92.90779942514423,138.64930914234813,134.68138417708644,,1.0
bts,1,test,2024-05-03,0.1,TemporalContext2024,100.0,56.37751527489829,92.39742564389458,137.70992880688104,132.43835636467458,,1.0
bts,1,test,2024-05-03,0.1,NetworkPropagation2024,100.0,55.2246299645853,102.7880726788969,153.21145054048682,147.3065119565481,,1.0
bts,1,test,2024-05-03,0.1,CalibratedUncertainty2025,100.0,56.39319408172825,114.0285146410373,170.07211348369748,164.16717489975872,,1.0
bts,1,test,2024-05-03,0.1,MappedPTO2026,100.0,65.23202008980878,58.07209050622129,86.74868694043431,84.05282079870202,,1.0
bts,1,test,2024-05-03,0.1,GroupAware2025,100.0,57.36653441696239,87.04325366995887,129.8524905095701,125.88456554430842,,1.0
bts,1,test,2024-05-03,0.1,RobustImprovement2025,100.0,57.0299516506035,97.04489747166282,144.57168772963573,138.47924914569694,,1.0
bts,1,test,2024-05-03,0.2,StructuralRobust,201.0,249.4968931499226,276.0039569506143,411.062501555448,390.361747526898,0.0,1.0
bts,1,test,2024-05-03,0.2,ExpectedActionValue,201.0,365.93571062701847,184.94351349073364,276.91947191677275,273.2009845218147,,1.0
bts,1,test,2024-05-03,0.2,PointwiseWorstAction,201.0,366.0139289818805,182.2935134907336,272.9444719167727,269.2259845218148,,1.0
bts,1,test,2024-05-03,0.2,ScenarioCVaR,201.0,366.0139289818805,182.2935134907336,272.9444719167727,269.2259845218148,,1.0
bts,1,test,2024-05-03,0.2,RiskFirst,201.0,131.5053154552409,164.68077361845812,245.65883528316203,236.81639669922325,,1.0
bts,1,test,2024-05-03,0.2,TemporalContext2024,201.0,123.92436658426529,157.4307736184581,234.73383528316202,225.51639669922332,,1.0
bts,1,test,2024-05-03,0.2,NetworkPropagation2024,201.0,123.61298050925,229.8891618507776,343.58808429830793,335.62064571436923,,1.0
bts,1,test,2024-05-03,0.2,CalibratedUncertainty2025,201.0,132.5031438490001,245.9636110643755,367.69975811870484,359.732319534766,,1.0
bts,1,test,2024-05-03,0.2,MappedPTO2026,201.0,132.5287794112395,203.64723176456167,304.175189168984,294.45775058504523,,1.0
bts,1,test,2024-05-03,0.2,GroupAware2025,201.0,122.45205328026412,173.65071761100012,258.8804179386417,248.28797935470288,,1.0
bts,1,test,2024-05-03,0.2,RobustImprovement2025,201.0,126.64668622627467,200.1316828246758,298.91479679363795,290.66934096831983,,1.0
bts,1,test,2024-05-04,0.01,StructuralRobust,8.0,55.54947392103116,3.0500000000000003,4.575,4.574999999999999,0.0,1.0
bts,1,test,2024-05-04,0.01,ExpectedActionValue,8.0,61.36387501951649,15.239117276166457,22.858675914249684,22.858675914249684,,1.0
bts,1,test,2024-05-04,0.01,PointwiseWorstAction,8.0,61.36387501951649,15.239117276166457,22.858675914249684,22.858675914249684,,1.0
bts,1,test,2024-05-04,0.01,ScenarioCVaR,8.0,61.36387501951649,15.239117276166457,22.858675914249684,22.858675914249684,,1.0
bts,1,test,2024-05-04,0.01,RiskFirst,8.0,6.145250708729785,5.452,8.12,7.684999999999999,,1.0
bts,1,test,2024-05-04,0.01,TemporalContext2024,8.0,6.145250708729784,5.452,8.12,7.684999999999999,,1.0
bts,1,test,2024-05-04,0.01,NetworkPropagation2024,8.0,6.145250708729785,5.452,8.12,7.684999999999999,,1.0
bts,1,test,2024-05-04,0.01,CalibratedUncertainty2025,8.0,5.11456971088075,5.452,8.12,7.684999999999999,,1.0
bts,1,test,2024-05-04,0.01,MappedPTO2026,8.0,5.97874776733162,8.803666666666667,13.122499999999999,12.499999999999998,,1.0
bts,1,test,2024-05-04,0.01,GroupAware2025,8.0,5.600731023589262,1.4500000000000002,2.1750000000000003,2.1750000000000003,,1.0
bts,1,test,2024-05-04,0.01,RobustImprovement2025,8.0,5.912216118902482,4.313888888888889,5.865972222222222,4.322222222222222,,1.0
bts,1,test,2024-05-04,0.03,StructuralRobust,25.0,112.15572399621064,16.77311111111111,24.471805555555555,22.305555555555554,0.0,1.0
bts,1,test,2024-05-04,0.03,ExpectedActionValue,25.0,110.63015996629801,27.388514866527903,40.93277229979185,39.807772299791864,,1.0
bts,1,test,2024-05-04,0.03,PointwiseWorstAction,25.0,110.3957862572101,27.388514866527903,40.93277229979185,39.807772299791864,,1.0
bts,1,test,2024-05-04,0.03,ScenarioCVaR,25.0,110.3957862572101,27.388514866527903,40.93277229979185,39.807772299791864,,1.0
bts,1,test,2024-05-04,0.03,RiskFirst,25.0,14.654425334978683,23.32311111111111,34.29680555555555,32.13055555555555,,1.0
bts,1,test,2024-05-04,0.03,TemporalContext2024,25.0,14.05853000177051,21.14781699346405,31.033864379084967,28.867614379084973,,1.0
bts,1,test,2024-05-04,0.03,NetworkPropagation2024,25.0,13.758344833976807,23.323111111111114,34.29680555555555,32.130555555555546,,1.0
bts,1,test,2024-05-04,0.03,CalibratedUncertainty2025,25.0,12.134182481331118,21.934222222222225,32.843333333333334,32.408333333333324,,1.0
bts,1,test,2024-05-04,0.03,MappedPTO2026,25.0,13.892180812756063,22.059222222222225,33.00583333333333,32.38333333333333,,1.0
bts,1,test,2024-05-04,0.03,GroupAware2025,25.0,14.572846946492554,19.32111111111111,28.351805555555554,26.62055555555555,,1.0
bts,1,test,2024-05-04,0.03,RobustImprovement2025,25.0,14.845120719665212,16.77311111111111,24.471805555555555,22.305555555555554,,1.0
bts,1,test,2024-05-04,0.05,StructuralRobust,41.0,150.79355336046805,34.79075816993464,51.398276143790845,48.48202614379084,0.0,1.0
bts,1,test,2024-05-04,0.05,ExpectedActionValue,41.0,146.26741857374282,31.97065772367076,47.80598658550614,46.68098658550614,,1.0
bts,1,test,2024-05-04,0.05,PointwiseWorstAction,41.0,146.21675883852578,31.72065772367076,47.43098658550614,46.30598658550614,,1.0
bts,1,test,2024-05-04,0.05,ScenarioCVaR,41.0,146.21675883852578,31.72065772367076,47.43098658550614,46.30598658550614,,1.0
bts,1,test,2024-05-04,0.05,RiskFirst,41.0,31.152842796965256,40.140464052287584,59.49783496732026,57.144084967320254,,1.0
bts,1,test,2024-05-04,0.05,TemporalContext2024,41.0,23.766170685712858,37.56546405228758,55.66033496732027,53.49408496732026,,1.0
bts,1,test,2024-05-04,0.05,NetworkPropagation2024,41.0,23.85576056832115,24.090758169934645,35.44827614379085,33.282026143790844,,1.0
bts,1,test,2024-05-04,0.05,CalibratedUncertainty2025,41.0,28.816805863813716,22.826869281045756,34.15730392156863,33.534803921568624,,1.0
bts,1,test,2024-05-04,0.05,MappedPTO2026,41.0,25.14091020166882,28.691510279510283,42.349404308154305,40.183154308154315,,1.0
bts,1,test,2024-05-04,0.05,GroupAware2025,41.0,23.609832519049917,27.038464052287583,39.90283496732026,37.98408496732026,,1.0
bts,1,test,2024-05-04,0.05,RobustImprovement2025,41.0,31.83209953477466,24.09075816993464,35.44827614379085,33.282026143790844,,1.0
bts,1,test,2024-05-04,0.1,StructuralRobust,83.0,224.2313988900759,67.42208029529786,99.43275933183568,93.81650933183568,0.0,1.0
bts,1,test,2024-05-04,0.1,ExpectedActionValue,83.0,219.40252226289797,59.35336139175703,88.63004208763556,85.63004208763556,,1.0
bts,1,test,2024-05-04,0.1,PointwiseWorstAction,83.0,220.19352125680058,47.54479565470524,70.91719348205787,67.91719348205787,,1.0
bts,1,test,2024-05-04,0.1,ScenarioCVaR,83.0,220.19352125680058,47.54479565470524,70.91719348205787,67.91719348205787,,1.0
bts,1,test,2024-05-04,0.1,RiskFirst,83.0,55.24296989938188,70.03925193107547,103.50851678550208,99.01726678550209,,1.0
bts,1,test,2024-05-04,0.1,TemporalContext2024,83.0,57.81321975529871,61.389251931075464,91.27101678550207,88.1672667855021,,1.0
bts,1,test,2024-05-04,0.1,NetworkPropagation2024,83.0,56.086298172581316,63.25807650023146,94.12425363923606,91.39550363923607,,1.0
bts,1,test,2024-05-04,0.1,CalibratedUncertainty2025,83.0,60.032445564793,77.59678617765078,115.53231815536509,112.05356815536513,,1.0
bts,1,test,2024-05-04,0.1,MappedPTO2026,83.0,52.114434510528305,51.461108325257555,76.18669611361733,71.64215663993313,,1.0
bts,1,test,2024-05-04,0.1,GroupAware2025,83.0,50.17582995091413,62.291797385620924,91.94533496732026,87.88908496732026,,1.0
bts,1,test,2024-05-04,0.1,RobustImprovement2025,83.0,58.873639972761886,65.09678617765081,96.09481815536509,91.60356815536508,,1.0
bts,1,test,2024-05-04,0.2,StructuralRobust,166.0,265.0253985106088,100.08214699348348,147.72601727385094,136.8834514843773,0.0,1.0
bts,1,test,2024-05-04,0.2,ExpectedActionValue,166.0,330.17769096564933,100.37488035111946,149.85650558610195,144.5628935317726,,1.0
bts,1,test,2024-05-04,0.2,PointwiseWorstAction,166.0,329.92446604331633,102.36183687285859,152.78694036871065,147.11832831438127,,1.0
bts,1,test,2024-05-04,0.2,ScenarioCVaR,166.0,329.92446604331633,102.36183687285859,152.78694036871065,147.11832831438127,,1.0
bts,1,test,2024-05-04,0.2,RiskFirst,166.0,121.38542945097626,113.3549825252409,168.33211267675028,162.71586267675028,,1.0
bts,1,test,2024-05-04,0.2,TemporalContext2024,166.0,118.40003697106185,110.5549825252409,164.13211267675024,158.51586267675026,,1.0
bts,1,test,2024-05-04,0.2,NetworkPropagation2024,166.0,120.26661244927236,125.22517770999374,185.9203001907216,178.67576071703743,,1.0
bts,1,test,2024-05-04,0.2,CalibratedUncertainty2025,166.0,122.14380211577937,135.6363548545879,201.21732906550758,191.5747632760339,,1.0
bts,1,test,2024-05-04,0.2,MappedPTO2026,166.0,122.13467865420081,106.35738396261509,157.54360956965365,149.7365700959695,,1.0
bts,1,test,2024-05-04,0.2,GroupAware2025,166.0,112.01032941750186,101.74107650023142,150.78353935352177,144.20943221066472,,1.0
bts,1,test,2024-05-04,0.2,RobustImprovement2025,166.0,136.2186771300998,101.18481927526692,150.22686780178924,145.7356178017892,,1.0
bts,1,test,2024-05-05,0.01,StructuralRobust,10.0,52.72630583885017,9.181021341463415,13.746532012195122,13.559032012195123,0.0,1.0
bts,1,test,2024-05-05,0.01,ExpectedActionValue,10.0,65.60612194896945,5.511363636363636,7.117045454545455,3.8045454545454556,,1.0
bts,1,test,2024-05-05,0.01,PointwiseWorstAction,10.0,65.60612194896943,5.511363636363636,7.117045454545455,3.8045454545454556,,1.0
bts,1,test,2024-05-05,0.01,ScenarioCVaR,10.0,65.60612194896943,5.511363636363636,7.117045454545455,3.8045454545454556,,1.0
bts,1,test,2024-05-05,0.01,RiskFirst,10.0,9.261080516477273,4.525,6.7125,6.15,,1.0
bts,1,test,2024-05-05,0.01,TemporalContext2024,10.0,9.031136132012612,5.425000000000001,8.0625,7.5,,1.0
bts,1,test,2024-05-05,0.01,NetworkPropagation2024,10.0,9.872638740625021,3.9107142857142856,5.791071428571428,5.228571428571427,,1.0
bts,1,test,2024-05-05,0.01,CalibratedUncertainty2025,10.0,8.207300291322316,2.1,3.15,3.15,,1.0
bts,1,test,2024-05-05,0.01,MappedPTO2026,10.0,9.935157273830159,9.909146341463416,14.838719512195123,14.65121951219512,,1.0
bts,1,test,2024-05-05,0.01,GroupAware2025,10.0,10.071325173467008,7.310714285714286,10.89107142857143,10.328571428571426,,1.0
bts,1,test,2024-05-05,0.01,RobustImprovement2025,10.0,8.466910888610508,11.841735627177698,17.762603440766547,17.76260344076655,,1.0
bts,1,test,2024-05-05,0.03,StructuralRobust,31.0,115.66636846579158,28.357013404955477,42.285520107433214,40.4105201074332,0.0,1.0
bts,1,test,2024-05-05,0.03,ExpectedActionValue,31.0,123.9098814532336,8.392363636363637,11.223545454545455,6.2985454545454544,,1.0
bts,1,test,2024-05-05,0.03,PointwiseWorstAction,31.0,124.46085283854246,15.374075500770417,21.861113251155626,18.17361325115563,,1.0
bts,1,test,2024-05-05,0.03,ScenarioCVaR,31.0,124.46085283854246,15.374075500770417,21.861113251155626,18.17361325115563,,1.0
bts,1,test,2024-05-05,0.03,RiskFirst,31.0,25.99435144032757,19.016735627177702,28.400103440766554,27.46260344076655,,1.0
bts,1,test,2024-05-05,0.03,TemporalContext2024,31.0,24.19623897512103,20.841735627177698,31.162603440766553,30.412603440766553,,1.0
bts,1,test,2024-05-05,0.03,NetworkPropagation2024,31.0,26.72892932809589,19.016735627177702,28.400103440766554,27.46260344076655,,1.0
bts,1,test,2024-05-05,0.03,CalibratedUncertainty2025,31.0,25.84235301751481,13.032589285714288,19.473883928571432,18.911383928571432,,1.0
bts,1,test,2024-05-05,0.03,MappedPTO2026,31.0,26.003454222054284,19.0167356271777,28.40010344076655,27.462603440766546,,1.0
bts,1,test,2024-05-05,0.03,GroupAware2025,31.0,26.390346122834387,19.1667356271777,28.62510344076655,27.68760344076655,,1.0
bts,1,test,2024-05-05,0.03,RobustImprovement2025,31.0,24.612562118822975,28.357013404955477,42.285520107433214,40.4105201074332,,1.0
bts,1,test,2024-05-05,0.05,StructuralRobust,51.0,151.25312492813342,47.585340633282705,70.48826736018046,63.81519043710353,0.0,1.0
bts,1,test,2024-05-05,0.05,ExpectedActionValue,51.0,165.25643209813856,44.03840883410375,64.69261325115562,59.76761325115562,,1.0
bts,1,test,2024-05-05,0.05,PointwiseWorstAction,51.0,165.74930098650535,38.70507550077042,56.69261325115562,51.76761325115562,,1.0
bts,1,test,2024-05-05,0.05,ScenarioCVaR,51.0,165.74930098650535,38.70507550077042,56.69261325115562,51.76761325115562,,1.0
bts,1,test,2024-05-05,0.05,RiskFirst,51.0,40.024669549895364,47.177595753176135,70.39139362976421,67.57889362976422,,1.0
bts,1,test,2024-05-05,0.05,TemporalContext2024,51.0,42.02871928287416,38.09250665464364,56.763759981965464,53.95125998196548,,1.0
bts,1,test,2024-05-05,0.05,NetworkPropagation2024,51.0,37.1884459404931,39.04282506523995,58.41423759785992,57.28923759785991,,1.0
bts,1,test,2024-05-05,0.05,CalibratedUncertainty2025,51.0,41.062862002244856,45.88616994278331,68.75425491417498,68.19175491417498,,1.0
bts,1,test,2024-05-05,0.05,MappedPTO2026,51.0,36.66355808272875,36.32563785702333,54.36345678553499,53.42595678553497,,1.0
bts,1,test,2024-05-05,0.05,GroupAware2025,51.0,41.51781624624716,47.727595753176146,71.21639362976421,68.40389362976421,,1.0
bts,1,test,2024-05-05,0.05,RobustImprovement2025,51.0,38.88708795432518,52.14507256801464,77.64260885202197,73.33010885202195,,1.0
bts,1,test,2024-05-05,0.1,StructuralRobust,103.0,240.2282243895004,171.1513513491372,254.8816355735749,242.52869969759342,0.0,1.0
bts,1,test,2024-05-05,0.1,ExpectedActionValue,103.0,253.80330329739266,73.66283252922051,108.71496307954506,100.6828202224022,,1.0
bts,1,test,2024-05-05,0.1,PointwiseWorstAction,103.0,252.77009981695687,66.97206329845127,98.6788092333912,90.64666637624836,,1.0
bts,1,test,2024-05-05,0.1,ScenarioCVaR,103.0,252.77009981695687,66.97206329845127,98.6788092333912,90.64666637624836,,1.0
bts,1,test,2024-05-05,0.1,RiskFirst,103.0,74.25637319806559,150.39777029375688,224.94665544063528,220.0716554406353,,1.0
bts,1,test,2024-05-05,0.1,TemporalContext2024,103.0,71.83241002883706,135.04559638071336,201.91839457107005,197.04339457107014,,1.0
bts,1,test,2024-05-05,0.1,NetworkPropagation2024,103.0,71.50515451332011,153.5575910128325,229.63691843414233,224.39090779584447,,1.0
bts,1,test,2024-05-05,0.1,CalibratedUncertainty2025,103.0,69.83399768142459,143.45898153468653,214.5134723020298,209.45097230202992,,1.0
bts,1,test,2024-05-05,0.1,MappedPTO2026,103.0,71.19048635848637,106.59632020112404,159.24501221657968,155.86150157828177,,1.0
bts,1,test,2024-05-05,0.1,GroupAware2025,103.0,73.1744579440689,145.3455963807134,217.3683945710701,212.4933945710701,,1.0
bts,1,test,2024-05-05,0.1,RobustImprovement2025,103.0,70.47759328824402,153.80705318187069,228.91465640778154,216.9327311700979,,1.0
bts,1,test,2024-05-05,0.2,StructuralRobust,205.0,297.127293312259,292.7069362115504,434.78688297649046,404.22297292022705,0.0,1.0
bts,1,test,2024-05-05,0.2,ExpectedActionValue,205.0,381.8213355791329,212.50947950277336,315.4509622480083,300.1515347018701,,1.0
bts,1,test,2024-05-05,0.2,PointwiseWorstAction,205.0,380.2575608772273,194.46187309747913,288.3534032147796,272.8578549789863,,1.0
bts,1,test,2024-05-05,0.2,ScenarioCVaR,205.0,380.2575608772273,194.46187309747913,288.3534032147796,272.8578549789863,,1.0
bts,1,test,2024-05-05,0.2,RiskFirst,205.0,129.26100176423947,270.55611510202175,403.8887812029018,390.78584532692014,,1.0
bts,1,test,2024-05-05,0.2,TemporalContext2024,205.0,135.11288529236197,260.86593450450073,389.3103284884385,375.88352897609343,,1.0
bts,1,test,2024-05-05,0.2,NetworkPropagation2024,205.0,131.7836088213388,269.8652671488054,402.7275092730772,388.68707339709556,,1.0
bts,1,test,2024-05-05,0.2,CalibratedUncertainty2025,205.0,125.69451497173675,290.9468887847077,434.141759908749,418.53996039640384,,1.0
bts,1,test,2024-05-05,0.2,MappedPTO2026,205.0,139.9495769772434,268.0849796005071,400.32613972219167,388.30366713292364,,1.0
bts,1,test,2024-05-05,0.2,GroupAware2025,205.0,133.05984668325988,281.47089824191704,420.2484559127447,407.0517700367631,,1.0
bts,1,test,2024-05-05,0.2,RobustImprovement2025,205.0,152.00016461992996,220.7503070217861,329.09513277893996,315.3551746258958,,1.0
bts,1,test,2024-05-06,0.01,StructuralRobust,10.0,68.72626058932717,15.518446601941747,23.127669902912622,22.002669902912622,0.0,1.0
bts,1,test,2024-05-06,0.01,ExpectedActionValue,10.0,49.48125551773035,12.186363636363637,18.279545454545456,18.279545454545453,,1.0
bts,1,test,2024-05-06,0.01,PointwiseWorstAction,10.0,49.481255517730354,12.186363636363637,18.279545454545456,18.279545454545453,,1.0
bts,1,test,2024-05-06,0.01,ScenarioCVaR,10.0,49.481255517730354,12.186363636363637,18.279545454545456,18.279545454545453,,1.0
bts,1,test,2024-05-06,0.01,RiskFirst,10.0,7.884464384583993,6.05,8.925,7.8,,1.0
bts,1,test,2024-05-06,0.01,TemporalContext2024,10.0,8.169220781502865,6.05,8.925,7.8,,1.0
bts,1,test,2024-05-06,0.01,NetworkPropagation2024,10.0,7.887607386756525,6.05,8.925,7.8,,1.0
bts,1,test,2024-05-06,0.01,CalibratedUncertainty2025,10.0,7.9972566475218425,16.768446601941747,25.002669902912622,23.877669902912622,,1.0
bts,1,test,2024-05-06,0.01,MappedPTO2026,10.0,14.805674438325173,16.21987517337032,24.205527045769763,23.273384188626906,,1.0
bts,1,test,2024-05-06,0.01,GroupAware2025,10.0,7.884464384583993,6.05,8.925,7.8,,1.0
bts,1,test,2024-05-06,0.01,RobustImprovement2025,10.0,7.88115104105221,12.718446601941748,18.92766990291262,17.80266990291262,,1.0
bts,1,test,2024-05-06,0.03,StructuralRobust,29.0,157.01379493488577,36.66702199876715,54.488390141007855,50.64731871243642,0.0,1.0
bts,1,test,2024-05-06,0.03,ExpectedActionValue,29.0,98.78567542021436,48.91680624677725,73.33844466428351,73.06270937016586,,1.0
bts,1,test,2024-05-06,0.03,PointwiseWorstAction,29.0,99.05151090651327,41.53192035262026,62.082663137626035,60.46853270284342,,1.0
bts,1,test,2024-05-06,0.03,ScenarioCVaR,29.0,99.05151090651327,41.53192035262026,62.082663137626035,60.46853270284342,,1.0
bts,1,test,2024-05-06,0.03,RiskFirst,29.0,29.82668556933546,25.64638463612978,38.186884646502364,36.06669233881006,,1.0
bts,1,test,2024-05-06,0.03,TemporalContext2024,29.0,30.451588413743142,25.646384636129785,38.186884646502364,36.06669233881006,,1.0
bts,1,test,2024-05-06,0.03,NetworkPropagation2024,29.0,28.332615083189054,29.74781320755835,44.21474178935951,41.16240662452435,,1.0
bts,1,test,2024-05-06,0.03,CalibratedUncertainty2025,29.0,29.659890045907595,36.55405081759509,54.548383918700324,52.428191611008025,,1.0
bts,1,test,2024-05-06,0.03,MappedPTO2026,29.0,27.80209630501581,40.93727883957311,60.99894023738165,57.946605072546504,,1.0
bts,1,test,2024-05-06,0.03,GroupAware2025,29.0,28.212402831809943,25.64638463612978,38.186884646502364,36.06669233881006,,1.0
bts,1,test,2024-05-06,0.03,RobustImprovement2025,29.0,28.101738994821478,36.66702199876715,54.488390141007855,50.64731871243642,,1.0
bts,1,test,2024-05-06,0.05,StructuralRobust,49.0,177.28054772933294,47.51564837239352,70.5286373937551,64.94237365749137,0.0,1.0
bts,1,test,2024-05-06,0.05,ExpectedActionValue,49.0,137.77978974293367,57.52353836458931,86.03332544969726,84.14345972079698,,1.0
bts,1,test,2024-05-06,0.05,PointwiseWorstAction,49.0,138.57066385829577,61.64569694161674,92.2165633152384,90.32669758633816,,1.0
bts,1,test,2024-05-06,0.05,ScenarioCVaR,49.0,138.57066385829577,61.64569694161674,92.2165633152384,90.32669758633816,,1.0
bts,1,test,2024-05-06,0.05,RiskFirst,49.0,41.304470164622984,56.08442566496994,83.58180333261973,79.49553959635598,,1.0
bts,1,test,2024-05-06,0.05,TemporalContext2024,49.0,40.33400024328153,56.08442566496995,83.58180333261974,79.495539596356,,1.0
bts,1,test,2024-05-06,0.05,NetworkPropagation2024,49.0,41.62621455688915,66.09161646075134,98.37830381200612,92.68489721859953,,1.0
bts,1,test,2024-05-06,0.05,CalibratedUncertainty2025,49.0,39.2047847538868,58.892813041947925,87.91867011237242,84.76454923325153,,1.0
bts,1,test,2024-05-06,0.05,MappedPTO2026,49.0,41.0900291261609,61.92946698728399,92.34936531609083,88.26310157982708,,1.0
bts,1,test,2024-05-06,0.05,GroupAware2025,49.0,40.56738452445155,58.37013995068423,86.79608904690545,81.10268245349883,,1.0
bts,1,test,2024-05-06,0.05,RobustImprovement2025,49.0,41.26836872213843,56.93634874189302,84.69238025569666,79.35130882712522,,1.0
bts,1,test,2024-05-06,0.1,StructuralRobust,98.0,263.3588250505925,122.64957675040833,181.47596465815542,162.73796115222743,0.0,1.0
bts,1,test,2024-05-06,0.1,ExpectedActionValue,98.0,219.49506393806172,74.80831884709312,111.73549617345297,108.15813044455268,,1.0
bts,1,test,2024-05-06,0.1,PointwiseWorstAction,98.0,220.04858793926059,80.42759500759664,120.16441041420828,116.587044685308,,1.0
bts,1,test,2024-05-06,0.1,ScenarioCVaR,98.0,220.04858793926059,80.42759500759664,120.16441041420828,116.587044685308,,1.0
bts,1,test,2024-05-06,0.1,RiskFirst,98.0,76.80548131205921,106.9287362701339,159.38398352608,151.8155769326734,,1.0
bts,1,test,2024-05-06,0.1,TemporalContext2024,98.0,71.84110404588682,91.86509990649755,136.83852898062543,129.64512238721886,,1.0
bts,1,test,2024-05-06,0.1,NetworkPropagation2024,98.0,77.46374562716971,128.28657641656463,191.32074374572608,183.0023371523195,,1.0
bts,1,test,2024-05-06,0.1,CalibratedUncertainty2025,98.0,80.76176422924085,100.52373619604869,149.77648341495214,142.2080768215455,,1.0
bts,1,test,2024-05-06,0.1,MappedPTO2026,98.0,74.73633393555477,93.2723343624753,139.0386663788778,132.51490264261406,,1.0
bts,1,test,2024-05-06,0.1,GroupAware2025,98.0,69.28018546650543,102.96766987174354,153.49238392849443,146.29897733508787,,1.0
bts,1,test,2024-05-06,0.1,RobustImprovement2025,98.0,71.6075468527304,145.776497365005,216.95043648914134,204.09311480139507,,1.0
bts,1,test,2024-05-06,0.2,StructuralRobust,196.0,313.88325425296676,271.4627464960983,404.21914837615276,381.9068631161925,0.0,1.0
bts,1,test,2024-05-06,0.2,ExpectedActionValue,196.0,343.1224519820707,194.80250049437092,291.2250964741257,283.8851894683954,,1.0
bts,1,test,2024-05-06,0.2,PointwiseWorstAction,196.0,343.4936234029765,188.53716736207753,281.77709677568555,274.06218976995524,,1.0
bts,1,test,2024-05-06,0.2,ScenarioCVaR,196.0,343.4936234029765,188.53716736207753,281.77709677568555,274.06218976995524,,1.0
bts,1,test,2024-05-06,0.2,RiskFirst,196.0,147.2456959732308,273.84151785941987,409.2251124317481,397.696379751385,,1.0
bts,1,test,2024-05-06,0.2,TemporalContext2024,196.0,148.85522802771447,271.9029351822545,406.217238416,393.9385057356369,,1.0
bts,1,test,2024-05-06,0.2,NetworkPropagation2024,196.0,150.508503917907,279.172628970531,417.3717790984148,406.96804641805176,,1.0
bts,1,test,2024-05-06,0.2,CalibratedUncertainty2025,196.0,145.03176368149903,290.31181461399933,433.38674569596617,417.7794240082202,,1.0
bts,1,test,2024-05-06,0.2,MappedPTO2026,196.0,147.69116057663607,264.5824179422765,395.35283936762727,383.94693277422095,,1.0
bts,1,test,2024-05-06,0.2,GroupAware2025,196.0,144.07972002370195,228.59421931011718,341.4405414193882,330.55963482598156,,1.0
bts,1,test,2024-05-06,0.2,RobustImprovement2025,196.0,138.91425868407202,200.0883165198617,298.19943330242927,283.7016222222047,,1.0
bts,1,test,2024-05-07,0.01,StructuralRobust,9.0,55.63062026492349,12.204576210826211,18.208840811965814,17.47366452991453,0.0,1.0
bts,1,test,2024-05-07,0.01,ExpectedActionValue,9.0,65.66048997366231,27.695123227156476,41.51768484073472,41.33018484073472,,1.0
bts,1,test,2024-05-07,0.01,PointwiseWorstAction,9.0,67.64973474631985,18.645123227156475,27.942684840734714,27.755184840734714,,1.0
bts,1,test,2024-05-07,0.01,ScenarioCVaR,9.0,67.64973474631985,18.645123227156475,27.942684840734714,27.755184840734714,,1.0
bts,1,test,2024-05-07,0.01,RiskFirst,9.0,7.426141664401109,15.15457621082621,22.63384081196581,21.89866452991453,,1.0
bts,1,test,2024-05-07,0.01,TemporalContext2024,9.0,6.707836394947649,11.054576210826209,16.483840811965813,15.748664529914532,,1.0
bts,1,test,2024-05-07,0.01,NetworkPropagation2024,9.0,7.426141664401109,15.15457621082621,22.63384081196581,21.89866452991453,,1.0
bts,1,test,2024-05-07,0.01,CalibratedUncertainty2025,9.0,7.54158010069158,27.45730984083257,41.153325872359964,40.9085342056933,,1.0
bts,1,test,2024-05-07,0.01,MappedPTO2026,9.0,8.706796146426026,11.562800000000001,17.3442,17.3442,,1.0
bts,1,test,2024-05-07,0.01,GroupAware2025,9.0,7.426141664401109,15.15457621082621,22.63384081196581,21.89866452991453,,1.0
bts,1,test,2024-05-07,0.01,RobustImprovement2025,9.0,8.153276859546176,12.204576210826211,18.208840811965814,17.47366452991453,,1.0
bts,1,test,2024-05-07,0.03,StructuralRobust,28.0,121.84097922642782,42.52848732193732,63.69470747863248,62.95953119658118,0.0,1.0
bts,1,test,2024-05-07,0.03,ExpectedActionValue,28.0,123.93082104546227,32.80993804197129,49.189907062956934,49.002407062956934,,1.0
bts,1,test,2024-05-07,0.03,PointwiseWorstAction,28.0,124.1804039751231,32.80993804197129,49.189907062956934,49.002407062956934,,1.0
bts,1,test,2024-05-07,0.03,ScenarioCVaR,28.0,124.1804039751231,32.80993804197129,49.189907062956934,49.002407062956934,,1.0
bts,1,test,2024-05-07,0.03,RiskFirst,28.0,21.37919070392804,43.47848732193732,65.11970747863248,64.38453119658118,,1.0
bts,1,test,2024-05-07,0.03,TemporalContext2024,28.0,20.624041591014734,56.36352864425137,84.44726946210355,83.71209318005225,,1.0
bts,1,test,2024-05-07,0.03,NetworkPropagation2024,28.0,20.642909863154998,41.81737621082621,62.6280408119658,61.89286452991452,,1.0
bts,1,test,2024-05-07,0.03,CalibratedUncertainty2025,28.0,20.979163660464625,38.08064317416591,57.08832587235996,56.84353420569328,,1.0
bts,1,test,2024-05-07,0.03,MappedPTO2026,28.0,21.82904354404642,54.702417533140256,81.95560279543689,81.22042651338563,,1.0
bts,1,test,2024-05-07,0.03,GroupAware2025,28.0,20.801129882578813,43.47848732193732,65.11970747863248,64.38453119658118,,1.0
bts,1,test,2024-05-07,0.03,RobustImprovement2025,28.0,18.82170059607912,42.52848732193732,63.69470747863248,62.95953119658118,,1.0
bts,1,test,2024-05-07,0.05,StructuralRobust,47.0,151.44226792891013,76.07647160541642,109.54532468055015,90.34526672374157,0.0,1.0
bts,1,test,2024-05-07,0.05,ExpectedActionValue,47.0,164.58857843036154,58.928147297340146,87.85274726179968,83.80669463022072,,1.0
bts,1,test,2024-05-07,0.05,PointwiseWorstAction,47.0,165.1534772051852,48.69803680010258,72.50758151594334,68.46152888436438,,1.0
bts,1,test,2024-05-07,0.05,ScenarioCVaR,47.0,165.1534772051852,48.69803680010258,72.50758151594334,68.46152888436438,,1.0
bts,1,test,2024-05-07,0.05,RiskFirst,47.0,31.67202697421077,65.5809199485992,98.27335641862528,97.53818013657398,,1.0
bts,1,test,2024-05-07,0.05,TemporalContext2024,47.0,31.502730099911318,109.05591994859921,163.26085641862528,160.83818013657398,,1.0
bts,1,test,2024-05-07,0.05,NetworkPropagation2024,47.0,32.768772261217784,66.30652864425139,99.33676946210355,98.41409318005222,,1.0
bts,1,test,2024-05-07,0.05,CalibratedUncertainty2025,47.0,31.412175645311535,94.61675428527703,141.66749253902665,139.73520087235994,,1.0
bts,1,test,2024-05-07,0.05,MappedPTO2026,47.0,30.497408791442282,77.0218619775847,115.19726946210355,113.21209318005228,,1.0
bts,1,test,2024-05-07,0.05,GroupAware2025,47.0,32.14394739202478,65.9809199485992,98.87335641862526,98.138180136574,,1.0
bts,1,test,2024-05-07,0.05,RobustImprovement2025,47.0,30.561883653902676,97.90314001819799,142.68532729972247,126.4852693429139,,1.0
bts,1,test,2024-05-07,0.1,StructuralRobust,94.0,226.76607796340625,144.86099176430795,212.63526281362425,192.78388906734196,0.0,1.0
bts,1,test,2024-05-07,0.1,ExpectedActionValue,94.0,242.39708379707056,105.90356182497445,157.7758987860631,149.68006915057404,,1.0
bts,1,test,2024-05-07,0.1,PointwiseWorstAction,94.0,241.89721464654798,111.03951688115423,165.10848305572603,154.22754106068646,,1.0
bts,1,test,2024-05-07,0.1,ScenarioCVaR,94.0,241.89721464654798,111.03951688115423,165.10848305572603,154.22754106068646,,1.0
bts,1,test,2024-05-07,0.1,RiskFirst,94.0,62.22674447314666,157.63491952962278,234.0018886848975,226.56852161337252,,1.0
bts,1,test,2024-05-07,0.1,TemporalContext2024,94.0,73.77556528317437,167.28490065499474,248.50186037295543,241.25599330143044,,1.0
bts,1,test,2024-05-07,0.1,NetworkPropagation2024,94.0,66.72012268668037,119.90991952962278,179.65501368489745,178.08102161337243,,1.0
bts,1,test,2024-05-07,0.1,CalibratedUncertainty2025,94.0,73.87424881319646,208.31343636548453,311.4259139386902,303.5941093671653,,1.0
bts,1,test,2024-05-07,0.1,MappedPTO2026,94.0,67.55802865338198,144.33435051093124,214.61529521273536,205.12481606027455,,1.0
bts,1,test,2024-05-07,0.1,GroupAware2025,94.0,63.242377157617554,121.03168919254412,179.2970431792795,173.36367610775457,,1.0
bts,1,test,2024-05-07,0.1,RobustImprovement2025,94.0,64.08775542741886,120.70413215370917,176.3499733977261,156.12359965144378,,1.0
bts,1,test,2024-05-07,0.2,StructuralRobust,189.0,242.76478203630367,325.20896147890426,481.4409111969783,449.2484910366418,0.0,1.0
bts,1,test,2024-05-07,0.2,ExpectedActionValue,189.0,356.16721735309636,207.8010106797533,308.0751842237101,291.8230082543115,,1.0
bts,1,test,2024-05-07,0.2,PointwiseWorstAction,189.0,356.7190905365789,207.33269467675987,307.3673683388781,291.0751282669154,,1.0
bts,1,test,2024-05-07,0.2,ScenarioCVaR,189.0,356.7190905365789,207.33269467675987,307.3673683388781,291.0751282669154,,1.0
bts,1,test,2024-05-07,0.2,RiskFirst,189.0,136.48711923611086,343.2712381551188,510.32795124042036,491.5877187984861,,1.0
bts,1,test,2024-05-07,0.2,TemporalContext2024,189.0,137.1313619363623,333.9243594517751,496.42718934482525,478.58362809854316,,1.0
bts,1,test,2024-05-07,0.2,NetworkPropagation2024,189.0,140.8378207480159,329.2704929305651,489.61868122967667,472.53605748339436,,1.0
bts,1,test,2024-05-07,0.2,CalibratedUncertainty2025,189.0,139.03838403256034,337.5246013311994,502.08470152124676,481.5135104546039,,1.0
bts,1,test,2024-05-07,0.2,MappedPTO2026,189.0,135.1914613386907,290.7376596475198,431.81366800852743,415.219069537885,,1.0
bts,1,test,2024-05-07,0.2,GroupAware2025,189.0,134.69269625047093,328.1676693730092,487.54195392849994,467.29064044589586,,1.0
bts,1,test,2024-05-07,0.2,RobustImprovement2025,189.0,132.79120970033802,189.90495590290885,280.1168340215256,259.63264777524324,,1.0
bts,1,test,2024-05-08,0.01,StructuralRobust,9.0,53.121054947097164,4.5287037037037035,6.305092592592593,2.6453703703703706,0.0,1.0
bts,1,test,2024-05-08,0.01,ExpectedActionValue,9.0,60.11029074696103,3.25,4.875,4.875,,1.0
bts,1,test,2024-05-08,0.01,PointwiseWorstAction,9.0,60.129128822879544,3.25,4.875,4.875,,1.0
bts,1,test,2024-05-08,0.01,ScenarioCVaR,9.0,60.129128822879544,3.25,4.875,4.875,,1.0
bts,1,test,2024-05-08,0.01,RiskFirst,9.0,5.368639865367829,4.578703703703704,6.830092592592592,6.545370370370369,,1.0
bts,1,test,2024-05-08,0.01,TemporalContext2024,9.0,5.184072204307004,2.278703703703704,3.380092592592593,3.0953703703703703,,1.0
bts,1,test,2024-05-08,0.01,NetworkPropagation2024,9.0,5.130196539546734,2.278703703703704,3.380092592592593,3.0953703703703703,,1.0
bts,1,test,2024-05-08,0.01,CalibratedUncertainty2025,9.0,4.413032901780483,0.0,0.0,0.0,,1.0
bts,1,test,2024-05-08,0.01,MappedPTO2026,9.0,6.016998713570908,2.5500000000000003,3.7750000000000004,3.4,,1.0
bts,1,test,2024-05-08,0.01,GroupAware2025,9.0,5.368639865367829,4.578703703703704,6.830092592592592,6.545370370370369,,1.0
bts,1,test,2024-05-08,0.01,RobustImprovement2025,9.0,5.421216336184385,4.96441798941799,7.408664021164022,7.123941798941798,,1.0
bts,1,test,2024-05-08,0.03,StructuralRobust,28.0,139.85079272590127,19.38941798941799,28.57116402116402,24.723941798941798,0.0,1.0
bts,1,test,2024-05-08,0.03,ExpectedActionValue,28.0,115.22005608322753,17.606521739130436,26.40978260869565,26.40978260869565,,1.0
bts,1,test,2024-05-08,0.03,PointwiseWorstAction,28.0,114.82560182411426,17.606521739130436,26.409782608695654,26.40978260869565,,1.0
bts,1,test,2024-05-08,0.03,ScenarioCVaR,28.0,114.82560182411426,17.606521739130436,26.409782608695654,26.40978260869565,,1.0
bts,1,test,2024-05-08,0.03,RiskFirst,28.0,15.393512504682402,17.86441798941799,26.708664021164026,26.0489417989418,,1.0
bts,1,test,2024-05-08,0.03,TemporalContext2024,28.0,16.268657488782097,17.86441798941799,26.708664021164026,26.0489417989418,,1.0
bts,1,test,2024-05-08,0.03,NetworkPropagation2024,28.0,15.393512504682404,17.86441798941799,26.708664021164022,26.048941798941794,,1.0
bts,1,test,2024-05-08,0.03,CalibratedUncertainty2025,28.0,16.5213324510114,24.33853914447135,36.45780871670702,36.08280871670702,,1.0
bts,1,test,2024-05-08,0.03,MappedPTO2026,28.0,15.168831727713282,15.806481481481484,23.62175925925926,22.962037037037035,,1.0
bts,1,test,2024-05-08,0.03,GroupAware2025,28.0,15.733463156121818,18.714417989417992,27.983664021164024,27.3239417989418,,1.0
bts,1,test,2024-05-08,0.03,RobustImprovement2025,28.0,15.992348872097919,19.38941798941799,28.57116402116402,24.723941798941798,,1.0
bts,1,test,2024-05-08,0.05,StructuralRobust,46.0,157.6601443544768,35.14138931558288,51.399121010411335,41.5518987881891,0.0,1.0
bts,1,test,2024-05-08,0.05,ExpectedActionValue,46.0,155.4057472568143,32.464955474070194,48.4341801990571,46.45978260869566,,1.0
bts,1,test,2024-05-08,0.05,PointwiseWorstAction,46.0,156.22222550661294,32.964955474070194,49.0841801990571,46.35978260869567,,1.0
bts,1,test,2024-05-08,0.05,ScenarioCVaR,46.0,156.22222550661294,32.964955474070194,49.0841801990571,46.35978260869567,,1.0
bts,1,test,2024-05-08,0.05,RiskFirst,46.0,28.083742908704057,41.0358808410066,61.465858298546934,60.80613607632469,,1.0
bts,1,test,2024-05-08,0.05,TemporalContext2024,46.0,27.955020154438735,47.70448549216939,71.46876527529112,70.8090430530689,,1.0
bts,1,test,2024-05-08,0.05,NetworkPropagation2024,46.0,27.004934737463557,39.33588084100659,58.91585829854692,58.2561360763247,,1.0
bts,1,test,2024-05-08,0.05,CalibratedUncertainty2025,46.0,26.186623427306625,49.965510470636225,74.87326570595434,74.31076570595434,,1.0
bts,1,test,2024-05-08,0.05,MappedPTO2026,46.0,25.960424469131315,41.83588084100659,62.615858298546925,61.581136076324704,,1.0
bts,1,test,2024-05-08,0.05,GroupAware2025,46.0,26.57743021780269,38.1858808410066,57.19085829854693,56.53113607632469,,1.0
bts,1,test,2024-05-08,0.05,RobustImprovement2025,46.0,25.801289755791572,39.660880841006595,58.528358298546934,51.3061360763247,,1.0
bts,1,test,2024-05-08,0.1,StructuralRobust,92.0,236.39924951440713,77.26296417433994,113.78773329854693,97.98738607632467,0.0,1.0
bts,1,test,2024-05-08,0.1,ExpectedActionValue,92.0,236.97334327669185,64.47071903964509,95.57454271913662,87.08802391665394,,1.0
bts,1,test,2024-05-08,0.1,PointwiseWorstAction,92.0,236.7455674219541,63.26066970459575,94.04362787572177,87.6883027669328,,1.0
bts,1,test,2024-05-08,0.1,ScenarioCVaR,92.0,236.7455674219541,63.26066970459575,94.04362787572177,87.6883027669328,,1.0
bts,1,test,2024-05-08,0.1,RiskFirst,92.0,55.18181788081158,82.28525472293863,122.53991912144497,115.8801968992227,,1.0
bts,1,test,2024-05-08,0.1,TemporalContext2024,92.0,51.64478438292437,83.76858805627197,124.76491912144496,118.1051968992227,,1.0
bts,1,test,2024-05-08,0.1,NetworkPropagation2024,92.0,55.08260479450087,86.31779476086328,128.58872917833193,121.92900695610967,,1.0
bts,1,test,2024-05-08,0.1,CalibratedUncertainty2025,92.0,58.910126534766,100.29969952276804,149.06158632118908,138.65186409896683,,1.0
bts,1,test,2024-05-08,0.1,MappedPTO2026,92.0,61.22595184783849,94.6137851054169,141.36946168311417,137.23534187053042,,1.0
bts,1,test,2024-05-08,0.1,GroupAware2025,92.0,58.07411433230658,81.5544854921694,121.39376527529112,114.35904305306885,,1.0
bts,1,test,2024-05-08,0.1,RobustImprovement2025,92.0,57.183828164616195,72.35463084100661,106.75023329854693,93.38738607632467,,1.0
bts,1,test,2024-05-08,0.2,StructuralRobust,184.0,268.6542362511562,193.80760346875485,287.63189859180284,264.535599006832,0.0,1.0
bts,1,test,2024-05-08,0.2,ExpectedActionValue,184.0,354.19957156683523,117.03904554168129,174.2465884567469,164.40673953843407,,1.0
bts,1,test,2024-05-08,0.2,PointwiseWorstAction,184.0,354.04462639390977,121.78904554168128,181.37158845674688,171.53173953843407,,1.0
bts,1,test,2024-05-08,0.2,ScenarioCVaR,184.0,354.04462639390977,121.78904554168128,181.37158845674688,171.53173953843407,,1.0
bts,1,test,2024-05-08,0.2,RiskFirst,184.0,121.9307656128519,198.11349659924372,295.1300947231796,279.82896840553525,,1.0
bts,1,test,2024-05-08,0.2,TemporalContext2024,184.0,140.0780032691988,210.53634156400844,313.4261091582785,295.5880852502727,,1.0
bts,1,test,2024-05-08,0.2,NetworkPropagation2024,184.0,124.88799238324204,209.42682993257708,311.9500947231796,295.52396840553524,,1.0
bts,1,test,2024-05-08,0.2,CalibratedUncertainty2025,184.0,132.3140115127031,197.59801587307328,294.216873633924,277.86574731627974,,1.0
bts,1,test,2024-05-08,0.2,MappedPTO2026,184.0,127.97929021198163,183.1906157751903,273.1358981639648,260.7607069228096,,1.0
bts,1,test,2024-05-08,0.2,GroupAware2025,184.0,121.63376778302101,207.7552363992229,309.6462436766877,294.74666176058787,,1.0
bts,1,test,2024-05-08,0.2,RobustImprovement2025,184.0,117.08510846848479,126.23023833350527,187.34441376806416,172.33733577661116,,1.0
bts,1,test,2024-05-09,0.01,StructuralRobust,10.0,65.01778589606182,28.296648291819796,42.219972437729695,40.532472437729695,0.0,1.0
bts,1,test,2024-05-09,0.01,ExpectedActionValue,10.0,48.2802919332718,5.125,7.5625,6.625,,1.0
bts,1,test,2024-05-09,0.01,PointwiseWorstAction,10.0,48.61182923249641,3.55,5.325,5.325,,1.0
bts,1,test,2024-05-09,0.01,ScenarioCVaR,10.0,48.61182923249641,3.55,5.325,5.325,,1.0
bts,1,test,2024-05-09,0.01,RiskFirst,10.0,4.875611938744852,15.120698924731183,22.506048387096776,21.193548387096772,,1.0
bts,1,test,2024-05-09,0.01,TemporalContext2024,10.0,4.81927338801524,20.05094936708861,29.90142405063291,28.588924050632908,,1.0
bts,1,test,2024-05-09,0.01,NetworkPropagation2024,10.0,4.875611938744852,15.120698924731183,22.506048387096776,21.193548387096772,,1.0
bts,1,test,2024-05-09,0.01,CalibratedUncertainty2025,10.0,4.433833701422421,18.342616033755274,27.513924050632912,27.513924050632912,,1.0
bts,1,test,2024-05-09,0.01,MappedPTO2026,10.0,9.110192755741934,29.650949367088607,44.3014240506329,42.98892405063291,,1.0
bts,1,test,2024-05-09,0.01,GroupAware2025,10.0,4.875611938744851,15.120698924731183,22.506048387096776,21.193548387096772,,1.0
bts,1,test,2024-05-09,0.01,RobustImprovement2025,10.0,4.44203517095902,26.44664829181979,39.494972437729686,38.18247243772968,,1.0
bts,1,test,2024-05-09,0.03,StructuralRobust,30.0,154.3284750029297,59.01207382373468,88.11811073560202,85.11811073560202,0.0,1.0
bts,1,test,2024-05-09,0.03,ExpectedActionValue,30.0,106.82312578293747,59.749338800622255,89.43650820093339,88.0302582009334,,1.0
bts,1,test,2024-05-09,0.03,PointwiseWorstAction,30.0,106.62487767693072,56.94933880062226,85.2365082009334,83.8302582009334,,1.0
bts,1,test,2024-05-09,0.03,ScenarioCVaR,30.0,106.62487767693072,56.94933880062226,85.2365082009334,83.8302582009334,,1.0
bts,1,test,2024-05-09,0.03,RiskFirst,30.0,18.066295990074998,47.7216482918198,71.33247243772969,69.45747243772968,,1.0
bts,1,test,2024-05-09,0.03,TemporalContext2024,30.0,15.958311653829991,55.41207382373469,82.86811073560202,80.99311073560202,,1.0
bts,1,test,2024-05-09,0.03,NetworkPropagation2024,30.0,16.601786090712366,58.62164829181978,87.68247243772969,85.8074724377297,,1.0
bts,1,test,2024-05-09,0.03,CalibratedUncertainty2025,30.0,15.716946169167853,59.685575053680694,89.35336258052104,88.04086258052102,,1.0
bts,1,test,2024-05-09,0.03,MappedPTO2026,30.0,18.939833794996144,70.75515695028555,105.82408157927449,103.50917773312064,,1.0
bts,1,test,2024-05-09,0.03,GroupAware2025,30.0,17.883532201918463,57.62164829181979,86.18247243772969,84.3074724377297,,1.0
bts,1,test,2024-05-09,0.03,RobustImprovement2025,30.0,13.856616825274628,59.01207382373468,88.11811073560202,85.11811073560202,,1.0
bts,1,test,2024-05-09,0.05,StructuralRobust,51.0,167.28711652099756,121.99701261268542,181.01220847946774,166.13738018276445,0.0,1.0
bts,1,test,2024-05-09,0.05,ExpectedActionValue,51.0,152.71272109669206,83.92865017786775,125.13047526680165,121.8867252668017,,1.0
bts,1,test,2024-05-09,0.05,PointwiseWorstAction,51.0,153.01802942948396,81.3115073207249,121.20476098108736,117.96101098108738,,1.0
bts,1,test,2024-05-09,0.05,ScenarioCVaR,51.0,153.01802942948396,81.3115073207249,121.20476098108736,117.96101098108738,,1.0
bts,1,test,2024-05-09,0.05,RiskFirst,51.0,28.12837602912701,114.48136111698244,170.73554474217437,163.3368177424299,,1.0
bts,1,test,2024-05-09,0.05,TemporalContext2024,51.0,29.64577531809342,113.62097150659282,169.44496032658995,162.04623332684548,,1.0
bts,1,test,2024-05-09,0.05,NetworkPropagation2024,51.0,28.301569979260687,123.12054240353214,183.69431667199893,176.29558967225452,,1.0
bts,1,test,2024-05-09,0.05,CalibratedUncertainty2025,51.0,30.38493832402829,110.82663965519916,165.680206735546,161.4820611311504,,1.0
bts,1,test,2024-05-09,0.05,MappedPTO2026,51.0,30.396563489985887,91.12408991154786,135.57625083724832,127.25212061169739,,1.0
bts,1,test,2024-05-09,0.05,GroupAware2025,51.0,27.939281629233406,99.931190684675,148.91028909371323,141.5115620939688,,1.0
bts,1,test,2024-05-09,0.05,RobustImprovement2025,51.0,28.653969641855248,115.58116828655702,171.9196919902751,161.02923869357184,,1.0
bts,1,test,2024-05-09,0.1,StructuralRobust,101.0,250.13372262146152,206.37866618246,305.9998026818322,279.23832824289826,0.0,1.0
bts,1,test,2024-05-09,0.1,ExpectedActionValue,101.0,238.19040762126988,158.30496529078283,236.37253772149703,230.71071111141742,,1.0
bts,1,test,2024-05-09,0.1,PointwiseWorstAction,101.0,238.43373525372994,136.55169361601523,203.8610768112873,199.08759971577078,,1.0
bts,1,test,2024-05-09,0.1,ScenarioCVaR,101.0,238.43373525372994,136.55169361601523,203.8610768112873,199.08759971577078,,1.0
bts,1,test,2024-05-09,0.1,RiskFirst,101.0,61.262613930126285,205.79378437190013,307.2729296245509,296.6398276248065,,1.0
bts,1,test,2024-05-09,0.1,TemporalContext2024,101.0,66.49153899791152,190.55192390678386,284.4101389268765,273.77703692713214,,1.0
bts,1,test,2024-05-09,0.1,NetworkPropagation2024,101.0,64.73355099003663,197.42048340102633,294.7129781682403,284.0798761684959,,1.0
bts,1,test,2024-05-09,0.1,CalibratedUncertainty2025,101.0,70.67808523907942,203.94921846996576,303.96377307934176,289.2633633872898,,1.0
bts,1,test,2024-05-09,0.1,MappedPTO2026,101.0,60.53836533741235,192.500679296723,286.5029420258733,269.64236513178935,,1.0
bts,1,test,2024-05-09,0.1,GroupAware2025,101.0,61.86222050028423,199.31912816706844,297.1723246276482,283.62456745549,,1.0
bts,1,test,2024-05-09,0.1,RobustImprovement2025,101.0,65.73772920412569,197.6649504482355,293.6237503570912,272.07118549262543,,1.0
bts,1,test,2024-05-09,0.2,StructuralRobust,203.0,273.01411762544063,394.1650042014501,586.1102926306389,547.5811900941189,0.0,1.0
bts,1,test,2024-05-09,0.2,ExpectedActionValue,203.0,366.2128838440297,327.8186946541283,489.38605629481714,474.2961636470019,,1.0
bts,1,test,2024-05-09,0.2,PointwiseWorstAction,203.0,366.54463408182795,346.67387898592557,517.6396853270752,502.3311866884764,,1.0
bts,1,test,2024-05-09,0.2,ScenarioCVaR,203.0,366.54463408182795,346.67387898592557,517.6396853270752,502.3311866884764,,1.0
bts,1,test,2024-05-09,0.2,RiskFirst,203.0,133.75520832110462,383.35219791775074,571.449986364534,544.6126575238427,,1.0
bts,1,test,2024-05-09,0.2,TemporalContext2024,203.0,137.34725152359664,368.0472369831048,548.5810783929992,522.4077502805644,,1.0
bts,1,test,2024-05-09,0.2,NetworkPropagation2024,203.0,137.53697246317466,396.1219791909755,590.5296582743712,563.1298294336801,,1.0
bts,1,test,2024-05-09,0.2,CalibratedUncertainty2025,203.0,143.66385642046083,431.5928462357437,642.9552577387633,609.7001706273716,,1.0
bts,1,test,2024-05-09,0.2,MappedPTO2026,203.0,126.34431806472121,354.11454096740476,527.3565957426931,498.74247792958886,,1.0
bts,1,test,2024-05-09,0.2,GroupAware2025,203.0,133.68601187431227,379.06539670506027,564.4471468436936,533.3150352394695,,1.0
bts,1,test,2024-05-09,0.2,RobustImprovement2025,203.0,141.23432965850344,385.9236699429688,575.4050095838243,549.3012946041068,,1.0
bts,1,test,2024-05-10,0.01,StructuralRobust,10.0,68.9367105199296,22.118430083519392,32.83647047878938,30.277660630116593,0.0,1.0
bts,1,test,2024-05-10,0.01,ExpectedActionValue,10.0,70.73611204013571,7.342857142857143,10.764285714285716,8.889285714285714,,1.0
bts,1,test,2024-05-10,0.01,PointwiseWorstAction,10.0,71.02556267211293,7.342857142857143,10.764285714285716,8.889285714285714,,1.0
bts,1,test,2024-05-10,0.01,ScenarioCVaR,10.0,71.02556267211293,7.342857142857143,10.764285714285716,8.889285714285714,,1.0
bts,1,test,2024-05-10,0.01,RiskFirst,10.0,5.550208152323784,18.135671462829738,27.12095323741007,26.501798561151073,,1.0
bts,1,test,2024-05-10,0.01,TemporalContext2024,10.0,5.547720688201379,18.135671462829738,27.12095323741007,26.501798561151073,,1.0
bts,1,test,2024-05-10,0.01,NetworkPropagation2024,10.0,6.6167968869083404,7.402338129496404,11.020953237410072,10.401798561151079,,1.0
bts,1,test,2024-05-10,0.01,CalibratedUncertainty2025,10.0,7.2370416041746815,17.82985009121889,26.662221179993807,26.04306650373481,,1.0
bts,1,test,2024-05-10,0.01,MappedPTO2026,10.0,8.961070114920494,16.638391506917284,24.811110299290092,23.71253309114636,,1.0
bts,1,test,2024-05-10,0.01,GroupAware2025,10.0,5.781829107204926,18.299464566278015,27.33388427189283,26.469039940461418,,1.0
bts,1,test,2024-05-10,0.01,RobustImprovement2025,10.0,4.098732380304741,11.108333333333334,16.5875,16.025,,1.0
bts,1,test,2024-05-10,0.03,StructuralRobust,31.0,138.16635001747866,33.42407805553486,49.656019432561294,46.05528705200376,0.0,1.0
bts,1,test,2024-05-10,0.03,ExpectedActionValue,31.0,133.39566255305562,27.425,40.73125,37.684375,,1.0
bts,1,test,2024-05-10,0.03,PointwiseWorstAction,31.0,133.707619742862,21.617857142857144,32.020535714285714,28.97366071428571,,1.0
bts,1,test,2024-05-10,0.03,ScenarioCVaR,31.0,133.707619742862,21.617857142857144,32.020535714285714,28.97366071428571,,1.0
bts,1,test,2024-05-10,0.03,RiskFirst,31.0,21.672634925843365,47.7198313965677,71.43327013376572,70.33469292562198,,1.0
bts,1,test,2024-05-10,0.03,TemporalContext2024,31.0,19.093765410161822,42.4938313965677,63.59427013376572,62.49569292562198,,1.0
bts,1,test,2024-05-10,0.03,NetworkPropagation2024,31.0,16.688983297023395,37.66731943484521,56.27950219118198,54.61842498303824,,1.0
bts,1,test,2024-05-10,0.03,CalibratedUncertainty2025,31.0,23.261924401977385,38.78918342455223,58.10122117999381,57.482066503734806,,1.0
bts,1,test,2024-05-10,0.03,MappedPTO2026,31.0,17.723755788702345,47.7198313965677,71.43327013376572,70.33469292562198,,1.0
bts,1,test,2024-05-10,0.03,GroupAware2025,31.0,18.004708153758152,47.7198313965677,71.43327013376572,70.33469292562198,,1.0
bts,1,test,2024-05-10,0.03,RobustImprovement2025,31.0,18.86619704255662,33.42407805553486,49.656019432561294,46.05528705200376,,1.0
bts,1,test,2024-05-10,0.05,StructuralRobust,51.0,165.95830524681682,67.93305063850745,101.31947830702018,96.96874592646263,0.0,1.0
bts,1,test,2024-05-10,0.05,ExpectedActionValue,51.0,174.54020263549484,73.31320352482251,109.14436496676288,102.95356256323115,,1.0
bts,1,test,2024-05-10,0.05,PointwiseWorstAction,51.0,175.4586777884056,67.58849044397239,100.6552953454877,95.199492941956,,1.0
bts,1,test,2024-05-10,0.05,ScenarioCVaR,51.0,175.4586777884056,67.58849044397239,100.6552953454877,95.199492941956,,1.0
bts,1,test,2024-05-10,0.05,RiskFirst,51.0,34.970531865751425,59.14652631182194,88.49831250664707,86.83723529850332,,1.0
bts,1,test,2024-05-10,0.05,TemporalContext2024,51.0,33.44772873806348,59.2948313965677,88.72077013376571,87.05969292562199,,1.0
bts,1,test,2024-05-10,0.05,NetworkPropagation2024,51.0,32.40213280343914,65.81222270091553,98.39685709028745,95.9857798821437,,1.0
bts,1,test,2024-05-10,0.05,CalibratedUncertainty2025,51.0,35.51438992011187,69.02260917434549,103.21243680043239,100.80135959228863,,1.0
bts,1,test,2024-05-10,0.05,MappedPTO2026,51.0,31.42312777343259,81.60373562700127,121.95050578976091,118.53727340920335,,1.0
bts,1,test,2024-05-10,0.05,GroupAware2025,51.0,34.122641971118924,61.361848892467094,91.8962963776148,90.79771916947107,,1.0
bts,1,test,2024-05-10,0.05,RobustImprovement2025,51.0,30.245900588495854,60.34307731861518,89.6801705010948,83.42182942488512,,1.0
bts,1,test,2024-05-10,0.1,StructuralRobust,102.0,247.93721986481458,129.28144552366672,192.34843525059262,180.5454374887866,0.0,1.0
bts,1,test,2024-05-10,0.1,ExpectedActionValue,102.0,258.5075111688126,117.65483948540134,175.5068189076311,168.19101650409937,,1.0
bts,1,test,2024-05-10,0.1,PointwiseWorstAction,102.0,258.6012896967292,121.74570996627182,181.7411246289368,175.16032222540508,,1.0
bts,1,test,2024-05-10,0.1,ScenarioCVaR,102.0,258.6012896967292,121.74570996627182,181.7411246289368,175.16032222540508,,1.0
bts,1,test,2024-05-10,0.1,RiskFirst,102.0,73.55609715761217,115.37565328954891,171.55765514715057,165.0239692433546,,1.0
bts,1,test,2024-05-10,0.1,TemporalContext2024,102.0,69.90500346839536,114.74478562413067,170.50826376138275,163.20140370028344,,1.0
bts,1,test,2024-05-10,0.1,NetworkPropagation2024,102.0,69.98526525759453,122.48341191023856,182.84067238852987,176.20733131232015,,1.0
bts,1,test,2024-05-10,0.1,CalibratedUncertainty2025,102.0,70.57207870831846,125.853298944748,188.1705404215534,183.59998045478892,,1.0
bts,1,test,2024-05-10,0.1,MappedPTO2026,102.0,59.292472756145834,167.68980201774778,249.9709468392953,243.0027754343475,,1.0
bts,1,test,2024-05-10,0.1,GroupAware2025,102.0,72.6669119577758,111.29488405877969,166.31650130099672,161.62281539720078,,1.0
bts,1,test,2024-05-10,0.1,RobustImprovement2025,102.0,97.20126579757145,127.0063967671337,189.00316980810078,177.70497973860245,,1.0
bts,1,test,2024-05-10,0.2,StructuralRobust,205.0,278.49403946796366,288.93578978678835,427.9128149356701,391.4912918518265,0.0,1.0
bts,1,test,2024-05-10,0.2,ExpectedActionValue,205.0,384.67538322576377,291.95920731084163,435.7958619921669,419.7237446864501,,1.0
bts,1,test,2024-05-10,0.2,PointwiseWorstAction,205.0,383.3849210113277,296.98420731084167,443.33336199216694,427.2612446864501,,1.0
bts,1,test,2024-05-10,0.2,ScenarioCVaR,205.0,383.3849210113277,296.98420731084167,443.33336199216694,427.2612446864501,,1.0
bts,1,test,2024-05-10,0.2,RiskFirst,205.0,166.8434209756418,274.592004161841,408.9905221311084,392.0193912937096,,1.0
bts,1,test,2024-05-10,0.2,TemporalContext2024,205.0,168.08659827362956,266.5600137201865,396.9017712363592,379.6249011569548,,1.0
bts,1,test,2024-05-10,0.2,NetworkPropagation2024,205.0,166.79967388017653,271.0872393741308,404.0061076943264,389.0804724428023,,1.0
bts,1,test,2024-05-10,0.2,CalibratedUncertainty2025,205.0,154.77921825971993,255.43886425945414,380.7827921432999,367.7265102991896,,1.0
bts,1,test,2024-05-10,0.2,MappedPTO2026,205.0,145.46887526207854,289.7045361216553,431.4686613673435,413.06759025379785,,1.0
bts,1,test,2024-05-10,0.2,GroupAware2025,205.0,167.61076699630613,254.68367131602443,379.76473343967905,367.5689319319973,,1.0
bts,1,test,2024-05-10,0.2,RobustImprovement2025,205.0,169.38638738266386,217.7852717277209,324.85721209647613,311.201995883187,,1.0
bts,1,test,2024-05-11,0.01,StructuralRobust,9.0,47.598250878624754,4.4714285714285715,6.207142857142857,5.207142857142857,0.0,1.0
bts,1,test,2024-05-11,0.01,ExpectedActionValue,9.0,55.716100596159116,3.6467948717948717,5.42852564102564,5.116025641025639,,1.0
bts,1,test,2024-05-11,0.01,PointwiseWorstAction,9.0,55.758707001518765,3.6467948717948717,5.42852564102564,5.116025641025639,,1.0
bts,1,test,2024-05-11,0.01,ScenarioCVaR,9.0,55.758707001518765,3.6467948717948717,5.42852564102564,5.116025641025639,,1.0
bts,1,test,2024-05-11,0.01,RiskFirst,9.0,7.408449911006484,37.12142857142857,55.68214285714285,55.682142857142864,,1.0
bts,1,test,2024-05-11,0.01,TemporalContext2024,9.0,5.618660642763236,36.92142857142857,55.262142857142855,54.362142857142864,,1.0
bts,1,test,2024-05-11,0.01,NetworkPropagation2024,9.0,5.785670446101132,35.55,53.325,53.325,,1.0
bts,1,test,2024-05-11,0.01,CalibratedUncertainty2025,9.0,6.091196271142989,37.22568389057751,55.838525835866264,55.83852583586626,,1.0
bts,1,test,2024-05-11,0.01,MappedPTO2026,9.0,6.5179515858973245,34.75,52.125,52.125,,1.0
bts,1,test,2024-05-11,0.01,GroupAware2025,9.0,7.408449911006484,37.12142857142857,55.68214285714285,55.682142857142864,,1.0
bts,1,test,2024-05-11,0.01,RobustImprovement2025,9.0,6.362577128836872,2.3714285714285714,3.5571428571428574,3.5571428571428574,,1.0
bts,1,test,2024-05-11,0.03,StructuralRobust,27.0,94.92230646981268,42.79926879623789,63.69890319435684,62.69890319435684,0.0,1.0
bts,1,test,2024-05-11,0.03,ExpectedActionValue,27.0,105.76676074806406,8.11201226309922,12.076351727982162,11.38885172798216,,1.0
bts,1,test,2024-05-11,0.03,PointwiseWorstAction,27.0,105.77906481108253,8.11201226309922,12.076351727982162,11.38885172798216,,1.0
bts,1,test,2024-05-11,0.03,ScenarioCVaR,27.0,105.77906481108253,8.11201226309922,12.076351727982162,11.38885172798216,,1.0
bts,1,test,2024-05-11,0.03,RiskFirst,27.0,22.269136414674655,38.22142857142857,57.332142857142856,57.33214285714286,,1.0
bts,1,test,2024-05-11,0.03,TemporalContext2024,27.0,21.92381388142969,38.82142857142857,58.11214285714286,57.212142857142865,,1.0
bts,1,test,2024-05-11,0.03,NetworkPropagation2024,27.0,23.457632359981258,43.37142857142857,65.05714285714286,65.05714285714286,,1.0
bts,1,test,2024-05-11,0.03,CalibratedUncertainty2025,27.0,19.519418039666355,53.99926879623787,80.99890319435681,80.99890319435683,,1.0
bts,1,test,2024-05-11,0.03,MappedPTO2026,27.0,22.269136414674655,38.22142857142857,57.332142857142856,57.33214285714286,,1.0
bts,1,test,2024-05-11,0.03,GroupAware2025,27.0,23.02162489086607,38.22142857142857,57.332142857142856,57.33214285714286,,1.0
bts,1,test,2024-05-11,0.03,RobustImprovement2025,27.0,18.2770186158866,42.79926879623789,63.69890319435684,62.69890319435684,,1.0
bts,1,test,2024-05-11,0.05,StructuralRobust,44.0,132.57347521473466,60.48780090632963,90.23170135949445,89.23170135949445,0.0,1.0
bts,1,test,2024-05-11,0.05,ExpectedActionValue,44.0,143.78910540916513,11.86201226309922,17.701351727982164,17.01385172798216,,1.0
bts,1,test,2024-05-11,0.05,PointwiseWorstAction,44.0,143.54789693674684,11.86201226309922,17.701351727982164,17.01385172798216,,1.0
bts,1,test,2024-05-11,0.05,ScenarioCVaR,44.0,143.54789693674684,11.86201226309922,17.701351727982164,17.01385172798216,,1.0
bts,1,test,2024-05-11,0.05,RiskFirst,44.0,34.68890354553493,48.84501347708894,73.26752021563341,73.26752021563344,,1.0
bts,1,test,2024-05-11,0.05,TemporalContext2024,44.0,34.65567801656229,48.649268796237884,72.85390319435683,71.95390319435683,,1.0
bts,1,test,2024-05-11,0.05,NetworkPropagation2024,44.0,34.376932023994826,58.09501347708894,87.14252021563343,87.14252021563343,,1.0
bts,1,test,2024-05-11,0.05,CalibratedUncertainty2025,44.0,29.589894559201802,60.09926879623787,90.14890319435682,90.14890319435682,,1.0
bts,1,test,2024-05-11,0.05,MappedPTO2026,44.0,30.143707661989627,74.4652656723627,111.69789850854406,111.69789850854409,,1.0
bts,1,test,2024-05-11,0.05,GroupAware2025,44.0,34.69724084495415,49.745013477088946,74.61752021563342,74.61752021563343,,1.0
bts,1,test,2024-05-11,0.05,RobustImprovement2025,44.0,32.51217669988455,59.74926879623789,89.12390319435684,88.12390319435684,,1.0
bts,1,test,2024-05-11,0.1,StructuralRobust,89.0,207.08729612246285,154.3937729536895,230.87637371624854,228.26923085910568,0.0,1.0
bts,1,test,2024-05-11,0.1,ExpectedActionValue,89.0,219.89744092418726,16.822306380746276,24.614709571119413,22.11679290445275,,1.0
bts,1,test,2024-05-11,0.1,PointwiseWorstAction,89.0,219.7380705312683,18.075084158524056,27.020959571119416,26.333459571119413,,1.0
bts,1,test,2024-05-11,0.1,ScenarioCVaR,89.0,219.7380705312683,18.075084158524056,27.020959571119416,26.333459571119413,,1.0
bts,1,test,2024-05-11,0.1,RiskFirst,89.0,63.633625812637334,98.60226086384854,147.18910558148707,144.58196272434424,,1.0
bts,1,test,2024-05-11,0.1,TemporalContext2024,89.0,66.48254380170486,97.5815161829975,145.6129885602105,142.6683457030676,,1.0
bts,1,test,2024-05-11,0.1,NetworkPropagation2024,89.0,68.20154061003863,151.98312838159165,227.3354068581018,225.29076400095897,,1.0
bts,1,test,2024-05-11,0.1,CalibratedUncertainty2025,89.0,52.91628557703513,81.37423557364652,121.30206764618407,118.35742478904122,,1.0
bts,1,test,2024-05-11,0.1,MappedPTO2026,89.0,57.42970143136179,105.45434111158588,158.1386545245217,157.81722595309319,,1.0
bts,1,test,2024-05-11,0.1,GroupAware2025,89.0,62.60116518312229,97.04392753051522,144.92660558148708,142.8819627243442,,1.0
bts,1,test,2024-05-11,0.1,RobustImprovement2025,89.0,61.49794998930223,137.22656488540963,205.12556161382872,202.51841875668583,,1.0
bts,1,test,2024-05-11,0.2,StructuralRobust,177.0,233.156362657694,220.0726776090601,328.8645658641396,322.2811867432606,0.0,1.0
bts,1,test,2024-05-11,0.2,ExpectedActionValue,177.0,328.4137662263545,61.18015282916174,91.04444040879116,87.74373247998854,,1.0
bts,1,test,2024-05-11,0.2,PointwiseWorstAction,177.0,329.32444125139034,63.730152829161746,94.86944040879115,91.56873247998854,,1.0
bts,1,test,2024-05-11,0.2,ScenarioCVaR,177.0,329.32444125139034,63.730152829161746,94.86944040879115,91.56873247998854,,1.0
bts,1,test,2024-05-11,0.2,RiskFirst,177.0,114.53348320328092,209.19949382988275,312.9220978876813,309.09352645910985,,1.0
bts,1,test,2024-05-11,0.2,TemporalContext2024,177.0,114.69393884353069,188.9799178318664,282.4727338906567,277.7441624620852,,1.0
bts,1,test,2024-05-11,0.2,NetworkPropagation2024,177.0,117.89436510564221,188.60744769242518,282.0619858243521,278.4430929672094,,1.0
bts,1,test,2024-05-11,0.2,CalibratedUncertainty2025,177.0,113.03322982109955,221.24963737450855,331.05741320462,327.6795917760486,,1.0
bts,1,test,2024-05-11,0.2,MappedPTO2026,177.0,115.05770256186804,145.83610108757802,218.54722782184325,216.99529925041475,,1.0
bts,1,test,2024-05-11,0.2,GroupAware2025,177.0,113.65018213055224,208.7252536195412,312.25573757216887,308.76466614359737,,1.0
bts,1,test,2024-05-11,0.2,RobustImprovement2025,177.0,139.4727646244091,156.99012387116417,234.52090009246052,230.0387572353176,,1.0
bts,1,test,2024-05-12,0.01,StructuralRobust,9.0,66.84903530343335,2.85,4.275,4.275,0.0,1.0
bts,1,test,2024-05-12,0.01,ExpectedActionValue,9.0,75.96442553838232,7.45,11.075,10.325,,1.0
bts,1,test,2024-05-12,0.01,PointwiseWorstAction,9.0,76.5457611564248,0.0,0.0,0.0,,1.0
bts,1,test,2024-05-12,0.01,ScenarioCVaR,9.0,76.5457611564248,0.0,0.0,0.0,,1.0
bts,1,test,2024-05-12,0.01,RiskFirst,9.0,7.678782055305819,1.8,2.7,2.7,,1.0
bts,1,test,2024-05-12,0.01,TemporalContext2024,9.0,7.678782055305819,1.8,2.7,2.7,,1.0
bts,1,test,2024-05-12,0.01,NetworkPropagation2024,9.0,7.678782055305819,1.8,2.7,2.7,,1.0
bts,1,test,2024-05-12,0.01,CalibratedUncertainty2025,9.0,6.757652298242876,3.1,4.65,4.65,,1.0
bts,1,test,2024-05-12,0.01,MappedPTO2026,9.0,4.639669307479119,1.05,1.575,1.575,,1.0
bts,1,test,2024-05-12,0.01,GroupAware2025,9.0,7.678782055305819,1.8,2.7,2.7,,1.0
bts,1,test,2024-05-12,0.01,RobustImprovement2025,9.0,5.472006510734145,2.85,4.275,4.275,,1.0
bts,1,test,2024-05-12,0.03,StructuralRobust,27.0,127.60938483892703,17.328448275862073,25.617672413793105,22.805172413793102,0.0,1.0
bts,1,test,2024-05-12,0.03,ExpectedActionValue,27.0,130.71088407335884,12.190000000000001,18.185,17.435,,1.0
bts,1,test,2024-05-12,0.03,PointwiseWorstAction,27.0,130.80335835371199,10.3,15.35,14.599999999999998,,1.0
bts,1,test,2024-05-12,0.03,ScenarioCVaR,27.0,130.80335835371199,10.3,15.35,14.599999999999998,,1.0
bts,1,test,2024-05-12,0.03,RiskFirst,27.0,18.942505642693902,6.65344827586207,9.980172413793104,9.980172413793104,,1.0
bts,1,test,2024-05-12,0.03,TemporalContext2024,27.0,16.8493758525737,4.15,6.225,6.225,,1.0
bts,1,test,2024-05-12,0.03,NetworkPropagation2024,27.0,20.199601854907804,11.8,17.6,16.849999999999998,,1.0
bts,1,test,2024-05-12,0.03,CalibratedUncertainty2025,27.0,22.56713210026766,12.475000000000001,18.5875,17.65,,1.0
bts,1,test,2024-05-12,0.03,MappedPTO2026,27.0,20.96476178815882,9.8,14.6,13.849999999999998,,1.0
bts,1,test,2024-05-12,0.03,GroupAware2025,27.0,18.67098045373774,6.65344827586207,9.980172413793104,9.980172413793104,,1.0
bts,1,test,2024-05-12,0.03,RobustImprovement2025,27.0,23.71722539266768,17.328448275862073,25.617672413793105,22.805172413793102,,1.0
bts,1,test,2024-05-12,0.05,StructuralRobust,46.0,153.77610630961738,23.726539347645726,35.24459625551114,32.65550051083029,0.0,1.0
bts,1,test,2024-05-12,0.05,ExpectedActionValue,46.0,169.37421103414545,26.668825509750366,39.57246903385632,37.716699803087096,,1.0
bts,1,test,2024-05-12,0.05,PointwiseWorstAction,46.0,169.9323290426476,21.654285714285717,32.081428571428575,30.45642857142857,,1.0
bts,1,test,2024-05-12,0.05,ScenarioCVaR,46.0,169.9323290426476,21.654285714285717,32.081428571428575,30.45642857142857,,1.0
bts,1,test,2024-05-12,0.05,RiskFirst,46.0,35.38998001162039,25.16732882132994,37.430780466037454,35.0291847213566,,1.0
bts,1,test,2024-05-12,0.05,TemporalContext2024,46.0,36.51973666093847,28.392328821329937,41.99328046603746,37.5291847213566,,1.0
bts,1,test,2024-05-12,0.05,NetworkPropagation2024,46.0,37.13560306825739,27.504943602964875,41.157415404447306,40.40741540444732,,1.0
bts,1,test,2024-05-12,0.05,CalibratedUncertainty2025,46.0,37.31816400027512,29.099943602964874,42.69991540444731,38.324915404447324,,1.0
bts,1,test,2024-05-12,0.05,MappedPTO2026,46.0,40.751618442044844,28.634217506631302,42.75132625994695,41.25132625994695,,1.0
bts,1,test,2024-05-12,0.05,GroupAware2025,46.0,33.73734115003883,25.96732882132994,38.63078046603746,36.2291847213566,,1.0
bts,1,test,2024-05-12,0.05,RobustImprovement2025,46.0,40.949407242404234,23.699943602964876,35.12491540444731,31.93741540444731,,1.0
bts,1,test,2024-05-12,0.1,StructuralRobust,91.0,225.50529214132968,67.68117901820168,100.23506639964292,90.5848004421961,0.0,1.0
bts,1,test,2024-05-12,0.1,ExpectedActionValue,91.0,245.21187009857442,62.003267440368774,92.49913192978394,90.08086269901472,,1.0
bts,1,test,2024-05-12,0.1,PointwiseWorstAction,91.0,245.61376109141207,62.065767440368774,92.53038192978391,89.64336269901469,,1.0
bts,1,test,2024-05-12,0.1,ScenarioCVaR,91.0,245.61376109141207,62.065767440368774,92.53038192978391,89.64336269901469,,1.0
bts,1,test,2024-05-12,0.1,RiskFirst,91.0,77.75241535169415,89.67300956648401,133.13930158376857,125.61270583908771,,1.0
bts,1,test,2024-05-12,0.1,TemporalContext2024,91.0,71.1367433509789,94.19007389135105,139.78772415802564,131.30732406551869,,1.0
bts,1,test,2024-05-12,0.1,NetworkPropagation2024,91.0,73.01090188854681,78.1611094596903,116.12145142357798,110.46985567889712,,1.0
bts,1,test,2024-05-12,0.1,CalibratedUncertainty2025,91.0,61.839412253807886,65.8499411071765,97.35469889480733,89.45310315012651,,1.0
bts,1,test,2024-05-12,0.1,MappedPTO2026,91.0,65.15530096768076,72.0697103584753,107.68313696628437,104.52242268057006,,1.0
bts,1,test,2024-05-12,0.1,GroupAware2025,91.0,75.85522272223973,98.61800983046165,146.806801979735,141.1552062350541,,1.0
bts,1,test,2024-05-12,0.1,RobustImprovement2025,91.0,68.85709312747123,71.41427760975097,105.83471428696686,96.18444832952005,,1.0
bts,1,test,2024-05-12,0.2,StructuralRobust,183.0,259.2766841028903,251.07135411836745,372.31866342648993,344.28090529353085,0.0,1.0
bts,1,test,2024-05-12,0.2,ExpectedActionValue,183.0,367.5522427904094,210.23742161125062,312.91312642364966,297.340581474453,,1.0
bts,1,test,2024-05-12,0.2,PointwiseWorstAction,183.0,368.19506839583437,203.69099303982205,303.13276928079256,287.8548671887387,,1.0
bts,1,test,2024-05-12,0.2,ScenarioCVaR,183.0,368.19506839583437,203.69099303982205,303.13276928079256,287.8548671887387,,1.0
bts,1,test,2024-05-12,0.2,RiskFirst,183.0,156.53606747815437,227.77425904029454,339.0191760823006,321.95258249624146,,1.0
bts,1,test,2024-05-12,0.2,TemporalContext2024,183.0,156.14241644021052,240.61073777894723,358.14314884866474,340.0959652004938,,1.0
bts,1,test,2024-05-12,0.2,NetworkPropagation2024,183.0,149.83302280005077,230.48861938377047,343.6822059592166,331.0517825859233,,1.0
bts,1,test,2024-05-12,0.2,CalibratedUncertainty2025,183.0,144.800100799647,245.91907340415594,366.9488527116142,355.22567225196633,,1.0
bts,1,test,2024-05-12,0.2,MappedPTO2026,183.0,150.67024287286503,185.26753671737038,275.2752710856912,258.3300161579583,,1.0
bts,1,test,2024-05-12,0.2,GroupAware2025,183.0,142.56774294056112,210.94664473368084,314.3906725555107,301.92096346793176,,1.0
bts,1,test,2024-05-12,0.2,RobustImprovement2025,183.0,140.20894896849524,151.48178230985974,225.78597133713004,215.0107053796832,,1.0
bts,1,test,2024-05-13,0.01,StructuralRobust,10.0,73.3052396077154,10.210005543237251,14.893417405764968,12.793985587583148,0.0,1.0
bts,1,test,2024-05-13,0.01,ExpectedActionValue,10.0,45.06889982610474,6.365909090909091,9.423863636363636,8.486363636363635,,1.0
bts,1,test,2024-05-13,0.01,PointwiseWorstAction,10.0,45.95774708199646,6.36590909090909,9.423863636363636,8.486363636363636,,1.0
bts,1,test,2024-05-13,0.01,ScenarioCVaR,10.0,45.95774708199646,6.36590909090909,9.423863636363636,8.486363636363636,,1.0
bts,1,test,2024-05-13,0.01,RiskFirst,10.0,5.756347257463511,8.960005543237251,13.393417405764968,13.043985587583148,,1.0
bts,1,test,2024-05-13,0.01,TemporalContext2024,10.0,5.756347257463511,8.960005543237251,13.393417405764968,13.043985587583148,,1.0
bts,1,test,2024-05-13,0.01,NetworkPropagation2024,10.0,6.302856484200727,3.260005543237251,4.843417405764967,4.493985587583149,,1.0
bts,1,test,2024-05-13,0.01,CalibratedUncertainty2025,10.0,4.888311927713464,6.266672209903918,9.353417405764965,9.003985587583147,,1.0
bts,1,test,2024-05-13,0.01,MappedPTO2026,10.0,4.098840109795548,5.85,8.4,6.65,,1.0
bts,1,test,2024-05-13,0.01,GroupAware2025,10.0,5.756347257463511,8.960005543237251,13.393417405764968,13.043985587583148,,1.0
bts,1,test,2024-05-13,0.01,RobustImprovement2025,10.0,4.707951641519962,11.966672209903919,17.903417405764966,17.553985587583146,,1.0
bts,1,test,2024-05-13,0.03,StructuralRobust,29.0,167.1642475958214,26.916586090349714,39.689716797862225,35.613499265394694,0.0,1.0
bts,1,test,2024-05-13,0.03,ExpectedActionValue,29.0,96.4964977129375,29.99831168831169,44.52360389610389,41.88724025974025,,1.0
bts,1,test,2024-05-13,0.03,PointwiseWorstAction,29.0,96.86708309147309,26.098311688311686,38.6736038961039,36.03724025974027,,1.0
bts,1,test,2024-05-13,0.03,ScenarioCVaR,29.0,96.86708309147309,26.098311688311686,38.6736038961039,36.03724025974027,,1.0
bts,1,test,2024-05-13,0.03,RiskFirst,29.0,19.731420245300846,26.616586090349713,39.389716797862235,36.438499265394704,,1.0
bts,1,test,2024-05-13,0.03,TemporalContext2024,29.0,19.84632004213345,22.59872894749257,33.42650251214795,30.95207069396613,,1.0
bts,1,test,2024-05-13,0.03,NetworkPropagation2024,29.0,18.536180695916194,30.616586090349713,45.38971679786223,42.4384992653947,,1.0
bts,1,test,2024-05-13,0.03,CalibratedUncertainty2025,29.0,20.12892319733192,40.73149202972374,60.775647135494694,58.36371531731285,,1.0
bts,1,test,2024-05-13,0.03,MappedPTO2026,29.0,17.451246231029746,29.45317145620337,43.64459484664272,40.69337731417519,,1.0
bts,1,test,2024-05-13,0.03,GroupAware2025,29.0,18.910888566898542,26.616586090349713,39.389716797862235,36.438499265394704,,1.0
bts,1,test,2024-05-13,0.03,RobustImprovement2025,29.0,20.880764895039505,26.916586090349714,39.689716797862225,35.613499265394694,,1.0
bts,1,test,2024-05-13,0.05,StructuralRobust,49.0,171.62113422842023,68.68208903949686,101.7685267771385,93.42147591133762,0.0,1.0
bts,1,test,2024-05-13,0.05,ExpectedActionValue,49.0,135.96692729105357,37.48315305141392,55.750865940757244,53.114502304393596,,1.0
bts,1,test,2024-05-13,0.05,PointwiseWorstAction,49.0,135.9587322071975,41.63315305141392,61.07586594075724,51.689502304393606,,1.0
bts,1,test,2024-05-13,0.05,ScenarioCVaR,49.0,135.9587322071975,41.63315305141392,61.07586594075724,51.689502304393606,,1.0
bts,1,test,2024-05-13,0.05,RiskFirst,49.0,31.872294330644674,47.60935169597187,70.5263228334141,64.9310375043364,,1.0
bts,1,test,2024-05-13,0.05,TemporalContext2024,49.0,31.661546974818933,45.95935169597187,68.0513228334141,62.4560375043364,,1.0
bts,1,test,2024-05-13,0.05,NetworkPropagation2024,49.0,30.33818490362967,45.31231779766678,67.10831435883783,61.71959682637031,,1.0
bts,1,test,2024-05-13,0.05,CalibratedUncertainty2025,49.0,29.37778569402644,56.46711477820304,83.86296745676086,78.64268212768312,,1.0
bts,1,test,2024-05-13,0.05,MappedPTO2026,49.0,33.229049987297635,47.370010105359086,70.09100666653015,63.923442980216464,,1.0
bts,1,test,2024-05-13,0.05,GroupAware2025,49.0,33.641228172417236,44.66231779766679,66.13331435883784,60.7445968263703,,1.0
bts,1,test,2024-05-13,0.05,RobustImprovement2025,49.0,32.11933967273357,49.41523404891304,73.23514636282587,67.63986103374816,,1.0
bts,1,test,2024-05-13,0.1,StructuralRobust,98.0,252.96828018262661,126.4525716837217,187.9217083705944,175.80558970818328,0.0,1.0
bts,1,test,2024-05-13,0.1,ExpectedActionValue,98.0,215.3877372133417,91.60660302736389,135.93604090468222,125.79967726831859,,1.0
bts,1,test,2024-05-13,0.1,PointwiseWorstAction,98.0,215.1997530182631,83.89707921784009,124.3717551903965,114.23539155403284,,1.0
bts,1,test,2024-05-13,0.1,ScenarioCVaR,98.0,215.1997530182631,83.89707921784009,124.3717551903965,114.23539155403284,,1.0
bts,1,test,2024-05-13,0.1,RiskFirst,98.0,65.0575512973111,140.16171802518508,208.86042788278945,199.55680922037837,,1.0
bts,1,test,2024-05-13,0.1,TemporalContext2024,98.0,67.17712241764725,123.14232765633261,183.08134232951073,171.90272366709968,,1.0
bts,1,test,2024-05-13,0.1,NetworkPropagation2024,98.0,66.3707087965384,135.97282913629618,202.94653899390056,196.41375366482288,,1.0
bts,1,test,2024-05-13,0.1,CalibratedUncertainty2025,98.0,67.44823599002898,133.3044579106139,198.19953771093265,186.08341904852153,,1.0
bts,1,test,2024-05-13,0.1,MappedPTO2026,98.0,75.98693191122113,108.69907229996518,162.00959995843925,155.2795362721256,,1.0
bts,1,test,2024-05-13,0.1,GroupAware2025,98.0,63.11961874139004,134.34724381486922,200.13871656731567,190.83509790490456,,1.0
bts,1,test,2024-05-13,0.1,RobustImprovement2025,98.0,65.37649513363553,122.2194553159071,181.82203381887246,171.5809151564614,,1.0
bts,1,test,2024-05-13,0.2,StructuralRobust,195.0,292.3539686473769,241.20445717268424,358.4307465886349,335.0913164470626,0.0,1.0
bts,1,test,2024-05-13,0.2,ExpectedActionValue,195.0,336.0561354479155,185.62806993616138,275.75916317930034,256.554713878601,,1.0
bts,1,test,2024-05-13,0.2,PointwiseWorstAction,195.0,336.1454162762756,175.8220699361613,261.0501631793003,241.84571387860103,,1.0
bts,1,test,2024-05-13,0.2,ScenarioCVaR,195.0,336.1454162762756,175.8220699361613,261.0501631793003,241.84571387860103,,1.0
bts,1,test,2024-05-13,0.2,RiskFirst,195.0,138.18997870885298,224.93098535666186,335.37545159506186,321.2802532955808,,1.0
bts,1,test,2024-05-13,0.2,TemporalContext2024,195.0,142.00747058204587,229.53447178891258,342.3338158228104,328.6371268686221,,1.0
bts,1,test,2024-05-13,0.2,NetworkPropagation2024,195.0,136.55516290963297,234.545708476524,349.9075674059517,336.6376025896944,,1.0
bts,1,test,2024-05-13,0.2,CalibratedUncertainty2025,195.0,142.54509371634182,245.1759938558864,365.4938427864438,349.530232806051,,1.0
bts,1,test,2024-05-13,0.2,MappedPTO2026,195.0,141.66789566872342,185.17418309812746,276.2894133487686,266.31295361059904,,1.0
bts,1,test,2024-05-13,0.2,GroupAware2025,195.0,138.6250899949899,233.49023173928995,348.1121453143436,333.25062810490954,,1.0
bts,1,test,2024-05-13,0.2,RobustImprovement2025,195.0,130.4041913310302,152.63109109637753,227.3894874895781,216.77336882716702,,1.0
bts,1,test,2024-05-14,0.01,StructuralRobust,10.0,76.24104736308988,7.219354838709678,10.241532258064517,7.004032258064515,0.0,1.0
bts,1,test,2024-05-14,0.01,ExpectedActionValue,10.0,65.43924404176876,17.180588235294117,25.436623093681916,22.929678649237474,,1.0
bts,1,test,2024-05-14,0.01,PointwiseWorstAction,10.0,68.52247789828223,17.000588235294117,25.466623093681914,25.209678649237468,,1.0
bts,1,test,2024-05-14,0.01,ScenarioCVaR,10.0,68.52247789828223,17.000588235294117,25.466623093681914,25.209678649237468,,1.0
bts,1,test,2024-05-14,0.01,RiskFirst,10.0,7.242248965541894,3.911538461538462,5.552884615384615,4.363461538461537,,1.0
bts,1,test,2024-05-14,0.01,TemporalContext2024,10.0,7.2422489655418945,3.911538461538462,5.552884615384615,4.363461538461537,,1.0
bts,1,test,2024-05-14,0.01,NetworkPropagation2024,10.0,6.325597183255489,4.2,5.7125,2.4749999999999996,,1.0
bts,1,test,2024-05-14,0.01,CalibratedUncertainty2025,10.0,7.0891127188350875,3.45,4.875,2.625,,1.0
bts,1,test,2024-05-14,0.01,MappedPTO2026,10.0,7.055997755763025,3.4000000000000004,4.800000000000001,2.55,,1.0
bts,1,test,2024-05-14,0.01,GroupAware2025,10.0,8.30204918514053,3.911538461538462,5.552884615384615,4.363461538461537,,1.0
bts,1,test,2024-05-14,0.01,RobustImprovement2025,10.0,7.0216685003329875,5.411538461538462,7.502884615384616,4.063461538461538,,1.0
bts,1,test,2024-05-14,0.03,StructuralRobust,29.0,131.665493732174,8.761538461538462,12.027884615384616,4.838461538461537,0.0,1.0
bts,1,test,2024-05-14,0.03,ExpectedActionValue,29.0,124.69044589607694,22.914142452161588,34.01195441898312,31.317509974538677,,1.0
bts,1,test,2024-05-14,0.03,PointwiseWorstAction,29.0,125.57516024383351,25.31414245216159,37.611954418983125,34.917509974538675,,1.0
bts,1,test,2024-05-14,0.03,ScenarioCVaR,29.0,125.57516024383351,25.31414245216159,37.611954418983125,34.917509974538675,,1.0
bts,1,test,2024-05-14,0.03,RiskFirst,29.0,19.556575712712597,11.46496311907271,16.28987091675448,10.651817702845097,,1.0
bts,1,test,2024-05-14,0.03,TemporalContext2024,29.0,19.060688277343125,10.614963119072709,15.014870916754477,9.376817702845099,,1.0
bts,1,test,2024-05-14,0.03,NetworkPropagation2024,29.0,19.785688004830078,11.46496311907271,16.28987091675448,10.651817702845097,,1.0
bts,1,test,2024-05-14,0.03,CalibratedUncertainty2025,29.0,18.637323602919107,6.283333333333333,8.8375,5.6,,1.0
bts,1,test,2024-05-14,0.03,MappedPTO2026,29.0,19.145935588975966,11.464963119072708,16.289870916754477,10.651817702845102,,1.0
bts,1,test,2024-05-14,0.03,GroupAware2025,29.0,20.889030088352484,13.104585760582143,18.749304879018627,13.111251665109247,,1.0
bts,1,test,2024-05-14,0.03,RobustImprovement2025,29.0,18.47898497523374,8.761538461538462,12.027884615384616,4.838461538461537,,1.0
bts,1,test,2024-05-14,0.05,StructuralRobust,48.0,164.27725880155347,31.35396387003488,44.70735134026081,28.449142854324457,0.0,1.0
bts,1,test,2024-05-14,0.05,ExpectedActionValue,48.0,169.06114034512507,59.19494994941284,88.43316566486,85.73872122041556,,1.0
bts,1,test,2024-05-14,0.05,PointwiseWorstAction,48.0,170.0292157299287,62.25642535924891,93.0253787796141,90.33093433516964,,1.0
bts,1,test,2024-05-14,0.05,ScenarioCVaR,48.0,170.0292157299287,62.25642535924891,93.0253787796141,90.33093433516964,,1.0
bts,1,test,2024-05-14,0.05,RiskFirst,48.0,32.40572069565857,27.55251202786325,39.92119427994029,30.533141066030907,,1.0
bts,1,test,2024-05-14,0.05,TemporalContext2024,48.0,34.28938507141556,27.45679745844226,40.1526224258088,33.57706921189942,,1.0
bts,1,test,2024-05-14,0.05,NetworkPropagation2024,48.0,32.80873452624106,24.940607265958487,36.00333713708315,26.615283923173767,,1.0
bts,1,test,2024-05-14,0.05,CalibratedUncertainty2025,48.0,31.273730994160264,25.429068804420023,37.26295252169853,31.826822384712226,,1.0
bts,1,test,2024-05-14,0.05,MappedPTO2026,48.0,31.577348408634272,37.12829645240605,54.78487091675448,49.1468177028451,,1.0
bts,1,test,2024-05-14,0.05,GroupAware2025,48.0,33.75785343973606,26.802512027863248,38.79619427994029,29.40814106603091,,1.0
bts,1,test,2024-05-14,0.05,RobustImprovement2025,48.0,31.30714854218164,22.591716562269905,32.48000108155028,23.0919478676409,,1.0
bts,1,test,2024-05-14,0.1,StructuralRobust,96.0,241.58430562397947,96.7821537648331,141.02965272505529,112.18406830859784,0.0,1.0
bts,1,test,2024-05-14,0.1,ExpectedActionValue,96.0,251.1177056064191,109.69378849716261,163.4141606626727,154.96524503963846,,1.0
bts,1,test,2024-05-14,0.1,PointwiseWorstAction,96.0,251.38894002415066,87.34854524776077,130.37763907215202,125.53879807598346,,1.0
bts,1,test,2024-05-14,0.1,ScenarioCVaR,96.0,251.38894002415066,87.34854524776077,130.37763907215202,125.53879807598346,,1.0
bts,1,test,2024-05-14,0.1,RiskFirst,96.0,66.82319782362964,113.02473466687643,167.42696413589596,152.76968015275577,,1.0
bts,1,test,2024-05-14,0.1,TemporalContext2024,96.0,67.94612435768822,106.21143175496334,156.77233234867148,138.85496772037004,,1.0
bts,1,test,2024-05-14,0.1,NetworkPropagation2024,96.0,67.18777392173705,117.25183721997661,173.89261796554624,160.17283398240613,,1.0
bts,1,test,2024-05-14,0.1,CalibratedUncertainty2025,96.0,68.60547947560137,98.12918681210661,145.26120645630533,131.93565324239594,,1.0
bts,1,test,2024-05-14,0.1,MappedPTO2026,96.0,67.13446941524055,128.65155558630502,191.5773402627642,182.24614188756456,,1.0
bts,1,test,2024-05-14,0.1,GroupAware2025,96.0,66.097663879329,117.13395995495173,174.0158020680089,162.54601808486873,,1.0
bts,1,test,2024-05-14,0.1,RobustImprovement2025,96.0,68.95163559274118,113.04551944050225,166.2543621153167,143.63123427454167,,1.0
bts,1,test,2024-05-14,0.2,StructuralRobust,192.0,275.631341225876,242.67959988362315,358.37227740851944,318.2501092816548,0.0,1.0
bts,1,test,2024-05-14,0.2,ExpectedActionValue,192.0,371.97474095553895,156.54845164632394,232.50891386449578,215.68693682706947,,1.0
bts,1,test,2024-05-14,0.2,PointwiseWorstAction,192.0,372.3706371979396,157.22524857987008,233.91417336737914,219.48642709918363,,1.0
bts,1,test,2024-05-14,0.2,ScenarioCVaR,192.0,372.3706371979396,157.22524857987008,233.91417336737914,219.48642709918363,,1.0
bts,1,test,2024-05-14,0.2,RiskFirst,192.0,141.9809517218203,226.54528527964536,335.555871916215,305.82170189181716,,1.0
bts,1,test,2024-05-14,0.2,TemporalContext2024,192.0,136.65285390365804,229.25093044093563,339.48933965815047,308.8176696337527,,1.0
bts,1,test,2024-05-14,0.2,NetworkPropagation2024,192.0,133.94668784250277,221.78060423254342,328.83980463483687,302.3377917799994,,1.0
bts,1,test,2024-05-14,0.2,CalibratedUncertainty2025,192.0,135.27967920699075,220.52779220231548,327.6530059443336,305.28163825078616,,1.0
bts,1,test,2024-05-14,0.2,MappedPTO2026,192.0,140.08788019833358,219.62764541226593,325.7242342822261,300.07623051093003,,1.0
bts,1,test,2024-05-14,0.2,GroupAware2025,192.0,138.08432457027013,210.4263354092617,312.92936524947385,293.7720812663337,,1.0
bts,1,test,2024-05-14,0.2,RobustImprovement2025,192.0,135.05656590206362,132.02117531044516,194.43034592023105,169.65096807945596,,1.0
bts,1,test,2024-05-15,0.01,StructuralRobust,10.0,85.56490985244268,6.671428571428571,10.007142857142856,10.007142857142856,0.0,1.0
bts,1,test,2024-05-15,0.01,ExpectedActionValue,10.0,87.96182223357592,42.397034400948996,63.544958481613286,63.165510083036764,,1.0
bts,1,test,2024-05-15,0.01,PointwiseWorstAction,10.0,87.96182223357592,42.397034400948996,63.544958481613286,63.165510083036764,,1.0
bts,1,test,2024-05-15,0.01,ScenarioCVaR,10.0,87.96182223357592,42.397034400948996,63.544958481613286,63.165510083036764,,1.0
bts,1,test,2024-05-15,0.01,RiskFirst,10.0,5.188549083207223,8.664285714285713,12.99642857142857,12.996428571428572,,1.0
bts,1,test,2024-05-15,0.01,TemporalContext2024,10.0,5.188549083207223,8.664285714285713,12.99642857142857,12.996428571428572,,1.0
bts,1,test,2024-05-15,0.01,NetworkPropagation2024,10.0,4.789043974937295,3.571428571428571,5.357142857142857,5.357142857142856,,1.0
bts,1,test,2024-05-15,0.01,CalibratedUncertainty2025,10.0,4.554560371275201,4.542857142857143,6.814285714285714,6.814285714285715,,1.0
bts,1,test,2024-05-15,0.01,MappedPTO2026,10.0,8.871537891007623,35.69816651253689,53.547249768805344,53.54724976880535,,1.0
bts,1,test,2024-05-15,0.01,GroupAware2025,10.0,5.1524789893720975,25.54369523809524,38.31554285714286,38.31554285714286,,1.0
bts,1,test,2024-05-15,0.01,RobustImprovement2025,10.0,4.0920807631864555,3.571428571428571,5.357142857142857,5.357142857142856,,1.0
bts,1,test,2024-05-15,0.03,StructuralRobust,29.0,148.3760129892703,67.30204634290622,100.85306951435933,100.10306951435935,0.0,1.0
bts,1,test,2024-05-15,0.03,ExpectedActionValue,29.0,147.83402329400695,114.29598398078095,171.21838285136118,169.5264344527846,,1.0
bts,1,test,2024-05-15,0.03,PointwiseWorstAction,29.0,148.1363667509026,115.64598398078094,173.24338285136116,171.55143445278458,,1.0
bts,1,test,2024-05-15,0.03,ScenarioCVaR,29.0,148.1363667509026,115.64598398078094,173.24338285136116,171.55143445278458,,1.0
bts,1,test,2024-05-15,0.03,RiskFirst,29.0,20.692998825744997,41.91364627265684,62.74546940898525,61.80796940898524,,1.0
bts,1,test,2024-05-15,0.03,TemporalContext2024,29.0,19.79884116908258,40.967994098743794,61.32699114811568,60.389491148115674,,1.0
bts,1,test,2024-05-15,0.03,NetworkPropagation2024,29.0,20.46425444290167,45.974587917219175,68.96188187582875,68.96188187582874,,1.0
bts,1,test,2024-05-15,0.03,CalibratedUncertainty2025,29.0,18.214763231108204,34.622791030108104,51.934186545162156,51.93418654516216,,1.0
bts,1,test,2024-05-15,0.03,MappedPTO2026,29.0,19.24269421025303,44.14381868644994,66.2157280296749,66.21572802967492,,1.0
bts,1,test,2024-05-15,0.03,GroupAware2025,29.0,19.222096332776786,41.91364627265684,62.74546940898526,61.80796940898525,,1.0
bts,1,test,2024-05-15,0.03,RobustImprovement2025,29.0,19.496231474183542,67.30204634290622,100.85306951435933,100.10306951435935,,1.0
bts,1,test,2024-05-15,0.05,StructuralRobust,48.0,180.42064634356842,84.11482745235149,125.98854552635333,124.61082813504898,0.0,1.0
bts,1,test,2024-05-15,0.05,ExpectedActionValue,48.0,187.2757786509333,148.28185354599836,222.07218719918728,219.44273880061067,,1.0
bts,1,test,2024-05-15,0.05,PointwiseWorstAction,48.0,187.83394109422954,145.42098398078096,217.78088285136118,215.15143445278457,,1.0
bts,1,test,2024-05-15,0.05,ScenarioCVaR,48.0,187.83394109422954,145.42098398078096,217.78088285136118,215.15143445278457,,1.0
bts,1,test,2024-05-15,0.05,RiskFirst,48.0,29.917686582951024,84.28038405022515,126.06188042316384,123.37166303185948,,1.0
bts,1,test,2024-05-15,0.05,TemporalContext2024,48.0,28.064792685992597,95.8898274523515,143.47604552635332,140.78582813504897,,1.0
bts,1,test,2024-05-15,0.05,NetworkPropagation2024,48.0,29.99556958438827,83.78038405022518,125.41188042316384,123.47166303185948,,1.0
bts,1,test,2024-05-15,0.05,CalibratedUncertainty2025,48.0,32.21807688327957,70.54391532632735,105.7321773373171,105.10445994601275,,1.0
bts,1,test,2024-05-15,0.05,MappedPTO2026,48.0,33.713447477801324,107.5650132959197,161.16382429170562,159.78610690040125,,1.0
bts,1,test,2024-05-15,0.05,GroupAware2025,48.0,29.478446753888534,67.61362901310957,101.12044351966436,98.87044351966438,,1.0
bts,1,test,2024-05-15,0.05,RobustImprovement2025,48.0,29.57734011502261,91.14136509816274,136.4620476472441,134.58704764724413,,1.0
bts,1,test,2024-05-15,0.1,StructuralRobust,97.0,260.99763063342033,154.172466451089,230.61307220627774,225.7708661786097,0.0,1.0
bts,1,test,2024-05-15,0.1,ExpectedActionValue,97.0,269.63486118120375,201.16927487101836,301.04022394862204,295.6875612643313,,1.0
bts,1,test,2024-05-15,0.1,PointwiseWorstAction,97.0,269.4840807888996,199.51927487101835,298.565223948622,293.21256126433127,,1.0
bts,1,test,2024-05-15,0.1,ScenarioCVaR,97.0,269.4840807888996,199.51927487101835,298.565223948622,293.21256126433127,,1.0
bts,1,test,2024-05-15,0.1,RiskFirst,97.0,58.18030473509939,141.91505595857603,212.43888828569013,209.18617089438573,,1.0
bts,1,test,2024-05-15,0.1,TemporalContext2024,97.0,59.525241992456316,136.98139794991803,204.93840127270312,200.93568388139872,,1.0
bts,1,test,2024-05-15,0.1,NetworkPropagation2024,97.0,61.707122590181335,132.52995106347117,198.3612309430328,195.10851355172844,,1.0
bts,1,test,2024-05-15,0.1,CalibratedUncertainty2025,97.0,65.68413744086473,164.0204197477923,245.57193396951448,242.1317165782101,,1.0
bts,1,test,2024-05-15,0.1,MappedPTO2026,97.0,66.81526869684437,214.01414550656085,320.5571654648102,317.0767695020773,,1.0
bts,1,test,2024-05-15,0.1,GroupAware2025,97.0,60.40534042679458,149.57193598472836,223.88290397709252,220.32040397709252,,1.0
bts,1,test,2024-05-15,0.1,RobustImprovement2025,97.0,60.59890930959573,136.29528683880687,203.75923460603647,198.63151721473218,,1.0
bts,1,test,2024-05-15,0.2,StructuralRobust,194.0,292.9735715389137,383.97779474784954,573.6543039427105,560.4363925997307,0.0,1.0
bts,1,test,2024-05-15,0.2,ExpectedActionValue,194.0,388.00702372240914,341.24977260229565,510.1962253248289,498.1392234852189,,1.0
bts,1,test,2024-05-15,0.2,PointwiseWorstAction,194.0,388.3500539453079,356.0176810383534,531.0935425243699,512.8149497756688,,1.0
bts,1,test,2024-05-15,0.2,ScenarioCVaR,194.0,388.3500539453079,356.0176810383534,531.0935425243699,512.8149497756688,,1.0
bts,1,test,2024-05-15,0.2,RiskFirst,194.0,127.13177166718172,336.6810128513858,503.7552540926673,495.63326520958054,,1.0
bts,1,test,2024-05-15,0.2,TemporalContext2024,194.0,120.51572142820899,306.3720842799573,458.2918612355244,450.1698723524375,,1.0
bts,1,test,2024-05-15,0.2,NetworkPropagation2024,194.0,130.8488228364722,340.4642891365043,509.05516852034486,500.8706796372581,,1.0
bts,1,test,2024-05-15,0.2,CalibratedUncertainty2025,194.0,126.86340236637874,407.3825243743439,609.461398382452,598.7434870394721,,1.0
bts,1,test,2024-05-15,0.2,MappedPTO2026,194.0,128.56554022082122,398.533241579091,596.2494060077546,585.9959833011385,,1.0
bts,1,test,2024-05-15,0.2,GroupAware2025,194.0,127.94688073828121,305.1523851193283,456.3553337074908,447.4310039212286,,1.0
bts,1,test,2024-05-15,0.2,RobustImprovement2025,194.0,115.47997917915639,205.27987807912555,307.09835550906763,300.9373934369122,,1.0
bts,1,test,2024-05-16,0.01,StructuralRobust,10.0,69.92624678901589,19.092218796120598,27.973005613535733,22.98308625869702,0.0,1.0
bts,1,test,2024-05-16,0.01,ExpectedActionValue,10.0,60.051382315974706,7.371235939829246,11.056853909743868,11.056853909743866,,1.0
bts,1,test,2024-05-16,0.01,PointwiseWorstAction,10.0,60.085973064895455,7.371235939829246,11.056853909743868,11.056853909743866,,1.0
bts,1,test,2024-05-16,0.01,ScenarioCVaR,10.0,60.085973064895455,7.371235939829246,11.056853909743868,11.056853909743866,,1.0
bts,1,test,2024-05-16,0.01,RiskFirst,10.0,6.636273785241394,14.783751054185117,21.75264271030993,18.580263678051864,,1.0
bts,1,test,2024-05-16,0.01,TemporalContext2024,10.0,6.636273785241393,14.783751054185117,21.75264271030993,18.580263678051864,,1.0
bts,1,test,2024-05-16,0.01,NetworkPropagation2024,10.0,6.636273785241394,14.783751054185117,21.75264271030993,18.580263678051864,,1.0
bts,1,test,2024-05-16,0.01,CalibratedUncertainty2025,10.0,7.262016649413582,24.742697132616488,36.64106182795699,33.093682795698925,,1.0
bts,1,test,2024-05-16,0.01,MappedPTO2026,10.0,4.16236633909623,11.863858034083993,17.37115223676202,14.186391129032256,,1.0
bts,1,test,2024-05-16,0.01,GroupAware2025,10.0,6.636273785241393,14.783751054185117,21.75264271030993,18.580263678051864,,1.0
bts,1,test,2024-05-16,0.01,RobustImprovement2025,10.0,5.8476469563937155,16.88791772085178,25.02139271030993,22.69276367805186,,1.0
bts,1,test,2024-05-16,0.03,StructuralRobust,31.0,131.373912418832,86.94338086472163,129.06868600833516,118.97079634273061,0.0,1.0
bts,1,test,2024-05-16,0.03,ExpectedActionValue,31.0,124.46877190000694,13.996235939829246,20.869353909743868,19.931853909743865,,1.0
bts,1,test,2024-05-16,0.03,PointwiseWorstAction,31.0,123.835283841107,13.996235939829246,20.869353909743868,19.931853909743865,,1.0
bts,1,test,2024-05-16,0.03,ScenarioCVaR,31.0,123.835283841107,13.996235939829246,20.869353909743868,19.931853909743865,,1.0
bts,1,test,2024-05-16,0.03,RiskFirst,31.0,21.702593102925547,85.15099483897778,126.9081074441027,120.77022133637293,,1.0
bts,1,test,2024-05-16,0.03,TemporalContext2024,31.0,20.89818994986597,63.000994838977775,93.68310744410269,87.54522133637296,,1.0
bts,1,test,2024-05-16,0.03,NetworkPropagation2024,31.0,22.028983570266202,79.94474483897778,119.2799824441027,114.50147133637293,,1.0
bts,1,test,2024-05-16,0.03,CalibratedUncertainty2025,31.0,23.038787513563534,72.35280527964888,107.91707310510935,103.32606199737963,,1.0
bts,1,test,2024-05-16,0.03,MappedPTO2026,31.0,21.80406644032677,72.8154278286685,108.40475692863878,102.26687082090902,,1.0
bts,1,test,2024-05-16,0.03,GroupAware2025,31.0,21.90549533398949,70.14474483897779,104.67998244410269,100.65147133637292,,1.0
bts,1,test,2024-05-16,0.03,RobustImprovement2025,31.0,17.18526439741916,86.94338086472163,129.06868600833516,118.97079634273061,,1.0
bts,1,test,2024-05-16,0.05,StructuralRobust,51.0,167.4880781456957,112.46847944852988,166.78103626499993,152.3684144565383,0.0,1.0
bts,1,test,2024-05-16,0.05,ExpectedActionValue,51.0,169.95509976910992,39.11228592045691,58.41842888068536,56.543428880685354,,1.0
bts,1,test,2024-05-16,0.05,PointwiseWorstAction,51.0,170.48270650505592,45.908372876978646,68.58603757633753,66.51212453285927,,1.0
bts,1,test,2024-05-16,0.05,ScenarioCVaR,51.0,170.48270650505592,45.908372876978646,68.58603757633753,66.51212453285927,,1.0
bts,1,test,2024-05-16,0.05,RiskFirst,51.0,35.36374433830498,116.09005303317457,172.80808718149933,162.85564441953062,,1.0
bts,1,test,2024-05-16,0.05,TemporalContext2024,51.0,35.97077427925491,116.87082226394381,173.9792410276532,164.02679826568453,,1.0
bts,1,test,2024-05-16,0.05,NetworkPropagation2024,51.0,35.58171830441443,107.22937940888615,159.89691545474412,152.7932630153561,,1.0
bts,1,test,2024-05-16,0.05,CalibratedUncertainty2025,51.0,31.697499143392204,94.03700831570202,139.73412718480574,129.82373751920125,,1.0
bts,1,test,2024-05-16,0.05,MappedPTO2026,51.0,35.3760283543667,102.64333234643158,152.89661370528336,144.8837275975536,,1.0
bts,1,test,2024-05-16,0.05,GroupAware2025,51.0,31.914422321201176,116.70181773905693,173.7757342403229,164.19829147835418,,1.0
bts,1,test,2024-05-16,0.05,RobustImprovement2025,51.0,30.96034584875145,113.49005303317456,168.42867541679345,154.8806444195306,,1.0
bts,1,test,2024-05-16,0.1,StructuralRobust,102.0,251.24555375922563,210.07919487528235,312.0483977691455,289.02043869081035,0.0,1.0
bts,1,test,2024-05-16,0.1,ExpectedActionValue,102.0,258.14249894081183,109.02939092594782,162.6420613590441,155.8768736349619,,1.0
bts,1,test,2024-05-16,0.1,PointwiseWorstAction,102.0,258.47684875747154,102.4383194973764,152.70545421618698,145.56526649210474,,1.0
bts,1,test,2024-05-16,0.1,ScenarioCVaR,102.0,258.47684875747154,102.4383194973764,152.70545421618698,145.56526649210474,,1.0
bts,1,test,2024-05-16,0.1,RiskFirst,102.0,68.482316988278,197.4440825989004,294.18471976538217,279.32418876811937,,1.0
bts,1,test,2024-05-16,0.1,TemporalContext2024,102.0,68.00845818224406,184.64408259890038,275.0847197653822,260.97418876811946,,1.0
bts,1,test,2024-05-16,0.1,NetworkPropagation2024,102.0,68.16369797554243,199.88123374963644,297.8404464914863,282.9799154942235,,1.0
bts,1,test,2024-05-16,0.1,CalibratedUncertainty2025,102.0,69.9407623295223,195.25872261717262,290.7376321737429,274.60924403362304,,1.0
bts,1,test,2024-05-16,0.1,MappedPTO2026,102.0,82.69671939061439,188.84870095549965,281.421059064987,267.5311163030183,,1.0
bts,1,test,2024-05-16,0.1,GroupAware2025,102.0,71.98575125784288,212.388969521688,316.7880408616378,303.3224402049322,,1.0
bts,1,test,2024-05-16,0.1,RobustImprovement2025,102.0,65.71160189510853,202.49740340090543,300.80223229671054,278.7231862618537,,1.0
bts,1,test,2024-05-16,0.2,StructuralRobust,204.0,273.28291889907445,388.4325831414154,578.4127262374823,546.641612677675,0.0,1.0
bts,1,test,2024-05-16,0.2,ExpectedActionValue,204.0,388.9514101512757,249.63490031719417,372.7647268586527,360.1075497301131,,1.0
bts,1,test,2024-05-16,0.2,PointwiseWorstAction,204.0,389.6774748956757,259.5779235730081,387.4792617423735,373.3220846138338,,1.0
bts,1,test,2024-05-16,0.2,ScenarioCVaR,204.0,389.6774748956757,259.5779235730081,387.4792617423735,373.3220846138338,,1.0
bts,1,test,2024-05-16,0.2,RiskFirst,204.0,132.2976981122051,386.53883929730523,576.5622968067205,552.217580762441,,1.0
bts,1,test,2024-05-16,0.2,TemporalContext2024,204.0,137.52026134843337,377.2897456929274,562.785715223683,539.1689403558742,,1.0
bts,1,test,2024-05-16,0.2,NetworkPropagation2024,204.0,139.96849656757507,370.57071657390526,552.886634460751,530.6158314599497,,1.0
bts,1,test,2024-05-16,0.2,CalibratedUncertainty2025,204.0,141.90219773027107,363.74312766186955,542.3907881770965,518.211513309288,,1.0
bts,1,test,2024-05-16,0.2,MappedPTO2026,204.0,158.28276073948797,349.80676532449354,521.979665723664,501.50104875059196,,1.0
bts,1,test,2024-05-16,0.2,GroupAware2025,204.0,132.57822114310056,334.923211769559,499.3359143386306,476.4691394708218,,1.0
bts,1,test,2024-05-16,0.2,RobustImprovement2025,204.0,140.2631659594577,328.9051008459262,490.12138715989397,465.84940634242844,,1.0
bts,1,test,2024-05-17,0.01,StructuralRobust,11.0,70.32095178189162,13.819639175257734,20.130231958762888,15.636030927835051,0.0,1.0
bts,1,test,2024-05-17,0.01,ExpectedActionValue,11.0,62.34728299684814,3.361538461538462,5.042307692307692,5.042307692307691,,1.0
bts,1,test,2024-05-17,0.01,PointwiseWorstAction,11.0,62.34728299684814,3.361538461538462,5.042307692307692,5.042307692307691,,1.0
bts,1,test,2024-05-17,0.01,ScenarioCVaR,11.0,62.34728299684814,3.361538461538462,5.042307692307692,5.042307692307691,,1.0
bts,1,test,2024-05-17,0.01,RiskFirst,11.0,5.282066611646217,18.616861397479955,27.234398625429556,22.05269759450172,,1.0
bts,1,test,2024-05-17,0.01,TemporalContext2024,11.0,5.290588601313034,20.916861397479956,30.684398625429555,25.50269759450172,,1.0
bts,1,test,2024-05-17,0.01,NetworkPropagation2024,11.0,5.8660380068924125,16.526861397479955,24.049398625429554,18.49269759450172,,1.0
bts,1,test,2024-05-17,0.01,CalibratedUncertainty2025,11.0,5.937159658856048,19.326861397479956,28.299398625429554,23.117697594501717,,1.0
bts,1,test,2024-05-17,0.01,MappedPTO2026,11.0,6.872236929496547,12.629639175257735,18.295231958762887,13.426030927835049,,1.0
bts,1,test,2024-05-17,0.01,GroupAware2025,11.0,5.431348739052925,18.61686139747996,27.234398625429556,22.052697594501716,,1.0
bts,1,test,2024-05-17,0.01,RobustImprovement2025,11.0,4.82195331898507,16.11963917525773,23.580231958762887,19.086030927835054,,1.0
bts,1,test,2024-05-17,0.03,StructuralRobust,32.0,139.27520776359978,31.710727567799264,46.31945987719696,36.96972381843244,0.0,1.0
bts,1,test,2024-05-17,0.03,ExpectedActionValue,32.0,121.18499903686966,21.666846522781775,32.45026978417266,32.07526978417266,,1.0
bts,1,test,2024-05-17,0.03,PointwiseWorstAction,32.0,121.81314242516315,23.016846522781776,34.42526978417266,33.67526978417266,,1.0
bts,1,test,2024-05-17,0.03,ScenarioCVaR,32.0,121.81314242516315,23.016846522781776,34.42526978417266,33.67526978417266,,1.0
bts,1,test,2024-05-17,0.03,RiskFirst,32.0,23.928341749638378,30.39622721102708,44.675186476185026,37.78152892351807,,1.0
bts,1,test,2024-05-17,0.03,TemporalContext2024,32.0,24.92387513563163,27.2613058419244,40.15106529209622,34.594364261168394,,1.0
bts,1,test,2024-05-17,0.03,NetworkPropagation2024,32.0,18.089374274334887,25.201782766582635,36.88351980951836,29.9898622568514,,1.0
bts,1,test,2024-05-17,0.03,CalibratedUncertainty2025,32.0,20.511027683105656,31.362610189750487,46.124760944270136,39.23110339160317,,1.0
bts,1,test,2024-05-17,0.03,MappedPTO2026,32.0,24.41018400900089,25.20178276658264,36.88351980951836,29.989862256851396,,1.0
bts,1,test,2024-05-17,0.03,GroupAware2025,32.0,23.245877098029705,33.846227211027085,49.85018647618503,42.956528923518064,,1.0
bts,1,test,2024-05-17,0.03,RobustImprovement2025,32.0,20.912961524690385,31.710727567799264,46.31945987719696,36.96972381843244,,1.0
bts,1,test,2024-05-17,0.05,StructuralRobust,53.0,170.77483837020444,76.56768976847808,112.35355617475406,93.6187175900311,0.0,1.0
bts,1,test,2024-05-17,0.05,ExpectedActionValue,53.0,166.05095502086758,36.66327509421035,54.81991264131552,53.50741264131551,,1.0
bts,1,test,2024-05-17,0.05,PointwiseWorstAction,53.0,166.98931059178759,36.23573541167066,54.20360311750599,53.078603117506006,,1.0
bts,1,test,2024-05-17,0.05,ScenarioCVaR,53.0,166.98931059178759,36.23573541167066,54.20360311750599,53.078603117506006,,1.0
bts,1,test,2024-05-17,0.05,RiskFirst,53.0,39.28114927130764,53.91739972783066,79.82393554265253,71.9327051744516,,1.0
bts,1,test,2024-05-17,0.05,TemporalContext2024,53.0,40.40492590553686,52.36367653935138,77.45493612578727,69.27559600148876,,1.0
bts,1,test,2024-05-17,0.05,NetworkPropagation2024,53.0,39.993631522498035,57.72230688963438,85.37842272213972,76.34064062980084,,1.0
bts,1,test,2024-05-17,0.05,CalibratedUncertainty2025,53.0,32.94790137304438,58.896095273763194,87.13910529833294,78.10132320599405,,1.0
bts,1,test,2024-05-17,0.05,MappedPTO2026,53.0,35.952468955946,50.69792829517783,74.62773810241116,65.3590805497442,,1.0
bts,1,test,2024-05-17,0.05,GroupAware2025,53.0,39.762008306224566,63.51652893020377,94.18421471206585,86.00487458776738,,1.0
bts,1,test,2024-05-17,0.05,RobustImprovement2025,53.0,37.84934845354838,48.08680724640656,70.54769612315167,58.67883552471525,,1.0
bts,1,test,2024-05-17,0.1,StructuralRobust,106.0,256.87625924218355,128.6619250267478,189.12421381178254,161.4841608492388,0.0,1.0
bts,1,test,2024-05-17,0.1,ExpectedActionValue,106.0,253.38557172315453,93.51572603508234,139.6598390526235,135.6410890526235,,1.0
bts,1,test,2024-05-17,0.1,PointwiseWorstAction,106.0,252.92075936466296,97.2014800945595,144.99970751557663,139.56523781860693,,1.0
bts,1,test,2024-05-17,0.1,ScenarioCVaR,106.0,252.92075936466296,97.2014800945595,144.99970751557663,139.56523781860693,,1.0
bts,1,test,2024-05-17,0.1,RiskFirst,106.0,82.34410089900624,114.42632486847054,169.83086144513652,156.26616751336678,,1.0
bts,1,test,2024-05-17,0.1,TemporalContext2024,106.0,81.6796746037043,110.37362216576784,163.60180739108247,148.91211345931274,,1.0
bts,1,test,2024-05-17,0.1,NetworkPropagation2024,106.0,83.74800198415817,120.30662043497301,178.75130479489025,165.9366108631205,,1.0
bts,1,test,2024-05-17,0.1,CalibratedUncertainty2025,106.0,67.81480562736277,99.33026111406734,147.16287692464283,133.41901632620636,,1.0
bts,1,test,2024-05-17,0.1,MappedPTO2026,106.0,75.17122415260252,138.64359367829718,205.26988977014673,186.4286341654037,,1.0
bts,1,test,2024-05-17,0.1,GroupAware2025,106.0,84.99789209958371,117.71081428399444,174.75759556842237,161.19290163665264,,1.0
bts,1,test,2024-05-17,0.1,RobustImprovement2025,106.0,76.9496835565623,122.70900151356118,181.03808074713777,159.72241932310789,,1.0
bts,1,test,2024-05-17,0.2,StructuralRobust,211.0,294.8674080358605,262.7902684718724,387.67630419837786,344.15181537764784,0.0,1.0
bts,1,test,2024-05-17,0.2,ExpectedActionValue,211.0,379.87562216385385,168.26612729538502,250.18449715468972,234.15866874178116,,1.0
bts,1,test,2024-05-17,0.2,PointwiseWorstAction,211.0,380.0630534529562,173.11612729538504,257.45949715468976,241.43366874178113,,1.0
bts,1,test,2024-05-17,0.2,ScenarioCVaR,211.0,380.0630534529562,173.11612729538504,257.45949715468976,241.43366874178113,,1.0
bts,1,test,2024-05-17,0.2,RiskFirst,211.0,160.78792813373371,249.68437126604587,370.154084634556,342.6542926507101,,1.0
bts,1,test,2024-05-17,0.2,TemporalContext2024,211.0,165.74245404559872,214.72669192408253,317.7906580295865,290.83905910555666,,1.0
bts,1,test,2024-05-17,0.2,NetworkPropagation2024,211.0,164.34783211083612,238.12110929811539,352.8841916826604,325.9468996988147,,1.0
bts,1,test,2024-05-17,0.2,CalibratedUncertainty2025,211.0,149.31891432479352,251.5914213097817,372.11348046887025,337.8548442503529,,1.0
bts,1,test,2024-05-17,0.2,MappedPTO2026,211.0,149.7133665943694,255.97658760704155,379.6391097650444,351.3208224236597,,1.0
bts,1,test,2024-05-17,0.2,GroupAware2025,211.0,150.60698689131766,261.5541297177215,388.1648180203749,361.6263688488201,,1.0
bts,1,test,2024-05-17,0.2,RobustImprovement2025,211.0,158.11109225217683,194.98321152617308,289.09518903528647,265.70735213048755,,1.0
bts,1,test,2024-05-18,0.01,StructuralRobust,9.0,48.43843077450007,1.675,2.4875,2.3,0.0,1.0
bts,1,test,2024-05-18,0.01,ExpectedActionValue,9.0,67.67873034417146,8.430765639589168,12.321031746031746,9.882656395891694,,1.0
bts,1,test,2024-05-18,0.01,PointwiseWorstAction,9.0,67.67873034417146,8.430765639589168,12.321031746031746,9.882656395891694,,1.0
bts,1,test,2024-05-18,0.01,ScenarioCVaR,9.0,67.67873034417146,8.430765639589168,12.321031746031746,9.882656395891694,,1.0
bts,1,test,2024-05-18,0.01,RiskFirst,9.0,6.39281816585626,1.675,2.4875,2.3,,1.0
bts,1,test,2024-05-18,0.01,TemporalContext2024,9.0,6.8083310107620445,7.875,11.787500000000001,11.600000000000001,,1.0
bts,1,test,2024-05-18,0.01,NetworkPropagation2024,9.0,7.699690993297318,3.1125000000000003,4.643750000000001,4.456249999999999,,1.0
bts,1,test,2024-05-18,0.01,CalibratedUncertainty2025,9.0,7.620283566079058,1.675,2.4875,2.3,,1.0
bts,1,test,2024-05-18,0.01,MappedPTO2026,9.0,8.688211925220207,13.428422619047618,19.923735119047617,18.281994047619044,,1.0
bts,1,test,2024-05-18,0.01,GroupAware2025,9.0,6.307092258690421,1.675,2.4875,2.3,,1.0
bts,1,test,2024-05-18,0.01,RobustImprovement2025,9.0,6.750614606029735,1.675,2.4875,2.3,,1.0
bts,1,test,2024-05-18,0.03,StructuralRobust,27.0,103.05279757179622,24.212500000000002,36.10267857142857,34.48214285714286,0.0,1.0
bts,1,test,2024-05-18,0.03,ExpectedActionValue,27.0,112.9704639269857,31.91577748462819,47.14968175996709,41.71979825765311,,1.0
bts,1,test,2024-05-18,0.03,PointwiseWorstAction,27.0,112.95177810321061,28.58241628061481,42.37246604090354,38.61377819076348,,1.0
bts,1,test,2024-05-18,0.03,ScenarioCVaR,27.0,112.95177810321061,28.58241628061481,42.37246604090354,38.61377819076348,,1.0
bts,1,test,2024-05-18,0.03,RiskFirst,27.0,20.44651275169577,33.98020833333334,50.60319940476191,47.84985119047619,,1.0
bts,1,test,2024-05-18,0.03,TemporalContext2024,27.0,17.912081558251565,34.53125,51.580803571428575,49.96026785714285,,1.0
bts,1,test,2024-05-18,0.03,NetworkPropagation2024,27.0,22.025315707043717,29.198958333333337,43.43132440476191,40.67797619047619,,1.0
bts,1,test,2024-05-18,0.03,CalibratedUncertainty2025,27.0,23.13897002562034,36.212500000000006,54.29375,54.10624999999999,,1.0
bts,1,test,2024-05-18,0.03,MappedPTO2026,27.0,20.446512751695778,33.98020833333333,50.60319940476191,47.849851190476194,,1.0
bts,1,test,2024-05-18,0.03,GroupAware2025,27.0,20.128584216755385,40.18020833333334,59.90319940476191,57.149851190476184,,1.0
bts,1,test,2024-05-18,0.03,RobustImprovement2025,27.0,20.64099683037658,24.212500000000002,36.10267857142857,34.48214285714286,,1.0
bts,1,test,2024-05-18,0.05,StructuralRobust,45.0,132.22181620091354,42.280208333333334,63.053199404761905,60.29985119047619,0.0,1.0
bts,1,test,2024-05-18,0.05,ExpectedActionValue,45.0,149.35606296471926,42.24077748462819,61.41218175996708,48.919798257653106,,1.0
bts,1,test,2024-05-18,0.05,PointwiseWorstAction,45.0,149.96933451073983,49.18924687238329,72.95988584159974,66.78000233928576,,1.0
bts,1,test,2024-05-18,0.05,ScenarioCVaR,45.0,149.96933451073983,49.18924687238329,72.95988584159974,66.78000233928576,,1.0
bts,1,test,2024-05-18,0.05,RiskFirst,45.0,33.46332202641317,76.74019455296128,114.54785156592581,110.32954958955516,,1.0
bts,1,test,2024-05-18,0.05,TemporalContext2024,45.0,32.99401838922221,78.09964511977408,116.58702741614505,112.3687254397744,,1.0
bts,1,test,2024-05-18,0.05,NetworkPropagation2024,45.0,39.177993971233136,63.488327991453,94.80939598595849,91.63617597680098,,1.0
bts,1,test,2024-05-18,0.05,CalibratedUncertainty2025,45.0,36.55062426322966,46.73645833333334,69.85364583333333,67.97083333333333,,1.0
bts,1,test,2024-05-18,0.05,MappedPTO2026,45.0,33.25381810653088,54.25807718579235,80.88065842115535,77.0822282396565,,1.0
bts,1,test,2024-05-18,0.05,GroupAware2025,45.0,32.90502047165024,76.74019455296127,114.54785156592581,110.32954958955517,,1.0
bts,1,test,2024-05-18,0.05,RobustImprovement2025,45.0,39.84829240125135,60.905208333333334,90.91569940476191,87.5998511904762,,1.0
bts,1,test,2024-05-18,0.1,StructuralRobust,90.0,204.08315720468934,106.81588428818182,159.4293348867053,153.47064829495,0.0,1.0
bts,1,test,2024-05-18,0.1,ExpectedActionValue,90.0,221.42006092188205,88.54267350484818,130.05245325644793,111.46577575026546,,1.0
bts,1,test,2024-05-18,0.1,PointwiseWorstAction,90.0,222.12961369824507,87.96279545606768,129.1826361832772,110.59595867709473,,1.0
bts,1,test,2024-05-18,0.1,ScenarioCVaR,90.0,222.12961369824507,87.96279545606768,129.1826361832772,110.59595867709473,,1.0
bts,1,test,2024-05-18,0.1,RiskFirst,90.0,71.09004943044488,107.81588428818183,160.92933488670533,154.97064829495002,,1.0
bts,1,test,2024-05-18,0.1,TemporalContext2024,90.0,74.56408883750576,109.91437179682505,164.0770661496702,158.11837955791492,,1.0
bts,1,test,2024-05-18,0.1,NetworkPropagation2024,90.0,70.52978079256214,109.61355869284378,163.48554037124933,156.47455786112673,,1.0
bts,1,test,2024-05-18,0.1,CalibratedUncertainty2025,90.0,68.95222841720944,105.04358260839005,156.54752171127998,148.9136302014919,,1.0
bts,1,test,2024-05-18,0.1,MappedPTO2026,90.0,67.38713873458883,114.85982093858894,171.10001841709453,162.1771709861784,,1.0
bts,1,test,2024-05-18,0.1,GroupAware2025,90.0,69.96609400729622,112.07151491881244,167.31278083265127,161.35409424089602,,1.0
bts,1,test,2024-05-18,0.1,RobustImprovement2025,90.0,69.58272298732061,92.43201917427464,137.99288147813965,133.0792768535975,,1.0
bts,1,test,2024-05-18,0.2,StructuralRobust,181.0,248.36289783633788,222.2530384293079,329.21191656158703,300.07960844377635,0.0,1.0
bts,1,test,2024-05-18,0.2,ExpectedActionValue,181.0,328.4397509503062,181.17531124387534,268.53839966090703,246.47914562411233,,1.0
bts,1,test,2024-05-18,0.2,PointwiseWorstAction,181.0,329.2594849808664,182.4464305190929,270.37007857373334,247.7483245369386,,1.0
bts,1,test,2024-05-18,0.2,ScenarioCVaR,181.0,329.2594849808664,182.4464305190929,270.37007857373334,247.7483245369386,,1.0
bts,1,test,2024-05-18,0.2,RiskFirst,181.0,136.09921042086535,223.9307465479431,334.2768393952776,322.13223619549984,,1.0
bts,1,test,2024-05-18,0.2,TemporalContext2024,181.0,135.1517182464992,232.79145264046912,347.75820465651555,337.0408973751051,,1.0
bts,1,test,2024-05-18,0.2,NetworkPropagation2024,181.0,140.31745460865747,233.6152764782918,348.9381170494213,337.80213453929866,,1.0
bts,1,test,2024-05-18,0.2,CalibratedUncertainty2025,181.0,136.05242452850655,251.52126254281472,375.57955885429635,362.81204665485325,,1.0
bts,1,test,2024-05-18,0.2,MappedPTO2026,181.0,128.8845884125197,244.8969316737026,365.3657898233554,350.5187321693668,,1.0
bts,1,test,2024-05-18,0.2,GroupAware2025,181.0,134.24983917822766,201.41232004407257,300.76450576192076,290.60969848051025,,1.0
bts,1,test,2024-05-18,0.2,RobustImprovement2025,181.0,120.86066248225248,156.22239036060438,233.31003649810344,225.63341867708027,,1.0
bts,1,test,2024-05-19,0.01,StructuralRobust,10.0,54.75421218432902,15.014010989010991,21.872939560439562,17.012362637362635,0.0,1.0
bts,1,test,2024-05-19,0.01,ExpectedActionValue,10.0,57.84255222435992,6.481889763779527,9.722834645669291,9.722834645669291,,1.0
bts,1,test,2024-05-19,0.01,PointwiseWorstAction,10.0,57.84255222435992,6.481889763779527,9.722834645669291,9.722834645669291,,1.0
bts,1,test,2024-05-19,0.01,ScenarioCVaR,10.0,57.84255222435992,6.481889763779527,9.722834645669291,9.722834645669291,,1.0
bts,1,test,2024-05-19,0.01,RiskFirst,10.0,7.220927583340168,15.531868131868134,22.896153846153847,19.883791208791212,,1.0
bts,1,test,2024-05-19,0.01,TemporalContext2024,10.0,7.220927583340168,15.531868131868134,22.896153846153844,19.883791208791205,,1.0
bts,1,test,2024-05-19,0.01,NetworkPropagation2024,10.0,9.124146095954718,13.781868131868134,20.271153846153847,17.25879120879121,,1.0
bts,1,test,2024-05-19,0.01,CalibratedUncertainty2025,10.0,8.98537640732588,11.656868131868134,17.458653846153844,17.258791208791205,,1.0
bts,1,test,2024-05-19,0.01,MappedPTO2026,10.0,6.6216662571858675,3.0414473684210526,4.383881578947368,3.0467105263157883,,1.0
bts,1,test,2024-05-19,0.01,GroupAware2025,10.0,6.850930052682799,15.531868131868134,22.896153846153847,19.883791208791212,,1.0
bts,1,test,2024-05-19,0.01,RobustImprovement2025,10.0,7.800548266144244,15.031868131868134,22.146153846153844,19.133791208791205,,1.0
bts,1,test,2024-05-19,0.03,StructuralRobust,29.0,123.9981556236432,38.73401098901098,57.32793956043956,51.529862637362655,0.0,1.0
bts,1,test,2024-05-19,0.03,ExpectedActionValue,29.0,107.20188312274318,32.88278277070693,49.1991741560604,48.2616741560604,,1.0
bts,1,test,2024-05-19,0.03,PointwiseWorstAction,29.0,108.16586307769467,27.042347988098243,40.438521982147364,39.50102198214735,,1.0
bts,1,test,2024-05-19,0.03,ScenarioCVaR,29.0,108.16586307769467,27.042347988098243,40.438521982147364,39.50102198214735,,1.0
bts,1,test,2024-05-19,0.03,RiskFirst,29.0,18.552467626082727,41.46902978600347,61.69860685367264,57.91157316367842,,1.0
bts,1,test,2024-05-19,0.03,TemporalContext2024,29.0,22.8439708986523,44.46902978600347,66.19860685367264,62.41157316367842,,1.0
bts,1,test,2024-05-19,0.03,NetworkPropagation2024,29.0,19.546332720271934,29.29902978600347,43.31860685367265,38.59407316367843,,1.0
bts,1,test,2024-05-19,0.03,CalibratedUncertainty2025,29.0,21.62459945028076,35.41824744221296,52.97572281167109,51.83836017430845,,1.0
bts,1,test,2024-05-19,0.03,MappedPTO2026,29.0,20.061557081405073,53.66902978600347,79.74455279961859,74.05211370421895,,1.0
bts,1,test,2024-05-19,0.03,GroupAware2025,29.0,20.354063278150466,43.869029786003466,65.29860685367264,61.51157316367842,,1.0
bts,1,test,2024-05-19,0.03,RobustImprovement2025,29.0,21.562802816722083,38.73401098901098,57.32793956043956,51.529862637362655,,1.0
bts,1,test,2024-05-19,0.05,StructuralRobust,49.0,143.8418130516312,72.0351092986069,106.80254652739819,97.426665873557,0.0,1.0
bts,1,test,2024-05-19,0.05,ExpectedActionValue,49.0,151.0690916185539,45.660339892146204,68.22326845890898,66.2189581140814,,1.0
bts,1,test,2024-05-19,0.05,PointwiseWorstAction,49.0,150.32271817105752,41.688920326928816,62.26613911108288,60.2618287662553,,1.0
bts,1,test,2024-05-19,0.05,ScenarioCVaR,49.0,150.32271817105752,41.688920326928816,62.26613911108288,60.2618287662553,,1.0
bts,1,test,2024-05-19,0.05,RiskFirst,49.0,41.16529496003443,54.917298860127815,81.74601046485917,77.02147677486495,,1.0
bts,1,test,2024-05-19,0.05,TemporalContext2024,49.0,44.94853894129992,56.83423434399879,84.74641369066563,80.95938000067142,,1.0
bts,1,test,2024-05-19,0.05,NetworkPropagation2024,49.0,41.19837581877433,52.025919549783,77.40894149934192,72.68440780934772,,1.0
bts,1,test,2024-05-19,0.05,CalibratedUncertainty2025,49.0,34.74564782548035,51.537608563547764,76.73177805029209,72.42201708757062,,1.0
bts,1,test,2024-05-19,0.05,MappedPTO2026,49.0,31.5589046895624,76.84512375905653,114.08369375919817,105.20375466379853,,1.0
bts,1,test,2024-05-19,0.05,GroupAware2025,49.0,40.5463190633334,58.61123825406721,87.21722258607129,81.9699616233498,,1.0
bts,1,test,2024-05-19,0.05,RobustImprovement2025,49.0,39.90979563744454,57.84944171727067,85.94779617914489,79.75004820343639,,1.0
bts,1,test,2024-05-19,0.1,StructuralRobust,98.0,223.6417591100187,111.12396032055388,164.4393746888703,147.5901312491663,0.0,1.0
bts,1,test,2024-05-19,0.1,ExpectedActionValue,98.0,232.88328311716813,78.15803514174362,115.86731133330511,105.59425098847754,,1.0
bts,1,test,2024-05-19,0.1,PointwiseWorstAction,98.0,233.46909953301866,68.98072032692882,102.4888391110829,95.97202876625532,,1.0
bts,1,test,2024-05-19,0.1,ScenarioCVaR,98.0,233.46909953301866,68.98072032692882,102.4888391110829,95.97202876625532,,1.0
bts,1,test,2024-05-19,0.1,RiskFirst,98.0,77.36152139187152,97.89543138019584,145.37954831130025,134.402557618849,,1.0
bts,1,test,2024-05-19,0.1,TemporalContext2024,98.0,79.91042450402405,90.16138201559605,134.04671750764382,125.08155113951693,,1.0
bts,1,test,2024-05-19,0.1,NetworkPropagation2024,98.0,74.36682517320362,99.91891622868069,148.53977558402752,138.5002848915763,,1.0
bts,1,test,2024-05-19,0.1,CalibratedUncertainty2025,98.0,77.47556858655037,123.94266857994715,184.2456422061653,171.73293722799974,,1.0
bts,1,test,2024-05-19,0.1,MappedPTO2026,98.0,60.239004816844705,108.94277616827856,161.9951723730312,151.35273327763161,,1.0
bts,1,test,2024-05-19,0.1,GroupAware2025,98.0,75.42074090950612,98.67734687441988,146.34088309109785,133.77735393710816,,1.0
bts,1,test,2024-05-19,0.1,RobustImprovement2025,98.0,79.82147822156728,101.88284155067052,150.85269653404526,136.0659530943413,,1.0
bts,1,test,2024-05-19,0.2,StructuralRobust,197.0,270.18139986227527,209.48781316562432,309.6971635893114,275.68799239587304,0.0,1.0
bts,1,test,2024-05-19,0.2,ExpectedActionValue,197.0,357.9741914997146,201.9906566726321,300.49390381270416,282.6532948408742,,1.0
bts,1,test,2024-05-19,0.2,PointwiseWorstAction,197.0,358.541124177429,213.4471082855353,317.378581232059,297.2879722602291,,1.0
bts,1,test,2024-05-19,0.2,ScenarioCVaR,197.0,358.541124177429,213.4471082855353,317.378581232059,297.2879722602291,,1.0
bts,1,test,2024-05-19,0.2,RiskFirst,197.0,140.97397217385324,170.09510350170729,252.65384808129,233.9877942967584,,1.0
bts,1,test,2024-05-19,0.2,TemporalContext2024,197.0,143.86945321473897,163.76682593257104,243.25367310689597,225.27942966719198,,1.0
bts,1,test,2024-05-19,0.2,NetworkPropagation2024,197.0,146.97239010637722,171.321682956735,254.54942018160344,236.301138280361,,1.0
bts,1,test,2024-05-19,0.2,CalibratedUncertainty2025,197.0,140.9410493706557,213.5241889654931,317.7547176562789,298.76797421657477,,1.0
bts,1,test,2024-05-19,0.2,MappedPTO2026,197.0,137.7761819139376,190.1988047535859,282.11764320235125,258.26341374214405,,1.0
bts,1,test,2024-05-19,0.2,GroupAware2025,197.0,147.76743307284877,171.41090757906653,254.55255419732885,235.3240004127972,,1.0
bts,1,test,2024-05-19,0.2,RobustImprovement2025,197.0,146.27341571930043,136.34703655951634,202.5217502413438,187.53071575686366,,1.0
bts,1,test,2024-05-20,0.01,StructuralRobust,10.0,62.790363297720845,5.917241379310345,8.875862068965517,8.875862068965517,0.0,1.0
bts,1,test,2024-05-20,0.01,ExpectedActionValue,10.0,40.598397061604075,6.4603174603174605,9.690476190476192,9.690476190476192,,1.0
bts,1,test,2024-05-20,0.01,PointwiseWorstAction,10.0,40.598397061604075,6.4603174603174605,9.690476190476192,9.690476190476192,,1.0
bts,1,test,2024-05-20,0.01,ScenarioCVaR,10.0,40.598397061604075,6.4603174603174605,9.690476190476192,9.690476190476192,,1.0
bts,1,test,2024-05-20,0.01,RiskFirst,10.0,4.3610451161378405,5.525,8.262500000000001,8.075,,1.0
bts,1,test,2024-05-20,0.01,TemporalContext2024,10.0,5.099047982810855,5.525,8.262500000000001,8.075,,1.0
bts,1,test,2024-05-20,0.01,NetworkPropagation2024,10.0,4.916379560658307,5.9172413793103456,8.875862068965517,8.875862068965516,,1.0
bts,1,test,2024-05-20,0.01,CalibratedUncertainty2025,10.0,7.0168421330951825,27.14873074101247,40.7230961115187,40.7230961115187,,1.0
bts,1,test,2024-05-20,0.01,MappedPTO2026,10.0,8.377355919091006,3.367241379310345,5.050862068965516,5.050862068965516,,1.0
bts,1,test,2024-05-20,0.01,GroupAware2025,10.0,4.3610451161378405,5.525,8.262500000000001,8.075,,1.0
bts,1,test,2024-05-20,0.01,RobustImprovement2025,10.0,5.682014451725883,4.65,6.975,6.975,,1.0
bts,1,test,2024-05-20,0.03,StructuralRobust,30.0,117.77365400704323,22.95537486347324,34.29556229520986,33.26431229520986,0.0,1.0
bts,1,test,2024-05-20,0.03,ExpectedActionValue,30.0,89.47961427192891,18.80894224317791,28.183317823365595,27.957601262856045,,1.0
bts,1,test,2024-05-20,0.03,PointwiseWorstAction,30.0,89.21264185414623,20.00894224317791,29.983317823365592,29.757601262856046,,1.0
bts,1,test,2024-05-20,0.03,ScenarioCVaR,30.0,89.21264185414623,20.00894224317791,29.983317823365592,29.757601262856046,,1.0
bts,1,test,2024-05-20,0.03,RiskFirst,30.0,21.444643378936572,14.454741379310345,21.54461206896552,20.513362068965517,,1.0
bts,1,test,2024-05-20,0.03,TemporalContext2024,30.0,21.133317254939058,35.13469227947401,52.56453841921102,51.53328841921102,,1.0
bts,1,test,2024-05-20,0.03,NetworkPropagation2024,30.0,20.761648856137302,28.292241379310347,42.41336206896552,42.22586206896552,,1.0
bts,1,test,2024-05-20,0.03,CalibratedUncertainty2025,30.0,17.794732382295148,58.8401334559446,88.26020018391691,88.26020018391691,,1.0
bts,1,test,2024-05-20,0.03,MappedPTO2026,30.0,20.47955076095113,12.703202917771883,18.917304376657825,17.886054376657825,,1.0
bts,1,test,2024-05-20,0.03,GroupAware2025,30.0,20.290741187139208,18.61089522546419,27.778842838196287,26.747592838196283,,1.0
bts,1,test,2024-05-20,0.03,RobustImprovement2025,30.0,22.12104045084844,22.95537486347324,34.29556229520986,33.26431229520986,,1.0
bts,1,test,2024-05-20,0.05,StructuralRobust,50.0,161.548248704554,90.04295491460053,134.127352539968,127.09925380047218,0.0,1.0
bts,1,test,2024-05-20,0.05,ExpectedActionValue,50.0,125.76657828143749,28.15249063027468,42.19864040401075,41.972923843501206,,1.0
bts,1,test,2024-05-20,0.05,PointwiseWorstAction,50.0,126.31487220519529,34.63281849912714,51.91913220728944,51.6934156467799,,1.0
bts,1,test,2024-05-20,0.05,ScenarioCVaR,50.0,126.31487220519529,34.63281849912714,51.91913220728944,51.6934156467799,,1.0
bts,1,test,2024-05-20,0.05,RiskFirst,50.0,31.190677332913452,45.38357208475417,67.93785812713125,66.90660812713122,,1.0
bts,1,test,2024-05-20,0.05,TemporalContext2024,50.0,30.852331647334612,61.03532576363691,91.41548864545535,90.38423864545535,,1.0
bts,1,test,2024-05-20,0.05,NetworkPropagation2024,50.0,31.404801311998444,62.678907905649694,93.86836185847453,92.74336185847453,,1.0
bts,1,test,2024-05-20,0.05,CalibratedUncertainty2025,50.0,29.568319601998557,89.71237843827942,134.4435676574191,133.5060676574191,,1.0
bts,1,test,2024-05-20,0.05,MappedPTO2026,50.0,32.045692669612755,29.455531446021126,43.87079716903169,41.527047169031704,,1.0
bts,1,test,2024-05-20,0.05,GroupAware2025,50.0,33.15722714772806,36.08357208475417,53.98785812713125,52.95660812713125,,1.0
bts,1,test,2024-05-20,0.05,RobustImprovement2025,50.0,29.328261439816565,56.69997364270149,84.78746046405223,82.81871046405223,,1.0
bts,1,test,2024-05-20,0.1,StructuralRobust,101.0,248.296707584938,152.8336785234565,227.6294008277635,215.47102364710406,0.0,1.0
bts,1,test,2024-05-20,0.1,ExpectedActionValue,101.0,203.761590095385,108.23665702231101,161.68649713492238,157.2572091458414,,1.0
bts,1,test,2024-05-20,0.1,PointwiseWorstAction,101.0,203.55014095989984,93.03549423161334,138.78475294887588,133.60546495979492,,1.0
bts,1,test,2024-05-20,0.1,ScenarioCVaR,101.0,203.55014095989984,93.03549423161334,138.78475294887588,133.60546495979492,,1.0
bts,1,test,2024-05-20,0.1,RiskFirst,101.0,66.26569866519607,132.97545650485463,199.26052518281386,197.74057837430323,,1.0
bts,1,test,2024-05-20,0.1,TemporalContext2024,101.0,56.86127520713511,151.88846760568717,227.6050418340627,225.89759502555208,,1.0
bts,1,test,2024-05-20,0.1,NetworkPropagation2024,101.0,62.80062857630405,141.25045650485464,211.59802518281384,209.51557837430323,,1.0
bts,1,test,2024-05-20,0.1,CalibratedUncertainty2025,101.0,63.95788469453083,168.29966943015012,251.92924902935582,248.0273356603356,,1.0
bts,1,test,2024-05-20,0.1,MappedPTO2026,101.0,62.00174178483414,123.73401458753112,184.974236167011,180.27334330986815,,1.0
bts,1,test,2024-05-20,0.1,GroupAware2025,101.0,63.27783664707781,122.80697824398506,183.7828077915095,180.57536098299886,,1.0
bts,1,test,2024-05-20,0.1,RobustImprovement2025,101.0,59.688334320448966,158.94631267035962,237.11722959913862,227.35043405113223,,1.0
bts,1,test,2024-05-20,0.2,StructuralRobust,202.0,284.87484716366004,265.65201939729053,396.13601416849497,378.5709022126886,0.0,1.0
bts,1,test,2024-05-20,0.2,ExpectedActionValue,202.0,322.20419516834306,219.48346425813557,328.08592876788,320.1257966229549,,1.0
bts,1,test,2024-05-20,0.2,PointwiseWorstAction,202.0,321.67673554602794,197.63640543460616,295.3153405325858,287.3552083876607,,1.0
bts,1,test,2024-05-20,0.2,ScenarioCVaR,202.0,321.67673554602794,197.63640543460616,295.3153405325858,287.3552083876607,,1.0
bts,1,test,2024-05-20,0.2,RiskFirst,202.0,127.65594315018733,287.5410329388433,430.169865720967,421.6072380662325,,1.0
bts,1,test,2024-05-20,0.2,TemporalContext2024,202.0,124.8659668820612,315.3138278333049,471.99870091980233,464.7083946936392,,1.0
bts,1,test,2024-05-20,0.2,NetworkPropagation2024,202.0,130.25105763524382,273.0535911961888,408.57084596412807,400.999289737965,,1.0
bts,1,test,2024-05-20,0.2,CalibratedUncertainty2025,202.0,130.33629216032185,281.296193182251,420.3173119684315,408.1149784313441,,1.0
bts,1,test,2024-05-20,0.2,MappedPTO2026,202.0,128.67867586525915,255.63208727278717,382.3204704327145,373.86301685921796,,1.0
bts,1,test,2024-05-20,0.2,GroupAware2025,202.0,133.77228047486608,228.56899023765718,341.6148154688015,332.3247913111694,,1.0
bts,1,test,2024-05-20,0.2,RobustImprovement2025,202.0,122.90604165431344,246.58977323987284,368.5824204534084,358.815624905402,,1.0
bts,1,test,2024-05-21,0.01,StructuralRobust,9.0,61.95368051057647,10.404294564911293,15.606441847366938,15.606441847366938,0.0,1.0
bts,1,test,2024-05-21,0.01,ExpectedActionValue,9.0,39.746320920622196,6.636842105263158,9.955263157894738,9.955263157894736,,1.0
bts,1,test,2024-05-21,0.01,PointwiseWorstAction,9.0,40.10989475704866,6.636842105263158,9.955263157894738,9.955263157894736,,1.0
bts,1,test,2024-05-21,0.01,ScenarioCVaR,9.0,40.10989475704866,6.636842105263158,9.955263157894738,9.955263157894736,,1.0
bts,1,test,2024-05-21,0.01,RiskFirst,9.0,4.130179549445203,11.951437422054148,17.927156133081226,17.927156133081226,,1.0
bts,1,test,2024-05-21,0.01,TemporalContext2024,9.0,4.572615570066546,11.951437422054148,17.927156133081226,17.927156133081226,,1.0
bts,1,test,2024-05-21,0.01,NetworkPropagation2024,9.0,4.130179549445203,11.951437422054148,17.927156133081226,17.927156133081226,,1.0
bts,1,test,2024-05-21,0.01,CalibratedUncertainty2025,9.0,5.823474622473699,10.769123989218327,16.153685983827494,16.153685983827494,,1.0
bts,1,test,2024-05-21,0.01,MappedPTO2026,9.0,4.6019337978829675,4.887313432835821,7.330970149253732,7.330970149253732,,1.0
bts,1,test,2024-05-21,0.01,GroupAware2025,9.0,4.130179549445203,11.951437422054148,17.927156133081226,17.927156133081226,,1.0
bts,1,test,2024-05-21,0.01,RobustImprovement2025,9.0,4.688796540967155,10.404294564911293,15.606441847366938,15.606441847366938,,1.0
bts,1,test,2024-05-21,0.03,StructuralRobust,28.0,146.14765694139132,43.05143742205415,54.46561767154276,30.879079210004306,0.0,1.0
bts,1,test,2024-05-21,0.03,ExpectedActionValue,28.0,85.73597620566116,20.753012504911815,31.007779626932944,30.094736148672077,,1.0
bts,1,test,2024-05-21,0.03,PointwiseWorstAction,28.0,86.74508941097635,20.753012504911815,31.007779626932944,30.094736148672077,,1.0
bts,1,test,2024-05-21,0.03,ScenarioCVaR,28.0,86.74508941097635,20.753012504911815,31.007779626932944,30.094736148672077,,1.0
bts,1,test,2024-05-21,0.03,RiskFirst,28.0,19.095710761332537,66.82986674142587,100.21980011213881,100.03230011213883,,1.0
bts,1,test,2024-05-21,0.03,TemporalContext2024,28.0,19.095710761332537,66.82986674142587,100.21980011213881,100.03230011213883,,1.0
bts,1,test,2024-05-21,0.03,NetworkPropagation2024,28.0,20.262493751373718,48.83143742205415,73.22215613308123,73.03465613308123,,1.0
bts,1,test,2024-05-21,0.03,CalibratedUncertainty2025,28.0,20.49593114457305,46.86643742205415,70.24965613308122,69.87465613308123,,1.0
bts,1,test,2024-05-21,0.03,MappedPTO2026,28.0,20.56759820452687,68.68986674142589,103.00980011213882,102.82230011213879,,1.0
bts,1,test,2024-05-21,0.03,GroupAware2025,28.0,19.095710761332537,66.82986674142587,100.21980011213881,100.03230011213883,,1.0
bts,1,test,2024-05-21,0.03,RobustImprovement2025,28.0,19.53144620128416,43.05143742205415,54.46561767154276,30.879079210004306,,1.0
bts,1,test,2024-05-21,0.05,StructuralRobust,47.0,164.35954358826388,84.45404812671336,116.07849599268252,88.80917451227614,0.0,1.0
bts,1,test,2024-05-21,0.05,ExpectedActionValue,47.0,123.71040710196029,27.689931423830735,41.21315800531132,38.80011452705045,,1.0
bts,1,test,2024-05-21,0.05,PointwiseWorstAction,47.0,124.32036067187288,29.659534244042252,44.167562235628594,41.75451875736772,,1.0
bts,1,test,2024-05-21,0.05,ScenarioCVaR,47.0,124.32036067187288,29.659534244042252,44.167562235628594,41.75451875736772,,1.0
bts,1,test,2024-05-21,0.05,RiskFirst,47.0,32.60268097169566,77.9274774460851,116.57517843327861,114.20489541441069,,1.0
bts,1,test,2024-05-21,0.05,TemporalContext2024,47.0,28.933695479876,77.3274774460851,115.6751784332786,113.3048954144107,,1.0
bts,1,test,2024-05-21,0.05,NetworkPropagation2024,47.0,31.384252444155734,84.55290228676985,126.70435343015477,125.7668534301548,,1.0
bts,1,test,2024-05-21,0.05,CalibratedUncertainty2025,47.0,32.21140008118897,77.90697651844131,115.93288858027444,108.97606709986805,,1.0
bts,1,test,2024-05-21,0.05,MappedPTO2026,47.0,32.332116088800504,85.79445857816059,127.9801494057024,122.64361094416391,,1.0
bts,1,test,2024-05-21,0.05,GroupAware2025,47.0,33.88207947925785,82.50247744608511,122.85113997174014,116.08181849133375,,1.0
bts,1,test,2024-05-21,0.05,RobustImprovement2025,47.0,33.61714333059612,82.34945628997868,112.9466082375805,85.86478675717412,,1.0
bts,1,test,2024-05-21,0.1,StructuralRobust,95.0,239.4319821686116,151.5783039590487,216.0273797411855,183.22680826077914,0.0,1.0
bts,1,test,2024-05-21,0.1,ExpectedActionValue,95.0,202.57699890295487,96.4957632396769,143.8433679932315,137.09129149610268,,1.0
bts,1,test,2024-05-21,0.1,PointwiseWorstAction,95.0,202.60834813933434,87.71826323967692,131.06461799323154,127.2187914961027,,1.0
bts,1,test,2024-05-21,0.1,ScenarioCVaR,95.0,202.60834813933434,87.71826323967692,131.06461799323154,127.2187914961027,,1.0
bts,1,test,2024-05-21,0.1,RiskFirst,95.0,56.73949784059131,143.9320213448608,214.52045581990365,204.18863433949718,,1.0
bts,1,test,2024-05-21,0.1,TemporalContext2024,95.0,53.3654991906818,138.88817341859354,207.12968393050272,198.1103624500963,,1.0
bts,1,test,2024-05-21,0.1,NetworkPropagation2024,95.0,59.29299649167525,148.6607170677509,221.71349940423883,212.13167792383246,,1.0
bts,1,test,2024-05-21,0.1,CalibratedUncertainty2025,95.0,60.728102348513666,158.65349500682944,236.4401663128567,224.88959483245034,,1.0
bts,1,test,2024-05-21,0.1,MappedPTO2026,95.0,65.36983627459415,147.0227392540494,219.3975704195357,210.8735319579973,,1.0
bts,1,test,2024-05-21,0.1,GroupAware2025,95.0,56.779565278200266,148.75077134486082,221.82358081990364,212.0542593394972,,1.0
bts,1,test,2024-05-21,0.1,RobustImprovement2025,95.0,66.69675402119519,155.35868475375068,221.3867009332385,187.26112945283214,,1.0
bts,1,test,2024-05-21,0.2,StructuralRobust,190.0,275.40565238958277,287.36172797307285,417.5543115002674,369.65158305520396,0.0,1.0
bts,1,test,2024-05-21,0.2,ExpectedActionValue,190.0,319.3024615526354,170.77663186366203,253.65580805295502,234.83725998391986,,1.0
bts,1,test,2024-05-21,0.2,PointwiseWorstAction,190.0,318.2428385780966,172.6623461493763,256.4843794815264,237.66583141249131,,1.0
bts,1,test,2024-05-21,0.2,ScenarioCVaR,190.0,318.2428385780966,172.6623461493763,256.4843794815264,237.66583141249131,,1.0
bts,1,test,2024-05-21,0.2,RiskFirst,190.0,124.83109830262231,275.5494244910162,401.5590605391368,365.57098905873033,,1.0
bts,1,test,2024-05-21,0.2,TemporalContext2024,190.0,123.27535159586621,276.1375999997708,401.8300738022687,362.2670023218624,,1.0
bts,1,test,2024-05-21,0.2,NetworkPropagation2024,190.0,125.33024248585637,333.4215740421497,488.27956165155126,451.6335660640019,,1.0
bts,1,test,2024-05-21,0.2,CalibratedUncertainty2025,190.0,129.28311280607565,254.0166405632722,378.2352071712808,357.3120546190746,,1.0
bts,1,test,2024-05-21,0.2,MappedPTO2026,190.0,127.15483666088515,229.1584377110145,340.88610715484856,320.5088615672994,,1.0
bts,1,test,2024-05-21,0.2,GroupAware2025,190.0,122.70948264673946,239.22379622560345,347.22061814101767,312.35754666061143,,1.0
bts,1,test,2024-05-21,0.2,RobustImprovement2025,190.0,132.93278596565227,242.082143214728,350.7930066371268,311.5758202498881,,1.0
bts,1,test,2024-05-22,0.01,StructuralRobust,9.0,37.81891816038562,10.91211158988633,15.720804578144655,10.86558352800835,0.0,1.0
bts,1,test,2024-05-22,0.01,ExpectedActionValue,9.0,69.23706266622482,23.24107142857143,34.79910714285714,34.33035714285714,,1.0
bts,1,test,2024-05-22,0.01,PointwiseWorstAction,9.0,69.14087116766746,31.783025451559936,47.6120381773399,47.1432881773399,,1.0
bts,1,test,2024-05-22,0.01,ScenarioCVaR,9.0,69.14087116766746,31.783025451559936,47.6120381773399,47.1432881773399,,1.0
bts,1,test,2024-05-22,0.01,RiskFirst,9.0,7.421307381113043,22.752481389578165,34.067183622828786,33.60564516129032,,1.0
bts,1,test,2024-05-22,0.01,TemporalContext2024,9.0,9.203926784307647,14.990384615384617,22.44903846153846,22.174999999999994,,1.0
bts,1,test,2024-05-22,0.01,NetworkPropagation2024,9.0,7.22414633124981,25.802481389578166,38.64218362282879,38.180645161290315,,1.0
bts,1,test,2024-05-22,0.01,CalibratedUncertainty2025,9.0,8.442706445188616,5.040384615384615,7.524038461538462,7.249999999999999,,1.0
bts,1,test,2024-05-22,0.01,MappedPTO2026,9.0,6.682696336254499,8.407566135340875,12.304895487235562,10.006492618917438,,1.0
bts,1,test,2024-05-22,0.01,GroupAware2025,9.0,7.163464512501562,22.365384615384617,33.48653846153846,33.02499999999999,,1.0
bts,1,test,2024-05-22,0.01,RobustImprovement2025,9.0,5.8689212731000735,5.927481389578164,8.854683622828784,8.580645161290322,,1.0
bts,1,test,2024-05-22,0.03,StructuralRobust,28.0,83.56682086261559,80.17435098600421,119.43869638260186,113.26747065956837,0.0,1.0
bts,1,test,2024-05-22,0.03,ExpectedActionValue,28.0,119.89460225864272,40.4496921182266,60.6120381773399,60.143288177339905,,1.0
bts,1,test,2024-05-22,0.03,PointwiseWorstAction,28.0,120.13350428094495,40.4496921182266,60.6120381773399,60.143288177339905,,1.0
bts,1,test,2024-05-22,0.03,ScenarioCVaR,28.0,120.13350428094495,40.4496921182266,60.6120381773399,60.143288177339905,,1.0
bts,1,test,2024-05-22,0.03,RiskFirst,28.0,21.94975310663999,36.423650051424794,53.96311227045234,48.92039122031603,,1.0
bts,1,test,2024-05-22,0.03,TemporalContext2024,28.0,23.552897858970553,36.423650051424794,53.96311227045234,48.92039122031603,,1.0
bts,1,test,2024-05-22,0.03,NetworkPropagation2024,28.0,18.980425522934556,86.82557049819934,129.46552565089456,123.66929992786106,,1.0
bts,1,test,2024-05-22,0.03,CalibratedUncertainty2025,28.0,17.006406715918406,77.71980553145877,116.1477872916928,112.90837975047748,,1.0
bts,1,test,2024-05-22,0.03,MappedPTO2026,28.0,20.230960396204306,34.92365005142479,51.71311227045234,46.670391220316034,,1.0
bts,1,test,2024-05-22,0.03,GroupAware2025,28.0,19.526369841841625,39.25698338475813,58.21311227045234,53.17039122031602,,1.0
bts,1,test,2024-05-22,0.03,RobustImprovement2025,28.0,17.089011676961242,80.17435098600421,119.43869638260186,113.26747065956837,,1.0
bts,1,test,2024-05-22,0.05,StructuralRobust,46.0,116.30596389453012,102.81512110984323,152.1686015683604,139.1955666348006,0.0,1.0
bts,1,test,2024-05-22,0.05,ExpectedActionValue,46.0,156.7423187102862,47.583025451559934,71.3120381773399,70.8432881773399,,1.0
bts,1,test,2024-05-22,0.05,PointwiseWorstAction,46.0,157.39905643811124,44.0496921182266,66.0120381773399,65.5432881773399,,1.0
bts,1,test,2024-05-22,0.05,ScenarioCVaR,46.0,157.39905643811124,44.0496921182266,66.0120381773399,65.5432881773399,,1.0
bts,1,test,2024-05-22,0.05,RiskFirst,46.0,33.31002777047611,47.981983384758124,71.27561227045234,66.04539122031602,,1.0
bts,1,test,2024-05-22,0.05,TemporalContext2024,46.0,33.970621107958074,46.956983384758125,69.76311227045234,64.72039122031603,,1.0
bts,1,test,2024-05-22,0.05,NetworkPropagation2024,46.0,32.59507471051338,89.65890383153267,133.71552565089456,127.91929992786108,,1.0
bts,1,test,2024-05-22,0.05,CalibratedUncertainty2025,46.0,32.17210397847803,88.99677522842846,132.72233274623827,126.92610702320478,,1.0
bts,1,test,2024-05-22,0.05,MappedPTO2026,46.0,31.33179669592356,55.6403107400905,82.50893663678423,75.37246558664792,,1.0
bts,1,test,2024-05-22,0.05,GroupAware2025,46.0,30.40031090926087,53.70159122789538,79.85502403515821,74.6248029850219,,1.0
bts,1,test,2024-05-22,0.05,RobustImprovement2025,46.0,30.675871561254894,101.39048277890109,150.15039407194718,138.06798413838737,,1.0
bts,1,test,2024-05-22,0.1,StructuralRobust,93.0,185.21772912506293,180.1449112582533,267.1561135386959,246.62927921303887,0.0,1.0
bts,1,test,2024-05-22,0.1,ExpectedActionValue,93.0,235.2525553809096,71.22385432856527,106.04293389926502,100.09657694739337,,1.0
bts,1,test,2024-05-22,0.1,PointwiseWorstAction,93.0,233.83774790284073,76.64885432856528,114.15543389926503,108.02157694739336,,1.0
bts,1,test,2024-05-22,0.1,ScenarioCVaR,93.0,233.83774790284073,76.64885432856528,114.15543389926503,108.02157694739336,,1.0
bts,1,test,2024-05-22,0.1,RiskFirst,93.0,60.594792102227444,161.60614874596953,241.0963930225499,231.25016729951645,,1.0
bts,1,test,2024-05-22,0.1,TemporalContext2024,93.0,60.72388734172501,148.53691797673878,221.68254686870375,213.26132114567025,,1.0
bts,1,test,2024-05-22,0.1,NetworkPropagation2024,93.0,60.91956296166458,161.7355605106754,241.53051066960873,233.4842849465753,,1.0
bts,1,test,2024-05-22,0.1,CalibratedUncertainty2025,93.0,66.35415693732168,139.46693862712127,208.12757784427748,200.08135212124407,,1.0
bts,1,test,2024-05-22,0.1,MappedPTO2026,93.0,57.59346983837032,100.19215056693032,147.8502678056154,135.5155824697648,,1.0
bts,1,test,2024-05-22,0.1,GroupAware2025,93.0,64.4569805378359,175.1258476011214,261.50094130527765,252.59221558224408,,1.0
bts,1,test,2024-05-22,0.1,RobustImprovement2025,93.0,57.38331763959627,147.95413394333798,219.7958708186025,206.2134608850427,,1.0
bts,1,test,2024-05-22,0.2,StructuralRobust,186.0,209.73143299414895,269.9965609660922,399.59001667188295,367.43639663194034,0.0,1.0
bts,1,test,2024-05-22,0.2,ExpectedActionValue,186.0,348.2087446219482,157.23942904549037,234.76629597465268,226.56993902278103,,1.0
bts,1,test,2024-05-22,0.2,PointwiseWorstAction,186.0,346.5261128800993,159.41442904549038,237.95379597465268,229.19493902278103,,1.0
bts,1,test,2024-05-22,0.2,ScenarioCVaR,186.0,346.5261128800993,159.41442904549038,237.95379597465268,229.19493902278103,,1.0
bts,1,test,2024-05-22,0.2,RiskFirst,186.0,112.44044299176227,255.56989295382033,378.79092374438414,352.94412188625967,,1.0
bts,1,test,2024-05-22,0.2,TemporalContext2024,186.0,115.64391649730734,264.857172476029,392.75593393678804,367.16481389684526,,1.0
bts,1,test,2024-05-22,0.2,NetworkPropagation2024,186.0,109.1756934141105,254.39807915014893,377.8607030388771,355.7875853912789,,1.0
bts,1,test,2024-05-22,0.2,CalibratedUncertainty2025,186.0,115.60538067000688,256.23549695784004,381.77682975041375,362.45371210281564,,1.0
bts,1,test,2024-05-22,0.2,MappedPTO2026,186.0,115.84856669236153,254.19159390560873,376.962149414491,352.90540437454825,,1.0
bts,1,test,2024-05-22,0.2,GroupAware2025,186.0,111.77339563918943,244.83484971282346,363.8536997919796,344.31438896256304,,1.0
bts,1,test,2024-05-22,0.2,RobustImprovement2025,186.0,140.95098784403615,195.01239231791672,290.3539105543837,276.55139192517163,,1.0
bts,1,test,2024-05-23,0.01,StructuralRobust,11.0,72.02957618996174,20.54323530268813,30.739852954032198,30.1773529540322,0.0,1.0
bts,1,test,2024-05-23,0.01,ExpectedActionValue,11.0,86.02963617926562,31.001515151515154,46.38863636363636,45.53636363636363,,1.0
bts,1,test,2024-05-23,0.01,PointwiseWorstAction,11.0,87.00287166690497,86.50151515151515,129.63863636363635,128.78636363636363,,1.0
bts,1,test,2024-05-23,0.01,ScenarioCVaR,11.0,87.00287166690497,86.50151515151515,129.63863636363635,128.78636363636363,,1.0
bts,1,test,2024-05-23,0.01,RiskFirst,11.0,5.797957778020979,10.588806731259561,15.833210096889342,15.45821009688934,,1.0
bts,1,test,2024-05-23,0.01,TemporalContext2024,11.0,5.248549626313675,11.838806731259561,17.60821009688934,16.483210096889337,,1.0
bts,1,test,2024-05-23,0.01,NetworkPropagation2024,11.0,5.562160077683079,14.538806731259562,21.65821009688934,20.53321009688934,,1.0
bts,1,test,2024-05-23,0.01,CalibratedUncertainty2025,11.0,4.918412578501274,18.51212087912088,27.581642857142857,26.182604395604393,,1.0
bts,1,test,2024-05-23,0.01,MappedPTO2026,11.0,4.534233513697068,51.550000000000004,77.325,77.32499999999999,,1.0
bts,1,test,2024-05-23,0.01,GroupAware2025,11.0,5.797957778020979,10.588806731259561,15.833210096889342,15.45821009688934,,1.0
bts,1,test,2024-05-23,0.01,RobustImprovement2025,11.0,4.3630232596382355,61.5472972972973,92.27094594594594,91.89594594594595,,1.0
bts,1,test,2024-05-23,0.03,StructuralRobust,32.0,134.5823342364495,91.34277168661029,136.7963943720207,135.16317068781018,0.0,1.0
bts,1,test,2024-05-23,0.03,ExpectedActionValue,32.0,151.03440120632877,140.72630173737107,210.97581624242025,210.12354351514747,,1.0
bts,1,test,2024-05-23,0.03,PointwiseWorstAction,32.0,151.29366562379758,136.55160294219039,204.71376804964916,203.86149532237633,,1.0
bts,1,test,2024-05-23,0.03,ScenarioCVaR,32.0,151.29366562379758,136.55160294219039,204.71376804964916,203.86149532237633,,1.0
bts,1,test,2024-05-23,0.03,RiskFirst,32.0,15.255644103457223,91.92727785587964,137.71591678381944,136.4034167838194,,1.0
bts,1,test,2024-05-23,0.03,TemporalContext2024,32.0,16.836782896180285,95.87761722239547,143.60488737205472,142.01834891051624,,1.0
bts,1,test,2024-05-23,0.03,NetworkPropagation2024,32.0,16.659062172019816,92.02727785587963,137.86591678381944,136.5534167838194,,1.0
bts,1,test,2024-05-23,0.03,CalibratedUncertainty2025,32.0,21.98908607057849,97.70999205225235,146.2804496168401,144.14641115530162,,1.0
bts,1,test,2024-05-23,0.03,MappedPTO2026,32.0,15.127757502507633,94.20288761197719,141.12933141796577,139.81683141796574,,1.0
bts,1,test,2024-05-23,0.03,GroupAware2025,32.0,15.63817178292368,88.72727785587963,133.01591678381942,132.45341678381942,,1.0
bts,1,test,2024-05-23,0.03,RobustImprovement2025,32.0,19.008838828400133,91.34277168661029,136.7963943720207,135.16317068781018,,1.0
bts,1,test,2024-05-23,0.05,StructuralRobust,54.0,179.49508268568633,134.56088870601178,200.91478042743867,193.96563569059646,0.0,1.0
bts,1,test,2024-05-23,0.05,ExpectedActionValue,54.0,196.52109584272156,145.2363017373711,217.74081624242024,216.88854351514743,,1.0
bts,1,test,2024-05-23,0.05,PointwiseWorstAction,54.0,197.88574057402386,142.33630173737112,213.39081624242024,212.5385435151474,,1.0
bts,1,test,2024-05-23,0.05,ScenarioCVaR,54.0,197.88574057402386,142.33630173737112,213.39081624242024,212.5385435151474,,1.0
bts,1,test,2024-05-23,0.05,RiskFirst,54.0,37.384508461257326,109.24339545365007,163.55555471893666,161.2340162573982,,1.0
bts,1,test,2024-05-23,0.05,TemporalContext2024,54.0,37.5562199352018,115.74824886717344,173.3128348392217,170.99129637768323,,1.0
bts,1,test,2024-05-23,0.05,NetworkPropagation2024,54.0,35.367115315686874,106.43852863761819,159.34825449488883,157.02671603335037,,1.0
bts,1,test,2024-05-23,0.05,CalibratedUncertainty2025,54.0,35.45889832858523,127.02001604856524,190.19548561130944,187.68644714977103,,1.0
bts,1,test,2024-05-23,0.05,MappedPTO2026,54.0,36.47807777528627,111.58853161913281,166.8060532426527,162.48047184730382,,1.0
bts,1,test,2024-05-23,0.05,GroupAware2025,54.0,34.809877348107136,107.86865186390649,161.72797779585972,161.16547779585972,,1.0
bts,1,test,2024-05-23,0.05,RobustImprovement2025,54.0,33.493732956700505,124.240625548117,185.73517516428078,181.04195148007028,,1.0
bts,1,test,2024-05-23,0.1,StructuralRobust,108.0,266.1883125898364,230.03307409356628,343.1181734512992,328.6323907834226,0.0,1.0
bts,1,test,2024-05-23,0.1,ExpectedActionValue,108.0,288.23740526991617,222.2124662905706,332.0716871305758,322.71909484097563,,1.0
bts,1,test,2024-05-23,0.1,PointwiseWorstAction,108.0,288.91567261564074,210.9322584983628,315.6312455721343,309.8776792565601,,1.0
bts,1,test,2024-05-23,0.1,ScenarioCVaR,108.0,288.91567261564074,210.9322584983628,315.6312455721343,309.8776792565601,,1.0
bts,1,test,2024-05-23,0.1,RiskFirst,108.0,77.72763725434578,198.94116392881935,297.2153214667783,288.24213826839775,,1.0
bts,1,test,2024-05-23,0.1,TemporalContext2024,108.0,69.98639925356564,192.08554952203968,287.0818998566088,279.2337166582283,,1.0
bts,1,test,2024-05-23,0.1,NetworkPropagation2024,108.0,80.2900933909807,212.8768854295409,318.1052673542242,309.0298114285709,,1.0
bts,1,test,2024-05-23,0.1,CalibratedUncertainty2025,108.0,66.65734651913414,215.86023291538837,322.48678208948894,312.710027462537,,1.0
bts,1,test,2024-05-23,0.1,MappedPTO2026,108.0,79.25878757092168,174.02546154208045,259.44948178881475,247.53415285652017,,1.0
bts,1,test,2024-05-23,0.1,GroupAware2025,108.0,73.32391311651664,197.80090660227194,296.01591206082844,290.8750532414829,,1.0
bts,1,test,2024-05-23,0.1,RobustImprovement2025,108.0,68.83533581020451,209.43164307167442,312.254488456923,298.05716732750807,,1.0
bts,1,test,2024-05-23,0.2,StructuralRobust,215.0,302.5483926906808,369.9651550358979,551.348987049869,524.3583957700343,0.0,1.0
bts,1,test,2024-05-23,0.2,ExpectedActionValue,215.0,425.35721879449164,312.6531823796781,466.88210855487756,451.1496209450804,,1.0
bts,1,test,2024-05-23,0.2,PointwiseWorstAction,215.0,426.49677712811797,300.5340886233561,448.79057810750487,433.71141690103417,,1.0
bts,1,test,2024-05-23,0.2,ScenarioCVaR,215.0,426.49677712811797,300.5340886233561,448.79057810750487,433.71141690103417,,1.0
bts,1,test,2024-05-23,0.2,RiskFirst,215.0,161.9754937858761,374.0116194427069,558.7476911530891,541.724656070805,,1.0
bts,1,test,2024-05-23,0.2,TemporalContext2024,215.0,162.1928474782693,358.4787284742429,535.750144455122,520.990532533305,,1.0
bts,1,test,2024-05-23,0.2,NetworkPropagation2024,215.0,166.19579587028136,366.0984465605876,546.931236995509,530.3079906552174,,1.0
bts,1,test,2024-05-23,0.2,CalibratedUncertainty2025,215.0,152.03740758651097,346.0517119123671,516.6587062051199,498.51724372938935,,1.0
bts,1,test,2024-05-23,0.2,MappedPTO2026,215.0,157.99429133691683,356.5402991322006,532.3421905549471,513.8302544797955,,1.0
bts,1,test,2024-05-23,0.2,GroupAware2025,215.0,162.02928942713487,366.4965463732308,547.7989502089506,533.2049300772333,,1.0
bts,1,test,2024-05-23,0.2,RobustImprovement2025,215.0,145.5149945260172,370.69176931632586,554.0286350607298,538.9609932075357,,1.0
bts,1,test,2024-05-24,0.01,StructuralRobust,10.0,76.83347194627066,9.219354838709677,13.829032258064515,13.829032258064515,0.0,1.0
bts,1,test,2024-05-24,0.01,ExpectedActionValue,10.0,72.39671646573044,20.65,30.975,30.975,,1.0
bts,1,test,2024-05-24,0.01,PointwiseWorstAction,10.0,72.39671646573044,20.65,30.975,30.975,,1.0
bts,1,test,2024-05-24,0.01,ScenarioCVaR,10.0,72.39671646573044,20.65,30.975,30.975,,1.0
bts,1,test,2024-05-24,0.01,RiskFirst,10.0,5.1675645746078,10.369354838709679,15.554032258064517,15.554032258064513,,1.0
bts,1,test,2024-05-24,0.01,TemporalContext2024,10.0,5.167281193619423,10.16935483870968,15.254032258064516,15.254032258064512,,1.0
bts,1,test,2024-05-24,0.01,NetworkPropagation2024,10.0,4.579336341114816,9.369354838709679,14.054032258064517,14.054032258064513,,1.0
bts,1,test,2024-05-24,0.01,CalibratedUncertainty2025,10.0,2.364845130197724,6.708064516129033,10.062096774193549,10.062096774193547,,1.0
bts,1,test,2024-05-24,0.01,MappedPTO2026,10.0,1.7112522819969396,22.798567493368456,34.15528367248511,33.836026915728354,,1.0
bts,1,test,2024-05-24,0.01,GroupAware2025,10.0,4.880673569348226,9.369354838709679,14.054032258064517,14.054032258064513,,1.0
bts,1,test,2024-05-24,0.01,RobustImprovement2025,10.0,5.225707448671522,9.219354838709679,13.829032258064515,13.829032258064514,,1.0
bts,1,test,2024-05-24,0.03,StructuralRobust,30.0,165.67454174837488,39.94559597346145,59.63506062685884,57.51006062685883,0.0,1.0
bts,1,test,2024-05-24,0.03,ExpectedActionValue,30.0,135.20298070659172,59.42344685594685,87.96137310157047,79.15789423394688,,1.0
bts,1,test,2024-05-24,0.03,PointwiseWorstAction,30.0,135.44962363457418,59.42344685594685,87.96137310157047,79.15789423394688,,1.0
bts,1,test,2024-05-24,0.03,ScenarioCVaR,30.0,135.44962363457418,59.42344685594685,87.96137310157047,79.15789423394688,,1.0
bts,1,test,2024-05-24,0.03,RiskFirst,30.0,14.95486811777279,46.056632009497484,68.99238044667867,68.29812368992191,,1.0
bts,1,test,2024-05-24,0.03,TemporalContext2024,30.0,14.263175848957351,47.75663200949749,71.54238044667866,70.84812368992189,,1.0
bts,1,test,2024-05-24,0.03,NetworkPropagation2024,30.0,12.280434833691539,46.05663200949749,68.99238044667867,68.2981236899219,,1.0
bts,1,test,2024-05-24,0.03,CalibratedUncertainty2025,30.0,13.103475520352935,49.62229601518027,74.38344402277039,74.00844402277039,,1.0
bts,1,test,2024-05-24,0.03,MappedPTO2026,30.0,14.954868117772794,46.056632009497484,68.99238044667867,68.29812368992191,,1.0
bts,1,test,2024-05-24,0.03,GroupAware2025,30.0,17.673014303797085,49.484573185968074,74.10929221138454,73.22753545462777,,1.0
bts,1,test,2024-05-24,0.03,RobustImprovement2025,30.0,12.754783606535069,39.94559597346145,59.63506062685884,57.51006062685883,,1.0
bts,1,test,2024-05-24,0.05,StructuralRobust,50.0,182.34450096324036,90.5317661684242,134.8567483517354,127.79999159497866,0.0,1.0
bts,1,test,2024-05-24,0.05,ExpectedActionValue,50.0,182.99930059289207,79.34404192324205,117.74226570251328,108.18878683488971,,1.0
bts,1,test,2024-05-24,0.05,PointwiseWorstAction,50.0,182.7518091662299,77.4525785086079,114.90507058056207,105.3515917129385,,1.0
bts,1,test,2024-05-24,0.05,ScenarioCVaR,50.0,182.7518091662299,77.4525785086079,114.90507058056207,105.3515917129385,,1.0
bts,1,test,2024-05-24,0.05,RiskFirst,50.0,24.298528431280946,59.82329867616415,89.40904711334534,86.9647903565886,,1.0
bts,1,test,2024-05-24,0.05,TemporalContext2024,50.0,24.132492708832643,66.65922100626123,99.66293060849095,97.21867385173421,,1.0
bts,1,test,2024-05-24,0.05,NetworkPropagation2024,50.0,27.651134192518935,65.53951489238037,97.98337143766965,95.53911468091289,,1.0
bts,1,test,2024-05-24,0.05,CalibratedUncertainty2025,50.0,25.668604815339663,71.98043995457421,107.68732659852797,105.56232659852797,,1.0
bts,1,test,2024-05-24,0.05,MappedPTO2026,50.0,30.85349294322793,76.81742309283317,114.54356707168219,109.4243103149254,,1.0
bts,1,test,2024-05-24,0.05,GroupAware2025,50.0,25.38936039048299,71.62466218273183,107.11109237319684,104.66683561644005,,1.0
bts,1,test,2024-05-24,0.05,RobustImprovement2025,50.0,28.87365050360826,85.92814171489559,127.14121066134143,114.00869632882706,,1.0
bts,1,test,2024-05-24,0.1,StructuralRobust,100.0,263.26306210878454,177.5408967850126,262.899488003359,240.0605591971604,0.0,1.0
bts,1,test,2024-05-24,0.1,ExpectedActionValue,100.0,274.20175545824486,150.1940197413928,223.3706072135699,208.96743922467525,,1.0
bts,1,test,2024-05-24,0.1,PointwiseWorstAction,100.0,273.44810579693177,150.24295591160555,223.34401146888905,208.19084347999436,,1.0
bts,1,test,2024-05-24,0.1,ScenarioCVaR,100.0,273.44810579693177,150.24295591160555,223.34401146888905,208.19084347999436,,1.0
bts,1,test,2024-05-24,0.1,RiskFirst,100.0,64.3914765517372,137.14356693520978,204.83944950191378,201.02019274515698,,1.0
bts,1,test,2024-05-24,0.1,TemporalContext2024,100.0,58.2198438100239,131.7005902868028,197.22498452930333,194.7807277725466,,1.0
bts,1,test,2024-05-24,0.1,NetworkPropagation2024,100.0,65.68845213366886,141.72311238975522,212.20876768373193,209.38951092697522,,1.0
bts,1,test,2024-05-24,0.1,CalibratedUncertainty2025,100.0,65.3010344259228,176.6071713831912,264.5848561738859,262.1405994171291,,1.0
bts,1,test,2024-05-24,0.1,MappedPTO2026,100.0,62.16361888975211,143.13385148479333,213.55959479475752,205.00072655151413,,1.0
bts,1,test,2024-05-24,0.1,GroupAware2025,100.0,67.95346831490117,149.4306863731489,223.27012865882244,219.45087190206556,,1.0
bts,1,test,2024-05-24,0.1,RobustImprovement2025,100.0,64.44315208298411,174.47358798379958,258.7086599366746,238.94574464398949,,1.0
bts,1,test,2024-05-24,0.2,StructuralRobust,200.0,303.205179657985,341.75296061191256,508.0095436811997,476.11031440618143,0.0,1.0
bts,1,test,2024-05-24,0.2,ExpectedActionValue,200.0,404.91150406906115,231.0168263595608,344.229817140822,327.0141491519273,,1.0
bts,1,test,2024-05-24,0.2,PointwiseWorstAction,200.0,405.50531579531173,232.2015410687499,345.9282306680202,328.1226236547353,,1.0
bts,1,test,2024-05-24,0.2,ScenarioCVaR,200.0,405.50531579531173,232.2015410687499,345.9282306680202,328.1226236547353,,1.0
bts,1,test,2024-05-24,0.2,RiskFirst,200.0,137.4558649020371,313.82401450381997,469.1594007268063,460.0847430098788,,1.0
bts,1,test,2024-05-24,0.2,TemporalContext2024,200.0,135.40098890049697,293.94329973515397,439.08832857380725,428.13867085687974,,1.0
bts,1,test,2024-05-24,0.2,NetworkPropagation2024,200.0,135.7140759651979,297.509331899895,444.7873768209189,436.46271910399145,,1.0
bts,1,test,2024-05-24,0.2,CalibratedUncertainty2025,200.0,156.03128843729536,320.7678488820205,479.5629240332373,470.3965543597879,,1.0
bts,1,test,2024-05-24,0.2,MappedPTO2026,200.0,133.5087295402294,314.63824769278887,469.48769884701056,453.71515365571526,,1.0
bts,1,test,2024-05-24,0.2,GroupAware2025,200.0,131.24907977166228,387.8839407599717,579.2716932118091,562.8650587506954,,1.0
bts,1,test,2024-05-24,0.2,RobustImprovement2025,200.0,143.78893870101737,250.1256259798159,371.7556514971384,348.75974545274744,,1.0
bts,1,test,2024-05-25,0.01,StructuralRobust,9.0,51.24885885475036,6.717647058823529,9.952941176470588,9.026470588235295,0.0,1.0
bts,1,test,2024-05-25,0.01,ExpectedActionValue,9.0,56.8218631480474,15.074444444444444,22.611666666666665,22.611666666666665,,1.0
bts,1,test,2024-05-25,0.01,PointwiseWorstAction,9.0,57.28707353065634,16.199444444444445,23.867916666666666,22.386666666666663,,1.0
bts,1,test,2024-05-25,0.01,ScenarioCVaR,9.0,57.28707353065634,16.199444444444445,23.867916666666666,22.386666666666663,,1.0
bts,1,test,2024-05-25,0.01,RiskFirst,9.0,7.174439653770667,7.449999999999999,11.175,11.175,,1.0
bts,1,test,2024-05-25,0.01,TemporalContext2024,9.0,7.119583455351194,6.1,9.15,9.15,,1.0
bts,1,test,2024-05-25,0.01,NetworkPropagation2024,9.0,7.174439653770667,7.449999999999999,11.175,11.175,,1.0
bts,1,test,2024-05-25,0.01,CalibratedUncertainty2025,9.0,6.103768791764159,6.839634146341464,10.259451219512197,10.259451219512197,,1.0
bts,1,test,2024-05-25,0.01,MappedPTO2026,9.0,3.692742732503917,15.174029126213592,22.76104368932039,22.76104368932039,,1.0
bts,1,test,2024-05-25,0.01,GroupAware2025,9.0,7.174439653770667,7.449999999999999,11.175,11.175,,1.0
bts,1,test,2024-05-25,0.01,RobustImprovement2025,9.0,5.889964783519864,10.692647058823528,15.915441176470589,14.988970588235293,,1.0
bts,1,test,2024-05-25,0.03,StructuralRobust,26.0,111.34150675060572,41.57972374592103,62.153314271632965,60.53127916726865,0.0,1.0
bts,1,test,2024-05-25,0.03,ExpectedActionValue,26.0,107.39391463596925,37.808380590265834,56.281320885398756,54.80007088539876,,1.0
bts,1,test,2024-05-25,0.03,PointwiseWorstAction,26.0,107.63582745454129,33.07761135949661,49.18516703924492,47.70391703924491,,1.0
bts,1,test,2024-05-25,0.03,ScenarioCVaR,26.0,107.63582745454129,33.07761135949661,49.18516703924492,47.70391703924491,,1.0
bts,1,test,2024-05-25,0.03,RiskFirst,26.0,17.857848927920795,36.35526138032964,54.40936265872975,53.482892070494444,,1.0
bts,1,test,2024-05-25,0.03,TemporalContext2024,26.0,16.24805555104465,30.25684509073687,45.38526763610531,45.38526763610531,,1.0
bts,1,test,2024-05-25,0.03,NetworkPropagation2024,26.0,17.70218905854852,31.190627233988167,46.66241143921755,45.73594085098226,,1.0
bts,1,test,2024-05-25,0.03,CalibratedUncertainty2025,26.0,17.33813039610661,16.907815964523284,25.36172394678492,25.361723946784924,,1.0
bts,1,test,2024-05-25,0.03,MappedPTO2026,26.0,15.032754664312847,36.35526138032964,54.40936265872975,53.482892070494444,,1.0
bts,1,test,2024-05-25,0.03,GroupAware2025,26.0,17.80213367908597,36.35526138032964,54.40936265872975,53.48289207049446,,1.0
bts,1,test,2024-05-25,0.03,RobustImprovement2025,26.0,17.534194773701323,41.57972374592103,62.153314271632965,60.53127916726865,,1.0
bts,1,test,2024-05-25,0.05,StructuralRobust,43.0,150.7209624633941,46.06999263482916,68.34204477221509,62.61996342200021,0.0,1.0
bts,1,test,2024-05-25,0.05,ExpectedActionValue,43.0,145.6858317240452,44.53347295479785,66.36895943219679,64.8877094321968,,1.0
bts,1,test,2024-05-25,0.05,PointwiseWorstAction,43.0,145.98785307971065,44.53347295479786,66.36895943219679,64.88770943219679,,1.0
bts,1,test,2024-05-25,0.05,ScenarioCVaR,43.0,145.98785307971065,44.53347295479786,66.36895943219679,64.88770943219679,,1.0
bts,1,test,2024-05-25,0.05,RiskFirst,43.0,27.926767414097192,45.16493573582489,67.49103837107711,65.56829912612537,,1.0
bts,1,test,2024-05-25,0.05,TemporalContext2024,43.0,28.224475736192005,39.64526138032963,59.34436265872975,58.41789207049446,,1.0
bts,1,test,2024-05-25,0.05,NetworkPropagation2024,43.0,33.17161303627621,43.69675391764307,65.28876564380437,63.36602639885265,,1.0
bts,1,test,2024-05-25,0.05,CalibratedUncertainty2025,43.0,30.14042353522127,41.68560536067362,62.404878629245715,61.478408041010425,,1.0
bts,1,test,2024-05-25,0.05,MappedPTO2026,43.0,26.01381317899961,49.04271035992147,73.09886946145083,69.60989887321553,,1.0
bts,1,test,2024-05-25,0.05,GroupAware2025,43.0,29.1700264526021,42.66344319851145,63.87163538600248,62.945164797767184,,1.0
bts,1,test,2024-05-25,0.05,RobustImprovement2025,43.0,29.033778362329492,52.4575799195981,78.33726271125306,75.71895895017231,,1.0
bts,1,test,2024-05-25,0.1,StructuralRobust,86.0,223.03035480894115,85.7051029365184,127.04556543881469,115.70489819409285,0.0,1.0
bts,1,test,2024-05-25,0.1,ExpectedActionValue,86.0,218.61845949182052,102.37047700395627,152.71662829663208,148.17659922686465,,1.0
bts,1,test,2024-05-25,0.1,PointwiseWorstAction,86.0,219.9865669766473,97.64306321085282,145.8845076069769,143.28697853720945,,1.0
bts,1,test,2024-05-25,0.1,ScenarioCVaR,86.0,219.9865669766473,97.64306321085282,145.8845076069769,143.28697853720945,,1.0
bts,1,test,2024-05-25,0.1,RiskFirst,86.0,64.80251471709643,77.11375875483445,115.28454580407487,112.38885334274887,,1.0
bts,1,test,2024-05-25,0.1,TemporalContext2024,86.0,61.67200808462374,72.40698780676784,108.19646226130592,105.09131639496205,,1.0
bts,1,test,2024-05-25,0.1,NetworkPropagation2024,86.0,67.2589549660643,86.09673411519677,128.6697696053791,125.10478284975878,,1.0
bts,1,test,2024-05-25,0.1,CalibratedUncertainty2025,86.0,62.39348553227027,72.26925186345403,107.6126787041677,101.6786855215677,,1.0
bts,1,test,2024-05-25,0.1,MappedPTO2026,86.0,52.99125172369042,94.7729905306663,141.48356899684734,136.41419300320663,,1.0
bts,1,test,2024-05-25,0.1,GroupAware2025,86.0,65.59175116110923,72.00493923427993,107.68613133805789,105.276549987843,,1.0
bts,1,test,2024-05-25,0.1,RobustImprovement2025,86.0,63.859276758932346,90.92140264974225,134.6217753879814,121.41931098824165,,1.0
bts,1,test,2024-05-25,0.2,StructuralRobust,173.0,262.54236977518445,153.20397331123087,226.52328551237767,203.65635210386284,0.0,1.0
bts,1,test,2024-05-25,0.2,ExpectedActionValue,173.0,335.9253889406444,157.89103396387694,235.21182712125017,224.77952343701062,,1.0
bts,1,test,2024-05-25,0.2,PointwiseWorstAction,173.0,336.6259812668011,152.26325618609917,226.96460489902796,217.9906345481217,,1.0
bts,1,test,2024-05-25,0.2,ScenarioCVaR,173.0,336.6259812668011,152.26325618609917,226.96460489902796,217.9906345481217,,1.0
bts,1,test,2024-05-25,0.2,RiskFirst,173.0,124.1531804087147,188.06019780865532,279.5868346409594,260.81086910078295,,1.0
bts,1,test,2024-05-25,0.2,TemporalContext2024,173.0,116.25567025877069,147.01609223457217,218.26960101101756,201.36057095471222,,1.0
bts,1,test,2024-05-25,0.2,NetworkPropagation2024,173.0,124.77423820677708,169.5271536818116,251.83726845069384,233.43630291051753,,1.0
bts,1,test,2024-05-25,0.2,CalibratedUncertainty2025,173.0,129.75518556342848,178.4106116300759,265.43805620903595,249.10409693845202,,1.0
bts,1,test,2024-05-25,0.2,MappedPTO2026,173.0,117.23773188734172,185.6996440950322,277.23431029062044,267.37064140116183,,1.0
bts,1,test,2024-05-25,0.2,GroupAware2025,173.0,119.35311547301642,156.65877640984644,233.1216817094128,219.12305991923648,,1.0
bts,1,test,2024-05-25,0.2,RobustImprovement2025,173.0,136.33552403734436,120.99005038838997,179.5599321811382,165.12135667028735,,1.0
bts,1,test,2024-05-26,0.01,StructuralRobust,9.0,71.999345610333,15.219415167196821,22.33467830635079,18.62634497301746,0.0,1.0
bts,1,test,2024-05-26,0.01,ExpectedActionValue,9.0,58.065216086090764,2.0,3.0,3.0,,1.0
bts,1,test,2024-05-26,0.01,PointwiseWorstAction,9.0,58.06521608609077,2.0,3.0,3.0,,1.0
bts,1,test,2024-05-26,0.01,ScenarioCVaR,9.0,58.06521608609077,2.0,3.0,3.0,,1.0
bts,1,test,2024-05-26,0.01,RiskFirst,9.0,7.291795844529558,9.980526278307934,14.7957894174619,13.4832894174619,,1.0
bts,1,test,2024-05-26,0.01,TemporalContext2024,9.0,6.225369054886605,9.980526278307934,14.7957894174619,13.4832894174619,,1.0
bts,1,test,2024-05-26,0.01,NetworkPropagation2024,9.0,7.291795844529558,9.980526278307934,14.7957894174619,13.4832894174619,,1.0
bts,1,test,2024-05-26,0.01,CalibratedUncertainty2025,9.0,5.474311080776158,9.105526278307934,13.658289417461901,13.658289417461901,,1.0
bts,1,test,2024-05-26,0.01,MappedPTO2026,9.0,4.630329291979972,10.816516007532957,15.905329566854991,13.509496233521656,,1.0
bts,1,test,2024-05-26,0.01,GroupAware2025,9.0,7.291795844529558,9.980526278307934,14.7957894174619,13.4832894174619,,1.0
bts,1,test,2024-05-26,0.01,RobustImprovement2025,9.0,7.187351865157401,9.980526278307934,14.7957894174619,13.4832894174619,,1.0
bts,1,test,2024-05-26,0.03,StructuralRobust,28.0,148.50567918554717,36.340789393625656,53.12950084002389,45.516876461914435,0.0,1.0
bts,1,test,2024-05-26,0.03,ExpectedActionValue,28.0,116.10625631601711,17.38059360730594,25.904223744292242,24.65422374429224,,1.0
bts,1,test,2024-05-26,0.03,PointwiseWorstAction,28.0,116.50498485466211,34.48059360730594,51.554223744292244,50.30422374429224,,1.0
bts,1,test,2024-05-26,0.03,ScenarioCVaR,28.0,116.50498485466211,34.48059360730594,51.554223744292244,50.30422374429224,,1.0
bts,1,test,2024-05-26,0.03,RiskFirst,28.0,16.76973817839031,79.96372940680956,119.17931626520516,113.43223242763625,,1.0
bts,1,test,2024-05-26,0.03,TemporalContext2024,28.0,17.32643178700719,40.824550302331964,60.64778641445889,56.22999362166609,,1.0
bts,1,test,2024-05-26,0.03,NetworkPropagation2024,28.0,16.425515082784088,46.13364121142287,68.40142277809525,62.408629985302454,,1.0
bts,1,test,2024-05-26,0.03,CalibratedUncertainty2025,28.0,16.883352938100998,28.089415167196826,41.63967830635079,37.93134497301745,,1.0
bts,1,test,2024-05-26,0.03,MappedPTO2026,28.0,16.76973817839031,79.96372940680958,119.17931626520517,113.43223242763624,,1.0
bts,1,test,2024-05-26,0.03,GroupAware2025,28.0,16.573803324348276,49.1350154378517,72.93624531176836,67.18916147419944,,1.0
bts,1,test,2024-05-26,0.03,RobustImprovement2025,28.0,17.64052219891503,36.340789393625656,53.12950084002389,45.516876461914435,,1.0
bts,1,test,2024-05-26,0.05,StructuralRobust,47.0,162.7651491452039,91.17083882499085,134.71844193093864,123.67231963183127,0.0,1.0
bts,1,test,2024-05-26,0.05,ExpectedActionValue,47.0,153.6193901928656,81.85545052501342,122.554970659315,120.84343219777654,,1.0
bts,1,test,2024-05-26,0.05,PointwiseWorstAction,47.0,153.85699188499538,74.83584381593303,112.08709905723288,110.83709905723285,,1.0
bts,1,test,2024-05-26,0.05,ScenarioCVaR,47.0,153.85699188499538,74.83584381593303,112.08709905723288,110.83709905723285,,1.0
bts,1,test,2024-05-26,0.05,RiskFirst,47.0,29.507768881663758,92.48115351030555,137.74545242044917,130.42336858288024,,1.0
bts,1,test,2024-05-26,0.05,TemporalContext2024,47.0,29.495082645932808,96.38115351030557,143.59545242044913,136.2733685828802,,1.0
bts,1,test,2024-05-26,0.05,NetworkPropagation2024,47.0,27.687607535208933,94.63115351030555,140.97045242044913,133.64836858288024,,1.0
bts,1,test,2024-05-26,0.05,CalibratedUncertainty2025,47.0,28.992121548026013,51.15082441521598,75.3347767693053,67.64882786791522,,1.0
bts,1,test,2024-05-26,0.05,MappedPTO2026,47.0,28.65982578051193,90.70265959426919,135.28771154639458,129.5406277088256,,1.0
bts,1,test,2024-05-26,0.05,GroupAware2025,47.0,29.440008593395486,94.56868177151803,140.87674481226784,133.5546609746989,,1.0
bts,1,test,2024-05-26,0.05,RobustImprovement2025,47.0,27.500638964445333,62.22875181819798,91.29402366240276,80.16324317569605,,1.0
bts,1,test,2024-05-26,0.1,StructuralRobust,94.0,239.01473524595545,140.77659718117815,208.67478906630137,194.23648877530752,0.0,1.0
bts,1,test,2024-05-26,0.1,ExpectedActionValue,94.0,227.80141597787994,98.54989496945787,147.24663732598168,142.91009886444323,,1.0
bts,1,test,2024-05-26,0.1,PointwiseWorstAction,94.0,228.0936379033237,100.49011236076221,150.0819634129382,145.18292495139974,,1.0
bts,1,test,2024-05-26,0.1,ScenarioCVaR,94.0,228.0936379033237,100.49011236076221,150.0819634129382,145.18292495139974,,1.0
bts,1,test,2024-05-26,0.1,RiskFirst,94.0,59.611000020640375,151.2248369860519,224.71855681958903,213.0658168734227,,1.0
bts,1,test,2024-05-26,0.1,TemporalContext2024,94.0,57.50880665346497,145.13317031938524,215.556056819589,203.71581687342277,,1.0
bts,1,test,2024-05-26,0.1,NetworkPropagation2024,94.0,60.86724261937098,147.7248369860519,219.46855681958903,207.8158168734227,,1.0
bts,1,test,2024-05-26,0.1,CalibratedUncertainty2025,94.0,54.59130576968995,133.77304446249062,198.38670136758043,185.57771142141425,,1.0
bts,1,test,2024-05-26,0.1,MappedPTO2026,94.0,70.72355387296611,145.07372752738146,216.1820230471448,205.46776121768946,,1.0
bts,1,test,2024-05-26,0.1,GroupAware2025,94.0,59.876653442715266,154.77742319294848,230.20519475062352,219.73564445962964,,1.0
bts,1,test,2024-05-26,0.1,RobustImprovement2025,94.0,57.70284737591708,131.2871175431691,194.39056960928787,179.57726931829413,,1.0
bts,1,test,2024-05-26,0.2,StructuralRobust,189.0,270.8324507017819,247.54607079864948,367.2707902505315,341.1459206447113,0.0,1.0
bts,1,test,2024-05-26,0.2,ExpectedActionValue,189.0,339.7129318625974,160.6063488688552,239.4272777710373,228.31043627919587,,1.0
bts,1,test,2024-05-26,0.2,PointwiseWorstAction,189.0,340.25106777350294,180.95886099636732,269.5254904067499,255.17948224824175,,1.0
bts,1,test,2024-05-26,0.2,ScenarioCVaR,189.0,340.25106777350294,180.95886099636732,269.5254904067499,255.17948224824175,,1.0
bts,1,test,2024-05-26,0.2,RiskFirst,189.0,125.32020988079915,299.55593494337154,446.3029132002879,427.80799408951714,,1.0
bts,1,test,2024-05-26,0.2,TemporalContext2024,189.0,125.87439204165729,290.0805590035219,432.16484929051353,414.232430179743,,1.0
bts,1,test,2024-05-26,0.2,NetworkPropagation2024,189.0,122.83486265906964,317.89799703670735,473.50284844555483,452.65924512425795,,1.0
bts,1,test,2024-05-26,0.2,CalibratedUncertainty2025,189.0,117.6757863456347,308.3371238782757,459.35244779881634,439.94066265933753,,1.0
bts,1,test,2024-05-26,0.2,MappedPTO2026,189.0,132.7451736093634,222.68959306992357,331.8939792556947,315.8409016367656,,1.0
bts,1,test,2024-05-26,0.2,GroupAware2025,189.0,122.82836528503562,241.16474001077552,358.9660942197884,342.34597574697625,,1.0
bts,1,test,2024-05-26,0.2,RobustImprovement2025,189.0,125.40527969254481,236.28630457502533,351.88935015707216,337.07604986607834,,1.0
bts,1,test,2024-05-27,0.01,StructuralRobust,10.0,87.36979020269028,8.533701298701299,12.775551948051948,12.588051948051952,0.0,1.0
bts,1,test,2024-05-27,0.01,ExpectedActionValue,10.0,85.65886726097162,41.162142857142854,61.59195578231292,60.45751700680272,,1.0
bts,1,test,2024-05-27,0.01,PointwiseWorstAction,10.0,85.6588672609716,41.162142857142854,61.59195578231292,60.45751700680272,,1.0
bts,1,test,2024-05-27,0.01,ScenarioCVaR,10.0,85.6588672609716,41.162142857142854,61.59195578231292,60.45751700680272,,1.0
bts,1,test,2024-05-27,0.01,RiskFirst,10.0,4.9335174590649125,1.625,2.4125,2.225,,1.0
bts,1,test,2024-05-27,0.01,TemporalContext2024,10.0,4.386100577540793,2.8464285714285715,4.244642857142857,4.057142857142857,,1.0
bts,1,test,2024-05-27,0.01,NetworkPropagation2024,10.0,4.9335174590649125,1.625,2.4125,2.225,,1.0
bts,1,test,2024-05-27,0.01,CalibratedUncertainty2025,10.0,5.132840919546274,1.5,2.25,2.25,,1.0
bts,1,test,2024-05-27,0.01,MappedPTO2026,10.0,7.083841176420298,4.297590361445784,6.4463855421686755,6.446385542168675,,1.0
bts,1,test,2024-05-27,0.01,GroupAware2025,10.0,4.157294999560342,1.625,2.4125,2.225,,1.0
bts,1,test,2024-05-27,0.01,RobustImprovement2025,10.0,4.049473033411605,8.533701298701299,12.775551948051948,12.588051948051952,,1.0
bts,1,test,2024-05-27,0.03,StructuralRobust,30.0,187.6905936989703,49.20415584415584,73.40623376623377,70.40623376623378,0.0,1.0
bts,1,test,2024-05-27,0.03,ExpectedActionValue,30.0,149.25836648614776,82.75347390520378,123.8289523544043,121.56951357889409,,1.0
bts,1,test,2024-05-27,0.03,PointwiseWorstAction,30.0,150.0926174144635,74.21501236674224,111.021260046712,108.76182127120178,,1.0
bts,1,test,2024-05-27,0.03,ScenarioCVaR,30.0,150.0926174144635,74.21501236674224,111.021260046712,108.76182127120178,,1.0
bts,1,test,2024-05-27,0.03,RiskFirst,30.0,17.800502153009344,49.62461038961039,74.24979437229436,72.84638528138527,,1.0
bts,1,test,2024-05-27,0.03,TemporalContext2024,30.0,16.593508866467467,34.47461038961039,51.52479437229437,50.12138528138527,,1.0
bts,1,test,2024-05-27,0.03,NetworkPropagation2024,30.0,16.044523675349538,47.57915584415585,71.18161255411256,69.77820346320347,,1.0
bts,1,test,2024-05-27,0.03,CalibratedUncertainty2025,30.0,15.13809395831573,50.70856438741981,75.8757253690085,74.47231627809941,,1.0
bts,1,test,2024-05-27,0.03,MappedPTO2026,30.0,18.226717587422236,53.92220075105618,80.69617991446304,79.29277082355395,,1.0
bts,1,test,2024-05-27,0.03,GroupAware2025,30.0,17.48582106728843,49.62461038961039,74.24979437229436,72.8463852813853,,1.0
bts,1,test,2024-05-27,0.03,RobustImprovement2025,30.0,15.940648490863415,49.20415584415584,73.40623376623377,70.40623376623378,,1.0
bts,1,test,2024-05-27,0.05,StructuralRobust,50.0,192.82367572768655,99.39524665763305,147.33561950719908,134.15624091282052,0.0,1.0
bts,1,test,2024-05-27,0.05,ExpectedActionValue,50.0,193.47525421363787,140.5952915779248,208.89167886348582,202.35724008797558,,1.0
bts,1,test,2024-05-27,0.05,PointwiseWorstAction,50.0,194.84691420575012,118.75982095841702,176.13847293422418,169.60403415871394,,1.0
bts,1,test,2024-05-27,0.05,ScenarioCVaR,50.0,194.84691420575012,118.75982095841702,176.13847293422418,169.60403415871394,,1.0
bts,1,test,2024-05-27,0.05,RiskFirst,50.0,32.09386425842093,78.04633388402218,116.63237961391204,113.35397052300294,,1.0
bts,1,test,2024-05-27,0.05,TemporalContext2024,50.0,32.51733432879222,81.37150373741189,121.4278267016889,116.70710991847209,,1.0
bts,1,test,2024-05-27,0.05,NetworkPropagation2024,50.0,30.806163100477427,78.64633388402217,117.53237961391204,114.25397052300295,,1.0
bts,1,test,2024-05-27,0.05,CalibratedUncertainty2025,50.0,28.44680838894651,86.22735226620767,128.58247861576174,122.8933552391384,,1.0
bts,1,test,2024-05-27,0.05,MappedPTO2026,50.0,32.906790245713076,89.62825481410755,133.79196689139303,128.913851918131,,1.0
bts,1,test,2024-05-27,0.05,GroupAware2025,50.0,31.79355683269659,79.34874352257638,118.26456550031479,112.57544212369142,,1.0
bts,1,test,2024-05-27,0.05,RobustImprovement2025,50.0,32.67473337036761,94.55349809088447,140.3007403098199,128.8294391110187,,1.0
bts,1,test,2024-05-27,0.1,StructuralRobust,101.0,281.72288026162215,168.08959980101315,249.89215566972254,233.0753254312434,0.0,1.0
bts,1,test,2024-05-27,0.1,ExpectedActionValue,101.0,279.9524145422851,187.55340291004532,279.0717918076125,270.6094476266967,,1.0
bts,1,test,2024-05-27,0.1,PointwiseWorstAction,101.0,280.60651802911747,194.57804059120477,289.6087483293516,281.14640414843575,,1.0
bts,1,test,2024-05-27,0.1,ScenarioCVaR,101.0,280.60651802911747,194.57804059120477,289.6087483293516,281.14640414843575,,1.0
bts,1,test,2024-05-27,0.1,RiskFirst,101.0,65.21553061032915,146.91974837811236,218.91547097366396,207.9343340223799,,1.0
bts,1,test,2024-05-27,0.1,TemporalContext2024,101.0,60.71800703571374,126.75296416473887,188.41464530295443,175.55363822180036,,1.0
bts,1,test,2024-05-27,0.1,NetworkPropagation2024,101.0,64.96301518838719,149.776415044779,223.20047097366395,212.21933402237997,,1.0
bts,1,test,2024-05-27,0.1,CalibratedUncertainty2025,101.0,67.8377086119315,150.48028412897943,224.77658229227234,217.6977530332961,,1.0
bts,1,test,2024-05-27,0.1,MappedPTO2026,101.0,67.27179524669373,178.92550372264577,267.5355675269277,261.1404070991203,,1.0
bts,1,test,2024-05-27,0.1,GroupAware2025,101.0,59.83496710489338,168.09147776215443,250.4577098167248,237.86140861792356,,1.0
bts,1,test,2024-05-27,0.1,RobustImprovement2025,101.0,61.53745580824579,158.99272955594213,236.00649289332966,217.38698208895326,,1.0
bts,1,test,2024-05-27,0.2,StructuralRobust,202.0,336.415272503305,323.0855763370412,481.3185946347435,456.4953206036064,0.0,1.0
bts,1,test,2024-05-27,0.2,ExpectedActionValue,202.0,408.01947306595673,299.9215039646119,446.22751481803357,430.0419563514035,,1.0
bts,1,test,2024-05-27,0.2,PointwiseWorstAction,202.0,408.4208658121671,312.7540738958908,464.84989912671676,443.9658112483219,,1.0
bts,1,test,2024-05-27,0.2,ScenarioCVaR,202.0,408.4208658121671,312.7540738958908,464.84989912671676,443.9658112483219,,1.0
bts,1,test,2024-05-27,0.2,RiskFirst,202.0,132.81815748341117,325.0988071290033,485.0113131631122,465.2345816851666,,1.0
bts,1,test,2024-05-27,0.2,TemporalContext2024,202.0,136.04246608792874,312.1988071290033,465.6113131631122,445.45958168516654,,1.0
bts,1,test,2024-05-27,0.2,NetworkPropagation2024,202.0,141.30747733132173,334.49722818163485,499.05894474205957,478.90721326411386,,1.0
bts,1,test,2024-05-27,0.2,CalibratedUncertainty2025,202.0,132.26976822567045,324.8871090198735,484.7422954111823,465.32953452147206,,1.0
bts,1,test,2024-05-27,0.2,MappedPTO2026,202.0,133.92908170338612,302.2790548734619,451.00945624511814,432.94101075705765,,1.0
bts,1,test,2024-05-27,0.2,GroupAware2025,202.0,133.59950697597012,322.7037089486452,481.47306627942237,462.10433770283083,,1.0
bts,1,test,2024-05-27,0.2,RobustImprovement2025,202.0,161.13415205471978,280.4651361271783,416.6085872344496,394.4152100620661,,1.0
bts,1,test,2024-05-28,0.01,StructuralRobust,9.0,71.7642176053003,25.44826388888889,38.172395833333326,38.172395833333326,0.0,1.0
bts,1,test,2024-05-28,0.01,ExpectedActionValue,9.0,52.744991646996276,25.57365663941583,38.36048495912374,38.36048495912374,,1.0
bts,1,test,2024-05-28,0.01,PointwiseWorstAction,9.0,52.92429765635674,39.52133105802048,59.28199658703072,59.28199658703072,,1.0
bts,1,test,2024-05-28,0.01,ScenarioCVaR,9.0,52.92429765635674,39.52133105802048,59.28199658703072,59.28199658703072,,1.0
bts,1,test,2024-05-28,0.01,RiskFirst,9.0,8.85789730903392,30.498263888888886,45.647395833333334,44.897395833333334,,1.0
bts,1,test,2024-05-28,0.01,TemporalContext2024,9.0,8.85789730903392,30.498263888888893,45.647395833333334,44.89739583333333,,1.0
bts,1,test,2024-05-28,0.01,NetworkPropagation2024,9.0,8.85789730903392,30.49826388888889,45.647395833333334,44.897395833333334,,1.0
bts,1,test,2024-05-28,0.01,CalibratedUncertainty2025,9.0,7.47183636429702,26.4574213980464,39.6861320970696,39.686132097069596,,1.0
bts,1,test,2024-05-28,0.01,MappedPTO2026,9.0,5.864968462271535,15.165,22.247500000000002,18.497500000000002,,1.0
bts,1,test,2024-05-28,0.01,GroupAware2025,9.0,7.732655528068129,24.69136733716475,36.93705100574712,36.18705100574712,,1.0
bts,1,test,2024-05-28,0.01,RobustImprovement2025,9.0,7.1971476473263,28.973263888888887,43.18489583333333,41.122395833333336,,1.0
bts,1,test,2024-05-28,0.03,StructuralRobust,28.0,152.30833095684068,65.12263717843459,97.15895576765186,93.22145576765189,0.0,1.0
bts,1,test,2024-05-28,0.03,ExpectedActionValue,28.0,98.35715634753122,51.37475172488592,76.91455814288443,75.80778730955109,,1.0
bts,1,test,2024-05-28,0.03,PointwiseWorstAction,28.0,98.38504906072926,51.524751724885924,77.13955814288443,76.03278730955108,,1.0
bts,1,test,2024-05-28,0.03,ScenarioCVaR,28.0,98.38504906072926,51.524751724885924,77.13955814288443,76.03278730955108,,1.0
bts,1,test,2024-05-28,0.03,RiskFirst,28.0,19.237568814965964,78.63417563997304,117.32626345995956,112.63876345995958,,1.0
bts,1,test,2024-05-28,0.03,TemporalContext2024,28.0,18.89477034122686,74.84846135425876,111.64769203138815,106.96019203138813,,1.0
bts,1,test,2024-05-28,0.03,NetworkPropagation2024,28.0,18.564489010168874,73.65917563997306,109.98876345995959,106.23876345995956,,1.0
bts,1,test,2024-05-28,0.03,CalibratedUncertainty2025,28.0,18.994123583744912,59.43035790598291,88.62053685897436,84.68303685897433,,1.0
bts,1,test,2024-05-28,0.03,MappedPTO2026,28.0,20.623309044428343,63.02675424192665,93.91513136288998,89.22763136288998,,1.0
bts,1,test,2024-05-28,0.03,GroupAware2025,28.0,20.010437004595502,78.63417563997305,117.32626345995956,112.63876345995956,,1.0
bts,1,test,2024-05-28,0.03,RobustImprovement2025,28.0,20.245425826641906,65.12263717843459,97.15895576765186,93.22145576765189,,1.0
bts,1,test,2024-05-28,0.05,StructuralRobust,46.0,172.2205854812905,104.21457697776569,155.25512633621378,147.2545828579529,0.0,1.0
bts,1,test,2024-05-28,0.05,ExpectedActionValue,46.0,134.34177068420314,72.98617642595319,109.01311440609462,105.5169876598308,,1.0
bts,1,test,2024-05-28,0.05,PointwiseWorstAction,46.0,133.25206051914734,85.0361764259532,127.3381144060946,125.71698765983079,,1.0
bts,1,test,2024-05-28,0.05,ScenarioCVaR,46.0,133.25206051914734,85.0361764259532,127.3381144060946,125.71698765983079,,1.0
bts,1,test,2024-05-28,0.05,RiskFirst,46.0,31.677944763526924,95.32584230663971,142.05543012662625,135.05543012662622,,1.0
bts,1,test,2024-05-28,0.05,TemporalContext2024,46.0,31.358189763277203,95.77584230663973,142.73043012662626,135.7304301266262,,1.0
bts,1,test,2024-05-28,0.05,NetworkPropagation2024,46.0,29.89348826085793,97.39084230663971,145.37793012662624,140.0654301266262,,1.0
bts,1,test,2024-05-28,0.05,CalibratedUncertainty2025,46.0,33.23412937271988,79.38107219169717,118.24660828754577,112.0591082875458,,1.0
bts,1,test,2024-05-28,0.05,MappedPTO2026,46.0,32.308655340145265,96.34488992568734,143.66019203138814,137.2316206028167,,1.0
bts,1,test,2024-05-28,0.05,GroupAware2025,46.0,33.085357045684304,98.57584230663971,146.93043012662625,139.93043012662622,,1.0
bts,1,test,2024-05-28,0.05,RobustImprovement2025,46.0,31.06074451202861,96.89167563997304,144.02251345995958,134.16001345995963,,1.0
bts,1,test,2024-05-28,0.1,StructuralRobust,92.0,255.331863513167,219.22571200155556,326.4626492579626,308.6432586751819,0.0,1.0
bts,1,test,2024-05-28,0.1,ExpectedActionValue,92.0,206.62015882878137,176.2440572635807,263.5146353652975,257.1287563897462,,1.0
bts,1,test,2024-05-28,0.1,PointwiseWorstAction,92.0,206.245755176854,173.1516724026596,258.84174434842566,252.19851243169776,,1.0
bts,1,test,2024-05-28,0.1,ScenarioCVaR,92.0,206.245755176854,173.1516724026596,258.84174434842566,252.19851243169776,,1.0
bts,1,test,2024-05-28,0.1,RiskFirst,92.0,64.27774269517381,177.53101977770538,265.0223553945025,255.4660483540852,,1.0
bts,1,test,2024-05-28,0.1,TemporalContext2024,92.0,62.110724987631706,174.21299500586704,260.2861591754672,252.53615917546725,,1.0
bts,1,test,2024-05-28,0.1,NetworkPropagation2024,92.0,67.41486401530925,158.46557105045196,236.64002324234463,228.70252324234457,,1.0
bts,1,test,2024-05-28,0.1,CalibratedUncertainty2025,92.0,63.77969704041565,184.08535016550655,274.83134261500027,265.10622286555287,,1.0
bts,1,test,2024-05-28,0.1,MappedPTO2026,92.0,63.59709672392056,160.74697770006833,239.76718816182412,229.61760024973626,,1.0
bts,1,test,2024-05-28,0.1,GroupAware2025,92.0,63.614534621587026,178.23101977770537,266.17235539450246,257.36604835408525,,1.0
bts,1,test,2024-05-28,0.1,RobustImprovement2025,92.0,62.4047801371625,202.55088378518127,301.8246430445123,286.81202329506505,,1.0
bts,1,test,2024-05-28,0.2,StructuralRobust,185.0,282.2470179872791,402.6705512385033,600.0377454669489,570.2771350359046,0.0,1.0
bts,1,test,2024-05-28,0.2,ExpectedActionValue,185.0,321.79677311391566,283.81067832295,423.7618109633746,409.1052620554966,,1.0
bts,1,test,2024-05-28,0.2,PointwiseWorstAction,185.0,320.38929232914825,287.1576013998731,428.6379648095284,412.8996851324197,,1.0
bts,1,test,2024-05-28,0.2,ScenarioCVaR,185.0,320.38929232914825,287.1576013998731,428.6379648095284,412.8996851324197,,1.0
bts,1,test,2024-05-28,0.2,RiskFirst,185.0,142.89379848340033,361.0735631976918,539.0847817491015,520.1430588933305,,1.0
bts,1,test,2024-05-28,0.2,TemporalContext2024,185.0,142.70518440488894,374.540839789427,559.3448732240062,540.8469747729973,,1.0
bts,1,test,2024-05-28,0.2,NetworkPropagation2024,185.0,125.16844274919093,382.8281343863452,571.4663335211885,550.6473230837184,,1.0
bts,1,test,2024-05-28,0.2,CalibratedUncertainty2025,185.0,151.18899136619902,360.6416903251419,538.4114760656379,519.2785304000756,,1.0
bts,1,test,2024-05-28,0.2,MappedPTO2026,185.0,121.07260911295509,366.611265477776,547.6635602543165,530.7635255367122,,1.0
bts,1,test,2024-05-28,0.2,GroupAware2025,185.0,129.3906675374584,383.18081529573783,572.063517039028,551.7557227546861,,1.0
bts,1,test,2024-05-28,0.2,RobustImprovement2025,185.0,146.7089219640091,335.66240749527697,501.1292871487505,483.3968564425131,,1.0
bts,1,test,2024-05-29,0.01,StructuralRobust,9.0,57.82684584348759,20.232088607594935,30.140002830091593,28.5790272203355,0.0,1.0
bts,1,test,2024-05-29,0.01,ExpectedActionValue,9.0,63.82684635711918,11.369464285714287,16.839414682539683,15.228551587301585,,1.0
bts,1,test,2024-05-29,0.01,PointwiseWorstAction,9.0,64.51493729766955,11.369464285714287,16.839414682539683,15.228551587301585,,1.0
bts,1,test,2024-05-29,0.01,ScenarioCVaR,9.0,64.51493729766955,11.369464285714287,16.839414682539683,15.228551587301585,,1.0
bts,1,test,2024-05-29,0.01,RiskFirst,9.0,5.1290921103037785,20.23208860759494,30.140002830091593,28.579027220335497,,1.0
bts,1,test,2024-05-29,0.01,TemporalContext2024,9.0,5.1290921103037785,20.23208860759494,30.140002830091593,28.579027220335497,,1.0
bts,1,test,2024-05-29,0.01,NetworkPropagation2024,9.0,5.064660387407436,20.23208860759494,30.140002830091593,28.579027220335497,,1.0
bts,1,test,2024-05-29,0.01,CalibratedUncertainty2025,9.0,4.52564899583142,18.41708860759494,27.417502830091593,25.856527220335487,,1.0
bts,1,test,2024-05-29,0.01,MappedPTO2026,9.0,2.145540363163337,7.5633333333333335,11.32,11.1325,,1.0
bts,1,test,2024-05-29,0.01,GroupAware2025,9.0,5.1290921103037785,20.23208860759494,30.140002830091593,28.579027220335497,,1.0
bts,1,test,2024-05-29,0.01,RobustImprovement2025,9.0,4.994182852577543,18.41708860759494,27.417502830091593,25.856527220335494,,1.0
bts,1,test,2024-05-29,0.03,StructuralRobust,28.0,107.71153309604064,33.241017179023515,49.50160997294874,46.80224150604978,0.0,1.0
bts,1,test,2024-05-29,0.03,ExpectedActionValue,28.0,113.95352174124544,47.84708659473165,71.02891836852619,65.46608194174159,,1.0
bts,1,test,2024-05-29,0.03,PointwiseWorstAction,28.0,114.73479008134335,41.46466901231406,61.7877095773174,58.71800501866467,,1.0
bts,1,test,2024-05-29,0.03,ScenarioCVaR,28.0,114.73479008134335,41.46466901231406,61.7877095773174,58.71800501866467,,1.0
bts,1,test,2024-05-29,0.03,RiskFirst,28.0,17.069680286188355,33.47935051235684,49.85910997294873,47.15974150604979,,1.0
bts,1,test,2024-05-29,0.03,TemporalContext2024,28.0,16.043795932112204,33.47935051235684,49.85910997294873,47.15974150604979,,1.0
bts,1,test,2024-05-29,0.03,NetworkPropagation2024,28.0,13.534454731451127,35.61823940124573,53.06744330628207,50.36807483938313,,1.0
bts,1,test,2024-05-29,0.03,CalibratedUncertainty2025,28.0,21.843437047221226,48.84858128158761,72.9129561267949,70.21358765989592,,1.0
bts,1,test,2024-05-29,0.03,MappedPTO2026,28.0,16.702033367047015,30.76226190476191,45.78347706155634,43.084108594657366,,1.0
bts,1,test,2024-05-29,0.03,GroupAware2025,28.0,16.668270226384788,45.75447246357636,68.21398802172922,65.08108296946442,,1.0
bts,1,test,2024-05-29,0.03,RobustImprovement2025,28.0,18.55410038659541,33.241017179023515,49.50160997294874,46.80224150604978,,1.0
bts,1,test,2024-05-29,0.05,StructuralRobust,46.0,145.6436535896677,66.08027730688121,98.35519528668648,92.61604023442163,0.0,1.0
bts,1,test,2024-05-29,0.05,ExpectedActionValue,46.0,149.87070361289844,69.45340069729575,103.08213952237236,94.84742809558777,,1.0
bts,1,test,2024-05-29,0.05,PointwiseWorstAction,46.0,150.02742823365102,69.63969624385444,103.21974073694723,93.92121352068895,,1.0
bts,1,test,2024-05-29,0.05,ScenarioCVaR,46.0,150.02742823365102,69.63969624385444,103.21974073694723,93.92121352068895,,1.0
bts,1,test,2024-05-29,0.05,RiskFirst,46.0,29.919635655423164,57.71836135246524,86.03482135506255,81.96441630279777,,1.0
bts,1,test,2024-05-29,0.05,TemporalContext2024,46.0,28.219907813732767,46.946017179023514,69.93410997294873,66.29724150604979,,1.0
bts,1,test,2024-05-29,0.05,NetworkPropagation2024,46.0,29.025499684690846,62.62907563817953,93.36655212429332,89.03859212697358,,1.0
bts,1,test,2024-05-29,0.05,CalibratedUncertainty2025,46.0,33.3633188165386,59.99487757788391,89.63240057123934,86.93303210434037,,1.0
bts,1,test,2024-05-29,0.05,MappedPTO2026,46.0,31.597606689892412,54.77947246357637,81.52648802172922,76.70608296946439,,1.0
bts,1,test,2024-05-29,0.05,GroupAware2025,46.0,30.699914734149843,60.97113913024304,90.91398802172922,86.84358296946439,,1.0
bts,1,test,2024-05-29,0.05,RobustImprovement2025,46.0,32.23793401775737,54.29858128158762,81.0879561267949,78.38858765989593,,1.0
bts,1,test,2024-05-29,0.1,StructuralRobust,93.0,223.84354884100281,133.5314581353639,197.85112651995763,179.505671396796,0.0,1.0
bts,1,test,2024-05-29,0.1,ExpectedActionValue,93.0,226.0230099661608,151.22294404477745,224.8419205288908,209.89820399182534,,1.0
bts,1,test,2024-05-29,0.1,PointwiseWorstAction,93.0,226.68164219210573,155.9943973012704,232.2070598815996,218.82303935430457,,1.0
bts,1,test,2024-05-29,0.1,ScenarioCVaR,93.0,226.68164219210573,155.9943973012704,232.2070598815996,218.82303935430457,,1.0
bts,1,test,2024-05-29,0.1,RiskFirst,93.0,70.56164605469895,141.18607373808126,210.86227703026077,203.98602520380243,,1.0
bts,1,test,2024-05-29,0.1,TemporalContext2024,93.0,68.47409204939576,126.33536497519466,188.5862138859309,181.7099620594726,,1.0
bts,1,test,2024-05-29,0.1,NetworkPropagation2024,93.0,67.20815874000178,149.6551213571289,223.53150779949155,216.3977010279782,,1.0
bts,1,test,2024-05-29,0.1,CalibratedUncertainty2025,93.0,64.10975946283833,181.31032509237534,270.94865406170186,263.32240223524343,,1.0
bts,1,test,2024-05-29,0.1,MappedPTO2026,93.0,69.35790210660606,119.88161047770252,178.7130256683862,170.39260030712933,,1.0
bts,1,test,2024-05-29,0.1,GroupAware2025,93.0,70.38667181773843,95.6293706932415,142.3784129391916,134.38608968416182,,1.0
bts,1,test,2024-05-29,0.1,RobustImprovement2025,93.0,62.73794115221818,156.98401444167024,233.62796097941714,219.76750585625547,,1.0
bts,1,test,2024-05-29,0.2,StructuralRobust,185.0,260.1929553649845,384.07572910350603,571.2211861076058,534.5281295002073,0.0,1.0
bts,1,test,2024-05-29,0.2,ExpectedActionValue,185.0,336.03095881258054,277.2276981350815,412.88185085741566,390.6841282683671,,1.0
bts,1,test,2024-05-29,0.2,PointwiseWorstAction,185.0,335.8453966993393,290.08063931155203,432.16126262212157,409.963540033073,,1.0
bts,1,test,2024-05-29,0.2,ScenarioCVaR,185.0,335.8453966993393,290.08063931155203,432.16126262212157,409.963540033073,,1.0
bts,1,test,2024-05-29,0.2,RiskFirst,185.0,120.42595977695251,287.55951746838537,429.20802896564527,413.22367468865014,,1.0
bts,1,test,2024-05-29,0.2,TemporalContext2024,185.0,121.85546716193505,336.0357399544836,501.30493770637736,480.6898960162682,,1.0
bts,1,test,2024-05-29,0.2,NetworkPropagation2024,185.0,119.84868024564626,274.1766870094741,409.26346068862597,394.25168699673793,,1.0
bts,1,test,2024-05-29,0.2,CalibratedUncertainty2025,185.0,124.40839327288136,342.9752961477278,512.0346696639587,493.8226104817111,,1.0
bts,1,test,2024-05-29,0.2,MappedPTO2026,185.0,133.66458654460695,317.63855099340367,473.43936565880006,450.80090942400943,,1.0
bts,1,test,2024-05-29,0.2,GroupAware2025,185.0,126.15719496699721,311.42297593553457,464.92240806897837,448.3319893115524,,1.0
bts,1,test,2024-05-29,0.2,RobustImprovement2025,185.0,144.20146965336255,254.97350840956545,379.67470193125996,358.7829968080982,,1.0
bts,1,test,2024-05-30,0.01,StructuralRobust,10.0,60.16230543207395,76.47293983887734,114.70940975831601,114.70940975831603,0.0,1.0
bts,1,test,2024-05-30,0.01,ExpectedActionValue,10.0,93.69506151358755,0.0,0.0,0.0,,1.0
bts,1,test,2024-05-30,0.01,PointwiseWorstAction,10.0,93.69506151358756,0.0,0.0,0.0,,1.0
bts,1,test,2024-05-30,0.01,ScenarioCVaR,10.0,93.69506151358756,0.0,0.0,0.0,,1.0
bts,1,test,2024-05-30,0.01,RiskFirst,10.0,9.071544181203961,77.32293983887735,115.814409758316,114.539409758316,,1.0
bts,1,test,2024-05-30,0.01,TemporalContext2024,10.0,8.483976611991704,78.47293983887735,117.539409758316,116.26440975831599,,1.0
bts,1,test,2024-05-30,0.01,NetworkPropagation2024,10.0,9.071544181203963,77.32293983887735,115.814409758316,114.539409758316,,1.0
bts,1,test,2024-05-30,0.01,CalibratedUncertainty2025,10.0,11.447641070496326,77.53631239955806,116.13446859933708,114.85946859933708,,1.0
bts,1,test,2024-05-30,0.01,MappedPTO2026,10.0,9.930204993682295,7.602631578947369,11.233947368421052,9.958947368421049,,1.0
bts,1,test,2024-05-30,0.01,GroupAware2025,10.0,10.551545166533144,76.67293983887735,115.00940975831602,115.00940975831598,,1.0
bts,1,test,2024-05-30,0.01,RobustImprovement2025,10.0,8.170504537341639,73.3199483858859,109.80992257882883,108.53492257882884,,1.0
bts,1,test,2024-05-30,0.03,StructuralRobust,30.0,112.7465144266845,98.06374282673917,146.17015205523478,139.22918566868015,0.0,1.0
bts,1,test,2024-05-30,0.03,ExpectedActionValue,30.0,162.73314366772814,8.447823886639675,12.565005060728744,11.764524291497974,,1.0
bts,1,test,2024-05-30,0.03,PointwiseWorstAction,30.0,163.17244695139286,8.447823886639675,12.565005060728744,11.764524291497974,,1.0
bts,1,test,2024-05-30,0.03,ScenarioCVaR,30.0,163.17244695139286,8.447823886639675,12.565005060728744,11.764524291497974,,1.0
bts,1,test,2024-05-30,0.03,RiskFirst,30.0,28.848298537724762,110.2661997637026,164.93812317496565,161.47929964555385,,1.0
bts,1,test,2024-05-30,0.03,TemporalContext2024,30.0,29.15115441470192,124.56581808431329,186.38755065588165,182.92872712646985,,1.0
bts,1,test,2024-05-30,0.03,NetworkPropagation2024,30.0,28.666576604947238,97.30923154854368,145.50267085222725,142.04384732281545,,1.0
bts,1,test,2024-05-30,0.03,CalibratedUncertainty2025,30.0,30.75949313697329,113.72404984548622,170.41607476822932,169.14107476822932,,1.0
bts,1,test,2024-05-30,0.03,MappedPTO2026,30.0,26.382644752737285,87.15923154854367,130.2776708522273,126.8188473228155,,1.0
bts,1,test,2024-05-30,0.03,GroupAware2025,30.0,26.767941708291684,136.18743528493815,203.98997645681894,201.80615292740714,,1.0
bts,1,test,2024-05-30,0.03,RobustImprovement2025,30.0,24.690897502066054,98.06374282673917,146.17015205523478,139.22918566868015,,1.0
bts,1,test,2024-05-30,0.05,StructuralRobust,50.0,147.59592519550444,204.55199722149132,305.7971428117835,298.06574515838247,0.0,1.0
bts,1,test,2024-05-30,0.05,ExpectedActionValue,50.0,209.1563735398365,46.535802773487234,69.57347721286781,67.84677510764503,,1.0
bts,1,test,2024-05-30,0.05,PointwiseWorstAction,50.0,208.97238596234047,38.27191388459835,57.263428193259976,56.18010844097836,,1.0
bts,1,test,2024-05-30,0.05,ScenarioCVaR,50.0,208.97238596234047,38.27191388459835,57.263428193259976,56.18010844097836,,1.0
bts,1,test,2024-05-30,0.05,RiskFirst,50.0,36.50922355506885,158.49569732642414,237.1769786834684,232.92772388721028,,1.0
bts,1,test,2024-05-30,0.05,TemporalContext2024,50.0,38.88600787440789,145.7587927359836,218.1770126333871,214.7181891039753,,1.0
bts,1,test,2024-05-30,0.05,NetworkPropagation2024,50.0,42.947399233776956,162.34112847185526,242.94512540161512,238.69587060535702,,1.0
bts,1,test,2024-05-30,0.05,CalibratedUncertainty2025,50.0,42.31706397915331,203.8283582006656,305.46714646541886,303.4017151985725,,1.0
bts,1,test,2024-05-30,0.05,MappedPTO2026,50.0,37.17610472707356,131.33053542803825,196.38252876937122,191.7829709742252,,1.0
bts,1,test,2024-05-30,0.05,GroupAware2025,50.0,37.17425554855846,140.53743528493817,210.51497645681894,208.33115292740712,,1.0
bts,1,test,2024-05-30,0.05,RobustImprovement2025,50.0,48.57612853329438,159.74323567837425,238.10017696769611,226.74010284370686,,1.0
bts,1,test,2024-05-30,0.1,StructuralRobust,100.0,227.16969710065086,295.36018208165274,440.34745273369424,420.15129981780717,0.0,1.0
bts,1,test,2024-05-30,0.1,ExpectedActionValue,100.0,291.45339551132383,79.35233243177221,118.32952170029529,114.06115292840583,,1.0
bts,1,test,2024-05-30,0.1,PointwiseWorstAction,100.0,292.28831480437884,75.84873835143394,113.07413057978788,108.80576180789843,,1.0
bts,1,test,2024-05-30,0.1,ScenarioCVaR,100.0,292.28831480437884,75.84873835143394,113.07413057978788,108.80576180789843,,1.0
bts,1,test,2024-05-30,0.1,RiskFirst,100.0,71.85578308493842,237.4239186149396,354.4962013725441,342.1986272485549,,1.0
bts,1,test,2024-05-30,0.1,TemporalContext2024,100.0,68.33233124656435,203.23663853982833,303.224104789289,290.99270713588794,,1.0
bts,1,test,2024-05-30,0.1,NetworkPropagation2024,100.0,68.78278449934338,271.72329626568643,405.8942167699256,393.21375955539594,,1.0
bts,1,test,2024-05-30,0.1,CalibratedUncertainty2025,100.0,72.45901884031376,273.43084780649747,408.83368792006195,398.9893094974302,,1.0
bts,1,test,2024-05-30,0.1,MappedPTO2026,100.0,67.17952855218749,178.01427886266535,265.8764131520811,257.2888745877043,,1.0
bts,1,test,2024-05-30,0.1,GroupAware2025,100.0,82.55508093565024,231.69380047008357,346.3439262531622,337.36811786343867,,1.0
bts,1,test,2024-05-30,0.1,RobustImprovement2025,100.0,75.2878100153424,292.904302577963,437.3569027089287,422.3602690238108,,1.0
bts,1,test,2024-05-30,0.2,StructuralRobust,199.0,268.4215377813245,438.4331561818545,653.345821234037,623.8164734434531,0.0,1.0
bts,1,test,2024-05-30,0.2,ExpectedActionValue,199.0,409.6160165136514,230.26930237014827,344.13604803643085,335.6007149788271,,1.0
bts,1,test,2024-05-30,0.2,PointwiseWorstAction,199.0,410.47478879949915,265.3948020009761,396.73079098916605,387.4941592302636,,1.0
bts,1,test,2024-05-30,0.2,ScenarioCVaR,199.0,410.47478879949915,265.3948020009761,396.73079098916605,387.4941592302636,,1.0
bts,1,test,2024-05-30,0.2,RiskFirst,199.0,136.34481860937098,380.9635417986415,569.126016579025,551.7312956869964,,1.0
bts,1,test,2024-05-30,0.2,TemporalContext2024,199.0,138.0382639088081,374.9462283658057,560.0500464297712,542.2803255377424,,1.0
bts,1,test,2024-05-30,0.2,NetworkPropagation2024,199.0,137.63323931166698,368.6737394927187,550.6589601789643,533.021592228112,,1.0
bts,1,test,2024-05-30,0.2,CalibratedUncertainty2025,199.0,136.23740980505468,469.47960889414725,701.9561635530679,684.9817901419224,,1.0
bts,1,test,2024-05-30,0.2,MappedPTO2026,199.0,137.84139112353066,353.48118026806316,528.7364998164478,517.5969704240961,,1.0
bts,1,test,2024-05-30,0.2,GroupAware2025,199.0,141.90301891267765,462.70058542622746,691.5442290792275,672.7443611283754,,1.0
bts,1,test,2024-05-30,0.2,RobustImprovement2025,199.0,178.09781986928368,338.9302877242832,506.32088042840905,490.7617467432914,,1.0
bts,1,test,2024-05-31,0.01,StructuralRobust,11.0,91.18736740170868,42.609702671727575,63.46441486102364,60.08837126176576,0.0,1.0
bts,1,test,2024-05-31,0.01,ExpectedActionValue,11.0,45.65619878271883,6.8014705882352935,10.20220588235294,10.202205882352942,,1.0
bts,1,test,2024-05-31,0.01,PointwiseWorstAction,11.0,45.90560143299987,6.8014705882352935,10.20220588235294,10.202205882352942,,1.0
bts,1,test,2024-05-31,0.01,ScenarioCVaR,11.0,45.90560143299987,6.8014705882352935,10.20220588235294,10.202205882352942,,1.0
bts,1,test,2024-05-31,0.01,RiskFirst,11.0,7.676900605582707,8.952272727272728,13.317045454545454,12.48181818181818,,1.0
bts,1,test,2024-05-31,0.01,TemporalContext2024,11.0,7.558889200427286,5.227272727272728,7.804545454545455,7.5318181818181795,,1.0
bts,1,test,2024-05-31,0.01,NetworkPropagation2024,11.0,6.531039074828592,7.252272727272728,10.767045454545453,9.93181818181818,,1.0
bts,1,test,2024-05-31,0.01,CalibratedUncertainty2025,11.0,7.9200275472802115,0.0,0.0,0.0,,1.0
bts,1,test,2024-05-31,0.01,MappedPTO2026,11.0,8.638266723482246,19.499536787191943,29.033128710199676,27.411805180787916,,1.0
bts,1,test,2024-05-31,0.01,GroupAware2025,11.0,7.676900605582707,8.952272727272728,13.317045454545454,12.48181818181818,,1.0
bts,1,test,2024-05-31,0.01,RobustImprovement2025,11.0,6.85672068519794,5.227272727272728,7.804545454545455,7.5318181818181795,,1.0
bts,1,test,2024-05-31,0.03,StructuralRobust,32.0,160.61774670733138,51.54058502466875,76.44456191984716,69.94719479117751,0.0,1.0
bts,1,test,2024-05-31,0.03,ExpectedActionValue,32.0,103.4958986901927,19.32034307281412,28.930514609221177,28.555514609221184,,1.0
bts,1,test,2024-05-31,0.03,PointwiseWorstAction,32.0,103.71940631626934,19.32034307281412,28.930514609221177,28.555514609221177,,1.0
bts,1,test,2024-05-31,0.03,ScenarioCVaR,32.0,103.71940631626934,19.32034307281412,28.930514609221177,28.555514609221177,,1.0
bts,1,test,2024-05-31,0.03,RiskFirst,32.0,26.72317736929566,50.995909568279295,75.84372520585123,70.96768160659335,,1.0
bts,1,test,2024-05-31,0.03,TemporalContext2024,32.0,26.09725126498034,30.470927161523495,45.545027105921605,44.33479983319434,,1.0
bts,1,test,2024-05-31,0.03,NetworkPropagation2024,32.0,26.4538921229197,50.21558502466875,74.48206191984717,68.17219479117753,,1.0
bts,1,test,2024-05-31,0.03,CalibratedUncertainty2025,32.0,22.427938985656084,33.59001297766814,49.81884299591396,45.572519466502186,,1.0
bts,1,test,2024-05-31,0.03,MappedPTO2026,32.0,25.951238994374357,48.726791921220475,72.27387226467475,66.15150513600511,,1.0
bts,1,test,2024-05-31,0.03,GroupAware2025,32.0,26.146660738243728,52.07679192122047,77.24887226467476,70.75150513600514,,1.0
bts,1,test,2024-05-31,0.03,RobustImprovement2025,32.0,26.30285457071109,51.54058502466875,76.44456191984716,69.94719479117751,,1.0
bts,1,test,2024-05-31,0.05,StructuralRobust,54.0,204.20712123165356,94.63183698067763,140.67824836449878,131.15694506561638,0.0,1.0
bts,1,test,2024-05-31,0.05,ExpectedActionValue,54.0,146.6465608927937,33.416543072814115,49.749814609221175,46.93731460922118,,1.0
bts,1,test,2024-05-31,0.05,PointwiseWorstAction,54.0,146.8812184062408,35.71237640614745,53.19356460922118,50.38106460922118,,1.0
bts,1,test,2024-05-31,0.05,ScenarioCVaR,54.0,146.8812184062408,35.71237640614745,53.19356460922118,50.38106460922118,,1.0
bts,1,test,2024-05-31,0.05,RiskFirst,54.0,38.52410040143332,66.88477064462472,99.12094673275986,90.07437747643064,,1.0
bts,1,test,2024-05-31,0.05,TemporalContext2024,54.0,38.3555499608253,90.78358016843424,134.5474943518075,122.3384250954783,,1.0
bts,1,test,2024-05-31,0.05,NetworkPropagation2024,54.0,38.98836171284601,74.13477064462472,109.99594673275986,100.94937747643064,,1.0
bts,1,test,2024-05-31,0.05,CalibratedUncertainty2025,54.0,36.94419368489833,82.92010054460981,122.93863855243444,112.12729656883248,,1.0
bts,1,test,2024-05-31,0.05,MappedPTO2026,54.0,39.0934620138874,77.74552454115204,115.53705745794838,107.42783730460087,,1.0
bts,1,test,2024-05-31,0.05,GroupAware2025,54.0,38.82939234656199,85.68477064462472,127.32094673275986,118.27437747643067,,1.0
bts,1,test,2024-05-31,0.05,RobustImprovement2025,54.0,42.25160597101896,89.41810397795805,132.3242800660932,118.80271080976397,,1.0
bts,1,test,2024-05-31,0.1,StructuralRobust,107.0,291.0974722744358,161.17739096806028,237.80864473632232,210.87783186806186,0.0,1.0
bts,1,test,2024-05-31,0.1,ExpectedActionValue,107.0,234.41262738378012,54.31050489776755,81.09075734665134,78.27825734665137,,1.0
bts,1,test,2024-05-31,0.1,PointwiseWorstAction,107.0,235.1242647704416,59.576783967535,88.9901759513025,86.17767595130252,,1.0
bts,1,test,2024-05-31,0.1,ScenarioCVaR,107.0,235.1242647704416,59.576783967535,88.9901759513025,86.17767595130252,,1.0
bts,1,test,2024-05-31,0.1,RiskFirst,107.0,70.97188897838373,136.61986964353602,202.9288424400582,187.92162725071458,,1.0
bts,1,test,2024-05-31,0.1,TemporalContext2024,107.0,71.12356744052342,139.119869643536,206.6788424400582,191.6716272507146,,1.0
bts,1,test,2024-05-31,0.1,NetworkPropagation2024,107.0,74.28991425282763,135.26608270089366,200.70273467566733,186.97981435811852,,1.0
bts,1,test,2024-05-31,0.1,CalibratedUncertainty2025,107.0,74.93199064600944,144.17719579804154,214.23427611626093,198.99789426025066,,1.0
bts,1,test,2024-05-31,0.1,MappedPTO2026,107.0,80.07809285701431,130.0654099968467,193.3775999272047,180.4737369167143,,1.0
bts,1,test,2024-05-31,0.1,GroupAware2025,107.0,70.3280554582979,137.99894156576582,205.00063024289867,190.0172644497729,,1.0
bts,1,test,2024-05-31,0.1,RobustImprovement2025,107.0,64.770446252825,133.43130214233364,197.26933705291628,175.6872158485351,,1.0
bts,1,test,2024-05-31,0.2,StructuralRobust,214.0,328.2888739334362,303.7736220632762,450.1607996819544,411.66354908475614,0.0,1.0
bts,1,test,2024-05-31,0.2,ExpectedActionValue,214.0,368.1601815792268,152.30909839415548,227.66151154429514,221.64549119225987,,1.0
bts,1,test,2024-05-31,0.2,PointwiseWorstAction,214.0,369.61134671096164,155.25585222099403,232.03214086005158,225.64485982425572,,1.0
bts,1,test,2024-05-31,0.2,ScenarioCVaR,214.0,369.61134671096164,155.25585222099403,232.03214086005158,225.64485982425572,,1.0
bts,1,test,2024-05-31,0.2,RiskFirst,214.0,150.8883517663414,291.6372142255016,434.00748030312764,410.89492253969144,,1.0
bts,1,test,2024-05-31,0.2,TemporalContext2024,214.0,149.36379914290876,288.5578521593706,428.6349955067394,401.24662501436563,,1.0
bts,1,test,2024-05-31,0.2,NetworkPropagation2024,214.0,142.9513756044441,298.19753833958976,444.02296647425976,422.2229087108236,,1.0
bts,1,test,2024-05-31,0.2,CalibratedUncertainty2025,214.0,153.96919394033782,350.0728002900317,522.0702076314782,499.27776160470927,,1.0
bts,1,test,2024-05-31,0.2,MappedPTO2026,214.0,151.9334411570188,321.163330273525,479.16953816265215,459.85360880538786,,1.0
bts,1,test,2024-05-31,0.2,GroupAware2025,214.0,152.56188000040424,310.79502134950377,463.14190883145454,441.6372348854457,,1.0
bts,1,test,2024-05-31,0.2,RobustImprovement2025,214.0,125.56684484572546,187.44437768971167,278.01954626091015,254.41689420848004,,1.0
bts,2,set_cal,2024-05-01,0.01,StructuralRobust,9.0,79.27533469456273,3.5000000000000004,5.25,5.25,0.0,1.0
bts,2,set_cal,2024-05-01,0.01,ExpectedActionValue,9.0,77.72247521623991,0.8,1.2,1.2,,1.0
bts,2,set_cal,2024-05-01,0.01,PointwiseWorstAction,9.0,77.72247521623991,0.8,1.2,1.2,,1.0
bts,2,set_cal,2024-05-01,0.01,ScenarioCVaR,9.0,77.72247521623991,0.8,1.2,1.2,,1.0
bts,2,set_cal,2024-05-01,0.01,RiskFirst,9.0,2.9413940230069144,3.293589743589744,4.86474358974359,4.297435897435898,,1.0
bts,2,set_cal,2024-05-01,0.01,TemporalContext2024,9.0,4.037635226474508,3.293589743589744,4.86474358974359,4.297435897435898,,1.0
bts,2,set_cal,2024-05-01,0.01,NetworkPropagation2024,9.0,4.203998620123162,2.193589743589744,3.21474358974359,2.647435897435898,,1.0
bts,2,set_cal,2024-05-01,0.01,CalibratedUncertainty2025,9.0,3.9234130359372794,1.1,1.65,1.65,,1.0
bts,2,set_cal,2024-05-01,0.01,MappedPTO2026,9.0,3.2624371949572346,4.3500000000000005,6.525,6.5249999999999995,,1.0
bts,2,set_cal,2024-05-01,0.01,GroupAware2025,9.0,2.9413940230069144,3.293589743589744,4.86474358974359,4.297435897435898,,1.0
bts,2,set_cal,2024-05-01,0.01,RobustImprovement2025,9.0,3.695141851338289,3.5000000000000004,5.25,5.25,,1.0
bts,2,set_cal,2024-05-01,0.03,StructuralRobust,28.0,150.77084450796602,10.300847808105873,15.300630686517783,14.17082299421009,0.0,1.0
bts,2,set_cal,2024-05-01,0.03,ExpectedActionValue,28.0,136.87247777012792,22.78310810810811,33.99966216216217,32.68716216216217,,1.0
bts,2,set_cal,2024-05-01,0.03,PointwiseWorstAction,28.0,137.5839348847679,27.118236714975843,40.50235507246377,39.189855072463764,,1.0
bts,2,set_cal,2024-05-01,0.03,ScenarioCVaR,28.0,137.5839348847679,27.118236714975843,40.50235507246377,39.189855072463764,,1.0
bts,2,set_cal,2024-05-01,0.03,RiskFirst,28.0,16.918839199088453,10.300847808105871,15.300630686517785,14.170822994210095,,1.0
bts,2,set_cal,2024-05-01,0.03,TemporalContext2024,28.0,19.526036269781795,10.300847808105871,15.300630686517785,14.170822994210095,,1.0
bts,2,set_cal,2024-05-01,0.03,NetworkPropagation2024,28.0,19.26343108637084,10.300847808105873,15.300630686517785,14.170822994210093,,1.0
bts,2,set_cal,2024-05-01,0.03,CalibratedUncertainty2025,28.0,14.477569811434332,9.062457668118046,13.518045476536042,12.950737784228348,,1.0
bts,2,set_cal,2024-05-01,0.03,MappedPTO2026,28.0,16.08472431568012,13.501692476820223,20.176897689589307,19.60958999728161,,1.0
bts,2,set_cal,2024-05-01,0.03,GroupAware2025,28.0,17.7878339678107,10.300847808105871,15.300630686517785,14.170822994210095,,1.0
bts,2,set_cal,2024-05-01,0.03,RobustImprovement2025,28.0,20.337094366103887,26.221788445382174,38.348420952777055,30.966458088055568,,1.0
bts,2,set_cal,2024-05-01,0.05,StructuralRobust,46.0,226.01058349578315,25.429278683716774,37.65965631027896,34.02769344555748,0.0,1.0
bts,2,set_cal,2024-05-01,0.05,ExpectedActionValue,46.0,177.88439482621146,37.784344823083956,56.22951723462593,52.877017234625924,,1.0
bts,2,set_cal,2024-05-01,0.05,PointwiseWorstAction,46.0,178.04549490185443,38.776344823083946,57.48951723462593,52.427017234625936,,1.0
bts,2,set_cal,2024-05-01,0.05,ScenarioCVaR,46.0,178.04549490185443,38.776344823083946,57.48951723462593,52.427017234625936,,1.0
bts,2,set_cal,2024-05-01,0.05,RiskFirst,46.0,36.611204484720005,33.07927868371677,49.13465631027896,45.502693445557476,,1.0
bts,2,set_cal,2024-05-01,0.05,TemporalContext2024,46.0,34.874751180529024,26.495046907199963,39.59192933515892,38.462121642851244,,1.0
bts,2,set_cal,2024-05-01,0.05,NetworkPropagation2024,46.0,32.78139575170884,25.429278683716774,37.65965631027896,34.02769344555748,,1.0
bts,2,set_cal,2024-05-01,0.05,CalibratedUncertainty2025,46.0,30.56417224443298,37.80169247682022,56.57689768958931,55.63458999728161,,1.0
bts,2,set_cal,2024-05-01,0.05,MappedPTO2026,46.0,36.61120448472001,33.07927868371677,49.13465631027896,45.502693445557476,,1.0
bts,2,set_cal,2024-05-01,0.05,GroupAware2025,46.0,34.08269561169796,25.429278683716774,37.65965631027896,34.02769344555748,,1.0
bts,2,set_cal,2024-05-01,0.05,RobustImprovement2025,46.0,31.926091524299004,30.74641224839175,44.86182724552671,35.428393792569935,,1.0
bts,2,set_cal,2024-05-01,0.1,StructuralRobust,92.0,318.5080823980884,63.51475869309807,94.05937658168492,84.96366564696856,0.0,1.0
bts,2,set_cal,2024-05-01,0.1,ExpectedActionValue,92.0,262.3575297119533,53.06993752353832,78.12768240471046,67.04850330023285,,1.0
bts,2,set_cal,2024-05-01,0.1,PointwiseWorstAction,92.0,262.0241091199837,52.15887780949289,76.41281697157336,64.09656890157854,,1.0
bts,2,set_cal,2024-05-01,0.1,ScenarioCVaR,92.0,262.0241091199837,52.15887780949289,76.41281697157336,64.09656890157854,,1.0
bts,2,set_cal,2024-05-01,0.1,RiskFirst,92.0,60.56896512822501,65.46475869309808,97.53437658168491,92.56366564696856,,1.0
bts,2,set_cal,2024-05-01,0.1,TemporalContext2024,92.0,59.00153791532097,64.69604940368929,96.23628297847301,90.17784952551624,,1.0
bts,2,set_cal,2024-05-01,0.1,NetworkPropagation2024,92.0,60.18249595979439,63.51475869309807,94.05937658168492,84.96366564696856,,1.0
bts,2,set_cal,2024-05-01,0.1,CalibratedUncertainty2025,92.0,56.00581650873884,60.81585286804637,90.33835659606129,83.69768630099927,,1.0
bts,2,set_cal,2024-05-01,0.1,MappedPTO2026,92.0,61.531750886149524,73.68416428750368,109.8134849732933,104.46777403857695,,1.0
bts,2,set_cal,2024-05-01,0.1,GroupAware2025,92.0,63.2514486249402,66.3455279238673,98.85553042783876,93.88481949312241,,1.0
bts,2,set_cal,2024-05-01,0.1,RobustImprovement2025,92.0,56.474962096553874,58.68742871403411,86.1950760819213,72.84957366344729,,1.0
bts,2,set_cal,2024-05-01,0.2,StructuralRobust,184.0,269.2305402999142,120.14894314413877,176.66939702943864,153.1892643786675,0.0,1.0
bts,2,set_cal,2024-05-01,0.2,ExpectedActionValue,184.0,382.31313131603184,90.47915893914632,133.46455445552715,118.35817480658488,,1.0
bts,2,set_cal,2024-05-01,0.2,PointwiseWorstAction,184.0,382.6491576972352,93.16834812833551,137.49833823931093,122.39195859036866,,1.0
bts,2,set_cal,2024-05-01,0.2,ScenarioCVaR,184.0,382.6491576972352,93.16834812833551,137.49833823931093,122.39195859036866,,1.0
bts,2,set_cal,2024-05-01,0.2,RiskFirst,184.0,131.45350960939126,123.04894314413878,181.16939702943864,158.81426437866747,,1.0
bts,2,set_cal,2024-05-01,0.2,TemporalContext2024,184.0,133.2705577554376,116.19885310812435,171.28774937037502,151.88377218178874,,1.0
bts,2,set_cal,2024-05-01,0.2,NetworkPropagation2024,184.0,134.6717151546311,130.4018002869959,192.0824922675339,168.8559310453342,,1.0
bts,2,set_cal,2024-05-01,0.2,CalibratedUncertainty2025,184.0,119.26438972079761,120.66940920460924,178.07152469157296,159.25210632651613,,1.0
bts,2,set_cal,2024-05-01,0.2,MappedPTO2026,184.0,131.25935978907515,122.21786206305768,179.77277540781705,156.29264275704594,,1.0
bts,2,set_cal,2024-05-01,0.2,GroupAware2025,184.0,132.10349949616685,124.76786206305768,184.24777540781702,162.8926427570458,,1.0
bts,2,set_cal,2024-05-01,0.2,RobustImprovement2025,184.0,120.8626989570863,96.94810847804537,142.4685209701482,123.49120786824922,,1.0
bts,2,set_cal,2024-05-02,0.01,StructuralRobust,10.0,92.4716654743718,15.570370370370371,23.355555555555554,23.355555555555554,0.0,1.0
bts,2,set_cal,2024-05-02,0.01,ExpectedActionValue,10.0,60.41088702723679,9.327049180327869,13.990573770491803,13.990573770491803,,1.0
bts,2,set_cal,2024-05-02,0.01,PointwiseWorstAction,10.0,60.30458175356909,11.329430132708822,16.994145199063233,16.99414519906323,,1.0
bts,2,set_cal,2024-05-02,0.01,ScenarioCVaR,10.0,60.30458175356909,11.329430132708822,16.994145199063233,16.99414519906323,,1.0
bts,2,set_cal,2024-05-02,0.01,RiskFirst,10.0,8.95650025343866,15.570370370370371,23.355555555555554,23.355555555555554,,1.0
bts,2,set_cal,2024-05-02,0.01,TemporalContext2024,10.0,8.981146520459921,15.570370370370371,23.355555555555554,23.355555555555554,,1.0
bts,2,set_cal,2024-05-02,0.01,NetworkPropagation2024,10.0,8.95650025343866,15.570370370370371,23.355555555555554,23.355555555555554,,1.0
bts,2,set_cal,2024-05-02,0.01,CalibratedUncertainty2025,10.0,6.694191525662527,12.038425925925926,17.85625,16.34583333333333,,1.0
bts,2,set_cal,2024-05-02,0.01,MappedPTO2026,10.0,5.757867323838456,11.883425925925925,17.49475,15.016833333333333,,1.0
bts,2,set_cal,2024-05-02,0.01,GroupAware2025,10.0,8.643869174954466,18.188425925925927,27.081249999999997,25.570833333333333,,1.0
bts,2,set_cal,2024-05-02,0.01,RobustImprovement2025,10.0,9.034928062282424,18.188425925925927,27.081249999999997,25.570833333333333,,1.0
bts,2,set_cal,2024-05-02,0.03,StructuralRobust,29.0,154.24073737597968,60.577901872171765,90.13646391936875,84.65854725270208,0.0,1.0
bts,2,set_cal,2024-05-02,0.03,ExpectedActionValue,29.0,120.267714961536,16.77949718251725,25.124801329331433,24.791467995998094,,1.0
bts,2,set_cal,2024-05-02,0.03,PointwiseWorstAction,29.0,120.17215500859099,16.77949718251725,25.124801329331433,24.791467995998094,,1.0
bts,2,set_cal,2024-05-02,0.03,ScenarioCVaR,29.0,120.17215500859099,16.77949718251725,25.124801329331433,24.791467995998094,,1.0
bts,2,set_cal,2024-05-02,0.03,RiskFirst,29.0,24.312302231506845,58.17790187217176,86.93646391936875,84.45854725270209,,1.0
bts,2,set_cal,2024-05-02,0.03,TemporalContext2024,29.0,21.768629509869598,60.95893635493038,91.10801564350669,88.63009897684,,1.0
bts,2,set_cal,2024-05-02,0.03,NetworkPropagation2024,29.0,24.348792052909236,60.7842655085354,90.8460093739142,88.36809270724753,,1.0
bts,2,set_cal,2024-05-02,0.03,CalibratedUncertainty2025,29.0,22.76863419483979,67.02880573842046,100.19181971874178,97.5564030520751,,1.0
bts,2,set_cal,2024-05-02,0.03,MappedPTO2026,29.0,26.13584234444569,49.652959735677456,73.74905071462727,68.27113404796059,,1.0
bts,2,set_cal,2024-05-02,0.03,GroupAware2025,29.0,22.986404968502267,58.87790187217177,87.73646391936876,83.38354725270207,,1.0
bts,2,set_cal,2024-05-02,0.03,RobustImprovement2025,29.0,19.683736207749295,47.35057783498717,70.27447786359187,64.63906119692518,,1.0
bts,2,set_cal,2024-05-02,0.05,StructuralRobust,48.0,224.7988685016019,107.22605440338448,159.76702604952112,151.72660938285446,0.0,1.0
bts,2,set_cal,2024-05-02,0.05,ExpectedActionValue,48.0,163.20405875864273,34.89709064004545,52.174778976924046,50.893351603343035,,1.0
bts,2,set_cal,2024-05-02,0.05,PointwiseWorstAction,48.0,163.4233514633561,36.983454276409084,55.304324431469496,54.02289705788849,,1.0
bts,2,set_cal,2024-05-02,0.05,ScenarioCVaR,48.0,163.4233514633561,36.983454276409084,55.304324431469496,54.02289705788849,,1.0
bts,2,set_cal,2024-05-02,0.05,RiskFirst,48.0,39.53524512320318,95.50105440338447,142.15452604952114,133.92660938285445,,1.0
bts,2,set_cal,2024-05-02,0.05,TemporalContext2024,48.0,41.44257917349236,87.16135743368748,130.01164726164234,124.5337305949757,,1.0
bts,2,set_cal,2024-05-02,0.05,NetworkPropagation2024,48.0,39.68798250514431,107.22605440338448,159.76702604952112,151.72660938285446,,1.0
bts,2,set_cal,2024-05-02,0.05,CalibratedUncertainty2025,48.0,36.818034010986814,89.24772107005113,133.2451927161878,128.54727604952114,,1.0
bts,2,set_cal,2024-05-02,0.05,MappedPTO2026,48.0,39.747283384522966,95.15105440338446,141.62952604952113,133.40160938285447,,1.0
bts,2,set_cal,2024-05-02,0.05,GroupAware2025,48.0,33.06263732755499,95.68492537112641,142.51097766242435,134.8878997054351,,1.0
bts,2,set_cal,2024-05-02,0.05,RobustImprovement2025,48.0,40.285899931822996,91.39387602733184,135.68550358348145,125.1456751521089,,1.0
bts,2,set_cal,2024-05-02,0.1,StructuralRobust,97.0,320.2381092962355,152.66151944274455,227.3253785737731,214.8236241461955,0.0,1.0
bts,2,set_cal,2024-05-02,0.1,ExpectedActionValue,97.0,251.85149754962487,94.92454395093844,141.47128982561645,134.6048440696825,,1.0
bts,2,set_cal,2024-05-02,0.1,PointwiseWorstAction,97.0,252.8323382018297,85.45925533305224,127.2733568987872,120.40691114285325,,1.0
bts,2,set_cal,2024-05-02,0.1,ScenarioCVaR,97.0,252.8323382018297,85.45925533305224,127.2733568987872,120.40691114285325,,1.0
bts,2,set_cal,2024-05-02,0.1,RiskFirst,97.0,73.90939590800393,152.95318610941118,228.00454524043977,217.31529081286217,,1.0
bts,2,set_cal,2024-05-02,0.1,TemporalContext2024,97.0,70.54633322534056,141.08718446399777,209.98201336055496,197.61628834474212,,1.0
bts,2,set_cal,2024-05-02,0.1,NetworkPropagation2024,97.0,69.41046531836847,152.66151944274455,227.3253785737731,214.8236241461955,,1.0
bts,2,set_cal,2024-05-02,0.1,CalibratedUncertainty2025,97.0,71.0286575310834,152.79797884329415,227.40089310154258,213.93032937605247,,1.0
bts,2,set_cal,2024-05-02,0.1,MappedPTO2026,97.0,74.85837804218063,143.69409520032028,214.1159088768034,203.42665444922588,,1.0
bts,2,set_cal,2024-05-02,0.1,GroupAware2025,97.0,74.33597670580139,143.72818610941113,214.1420452404397,203.26529081286225,,1.0
bts,2,set_cal,2024-05-02,0.1,RobustImprovement2025,97.0,72.35395178240299,146.87928948702097,217.66270726447624,197.7410050190619,,1.0
bts,2,set_cal,2024-05-02,0.2,StructuralRobust,194.0,251.40721722265124,250.79723061617835,371.03307215663347,337.0935188993784,0.0,1.0
bts,2,set_cal,2024-05-02,0.2,ExpectedActionValue,194.0,375.22880518466707,187.09897109786564,279.41507340315013,270.16469907578755,,1.0
bts,2,set_cal,2024-05-02,0.2,PointwiseWorstAction,194.0,375.39070764434763,189.2989710978656,282.7150734031501,273.46469907578756,,1.0
bts,2,set_cal,2024-05-02,0.2,ScenarioCVaR,194.0,375.39070764434763,189.2989710978656,282.7150734031501,273.46469907578756,,1.0
bts,2,set_cal,2024-05-02,0.2,RiskFirst,194.0,147.88415072550865,235.3435457644777,350.4313139028836,331.0512783241359,,1.0
bts,2,set_cal,2024-05-02,0.2,TemporalContext2024,194.0,149.63528385849577,235.58989461887532,350.50917051781335,328.9416349390658,,1.0
bts,2,set_cal,2024-05-02,0.2,NetworkPropagation2024,194.0,148.71205810050756,224.12675833775972,333.1644660961398,310.471930517392,,1.0
bts,2,set_cal,2024-05-02,0.2,CalibratedUncertainty2025,194.0,139.0923394245821,258.19048978847667,383.9869842244356,359.2463557873403,,1.0
bts,2,set_cal,2024-05-02,0.2,MappedPTO2026,194.0,149.84484983414055,233.91020092631234,347.81667400412607,324.9519686140577,,1.0
bts,2,set_cal,2024-05-02,0.2,GroupAware2025,194.0,149.22691699033197,221.81838816402177,330.0226097602641,309.7353161170003,,1.0
bts,2,set_cal,2024-05-02,0.2,RobustImprovement2025,194.0,137.11203680041717,217.64722260449034,323.66100756665844,302.58731001607975,,1.0
bts,2,set_cal,2024-05-03,0.01,StructuralRobust,10.0,60.76654832009022,13.842036307345905,20.674418097382492,20.009645370109766,0.0,1.0
bts,2,set_cal,2024-05-03,0.01,ExpectedActionValue,10.0,66.08985670391829,0.0,0.0,0.0,,1.0
bts,2,set_cal,2024-05-03,0.01,PointwiseWorstAction,10.0,66.54228225039218,0.0,0.0,0.0,,1.0
bts,2,set_cal,2024-05-03,0.01,ScenarioCVaR,10.0,66.54228225039218,0.0,0.0,0.0,,1.0
bts,2,set_cal,2024-05-03,0.01,RiskFirst,10.0,5.491401027065539,11.342036307345904,16.924418097382492,16.259645370109762,,1.0
bts,2,set_cal,2024-05-03,0.01,TemporalContext2024,10.0,7.019606583761176,13.842036307345904,20.674418097382492,20.009645370109762,,1.0
bts,2,set_cal,2024-05-03,0.01,NetworkPropagation2024,10.0,4.944049580577102,11.342036307345904,16.924418097382492,16.259645370109762,,1.0
bts,2,set_cal,2024-05-03,0.01,CalibratedUncertainty2025,10.0,5.542905069489063,5.933181818181819,8.811136363636363,8.146363636363636,,1.0
bts,2,set_cal,2024-05-03,0.01,MappedPTO2026,10.0,7.706428904309916,18.542036307345906,27.724418097382493,27.059645370109767,,1.0
bts,2,set_cal,2024-05-03,0.01,GroupAware2025,10.0,5.750165358615227,11.342036307345904,16.924418097382492,16.259645370109762,,1.0
bts,2,set_cal,2024-05-03,0.01,RobustImprovement2025,10.0,9.676672613185733,7.5772994652406425,11.277312834224599,10.612540106951869,,1.0
bts,2,set_cal,2024-05-03,0.03,StructuralRobust,30.0,113.63505529805153,37.21480757978931,55.7335750060476,55.06880227877487,0.0,1.0
bts,2,set_cal,2024-05-03,0.03,ExpectedActionValue,30.0,123.68307889065355,7.129831932773109,10.644747899159661,10.269747899159661,,1.0
bts,2,set_cal,2024-05-03,0.03,PointwiseWorstAction,30.0,124.14792022602799,5.829831932773109,8.744747899159663,8.74474789915966,,1.0
bts,2,set_cal,2024-05-03,0.03,ScenarioCVaR,30.0,124.14792022602799,5.829831932773109,8.744747899159663,8.74474789915966,,1.0
bts,2,set_cal,2024-05-03,0.03,RiskFirst,30.0,20.222713450815924,41.093595458577184,61.551756824229415,60.886984096956695,,1.0
bts,2,set_cal,2024-05-03,0.03,TemporalContext2024,30.0,20.263967263992548,36.41766472264645,54.53786072033331,53.87308799306058,,1.0
bts,2,set_cal,2024-05-03,0.03,NetworkPropagation2024,30.0,19.10531498352275,31.413595458577188,47.03175682422942,46.366984096956685,,1.0
bts,2,set_cal,2024-05-03,0.03,CalibratedUncertainty2025,30.0,20.2635868926108,37.547967043276635,56.0333142012786,53.86854147400589,,1.0
bts,2,set_cal,2024-05-03,0.03,MappedPTO2026,30.0,19.568736867328923,39.9935954585772,59.90175682422942,59.23698409695668,,1.0
bts,2,set_cal,2024-05-03,0.03,GroupAware2025,30.0,20.339577905675622,35.63147424645597,53.3585750060476,52.693802278774875,,1.0
bts,2,set_cal,2024-05-03,0.03,RobustImprovement2025,30.0,23.089256210524745,40.054271865503594,59.413307148904735,54.40255227877486,,1.0
bts,2,set_cal,2024-05-03,0.05,StructuralRobust,50.0,176.53685726847954,47.75242482365656,71.41053658613419,69.7747817160043,0.0,1.0
bts,2,set_cal,2024-05-03,0.05,ExpectedActionValue,50.0,168.5389671159956,19.324692154089355,28.847186745985518,27.798300607371658,,1.0
bts,2,set_cal,2024-05-03,0.05,PointwiseWorstAction,50.0,169.14644579822962,20.930574507030535,31.256010275397287,30.20712413678342,,1.0
bts,2,set_cal,2024-05-03,0.05,ScenarioCVaR,50.0,169.14644579822962,20.930574507030535,31.256010275397287,30.20712413678342,,1.0
bts,2,set_cal,2024-05-03,0.05,RiskFirst,50.0,34.498249150902495,46.46215914421404,69.60460235268471,68.93982962541197,,1.0
bts,2,set_cal,2024-05-03,0.05,TemporalContext2024,50.0,33.69593999494181,43.76581768079941,65.56009015756275,64.89531743029002,,1.0
bts,2,set_cal,2024-05-03,0.05,NetworkPropagation2024,50.0,36.73526308424395,47.75242482365656,71.41053658613419,69.7747817160043,,1.0
bts,2,set_cal,2024-05-03,0.05,CalibratedUncertainty2025,50.0,34.25264777671842,49.55357328562818,73.89172356480591,70.6019508375332,,1.0
bts,2,set_cal,2024-05-03,0.05,MappedPTO2026,50.0,33.21656028151066,48.09379067693255,72.01400617350157,71.06390735927229,,1.0
bts,2,set_cal,2024-05-03,0.05,GroupAware2025,50.0,33.055988878576244,46.46215914421404,69.60460235268471,68.93982962541197,,1.0
bts,2,set_cal,2024-05-03,0.05,RobustImprovement2025,50.0,33.51337512271043,50.630202601434334,75.27720325280085,70.26644838267097,,1.0
bts,2,set_cal,2024-05-03,0.1,StructuralRobust,100.0,266.9899903588581,75.6776200420119,112.7852859354063,107.3017049783199,0.0,1.0
bts,2,set_cal,2024-05-03,0.1,ExpectedActionValue,100.0,252.29809341566022,41.59732363623285,62.031133969200766,59.29474783058691,,1.0
bts,2,set_cal,2024-05-03,0.1,PointwiseWorstAction,100.0,252.48265853090297,41.291874918284144,61.4104608922777,57.455324753663824,,1.0
bts,2,set_cal,2024-05-03,0.1,ScenarioCVaR,100.0,252.48265853090297,41.291874918284144,61.4104608922777,57.455324753663824,,1.0
bts,2,set_cal,2024-05-03,0.1,RiskFirst,100.0,65.37612050450235,86.66456034051936,128.55748742794364,117.76233930667811,,1.0
bts,2,set_cal,2024-05-03,0.1,TemporalContext2024,100.0,63.776641055441786,83.38956034051935,123.54498742794364,111.99983930667813,,1.0
bts,2,set_cal,2024-05-03,0.1,NetworkPropagation2024,100.0,65.4774249830301,75.6776200420119,112.7852859354063,107.3017049783199,,1.0
bts,2,set_cal,2024-05-03,0.1,CalibratedUncertainty2025,100.0,61.733257377606186,102.14055255375595,152.38195743029513,146.16542192775415,,1.0
bts,2,set_cal,2024-05-03,0.1,MappedPTO2026,100.0,62.4163622961267,74.07934417994295,110.38787214230288,104.90429118521647,,1.0
bts,2,set_cal,2024-05-03,0.1,GroupAware2025,100.0,63.66540800410417,89.44626971469016,132.73025712962288,121.93665131153013,,1.0
bts,2,set_cal,2024-05-03,0.1,RobustImprovement2025,100.0,60.41278992671393,87.0464713275934,128.66180954897771,114.35257873088497,,1.0
bts,2,set_cal,2024-05-03,0.2,StructuralRobust,199.0,218.38928112515825,187.45723500507384,277.1131970549385,246.56828115989666,0.0,1.0
bts,2,set_cal,2024-05-03,0.2,ExpectedActionValue,199.0,369.97228576595654,94.35091601177957,140.31777253252085,133.90951139390694,,1.0
bts,2,set_cal,2024-05-03,0.2,PointwiseWorstAction,199.0,369.82460547706916,85.42091601177957,126.92277253252084,120.51451139390697,,1.0
bts,2,set_cal,2024-05-03,0.2,ScenarioCVaR,199.0,369.82460547706916,85.42091601177957,126.92277253252084,120.51451139390697,,1.0
bts,2,set_cal,2024-05-03,0.2,RiskFirst,199.0,126.86856958305535,179.28630556723417,266.49260833926894,248.2162332524015,,1.0
bts,2,set_cal,2024-05-03,0.2,TemporalContext2024,199.0,126.79832216966815,175.61215408413238,261.0472902055253,243.26523330047598,,1.0
bts,2,set_cal,2024-05-03,0.2,NetworkPropagation2024,199.0,127.46332492974557,148.4289237854046,219.98153566652456,200.0176605796571,,1.0
bts,2,set_cal,2024-05-03,0.2,CalibratedUncertainty2025,199.0,121.77085237250523,173.86018465245746,257.81602578133305,235.50914180118485,,1.0
bts,2,set_cal,2024-05-03,0.2,MappedPTO2026,199.0,123.80219230824493,163.10490725684642,242.10119269186916,222.92993124136538,,1.0
bts,2,set_cal,2024-05-03,0.2,GroupAware2025,199.0,122.99686395013939,160.08570260568627,237.54180271117627,218.14116873102813,,1.0
bts,2,set_cal,2024-05-03,0.2,RobustImprovement2025,199.0,136.94874676272954,147.25002392952706,218.67337032335018,202.16087854129734,,1.0
bts,2,set_cal,2024-05-04,0.01,StructuralRobust,9.0,72.31283518091331,16.112460815047022,23.305760188087774,16.833777429467084,0.0,1.0
bts,2,set_cal,2024-05-04,0.01,ExpectedActionValue,9.0,50.21445149037477,3.75,5.625,5.625,,1.0
bts,2,set_cal,2024-05-04,0.01,PointwiseWorstAction,9.0,50.21445149037478,3.75,5.625,5.625,,1.0
bts,2,set_cal,2024-05-04,0.01,ScenarioCVaR,9.0,50.21445149037478,3.75,5.625,5.625,,1.0
bts,2,set_cal,2024-05-04,0.01,RiskFirst,9.0,4.11870220700978,5.690909090909091,8.536363636363635,8.536363636363635,,1.0
bts,2,set_cal,2024-05-04,0.01,TemporalContext2024,9.0,4.11870220700978,5.690909090909091,8.536363636363635,8.536363636363635,,1.0
bts,2,set_cal,2024-05-04,0.01,NetworkPropagation2024,9.0,5.74199172665643,3.490909090909091,5.236363636363636,5.236363636363635,,1.0
bts,2,set_cal,2024-05-04,0.01,CalibratedUncertainty2025,9.0,3.7714311524892423,3.490909090909091,5.236363636363636,5.236363636363635,,1.0
bts,2,set_cal,2024-05-04,0.01,MappedPTO2026,9.0,4.876758905581209,4.090909090909091,6.136363636363636,6.136363636363636,,1.0
bts,2,set_cal,2024-05-04,0.01,GroupAware2025,9.0,4.1652607368595715,5.690909090909091,8.536363636363635,8.536363636363635,,1.0
bts,2,set_cal,2024-05-04,0.01,RobustImprovement2025,9.0,6.496634056022411,6.240909090909091,9.311363636363637,8.936363636363634,,1.0
bts,2,set_cal,2024-05-04,0.03,StructuralRobust,26.0,124.3966715648757,31.113441622123226,45.757231398702075,38.910248640081385,0.0,1.0
bts,2,set_cal,2024-05-04,0.03,ExpectedActionValue,26.0,100.95070612461801,7.6,11.4,11.4,,1.0
bts,2,set_cal,2024-05-04,0.03,PointwiseWorstAction,26.0,101.1811397031867,12.85,19.275,19.275,,1.0
bts,2,set_cal,2024-05-04,0.03,ScenarioCVaR,26.0,101.1811397031867,12.85,19.275,19.275,,1.0
bts,2,set_cal,2024-05-04,0.03,RiskFirst,26.0,17.63242052945215,31.113441622123226,45.757231398702075,38.910248640081385,,1.0
bts,2,set_cal,2024-05-04,0.03,TemporalContext2024,26.0,17.98470255213976,31.113441622123226,45.757231398702075,38.910248640081385,,1.0
bts,2,set_cal,2024-05-04,0.03,NetworkPropagation2024,26.0,19.17864471160111,31.113441622123226,45.757231398702075,38.910248640081385,,1.0
bts,2,set_cal,2024-05-04,0.03,CalibratedUncertainty2025,26.0,14.757516649443957,16.099214738749623,24.098822108124438,23.723822108124438,,1.0
bts,2,set_cal,2024-05-04,0.03,MappedPTO2026,26.0,18.70118139010543,30.262278831425547,44.430487212655564,37.208504454034866,,1.0
bts,2,set_cal,2024-05-04,0.03,GroupAware2025,26.0,17.632420529452155,31.113441622123222,45.757231398702075,38.91024864008138,,1.0
bts,2,set_cal,2024-05-04,0.03,RobustImprovement2025,26.0,15.785273000660384,38.297894122462026,55.86156972367836,43.9720337735683,,1.0
bts,2,set_cal,2024-05-04,0.05,StructuralRobust,44.0,190.4106819470798,44.238441622123226,65.44473139870207,58.597748640081385,0.0,1.0
bts,2,set_cal,2024-05-04,0.05,ExpectedActionValue,44.0,140.53651046113848,34.40082502989239,51.38724790753288,49.782325627740136,,1.0
bts,2,set_cal,2024-05-04,0.05,PointwiseWorstAction,44.0,140.7879899206075,34.40082502989239,51.38724790753288,49.782325627740136,,1.0
bts,2,set_cal,2024-05-04,0.05,ScenarioCVaR,44.0,140.7879899206075,34.40082502989239,51.38724790753288,49.782325627740136,,1.0
bts,2,set_cal,2024-05-04,0.05,RiskFirst,44.0,29.985761733250463,41.93844162212323,61.99473139870207,55.14774864008138,,1.0
bts,2,set_cal,2024-05-04,0.05,TemporalContext2024,44.0,26.948706446668528,41.93844162212323,61.99473139870208,55.14774864008138,,1.0
bts,2,set_cal,2024-05-04,0.05,NetworkPropagation2024,44.0,28.599319308122723,44.238441622123226,65.44473139870207,58.597748640081385,,1.0
bts,2,set_cal,2024-05-04,0.05,CalibratedUncertainty2025,44.0,24.48348379985237,36.364685381806474,53.58409703822694,46.36211427960625,,1.0
bts,2,set_cal,2024-05-04,0.05,MappedPTO2026,44.0,29.199279478460067,42.18844162212322,62.319731398702075,55.09774864008138,,1.0
bts,2,set_cal,2024-05-04,0.05,GroupAware2025,44.0,31.002821533694195,44.23844162212322,65.44473139870207,58.59774864008138,,1.0
bts,2,set_cal,2024-05-04,0.05,RobustImprovement2025,44.0,29.310273495090133,45.8405692816977,67.17558246253185,55.28604651242179,,1.0
bts,2,set_cal,2024-05-04,0.1,StructuralRobust,87.0,281.3017546620687,58.91801978761749,87.27347364694347,78.9968033883228,0.0,1.0
bts,2,set_cal,2024-05-04,0.1,ExpectedActionValue,87.0,215.5918555318295,71.33184101987956,106.47013552887728,102.5129405218118,,1.0
bts,2,set_cal,2024-05-04,0.1,PointwiseWorstAction,87.0,215.110728036274,71.33184101987956,106.47013552887728,102.5129405218118,,1.0
bts,2,set_cal,2024-05-04,0.1,ScenarioCVaR,87.0,215.110728036274,71.33184101987956,106.47013552887728,102.5129405218118,,1.0
bts,2,set_cal,2024-05-04,0.1,RiskFirst,87.0,56.49200325856828,53.56489478761748,79.38441114694346,72.16242838832278,,1.0
bts,2,set_cal,2024-05-04,0.1,TemporalContext2024,87.0,60.3290745738765,48.85736054104214,72.32310977708045,65.10112701845976,,1.0
bts,2,set_cal,2024-05-04,0.1,NetworkPropagation2024,87.0,56.41861146296183,58.91801978761749,87.27347364694347,78.9968033883228,,1.0
bts,2,set_cal,2024-05-04,0.1,CalibratedUncertainty2025,87.0,56.07193841038533,54.200020424763075,79.99647460266185,70.21980434404114,,1.0
bts,2,set_cal,2024-05-04,0.1,MappedPTO2026,87.0,60.45923707225626,63.50122852827303,93.47594633239487,80.15672288228481,,1.0
bts,2,set_cal,2024-05-04,0.1,GroupAware2025,87.0,58.09731559378538,53.564894787617476,79.38441114694345,72.16242838832277,,1.0
bts,2,set_cal,2024-05-04,0.1,RobustImprovement2025,87.0,55.55250024410208,69.43380609401761,102.04981268101173,86.29308923090169,,1.0
bts,2,set_cal,2024-05-04,0.2,StructuralRobust,175.0,237.42099581643413,128.89278147234407,189.6272708948495,162.85051104235,0.0,1.0
bts,2,set_cal,2024-05-04,0.2,ExpectedActionValue,175.0,320.2624906265119,103.35233939835682,153.94967341917382,147.02715583146323,,1.0
bts,2,set_cal,2024-05-04,0.2,PointwiseWorstAction,175.0,320.9268223497675,101.37733939835682,151.11217341917384,145.1271558314632,,1.0
bts,2,set_cal,2024-05-04,0.2,ScenarioCVaR,175.0,320.9268223497675,101.37733939835682,151.11217341917384,145.1271558314632,,1.0
bts,2,set_cal,2024-05-04,0.2,RiskFirst,175.0,109.40474868825709,112.35438846326925,165.73299832744894,144.7436155715372,,1.0
bts,2,set_cal,2024-05-04,0.2,TemporalContext2024,175.0,116.10866146076565,122.33142599707055,181.16075743245898,163.63789570885774,,1.0
bts,2,set_cal,2024-05-04,0.2,NetworkPropagation2024,175.0,112.81031221244048,148.96471274027212,221.0178304044042,202.79854010937444,,1.0
bts,2,set_cal,2024-05-04,0.2,CalibratedUncertainty2025,175.0,106.84667518760996,124.58592988000306,185.17199653953259,172.37025943599224,,1.0
bts,2,set_cal,2024-05-04,0.2,MappedPTO2026,175.0,110.33647879075532,118.19438846326923,174.49299832744896,153.50361557153715,,1.0
bts,2,set_cal,2024-05-04,0.2,GroupAware2025,175.0,106.9056275420107,117.43174103032992,173.35864256265535,152.44137519135893,,1.0
bts,2,set_cal,2024-05-04,0.2,RobustImprovement2025,175.0,104.15550202069362,91.30347974623939,134.6180516605729,117.0892919696766,,1.0
bts,2,set_cal,2024-05-05,0.01,StructuralRobust,10.0,73.17188193995906,3.694520547945206,5.541780821917809,5.541780821917808,0.0,1.0
bts,2,set_cal,2024-05-05,0.01,ExpectedActionValue,10.0,54.263179267477895,2.1935483870967745,3.2903225806451615,3.2903225806451615,,1.0
bts,2,set_cal,2024-05-05,0.01,PointwiseWorstAction,10.0,53.45903113059663,3.4435483870967745,4.915322580645162,3.0403225806451615,,1.0
bts,2,set_cal,2024-05-05,0.01,ScenarioCVaR,10.0,53.45903113059663,3.4435483870967745,4.915322580645162,3.0403225806451615,,1.0
bts,2,set_cal,2024-05-05,0.01,RiskFirst,10.0,7.719472058779195,7.916395547945205,11.874593321917809,11.874593321917809,,1.0
bts,2,set_cal,2024-05-05,0.01,TemporalContext2024,10.0,7.119402356456091,6.816395547945206,10.224593321917808,10.224593321917808,,1.0
bts,2,set_cal,2024-05-05,0.01,NetworkPropagation2024,10.0,7.795158625215971,6.616996951219512,9.925495426829269,9.925495426829269,,1.0
bts,2,set_cal,2024-05-05,0.01,CalibratedUncertainty2025,10.0,7.804171268682349,3.694520547945206,5.541780821917809,5.541780821917808,,1.0
bts,2,set_cal,2024-05-05,0.01,MappedPTO2026,10.0,7.841568628748801,9.466395547945206,14.199593321917808,14.199593321917808,,1.0
bts,2,set_cal,2024-05-05,0.01,GroupAware2025,10.0,7.166373423300781,6.816395547945206,10.224593321917808,10.224593321917808,,1.0
bts,2,set_cal,2024-05-05,0.01,RobustImprovement2025,10.0,8.793751915641733,3.9346774193548386,5.736693548387096,4.496774193548387,,1.0
bts,2,set_cal,2024-05-05,0.03,StructuralRobust,30.0,138.29598915148608,28.009528251852892,41.848969797134174,40.60905044229546,0.0,1.0
bts,2,set_cal,2024-05-05,0.03,ExpectedActionValue,30.0,115.03645398274405,9.925366568914956,14.388049853372433,10.638049853372433,,1.0
bts,2,set_cal,2024-05-05,0.03,PointwiseWorstAction,30.0,115.49831438459611,14.188524463651799,20.71173406389875,16.428839327056643,,1.0
bts,2,set_cal,2024-05-05,0.03,ScenarioCVaR,30.0,115.49831438459611,14.188524463651799,20.71173406389875,16.428839327056643,,1.0
bts,2,set_cal,2024-05-05,0.03,RiskFirst,30.0,20.961366504543708,31.90952825185289,47.69896979713417,46.45905044229545,,1.0
bts,2,set_cal,2024-05-05,0.03,TemporalContext2024,30.0,23.755164894694158,30.30952825185289,45.29896979713418,44.059050442295465,,1.0
bts,2,set_cal,2024-05-05,0.03,NetworkPropagation2024,30.0,17.868028129646227,24.20952825185289,36.14896979713417,34.90905044229545,,1.0
bts,2,set_cal,2024-05-05,0.03,CalibratedUncertainty2025,30.0,19.513348814537068,41.365626587050315,61.87317672268074,60.5587030384702,,1.0
bts,2,set_cal,2024-05-05,0.03,MappedPTO2026,30.0,27.154154480830513,49.66959398543499,74.1158894225275,71.20212775534011,,1.0
bts,2,set_cal,2024-05-05,0.03,GroupAware2025,30.0,21.836810904707047,31.90952825185289,47.69896979713417,46.45905044229545,,1.0
bts,2,set_cal,2024-05-05,0.03,RobustImprovement2025,30.0,19.899115102912198,32.17637035711605,47.92396979713417,45.369576758084925,,1.0
bts,2,set_cal,2024-05-05,0.05,StructuralRobust,50.0,216.70491208517964,56.571675144508255,84.6609754468517,83.18694592252146,0.0,1.0
bts,2,set_cal,2024-05-05,0.05,ExpectedActionValue,50.0,161.66562082596184,52.22804260842899,77.54756788483814,71.58884767629793,,1.0
bts,2,set_cal,2024-05-05,0.05,PointwiseWorstAction,50.0,162.1810416911202,55.732390434515956,82.80408962396857,76.84536941542837,,1.0
bts,2,set_cal,2024-05-05,0.05,ScenarioCVaR,50.0,162.1810416911202,55.732390434515956,82.80408962396857,76.84536941542837,,1.0
bts,2,set_cal,2024-05-05,0.05,RiskFirst,50.0,40.13709437428701,70.2197159366545,104.94107234935676,102.02731068216934,,1.0
bts,2,set_cal,2024-05-05,0.05,TemporalContext2024,50.0,41.763346666524995,78.7319421271307,117.90137592078534,116.42734639645509,,1.0
bts,2,set_cal,2024-05-05,0.05,NetworkPropagation2024,50.0,37.56298913665958,56.571675144508255,84.6609754468517,83.18694592252146,,1.0
bts,2,set_cal,2024-05-05,0.05,CalibratedUncertainty2025,50.0,38.01709848435389,78.38824425892646,117.13392425551513,113.7706082589559,,1.0
bts,2,set_cal,2024-05-05,0.05,MappedPTO2026,50.0,41.776927310599895,80.5447159366545,120.35357234935677,116.87731068216938,,1.0
bts,2,set_cal,2024-05-05,0.05,GroupAware2025,50.0,43.336822746678905,78.95304926998783,117.96607234935675,114.48981068216933,,1.0
bts,2,set_cal,2024-05-05,0.05,RobustImprovement2025,50.0,31.604750511264733,61.70583338439884,91.40817679653011,82.7788771960191,,1.0
bts,2,set_cal,2024-05-05,0.1,StructuralRobust,100.0,317.4939009112592,149.34231272694302,222.88168112108085,214.39327135107823,0.0,1.0
bts,2,set_cal,2024-05-05,0.1,ExpectedActionValue,100.0,248.4172941153895,145.34033241223585,216.91302256564722,208.68195217034798,,1.0
bts,2,set_cal,2024-05-05,0.1,PointwiseWorstAction,100.0,248.65261570668952,151.43533241223585,226.05552256564724,217.824452170348,,1.0
bts,2,set_cal,2024-05-05,0.1,ScenarioCVaR,100.0,248.65261570668952,151.43533241223585,226.05552256564724,217.824452170348,,1.0
bts,2,set_cal,2024-05-05,0.1,RiskFirst,100.0,71.46130374272883,158.55594909057936,236.70213566653538,228.21372589653276,,1.0
bts,2,set_cal,2024-05-05,0.1,TemporalContext2024,100.0,71.20851544638984,142.11781891148283,212.0379636537046,203.4972283023067,,1.0
bts,2,set_cal,2024-05-05,0.1,NetworkPropagation2024,100.0,69.36265747993009,149.34231272694302,222.88168112108085,214.39327135107823,,1.0
bts,2,set_cal,2024-05-05,0.1,CalibratedUncertainty2025,100.0,66.94207810628912,155.87358331502935,232.6035870032104,223.55267723320793,,1.0
bts,2,set_cal,2024-05-05,0.1,MappedPTO2026,100.0,70.04729862413589,131.92431115954489,196.75467876998368,188.26626899998112,,1.0
bts,2,set_cal,2024-05-05,0.1,GroupAware2025,100.0,68.93914611634482,153.31155392347324,229.27856617169016,224.1128308202923,,1.0
bts,2,set_cal,2024-05-05,0.1,RobustImprovement2025,100.0,69.22744774907926,153.6878072686332,229.14992293361612,218.7865131636135,,1.0
bts,2,set_cal,2024-05-05,0.2,StructuralRobust,199.0,269.623407924903,276.1984318231303,412.2244081524585,396.6751112856818,0.0,1.0
bts,2,set_cal,2024-05-05,0.2,ExpectedActionValue,199.0,367.129478742859,245.87529525484686,366.34613351606833,347.8450632695532,,1.0
bts,2,set_cal,2024-05-05,0.2,PointwiseWorstAction,199.0,367.44557015482144,244.24672382627543,363.98899065892545,346.1307775552673,,1.0
bts,2,set_cal,2024-05-05,0.2,ScenarioCVaR,199.0,367.44557015482144,244.24672382627543,363.98899065892545,346.1307775552673,,1.0
bts,2,set_cal,2024-05-05,0.2,RiskFirst,199.0,131.83960502612328,287.74427663960336,429.7364446079373,415.63666697192974,,1.0
bts,2,set_cal,2024-05-05,0.2,TemporalContext2024,199.0,130.9800595395262,292.14829859426334,436.5117517334757,423.681530549081,,1.0
bts,2,set_cal,2024-05-05,0.2,NetworkPropagation2024,199.0,129.11103672998365,279.22266393426827,416.8415255499347,401.8979979139271,,1.0
bts,2,set_cal,2024-05-05,0.2,CalibratedUncertainty2025,199.0,133.9158623361152,302.7019577420962,452.28149390590755,438.9956736016309,,1.0
bts,2,set_cal,2024-05-05,0.2,MappedPTO2026,199.0,135.55436821723674,274.2065692681736,409.5523835507928,396.3713559147853,,1.0
bts,2,set_cal,2024-05-05,0.2,GroupAware2025,199.0,132.3869116519506,285.06559809337887,425.86592678860063,412.8723991525932,,1.0
bts,2,set_cal,2024-05-05,0.2,RobustImprovement2025,199.0,126.96093411334716,218.00843720895497,324.6153422030731,308.7196247407627,,1.0
bts,2,set_cal,2024-05-06,0.01,StructuralRobust,10.0,69.08855090864908,14.59345238095238,21.669345238095232,20.013095238095232,0.0,1.0
bts,2,set_cal,2024-05-06,0.01,ExpectedActionValue,10.0,115.42547960827586,14.361964940888706,21.54294741133306,21.54294741133306,,1.0
bts,2,set_cal,2024-05-06,0.01,PointwiseWorstAction,10.0,115.42547960827586,14.361964940888706,21.54294741133306,21.54294741133306,,1.0
bts,2,set_cal,2024-05-06,0.01,ScenarioCVaR,10.0,115.42547960827586,14.361964940888706,21.54294741133306,21.54294741133306,,1.0
bts,2,set_cal,2024-05-06,0.01,RiskFirst,10.0,6.687389579066414,17.429659277504104,25.923655582922823,24.267405582922816,,1.0
bts,2,set_cal,2024-05-06,0.01,TemporalContext2024,10.0,14.808343682936304,6.725492610837438,10.013238916256157,9.450738916256157,,1.0
bts,2,set_cal,2024-05-06,0.01,NetworkPropagation2024,10.0,6.687389579066416,17.429659277504104,25.923655582922823,24.267405582922816,,1.0
bts,2,set_cal,2024-05-06,0.01,CalibratedUncertainty2025,10.0,18.352398516041387,1.9642857142857142,2.946428571428571,2.946428571428571,,1.0
bts,2,set_cal,2024-05-06,0.01,MappedPTO2026,10.0,7.071613645566892,17.429659277504104,25.923655582922823,24.267405582922816,,1.0
bts,2,set_cal,2024-05-06,0.01,GroupAware2025,10.0,6.3823136652844354,6.725492610837438,10.013238916256157,9.450738916256157,,1.0
bts,2,set_cal,2024-05-06,0.01,RobustImprovement2025,10.0,10.589696225294572,14.59345238095238,21.66934523809524,20.01309523809524,,1.0
bts,2,set_cal,2024-05-06,0.03,StructuralRobust,31.0,137.41486943263143,36.55505464981081,54.41174864138288,51.25549864138287,0.0,1.0
bts,2,set_cal,2024-05-06,0.03,ExpectedActionValue,31.0,178.8127006213273,17.336964940888706,25.680447411333056,23.242947411333056,,1.0
bts,2,set_cal,2024-05-06,0.03,PointwiseWorstAction,31.0,178.73320600990493,18.276095375671314,27.089143063506974,24.65164306350697,,1.0
bts,2,set_cal,2024-05-06,0.03,ScenarioCVaR,31.0,178.73320600990493,18.276095375671314,27.089143063506974,24.65164306350697,,1.0
bts,2,set_cal,2024-05-06,0.03,RiskFirst,31.0,40.754899003430786,36.55505464981081,54.41174864138288,51.25549864138287,,1.0
bts,2,set_cal,2024-05-06,0.03,TemporalContext2024,31.0,40.06091502398357,32.80410976792105,48.78533131854823,45.62908131854822,,1.0
bts,2,set_cal,2024-05-06,0.03,NetworkPropagation2024,31.0,41.01574967243134,36.55505464981081,54.41174864138288,51.25549864138287,,1.0
bts,2,set_cal,2024-05-06,0.03,CalibratedUncertainty2025,31.0,29.876712346998573,39.75570321193478,59.41272148456884,57.75647148456884,,1.0
bts,2,set_cal,2024-05-06,0.03,MappedPTO2026,31.0,31.484570191463437,45.1657645641315,67.32781351286391,64.17156351286391,,1.0
bts,2,set_cal,2024-05-06,0.03,GroupAware2025,31.0,39.64745777645393,32.80410976792105,48.78533131854823,45.62908131854822,,1.0
bts,2,set_cal,2024-05-06,0.03,RobustImprovement2025,31.0,29.937779087785966,146.95649085090216,219.8828168006978,215.74342073328214,,1.0
bts,2,set_cal,2024-05-06,0.05,StructuralRobust,51.0,206.42838550900052,63.20575835351452,94.36280419693844,91.01905419693844,0.0,1.0
bts,2,set_cal,2024-05-06,0.05,ExpectedActionValue,51.0,220.83282895710698,39.139162602562074,58.20286155090193,54.40874390384311,,1.0
bts,2,set_cal,2024-05-06,0.05,PointwiseWorstAction,51.0,222.48067911753049,36.840478392035756,54.87983523511245,52.02321758805363,,1.0
bts,2,set_cal,2024-05-06,0.05,ScenarioCVaR,51.0,222.48067911753049,36.840478392035756,54.87983523511245,52.02321758805363,,1.0
bts,2,set_cal,2024-05-06,0.05,RiskFirst,51.0,54.284721399271525,63.06149605843255,94.01772222972531,89.70880829529908,,1.0
bts,2,set_cal,2024-05-06,0.05,TemporalContext2024,51.0,52.48833937660535,55.898758353514516,83.42730419693844,80.27105419693842,,1.0
bts,2,set_cal,2024-05-06,0.05,NetworkPropagation2024,51.0,54.47404456856366,63.20575835351452,94.36280419693844,91.01905419693844,,1.0
bts,2,set_cal,2024-05-06,0.05,CalibratedUncertainty2025,51.0,52.457215895744675,62.43286361667241,93.22846209167528,90.07221209167527,,1.0
bts,2,set_cal,2024-05-06,0.05,MappedPTO2026,51.0,52.8917231943691,66.90360132159046,99.78088012446217,95.47196619003594,,1.0
bts,2,set_cal,2024-05-06,0.05,GroupAware2025,51.0,54.284721399271525,63.06149605843255,94.01772222972531,89.70880829529908,,1.0
bts,2,set_cal,2024-05-06,0.05,RobustImprovement2025,51.0,51.79640290934911,166.51264088785706,248.4843182788944,240.22449538221042,,1.0
bts,2,set_cal,2024-05-06,0.1,StructuralRobust,103.0,314.814468111959,121.30125749350451,181.02881365769554,174.1057692884866,0.0,1.0
bts,2,set_cal,2024-05-06,0.1,ExpectedActionValue,103.0,309.6262785252299,88.86984890813652,132.57940479372473,127.13914053012458,,1.0
bts,2,set_cal,2024-05-06,0.1,PointwiseWorstAction,103.0,309.65631798993707,90.46984890813651,134.97940479372477,129.5391405301246,,1.0
bts,2,set_cal,2024-05-06,0.1,ScenarioCVaR,103.0,309.65631798993707,90.46984890813651,134.97940479372477,129.5391405301246,,1.0
bts,2,set_cal,2024-05-06,0.1,RiskFirst,103.0,87.657739037505,114.7600505969528,170.79200331286796,160.6814589436591,,1.0
bts,2,set_cal,2024-05-06,0.1,TemporalContext2024,103.0,85.9468142636783,218.9114733611804,326.7386610729849,314.52454380709213,,1.0
bts,2,set_cal,2024-05-06,0.1,NetworkPropagation2024,103.0,85.71310746722148,121.30125749350451,181.02881365769554,174.1057692884866,,1.0
bts,2,set_cal,2024-05-06,0.1,CalibratedUncertainty2025,103.0,86.46533863290202,225.41587997425677,337.2322928505229,330.54583951905624,,1.0
bts,2,set_cal,2024-05-06,0.1,MappedPTO2026,103.0,80.80327374629248,114.67914404391136,170.5712532394034,161.09028204092624,,1.0
bts,2,set_cal,2024-05-06,0.1,GroupAware2025,103.0,84.70250018273157,127.71938794635038,190.20600933696437,179.90796496775545,,1.0
bts,2,set_cal,2024-05-06,0.1,RobustImprovement2025,103.0,85.57056065878001,236.16206792885876,350.93835675225364,327.5277681944949,,1.0
bts,2,set_cal,2024-05-06,0.2,StructuralRobust,205.0,270.3025826458929,337.21198312595766,500.3490848110598,467.8261607269851,0.0,1.0
bts,2,set_cal,2024-05-06,0.2,ExpectedActionValue,205.0,426.6060587246339,201.9003415923675,300.3249565541537,288.50203779617146,,1.0
bts,2,set_cal,2024-05-06,0.2,PointwiseWorstAction,205.0,426.8449989329009,185.36473378912942,275.6633987818808,264.9043845182807,,1.0
bts,2,set_cal,2024-05-06,0.2,ScenarioCVaR,205.0,426.8449989329009,185.36473378912942,275.6633987818808,264.9043845182807,,1.0
bts,2,set_cal,2024-05-06,0.2,RiskFirst,205.0,161.84996109544886,246.1816170366253,366.72376655622554,348.98382406588223,,1.0
bts,2,set_cal,2024-05-06,0.2,TemporalContext2024,205.0,162.28931514314579,330.71497915770374,492.09732885867896,470.7775297746043,,1.0
bts,2,set_cal,2024-05-06,0.2,NetworkPropagation2024,205.0,168.25868877686938,221.6649045615695,329.92369784364183,311.9962553532987,,1.0
bts,2,set_cal,2024-05-06,0.2,CalibratedUncertainty2025,205.0,149.04295898191918,338.89950397191933,506.5403046045926,492.97316945494424,,1.0
bts,2,set_cal,2024-05-06,0.2,MappedPTO2026,205.0,158.51194445485012,224.04951758711056,333.27561738195345,313.66067489161026,,1.0
bts,2,set_cal,2024-05-06,0.2,GroupAware2025,205.0,161.1802549386561,238.10778681787986,354.6130212281073,336.8730787377641,,1.0
bts,2,set_cal,2024-05-06,0.2,RobustImprovement2025,205.0,142.0474538610089,290.6675061130721,432.49651402857364,407.58592547081486,,1.0
bts,2,set_cal,2024-05-07,0.01,StructuralRobust,9.0,59.840442878961284,18.975673589322177,28.10833831366104,25.444547786244335,0.0,1.0
bts,2,set_cal,2024-05-07,0.01,ExpectedActionValue,9.0,44.765681502288,42.83480438931297,63.8913048664122,61.18454198473281,,1.0
bts,2,set_cal,2024-05-07,0.01,PointwiseWorstAction,9.0,44.765681502288,42.83480438931297,63.8913048664122,61.18454198473281,,1.0
bts,2,set_cal,2024-05-07,0.01,ScenarioCVaR,9.0,44.765681502288,42.83480438931297,63.8913048664122,61.18454198473281,,1.0
bts,2,set_cal,2024-05-07,0.01,RiskFirst,9.0,8.090817793363016,7.866494845360825,11.740463917525773,11.295876288659791,,1.0
bts,2,set_cal,2024-05-07,0.01,TemporalContext2024,9.0,8.090817793363016,7.866494845360825,11.740463917525773,11.295876288659791,,1.0
bts,2,set_cal,2024-05-07,0.01,NetworkPropagation2024,9.0,8.090817793363016,7.866494845360825,11.740463917525773,11.295876288659791,,1.0
bts,2,set_cal,2024-05-07,0.01,CalibratedUncertainty2025,9.0,6.544586429906718,5.292857142857143,7.789285714285715,6.664285714285715,,1.0
bts,2,set_cal,2024-05-07,0.01,MappedPTO2026,9.0,8.090817793363017,7.866494845360825,11.740463917525773,11.295876288659791,,1.0
bts,2,set_cal,2024-05-07,0.01,GroupAware2025,9.0,8.090817793363016,7.866494845360825,11.740463917525773,11.295876288659791,,1.0
bts,2,set_cal,2024-05-07,0.01,RobustImprovement2025,9.0,4.294394183542887,20.32567358932218,30.133338313661042,27.469547786244334,,1.0
bts,2,set_cal,2024-05-07,0.03,StructuralRobust,26.0,118.24238347658573,33.49235426159109,49.280124027946755,42.09206879464769,0.0,1.0
bts,2,set_cal,2024-05-07,0.03,ExpectedActionValue,26.0,88.23017414157763,66.53623009212421,99.31844342062908,95.67418053894968,,1.0
bts,2,set_cal,2024-05-07,0.03,PointwiseWorstAction,26.0,88.34313394782514,63.81905170114093,95.24267583415414,91.59841295247475,,1.0
bts,2,set_cal,2024-05-07,0.03,ScenarioCVaR,26.0,88.34313394782514,63.81905170114093,95.24267583415414,91.59841295247475,,1.0
bts,2,set_cal,2024-05-07,0.03,RiskFirst,26.0,13.76164838669781,29.16853073217932,43.04762402794675,37.758833500530045,,1.0
bts,2,set_cal,2024-05-07,0.03,TemporalContext2024,26.0,13.56433844358588,29.16853073217932,43.04762402794675,37.758833500530045,,1.0
bts,2,set_cal,2024-05-07,0.03,NetworkPropagation2024,26.0,15.116168610339722,26.79353073217932,39.61012402794675,35.258833500530045,,1.0
bts,2,set_cal,2024-05-07,0.03,CalibratedUncertainty2025,26.0,14.905331040048216,25.158175517629733,36.99974963181148,31.468397297063145,,1.0
bts,2,set_cal,2024-05-07,0.03,MappedPTO2026,26.0,16.28718662753945,31.55834554699414,46.90734625016898,43.68105572275227,,1.0
bts,2,set_cal,2024-05-07,0.03,GroupAware2025,26.0,14.247922905368164,29.16853073217932,43.04762402794675,37.758833500530045,,1.0
bts,2,set_cal,2024-05-07,0.03,RobustImprovement2025,26.0,13.435302925180585,32.01853073217932,47.32262402794676,42.033833500530044,,1.0
bts,2,set_cal,2024-05-07,0.05,StructuralRobust,43.0,184.03407532320844,46.308130614867444,68.35859625016897,60.08159870917759,0.0,1.0
bts,2,set_cal,2024-05-07,0.05,ExpectedActionValue,43.0,122.57020737745476,74.00881073728551,110.52731438837101,106.88305150669161,,1.0
bts,2,set_cal,2024-05-07,0.05,PointwiseWorstAction,43.0,122.88017166999538,80.53381073728552,120.28981438837101,116.45805150669158,,1.0
bts,2,set_cal,2024-05-07,0.05,ScenarioCVaR,43.0,122.88017166999538,80.53381073728552,120.28981438837101,116.45805150669158,,1.0
bts,2,set_cal,2024-05-07,0.05,RiskFirst,43.0,23.746932391881224,46.30813061486744,68.35859625016897,60.0815987091776,,1.0
bts,2,set_cal,2024-05-07,0.05,TemporalContext2024,43.0,23.189284375530693,46.308130614867444,68.35859625016897,60.08159870917759,,1.0
bts,2,set_cal,2024-05-07,0.05,NetworkPropagation2024,43.0,23.409652770469105,46.308130614867444,68.35859625016897,60.08159870917759,,1.0
bts,2,set_cal,2024-05-07,0.05,CalibratedUncertainty2025,43.0,23.081640964419762,70.72226104965004,104.87408538060376,95.8042889265689,,1.0
bts,2,set_cal,2024-05-07,0.05,MappedPTO2026,43.0,23.32378914745288,114.51396501384443,170.5866413268953,161.70434487286042,,1.0
bts,2,set_cal,2024-05-07,0.05,GroupAware2025,43.0,23.138232814415684,43.40930708545568,64.33859625016896,58.52336341505995,,1.0
bts,2,set_cal,2024-05-07,0.05,RobustImprovement2025,43.0,21.59307456795443,43.40930708545568,64.33859625016898,58.52336341505995,,1.0
bts,2,set_cal,2024-05-07,0.1,StructuralRobust,86.0,263.5095884400605,188.10887943564782,280.7874383739651,270.468332527665,0.0,1.0
bts,2,set_cal,2024-05-07,0.1,ExpectedActionValue,86.0,189.6300717473614,138.22706540203038,206.28282138548832,199.41199600380892,,1.0
bts,2,set_cal,2024-05-07,0.1,PointwiseWorstAction,86.0,189.43323789537317,131.3244823762001,195.87894684674288,188.6331214650634,,1.0
bts,2,set_cal,2024-05-07,0.1,ScenarioCVaR,86.0,189.43323789537317,131.3244823762001,195.87894684674288,188.6331214650634,,1.0
bts,2,set_cal,2024-05-07,0.1,RiskFirst,86.0,47.52804610206296,181.3631871279555,270.83547449806196,261.765678044027,,1.0
bts,2,set_cal,2024-05-07,0.1,TemporalContext2024,86.0,46.81662643583342,187.75549482026318,280.42393603652346,271.35413958248864,,1.0
bts,2,set_cal,2024-05-07,0.1,NetworkPropagation2024,86.0,47.464265213032675,188.10887943564782,280.7874383739651,270.468332527665,,1.0
bts,2,set_cal,2024-05-07,0.1,CalibratedUncertainty2025,86.0,47.878384034514795,177.74175855652697,265.3533316409191,255.9085351868842,,1.0
bts,2,set_cal,2024-05-07,0.1,MappedPTO2026,86.0,45.19098565858177,194.8581263992106,290.91130881930917,280.5922029730092,,1.0
bts,2,set_cal,2024-05-07,0.1,GroupAware2025,86.0,47.89280671286756,198.31070942504084,296.25675794368993,287.18696148965506,,1.0
bts,2,set_cal,2024-05-07,0.1,RobustImprovement2025,86.0,47.92144626175669,176.0429350271152,262.45425705528373,253.03441591486606,,1.0
bts,2,set_cal,2024-05-07,0.2,StructuralRobust,172.0,207.61286168723183,267.0405525306806,397.05254670072475,374.4591809860037,0.0,1.0
bts,2,set_cal,2024-05-07,0.2,ExpectedActionValue,172.0,287.0610817378809,228.09117006472877,340.91569712953583,332.8202623728565,,1.0
bts,2,set_cal,2024-05-07,0.2,PointwiseWorstAction,172.0,287.28792640209724,242.90656508114753,363.13878965416404,355.0433548974846,,1.0
bts,2,set_cal,2024-05-07,0.2,ScenarioCVaR,172.0,287.28792640209724,242.90656508114753,363.13878965416404,355.0433548974846,,1.0
bts,2,set_cal,2024-05-07,0.2,RiskFirst,172.0,97.00545886254997,285.7192991664053,426.91913939867266,414.4705692666582,,1.0
bts,2,set_cal,2024-05-07,0.2,TemporalContext2024,172.0,93.59987129662306,292.92427297351105,437.73485753982027,425.3482181364732,,1.0
bts,2,set_cal,2024-05-07,0.2,NetworkPropagation2024,172.0,102.13815021353996,298.4132397269756,446.0206358251137,434.026457584991,,1.0
bts,2,set_cal,2024-05-07,0.2,CalibratedUncertainty2025,172.0,92.00913273426018,278.73061060537907,416.3611065571333,403.3500364251189,,1.0
bts,2,set_cal,2024-05-07,0.2,MappedPTO2026,172.0,97.98153646202583,298.93465662577347,446.04414927193545,431.0166317714998,,1.0
bts,2,set_cal,2024-05-07,0.2,GroupAware2025,172.0,97.27645065922792,293.20476923890214,437.99574676305696,424.41019354833566,,1.0
bts,2,set_cal,2024-05-07,0.2,RobustImprovement2025,172.0,109.77518451708136,314.6625773068295,469.9044577834772,456.89014645772494,,1.0
bts,2,set_cal,2024-05-08,0.01,StructuralRobust,10.0,65.1364426515594,20.4421568627451,30.663235294117648,30.66323529411764,0.0,1.0
bts,2,set_cal,2024-05-08,0.01,ExpectedActionValue,10.0,60.90396350803146,5.1,7.6,7.225,,1.0
bts,2,set_cal,2024-05-08,0.01,PointwiseWorstAction,10.0,61.765203957968986,6.699999999999999,10.05,10.05,,1.0
bts,2,set_cal,2024-05-08,0.01,ScenarioCVaR,10.0,61.765203957968986,6.699999999999999,10.05,10.05,,1.0
bts,2,set_cal,2024-05-08,0.01,RiskFirst,10.0,3.2682594850394677,24.41288857006217,36.619332855093255,36.61933285509326,,1.0
bts,2,set_cal,2024-05-08,0.01,TemporalContext2024,10.0,4.072671070621585,20.4421568627451,30.663235294117648,30.66323529411764,,1.0
bts,2,set_cal,2024-05-08,0.01,NetworkPropagation2024,10.0,3.2682594850394677,24.41288857006217,36.619332855093255,36.61933285509326,,1.0
bts,2,set_cal,2024-05-08,0.01,CalibratedUncertainty2025,10.0,5.5205132573918645,10.203468280207098,15.305202420310648,15.30520242031065,,1.0
bts,2,set_cal,2024-05-08,0.01,MappedPTO2026,10.0,3.3116492697642146,21.683536173089927,32.52530425963489,32.525304259634886,,1.0
bts,2,set_cal,2024-05-08,0.01,GroupAware2025,10.0,3.2682594850394677,24.41288857006217,36.619332855093255,36.61933285509326,,1.0
bts,2,set_cal,2024-05-08,0.01,RobustImprovement2025,10.0,3.2183089152076096,24.412888570062172,36.61933285509326,36.619332855093255,,1.0
bts,2,set_cal,2024-05-08,0.03,StructuralRobust,29.0,112.74662887950203,52.18074952301874,77.79337516135915,74.21025673759186,0.0,1.0
bts,2,set_cal,2024-05-08,0.03,ExpectedActionValue,29.0,110.08117167769042,18.485714285714288,27.62857142857143,26.878571428571426,,1.0
bts,2,set_cal,2024-05-08,0.03,PointwiseWorstAction,29.0,110.6253216035267,19.48571428571429,29.17857142857143,28.80357142857142,,1.0
bts,2,set_cal,2024-05-08,0.03,ScenarioCVaR,29.0,110.6253216035267,19.48571428571429,29.17857142857143,28.80357142857142,,1.0
bts,2,set_cal,2024-05-08,0.03,RiskFirst,29.0,18.400986912002466,29.879267880407,44.743901820610496,44.18140182061049,,1.0
bts,2,set_cal,2024-05-08,0.03,TemporalContext2024,29.0,16.83493907753078,31.029267880407,46.4689018206105,45.90640182061048,,1.0
bts,2,set_cal,2024-05-08,0.03,NetworkPropagation2024,29.0,20.21556802053253,44.03251215521616,65.82777586641203,64.17033311832043,,1.0
bts,2,set_cal,2024-05-08,0.03,CalibratedUncertainty2025,29.0,20.595705992722806,36.571876576059175,54.78281486408876,54.220314864088756,,1.0
bts,2,set_cal,2024-05-08,0.03,MappedPTO2026,29.0,18.04128769102789,44.33251215521616,66.27777586641201,64.62033311832042,,1.0
bts,2,set_cal,2024-05-08,0.03,GroupAware2025,29.0,18.400986912002466,29.879267880407,44.743901820610496,44.18140182061049,,1.0
bts,2,set_cal,2024-05-08,0.03,RobustImprovement2025,29.0,18.263336533002974,50.23183647954048,74.94500559614175,71.92438717237448,,1.0
bts,2,set_cal,2024-05-08,0.05,StructuralRobust,49.0,172.3476913257036,61.90397933668334,92.22679131042747,87.50795860094593,0.0,1.0
bts,2,set_cal,2024-05-08,0.05,ExpectedActionValue,49.0,151.51627086645323,36.9948606271777,54.67145760743321,48.51520760743321,,1.0
bts,2,set_cal,2024-05-08,0.05,PointwiseWorstAction,49.0,151.7845057062918,33.419860627177705,49.57979094076654,45.454790940766536,,1.0
bts,2,set_cal,2024-05-08,0.05,ScenarioCVaR,49.0,151.7845057062918,33.419860627177705,49.57979094076654,45.454790940766536,,1.0
bts,2,set_cal,2024-05-08,0.05,RiskFirst,49.0,34.06276918760069,72.37444517519266,107.95891863962001,103.43830021585275,,1.0
bts,2,set_cal,2024-05-08,0.05,TemporalContext2024,49.0,32.917780834863564,61.600120850868336,92.05418890989029,89.45924616179869,,1.0
bts,2,set_cal,2024-05-08,0.05,NetworkPropagation2024,49.0,31.823430970910536,61.90397933668334,92.22679131042747,87.50795860094593,,1.0
bts,2,set_cal,2024-05-08,0.05,CalibratedUncertainty2025,49.0,33.88714909324925,51.00649196067456,76.12704563331953,73.25685332562722,,1.0
bts,2,set_cal,2024-05-08,0.05,MappedPTO2026,49.0,31.60204705022769,63.14944517519265,94.24641863962,90.66330021585273,,1.0
bts,2,set_cal,2024-05-08,0.05,GroupAware2025,49.0,31.02465938122993,72.22444517519264,107.73391863962001,103.21330021585277,,1.0
bts,2,set_cal,2024-05-08,0.05,RobustImprovement2025,49.0,32.89089893651781,75.12678892519266,111.67259051462001,104.04064396585274,,1.0
bts,2,set_cal,2024-05-08,0.1,StructuralRobust,98.0,265.09598047124473,138.9997127120639,207.35374235722725,198.760042025713,0.0,1.0
bts,2,set_cal,2024-05-08,0.1,ExpectedActionValue,98.0,227.9992535801069,94.10987070310858,140.05067175045573,131.69466446890232,,1.0
bts,2,set_cal,2024-05-08,0.1,PointwiseWorstAction,98.0,228.16082139723048,83.22924413298888,123.72973189527619,115.37372461372276,,1.0
bts,2,set_cal,2024-05-08,0.1,ScenarioCVaR,98.0,228.16082139723048,83.22924413298888,123.72973189527619,115.37372461372276,,1.0
bts,2,set_cal,2024-05-08,0.1,RiskFirst,98.0,65.12586323410667,136.69320623416021,203.97297929589013,195.97175388076388,,1.0
bts,2,set_cal,2024-05-08,0.1,TemporalContext2024,98.0,62.39936402790264,129.34020299408274,192.2783602280763,182.03877825521778,,1.0
bts,2,set_cal,2024-05-08,0.1,NetworkPropagation2024,98.0,66.16855394316251,138.9997127120639,207.35374235722725,198.760042025713,,1.0
bts,2,set_cal,2024-05-08,0.1,CalibratedUncertainty2025,98.0,64.13863526441722,119.50404346664796,178.46529621673392,172.53452884244882,,1.0
bts,2,set_cal,2024-05-08,0.1,MappedPTO2026,98.0,64.32327543045874,134.91820623416024,201.43547929589013,194.37175388076392,,1.0
bts,2,set_cal,2024-05-08,0.1,GroupAware2025,98.0,62.594606618790486,138.56576720976994,206.75682075930473,198.56809534417857,,1.0
bts,2,set_cal,2024-05-08,0.1,RobustImprovement2025,98.0,64.17522508170025,149.14947818252367,221.64968632557813,208.8407042140233,,1.0
bts,2,set_cal,2024-05-08,0.2,StructuralRobust,195.0,219.2780661251917,273.57427544773896,405.95039730388334,380.9302782959453,0.0,1.0
bts,2,set_cal,2024-05-08,0.2,ExpectedActionValue,195.0,336.5285377108349,235.62603303175734,351.4300623153048,336.36265807282103,,1.0
bts,2,set_cal,2024-05-08,0.2,PointwiseWorstAction,195.0,336.97399962824716,243.703950993726,363.4969392582577,348.0545350157738,,1.0
bts,2,set_cal,2024-05-08,0.2,ScenarioCVaR,195.0,336.97399962824716,243.703950993726,363.4969392582577,348.0545350157738,,1.0
bts,2,set_cal,2024-05-08,0.2,RiskFirst,195.0,128.60109222356215,260.99604663261704,389.4658122272367,377.0038793145712,,1.0
bts,2,set_cal,2024-05-08,0.2,TemporalContext2024,195.0,127.75498171250216,274.88609304741357,409.8110380994316,393.67527706176617,,1.0
bts,2,set_cal,2024-05-08,0.2,NetworkPropagation2024,195.0,131.057037439997,249.761230624058,372.68471233182663,360.75621029987445,,1.0
bts,2,set_cal,2024-05-08,0.2,CalibratedUncertainty2025,195.0,129.40427871703076,222.91359798131273,332.311913175792,319.62328470446323,,1.0
bts,2,set_cal,2024-05-08,0.2,MappedPTO2026,195.0,141.38736232223087,229.44404444837815,342.3466253759992,331.4508156517395,,1.0
bts,2,set_cal,2024-05-08,0.2,GroupAware2025,195.0,123.08161781577108,263.30667895111816,393.10937194620624,381.9795233426742,,1.0
bts,2,set_cal,2024-05-08,0.2,RobustImprovement2025,195.0,132.8602298895556,208.2129493604685,310.21989309249545,297.22341098094057,,1.0
bts,2,set_cal,2024-05-09,0.01,StructuralRobust,10.0,101.60527287628923,38.655313716031756,57.02969419585143,49.880121359379885,0.0,1.0
bts,2,set_cal,2024-05-09,0.01,ExpectedActionValue,10.0,42.77649875571102,5.928813559322034,8.893220338983049,8.893220338983049,,1.0
bts,2,set_cal,2024-05-09,0.01,PointwiseWorstAction,10.0,42.95811437939012,5.928813559322034,8.893220338983049,8.893220338983049,,1.0
bts,2,set_cal,2024-05-09,0.01,ScenarioCVaR,10.0,42.95811437939012,5.928813559322034,8.893220338983049,8.893220338983049,,1.0
bts,2,set_cal,2024-05-09,0.01,RiskFirst,10.0,4.6561759303439985,36.54324475051452,54.28400454067901,50.30253515248333,,1.0
bts,2,set_cal,2024-05-09,0.01,TemporalContext2024,10.0,5.5272983016429915,38.655313716031756,57.02969419585143,49.880121359379885,,1.0
bts,2,set_cal,2024-05-09,0.01,NetworkPropagation2024,10.0,5.073159002262611,36.54324475051452,54.28400454067901,50.30253515248333,,1.0
bts,2,set_cal,2024-05-09,0.01,CalibratedUncertainty2025,10.0,8.2485667781861,24.430663785357996,36.31879442017536,33.864784986213095,,1.0
bts,2,set_cal,2024-05-09,0.01,MappedPTO2026,10.0,8.529789766630367,14.19031895777179,21.25827717879605,21.054267744833783,,1.0
bts,2,set_cal,2024-05-09,0.01,GroupAware2025,10.0,4.6561759303439985,36.54324475051452,54.28400454067901,50.30253515248333,,1.0
bts,2,set_cal,2024-05-09,0.01,RobustImprovement2025,10.0,6.225969714594592,85.86387967114945,128.26495692163138,124.28348753343568,,1.0
bts,2,set_cal,2024-05-09,0.03,StructuralRobust,29.0,179.01651499660585,113.00469465250744,168.35376560056494,159.70419276409336,0.0,1.0
bts,2,set_cal,2024-05-09,0.03,ExpectedActionValue,29.0,86.29736812150949,34.70226237513726,52.05339356270589,52.0533935627059,,1.0
bts,2,set_cal,2024-05-09,0.03,PointwiseWorstAction,29.0,86.4804846745425,43.391240869760914,64.84734517560912,63.05097420786719,,1.0
bts,2,set_cal,2024-05-09,0.03,ScenarioCVaR,29.0,86.4804846745425,43.391240869760914,64.84734517560912,63.05097420786719,,1.0
bts,2,set_cal,2024-05-09,0.03,RiskFirst,29.0,21.848389449378107,119.14601696655704,177.76574907163933,170.61617623516776,,1.0
bts,2,set_cal,2024-05-09,0.03,TemporalContext2024,29.0,22.239299601253105,115.64601696655704,172.51574907163933,165.36617623516776,,1.0
bts,2,set_cal,2024-05-09,0.03,NetworkPropagation2024,29.0,21.921627350250695,119.14601696655704,177.76574907163933,170.61617623516776,,1.0
bts,2,set_cal,2024-05-09,0.03,CalibratedUncertainty2025,29.0,21.90168876862631,80.01336767151017,119.27043645630015,113.648323574062,,1.0
bts,2,set_cal,2024-05-09,0.03,MappedPTO2026,29.0,20.219316212743703,105.45700453728779,157.09744781903981,148.9370054173509,,1.0
bts,2,set_cal,2024-05-09,0.03,GroupAware2025,29.0,23.477440164657196,119.14601696655704,177.76574907163933,170.61617623516776,,1.0
bts,2,set_cal,2024-05-09,0.03,RobustImprovement2025,29.0,18.954197580158596,112.11529859152468,167.01967150909076,158.37009867261918,,1.0
bts,2,set_cal,2024-05-09,0.05,StructuralRobust,49.0,269.080801456115,152.75769266330596,227.8984800080671,218.61303760637819,0.0,1.0
bts,2,set_cal,2024-05-09,0.05,ExpectedActionValue,49.0,126.41093534222834,100.47338038677341,150.44555445112783,148.46168348338585,,1.0
bts,2,set_cal,2024-05-09,0.05,PointwiseWorstAction,49.0,126.9021233912801,107.8717903757097,161.54316943453227,159.55929846679038,,1.0
bts,2,set_cal,2024-05-09,0.05,ScenarioCVaR,49.0,126.9021233912801,107.8717903757097,161.54316943453227,159.55929846679038,,1.0
bts,2,set_cal,2024-05-09,0.05,RiskFirst,49.0,33.988640073000994,162.2494344050477,242.08609262067972,232.42565021899074,,1.0
bts,2,set_cal,2024-05-09,0.05,TemporalContext2024,49.0,31.018759843280964,152.6771371077504,227.75264667473377,218.27970427304484,,1.0
bts,2,set_cal,2024-05-09,0.05,NetworkPropagation2024,49.0,30.97458523042337,152.75769266330596,227.8984800080671,218.61303760637819,,1.0
bts,2,set_cal,2024-05-09,0.05,CalibratedUncertainty2025,49.0,34.396136833451266,152.5119779140708,227.78254763576712,220.39190337072418,,1.0
bts,2,set_cal,2024-05-09,0.05,MappedPTO2026,49.0,31.70541334106021,174.31684299010334,260.1872054982632,250.52676309657426,,1.0
bts,2,set_cal,2024-05-09,0.05,GroupAware2025,49.0,33.962105377233854,154.5521371077504,230.54014667473376,220.8797042730448,,1.0
bts,2,set_cal,2024-05-09,0.05,RobustImprovement2025,49.0,31.977284291980684,151.4461371077504,225.50314667473376,213.00770427304482,,1.0
bts,2,set_cal,2024-05-09,0.1,StructuralRobust,98.0,371.9719383141516,273.3702930629984,408.51023775046303,396.92122392020275,0.0,1.0
bts,2,set_cal,2024-05-09,0.1,ExpectedActionValue,98.0,205.22305977983976,163.56920924490635,244.28833938633443,236.2972807786462,,1.0
bts,2,set_cal,2024-05-09,0.1,PointwiseWorstAction,98.0,205.3141132197539,160.98849495919205,240.417267957763,232.42620935007483,,1.0
bts,2,set_cal,2024-05-09,0.1,ScenarioCVaR,98.0,205.3141132197539,160.98849495919205,240.417267957763,232.42620935007483,,1.0
bts,2,set_cal,2024-05-09,0.1,RiskFirst,98.0,55.05968543158025,281.4083364448916,420.1643028233027,405.55278899304244,,1.0
bts,2,set_cal,2024-05-09,0.1,TemporalContext2024,98.0,55.02967773087321,275.0645864448916,410.6486778233027,396.0371639930423,,1.0
bts,2,set_cal,2024-05-09,0.1,NetworkPropagation2024,98.0,54.91115912452883,273.3702930629984,408.51023775046303,396.92122392020275,,1.0
bts,2,set_cal,2024-05-09,0.1,CalibratedUncertainty2025,98.0,57.94803353595176,270.12905592378564,403.6594114534085,392.1531182113834,,1.0
bts,2,set_cal,2024-05-09,0.1,MappedPTO2026,98.0,54.87610788956832,267.9471199244838,400.0280335982467,385.83318643465304,,1.0
bts,2,set_cal,2024-05-09,0.1,GroupAware2025,98.0,53.92616725277623,278.8530212675315,416.7343300572627,405.1453162270027,,1.0
bts,2,set_cal,2024-05-09,0.1,RobustImprovement2025,98.0,53.53560183355336,275.88247630503133,411.57551261351244,394.71399878325224,,1.0
bts,2,set_cal,2024-05-09,0.2,StructuralRobust,195.0,292.79696357528496,475.290523517394,707.9034532285916,672.8703378723455,0.0,1.0
bts,2,set_cal,2024-05-09,0.2,ExpectedActionValue,195.0,317.1088316865224,352.41641952235193,526.9931738304326,514.7572579322178,,1.0
bts,2,set_cal,2024-05-09,0.2,PointwiseWorstAction,195.0,317.3167184472993,366.47389460540836,548.0793864550172,535.8434705568027,,1.0
bts,2,set_cal,2024-05-09,0.2,ScenarioCVaR,195.0,317.3167184472993,366.47389460540836,548.0793864550172,535.8434705568027,,1.0
bts,2,set_cal,2024-05-09,0.2,RiskFirst,195.0,102.91055563989441,448.1663740794657,668.5079887088875,643.155570631553,,1.0
bts,2,set_cal,2024-05-09,0.2,TemporalContext2024,195.0,99.95082107370123,443.19095336540937,660.9766758196213,635.112894105923,,1.0
bts,2,set_cal,2024-05-09,0.2,NetworkPropagation2024,195.0,101.51195037703374,475.5352327278912,709.6522570736824,684.9821919375244,,1.0
bts,2,set_cal,2024-05-09,0.2,CalibratedUncertainty2025,195.0,101.98087672401013,461.21920786629687,689.5533659882587,672.487522404358,,1.0
bts,2,set_cal,2024-05-09,0.2,MappedPTO2026,195.0,100.92813293206432,465.75139911753047,695.0605262659844,671.0206081886496,,1.0
bts,2,set_cal,2024-05-09,0.2,GroupAware2025,195.0,98.65329977308285,445.9237205562819,665.144008424112,639.7915903467776,,1.0
bts,2,set_cal,2024-05-09,0.2,RobustImprovement2025,195.0,110.55920825703386,368.3390699188467,549.8670539776319,530.0554222228436,,1.0
bts,2,set_cal,2024-05-10,0.01,StructuralRobust,10.0,76.08466145388334,19.82990196078432,29.719852941176473,29.532352941176462,0.0,1.0
bts,2,set_cal,2024-05-10,0.01,ExpectedActionValue,10.0,41.894699223150006,12.000789473684211,17.801184210526316,16.301184210526312,,1.0
bts,2,set_cal,2024-05-10,0.01,PointwiseWorstAction,10.0,43.44527408357647,13.550789473684212,20.12618421052632,18.62618421052631,,1.0
bts,2,set_cal,2024-05-10,0.01,ScenarioCVaR,10.0,43.44527408357647,13.550789473684212,20.12618421052632,18.62618421052631,,1.0
bts,2,set_cal,2024-05-10,0.01,RiskFirst,10.0,8.499500233725323,20.422209653092008,30.53523755656109,29.79966063348417,,1.0
bts,2,set_cal,2024-05-10,0.01,TemporalContext2024,10.0,9.294170297260576,22.02220965309201,32.93523755656109,32.19966063348417,,1.0
bts,2,set_cal,2024-05-10,0.01,NetworkPropagation2024,10.0,6.491569224381225,19.079901960784316,28.59485294117647,28.407352941176473,,1.0
bts,2,set_cal,2024-05-10,0.01,CalibratedUncertainty2025,10.0,5.072881056362066,16.586224489795917,24.854336734693877,24.66683673469388,,1.0
bts,2,set_cal,2024-05-10,0.01,MappedPTO2026,10.0,6.679110381709329,24.30653168699031,36.17316128537465,34.023389447043485,,1.0
bts,2,set_cal,2024-05-10,0.01,GroupAware2025,10.0,8.499500233725325,20.422209653092008,30.53523755656109,29.79966063348417,,1.0
bts,2,set_cal,2024-05-10,0.01,RobustImprovement2025,10.0,8.80859239233149,17.654901960784315,26.38235294117647,25.632352941176478,,1.0
bts,2,set_cal,2024-05-10,0.03,StructuralRobust,30.0,140.277979910584,73.0373082884324,109.19432618753777,106.4820543492066,0.0,1.0
bts,2,set_cal,2024-05-10,0.03,ExpectedActionValue,30.0,94.944945596684,84.9608975110062,127.2413462665093,125.7413462665093,,1.0
bts,2,set_cal,2024-05-10,0.03,PointwiseWorstAction,30.0,94.94077489727599,84.9608975110062,127.24134626650928,125.7413462665093,,1.0
bts,2,set_cal,2024-05-10,0.03,ScenarioCVaR,30.0,94.94077489727599,84.9608975110062,127.24134626650928,125.7413462665093,,1.0
bts,2,set_cal,2024-05-10,0.03,RiskFirst,30.0,21.75715719748486,73.2131517432232,109.458091369724,106.74581953139287,,1.0
bts,2,set_cal,2024-05-10,0.03,TemporalContext2024,30.0,21.790092129501126,68.04692989168026,101.70875859240957,98.9964867540784,,1.0
bts,2,set_cal,2024-05-10,0.03,NetworkPropagation2024,30.0,21.06580574620827,80.1227361550725,119.78681224979303,116.807122378675,,1.0
bts,2,set_cal,2024-05-10,0.03,CalibratedUncertainty2025,30.0,22.123347795077805,62.756070895546756,93.96102942024321,92.66295249716627,,1.0
bts,2,set_cal,2024-05-10,0.03,MappedPTO2026,30.0,19.517936873036547,72.73245988154427,108.7370535772056,106.02478173887444,,1.0
bts,2,set_cal,2024-05-10,0.03,GroupAware2025,30.0,22.334534938649437,73.58133356140502,110.01036409699672,107.29809225866558,,1.0
bts,2,set_cal,2024-05-10,0.03,RobustImprovement2025,30.0,18.860432746449863,71.89344863930958,107.47853671385354,104.76626487552238,,1.0
bts,2,set_cal,2024-05-10,0.05,StructuralRobust,51.0,219.95845170479114,115.534501417267,172.8294601430848,169.2872702719668,0.0,1.0
bts,2,set_cal,2024-05-10,0.05,ExpectedActionValue,51.0,137.85847465824816,110.38109988868867,165.18282004579896,162.26659664154363,,1.0
bts,2,set_cal,2024-05-10,0.05,PointwiseWorstAction,51.0,137.96768313932145,111.23109988868866,166.45782004579894,163.5415966415436,,1.0
bts,2,set_cal,2024-05-10,0.05,ScenarioCVaR,51.0,137.96768313932145,111.23109988868866,166.45782004579894,163.5415966415436,,1.0
bts,2,set_cal,2024-05-10,0.05,RiskFirst,51.0,35.23144741749928,110.33450141726699,165.0294601430848,161.4872702719668,,1.0
bts,2,set_cal,2024-05-10,0.05,TemporalContext2024,51.0,34.03410938497551,105.4837551486103,157.7533407400997,154.21115086898172,,1.0
bts,2,set_cal,2024-05-10,0.05,NetworkPropagation2024,51.0,34.53863194657475,115.534501417267,172.8294601430848,169.2872702719668,,1.0
bts,2,set_cal,2024-05-10,0.05,CalibratedUncertainty2025,51.0,36.87460721768843,112.93300454328342,169.1907741541433,167.62527919827954,,1.0
bts,2,set_cal,2024-05-10,0.05,MappedPTO2026,51.0,35.40138672475822,106.93375514861029,159.9283407400997,156.38615086898167,,1.0
bts,2,set_cal,2024-05-10,0.05,GroupAware2025,51.0,34.703679662582815,109.959501417267,164.5419601430848,161.56227027196678,,1.0
bts,2,set_cal,2024-05-10,0.05,RobustImprovement2025,51.0,34.98668335666831,110.06047928654132,164.24859936078937,157.93270259311961,,1.0
bts,2,set_cal,2024-05-10,0.1,StructuralRobust,101.0,320.9953174151478,222.20163947136646,332.7158815099482,328.3165487816873,0.0,1.0
bts,2,set_cal,2024-05-10,0.1,ExpectedActionValue,101.0,215.76977621650124,197.04170429161243,294.8308548703252,289.3430931171239,,1.0
bts,2,set_cal,2024-05-10,0.1,PointwiseWorstAction,101.0,216.53131770137338,199.8634324086966,299.0634470459514,293.57568529275005,,1.0
bts,2,set_cal,2024-05-10,0.1,ScenarioCVaR,101.0,216.53131770137338,199.8634324086966,299.0634470459514,293.57568529275005,,1.0
bts,2,set_cal,2024-05-10,0.1,RiskFirst,101.0,63.042869659051505,219.52640666479795,328.7423180143812,324.6376281432632,,1.0
bts,2,set_cal,2024-05-10,0.1,TemporalContext2024,101.0,64.06911254786237,202.49228131426545,303.1911299885824,299.08644011746446,,1.0
bts,2,set_cal,2024-05-10,0.1,NetworkPropagation2024,101.0,62.458995533019824,222.20163947136646,332.7158815099482,328.3165487816873,,1.0
bts,2,set_cal,2024-05-10,0.1,CalibratedUncertainty2025,101.0,62.155801161333535,195.2437263404832,292.3540118136233,288.5171790853624,,1.0
bts,2,set_cal,2024-05-10,0.1,MappedPTO2026,101.0,65.29128441979711,233.60292669842082,349.8570980648155,345.7524081936974,,1.0
bts,2,set_cal,2024-05-10,0.1,GroupAware2025,101.0,63.440055751804366,217.0109664932551,324.9691577570669,320.8644678859488,,1.0
bts,2,set_cal,2024-05-10,0.1,RobustImprovement2025,101.0,65.37976985905831,224.2105722148629,334.51908759048104,321.0433071018809,,1.0
bts,2,set_cal,2024-05-10,0.2,StructuralRobust,202.0,266.2904012079673,482.14313602377246,720.0359217909293,696.1950549554606,0.0,1.0
bts,2,set_cal,2024-05-10,0.2,ExpectedActionValue,202.0,332.86467134786693,312.81808010458155,467.7581104945349,456.7405380270037,,1.0
bts,2,set_cal,2024-05-10,0.2,PointwiseWorstAction,202.0,332.47384622476847,303.3335175655,453.674304660596,443.72951700319123,,1.0
bts,2,set_cal,2024-05-10,0.2,ScenarioCVaR,202.0,332.47384622476847,303.3335175655,453.674304660596,443.72951700319123,,1.0
bts,2,set_cal,2024-05-10,0.2,RiskFirst,202.0,122.79924557414175,456.8250040995915,683.4872411449169,670.3602536113885,,1.0
bts,2,set_cal,2024-05-10,0.2,TemporalContext2024,202.0,125.14895409451002,427.0855741995161,638.7380962948037,624.5611087612751,,1.0
bts,2,set_cal,2024-05-10,0.2,NetworkPropagation2024,202.0,122.89560680208413,401.9269709448957,601.3151914128729,589.5007038793442,,1.0
bts,2,set_cal,2024-05-10,0.2,CalibratedUncertainty2025,202.0,117.83125526202691,485.4718425582766,726.2887951292406,711.8965298179344,,1.0
bts,2,set_cal,2024-05-10,0.2,MappedPTO2026,202.0,124.3458294603591,460.4535627732562,688.7162493681797,673.9855384303958,,1.0
bts,2,set_cal,2024-05-10,0.2,GroupAware2025,202.0,116.76160550757824,465.20042837456464,696.0503775573766,682.923390023848,,1.0
bts,2,set_cal,2024-05-10,0.2,RobustImprovement2025,202.0,131.6014002699077,305.58184652363536,455.7581581445488,436.1485708377671,,1.0
bts,2,set_cal,2024-05-11,0.01,StructuralRobust,9.0,39.32594203350255,8.95,13.425,13.425,0.0,1.0
bts,2,set_cal,2024-05-11,0.01,ExpectedActionValue,9.0,58.43802450689695,0.0,0.0,0.0,,1.0
bts,2,set_cal,2024-05-11,0.01,PointwiseWorstAction,9.0,58.43802450689695,0.0,0.0,0.0,,1.0
bts,2,set_cal,2024-05-11,0.01,ScenarioCVaR,9.0,58.43802450689695,0.0,0.0,0.0,,1.0
bts,2,set_cal,2024-05-11,0.01,RiskFirst,9.0,12.333853215962609,8.95,13.425,13.425,,1.0
bts,2,set_cal,2024-05-11,0.01,TemporalContext2024,9.0,9.398002074754203,8.95,13.425,13.425,,1.0
bts,2,set_cal,2024-05-11,0.01,NetworkPropagation2024,9.0,13.369543638929157,8.95,13.425,13.425,,1.0
bts,2,set_cal,2024-05-11,0.01,CalibratedUncertainty2025,9.0,12.237551493564748,3.108823529411765,4.663235294117648,4.663235294117646,,1.0
bts,2,set_cal,2024-05-11,0.01,MappedPTO2026,9.0,11.111683602664703,19.388157894736842,28.878289473684212,27.348684210526315,,1.0
bts,2,set_cal,2024-05-11,0.01,GroupAware2025,9.0,12.333853215962609,8.95,13.425,13.425,,1.0
bts,2,set_cal,2024-05-11,0.01,RobustImprovement2025,9.0,12.141949670848732,8.95,13.425,13.425,,1.0
bts,2,set_cal,2024-05-11,0.03,StructuralRobust,27.0,86.5921659620287,26.84109907120743,39.90770123839009,37.253095975232206,0.0,1.0
bts,2,set_cal,2024-05-11,0.03,ExpectedActionValue,27.0,112.64817794115176,17.490096153846153,25.76639423076923,22.25076923076923,,1.0
bts,2,set_cal,2024-05-11,0.03,PointwiseWorstAction,27.0,113.34140154616206,15.146346153846155,22.71951923076923,22.71951923076923,,1.0
bts,2,set_cal,2024-05-11,0.03,ScenarioCVaR,27.0,113.34140154616206,15.146346153846155,22.71951923076923,22.71951923076923,,1.0
bts,2,set_cal,2024-05-11,0.03,RiskFirst,27.0,20.52724974229052,23.14159693749477,34.33213224834742,31.480158564136897,,1.0
bts,2,set_cal,2024-05-11,0.03,TemporalContext2024,27.0,21.509393976640865,27.891099071207428,41.48270123839009,38.82809597523221,,1.0
bts,2,set_cal,2024-05-11,0.03,NetworkPropagation2024,27.0,22.185139916622536,19.43501799012635,28.92357961676847,27.206474353610577,,1.0
bts,2,set_cal,2024-05-11,0.03,CalibratedUncertainty2025,27.0,23.274559713184466,24.22952583549143,36.069288753237146,34.006788753237146,,1.0
bts,2,set_cal,2024-05-11,0.03,MappedPTO2026,27.0,22.214595962945996,30.84437471527255,45.76129891501408,41.971825230803546,,1.0
bts,2,set_cal,2024-05-11,0.03,GroupAware2025,27.0,25.89531406255604,21.42267801857585,31.75375386996904,28.90178018575852,,1.0
bts,2,set_cal,2024-05-11,0.03,RobustImprovement2025,27.0,26.451513485631068,22.59791725302561,32.890655783844636,25.344005066141296,,1.0
bts,2,set_cal,2024-05-11,0.05,StructuralRobust,46.0,150.1909653537341,33.91710198799982,50.370389824105,46.58091613989446,0.0,1.0
bts,2,set_cal,2024-05-11,0.05,ExpectedActionValue,46.0,156.495499398739,36.908936081903704,54.869654122855565,51.16652912285555,,1.0
bts,2,set_cal,2024-05-11,0.05,PointwiseWorstAction,46.0,156.38899443986466,45.2541741771418,67.3250112657127,63.153136265712696,,1.0
bts,2,set_cal,2024-05-11,0.05,ScenarioCVaR,46.0,156.38899443986466,45.2541741771418,67.3250112657127,63.153136265712696,,1.0
bts,2,set_cal,2024-05-11,0.05,RiskFirst,46.0,36.97514532152451,42.70712233082648,63.387316890069116,58.33706734378963,,1.0
bts,2,set_cal,2024-05-11,0.05,TemporalContext2024,46.0,34.06645375302815,36.42200629421992,54.01327259922461,49.365246283435134,,1.0
bts,2,set_cal,2024-05-11,0.05,NetworkPropagation2024,46.0,38.11593503415605,33.91710198799982,50.370389824105,46.58091613989446,,1.0
bts,2,set_cal,2024-05-11,0.05,CalibratedUncertainty2025,46.0,31.454399995883882,44.636591306134484,66.29303351092587,61.329132648856906,,1.0
bts,2,set_cal,2024-05-11,0.05,MappedPTO2026,46.0,36.46491112021001,38.97522577910234,57.957575510758765,54.16810182654823,,1.0
bts,2,set_cal,2024-05-11,0.05,GroupAware2025,46.0,36.5432740021179,44.01962233082648,65.34356689006911,60.199567343789624,,1.0
bts,2,set_cal,2024-05-11,0.05,RobustImprovement2025,46.0,37.36156827512764,51.96361156527624,75.17734380394471,60.9792922241724,,1.0
bts,2,set_cal,2024-05-11,0.1,StructuralRobust,91.0,236.3786075189806,85.28555690794721,126.97371875575024,119.81409420947077,0.0,1.0
bts,2,set_cal,2024-05-11,0.1,ExpectedActionValue,91.0,231.058307104193,70.93085194110316,105.64879079825266,100.0426374477372,,1.0
bts,2,set_cal,2024-05-11,0.1,PointwiseWorstAction,91.0,231.55893729619964,72.09566675591799,107.3960130204749,101.78985966995941,,1.0
bts,2,set_cal,2024-05-11,0.1,ScenarioCVaR,91.0,231.55893729619964,72.09566675591799,107.3960130204749,101.78985966995941,,1.0
bts,2,set_cal,2024-05-11,0.1,RiskFirst,91.0,65.8431460054192,101.03627527461107,149.8144698830974,136.76489716695323,,1.0
bts,2,set_cal,2024-05-11,0.1,TemporalContext2024,91.0,65.34203662136957,95.6764321060837,141.4102314460958,125.6271060983727,,1.0
bts,2,set_cal,2024-05-11,0.1,NetworkPropagation2024,91.0,59.632187353469774,85.28555690794721,126.97371875575024,119.81409420947077,,1.0
bts,2,set_cal,2024-05-11,0.1,CalibratedUncertainty2025,91.0,62.945665362048025,83.42605119064935,123.46472333769819,116.40707247562925,,1.0
bts,2,set_cal,2024-05-11,0.1,MappedPTO2026,91.0,66.68302961489817,104.13309131234693,153.96735903404078,137.22527452544375,,1.0
bts,2,set_cal,2024-05-11,0.1,GroupAware2025,91.0,65.73474516608367,97.25723963519808,143.84591642397788,128.54634370783373,,1.0
bts,2,set_cal,2024-05-11,0.1,RobustImprovement2025,91.0,66.17672251994645,151.36185367827423,223.1192654695297,200.2554026104173,,1.0
bts,2,set_cal,2024-05-11,0.2,StructuralRobust,182.0,188.15545786184188,220.56506799883542,326.72267185603187,302.3481957893724,0.0,1.0
bts,2,set_cal,2024-05-11,0.2,ExpectedActionValue,182.0,337.7070429131667,173.8925389054874,258.72101377964,242.8375544402058,,1.0
bts,2,set_cal,2024-05-11,0.2,PointwiseWorstAction,182.0,338.74498363936397,167.01924780915596,248.32055989376343,231.75822124398434,,1.0
bts,2,set_cal,2024-05-11,0.2,ScenarioCVaR,182.0,338.74498363936397,167.01924780915596,248.32055989376343,231.75822124398434,,1.0
bts,2,set_cal,2024-05-11,0.2,RiskFirst,182.0,115.92372467786703,229.3285320274116,339.54339421468563,312.73536551644713,,1.0
bts,2,set_cal,2024-05-11,0.2,TemporalContext2024,182.0,118.11527287405886,238.6895516928954,353.8699237129114,329.19939501467286,,1.0
bts,2,set_cal,2024-05-11,0.2,NetworkPropagation2024,182.0,117.75720848481691,223.42464913064737,330.84756986953926,305.23954117130074,,1.0
bts,2,set_cal,2024-05-11,0.2,CalibratedUncertainty2025,182.0,102.50674263478476,207.70037198575383,308.63607846655793,293.33998212601205,,1.0
bts,2,set_cal,2024-05-11,0.2,MappedPTO2026,182.0,115.24246007437938,218.18373630930282,322.82620063752245,296.0181719392839,,1.0
bts,2,set_cal,2024-05-11,0.2,GroupAware2025,182.0,117.79550371633837,219.43338443015762,324.7006728188046,297.89264412056605,,1.0
bts,2,set_cal,2024-05-11,0.2,RobustImprovement2025,182.0,124.86989784200485,196.08580940974284,290.05882883079795,266.0971892021756,,1.0
bts,2,set_cal,2024-05-12,0.01,StructuralRobust,9.0,56.59176522170954,6.273626373626374,9.41043956043956,9.41043956043956,0.0,1.0
bts,2,set_cal,2024-05-12,0.01,ExpectedActionValue,9.0,49.728861019263306,2.0886243386243386,2.7948412698412697,1.634126984126984,,1.0
bts,2,set_cal,2024-05-12,0.01,PointwiseWorstAction,9.0,49.717297485809034,2.0886243386243386,2.7948412698412697,1.634126984126984,,1.0
bts,2,set_cal,2024-05-12,0.01,ScenarioCVaR,9.0,49.717297485809034,2.0886243386243386,2.7948412698412697,1.634126984126984,,1.0
bts,2,set_cal,2024-05-12,0.01,RiskFirst,9.0,2.834311747909064,7.9,11.85,11.85,,1.0
bts,2,set_cal,2024-05-12,0.01,TemporalContext2024,9.0,2.834311747909064,7.9,11.85,11.85,,1.0
bts,2,set_cal,2024-05-12,0.01,NetworkPropagation2024,9.0,3.105440798786546,12.323626373626375,18.48543956043956,18.48543956043956,,1.0
bts,2,set_cal,2024-05-12,0.01,CalibratedUncertainty2025,9.0,3.424073006372503,13.455707298481865,20.1835609477228,20.1835609477228,,1.0
bts,2,set_cal,2024-05-12,0.01,MappedPTO2026,9.0,4.376374459753915,1.85,2.775,2.775,,1.0
bts,2,set_cal,2024-05-12,0.01,GroupAware2025,9.0,2.834311747909064,7.9,11.85,11.85,,1.0
bts,2,set_cal,2024-05-12,0.01,RobustImprovement2025,9.0,5.1962948518406975,4.573626373626374,6.860439560439561,6.86043956043956,,1.0
bts,2,set_cal,2024-05-12,0.03,StructuralRobust,28.0,121.6129247192882,32.25951030724026,48.18574694234187,46.659358053452976,0.0,1.0
bts,2,set_cal,2024-05-12,0.03,ExpectedActionValue,28.0,99.33781388772888,24.02585838117753,35.70069233367106,34.539978047956765,,1.0
bts,2,set_cal,2024-05-12,0.03,PointwiseWorstAction,28.0,99.87176323347022,15.775858381177532,23.325692333671057,22.16497804795677,,1.0
bts,2,set_cal,2024-05-12,0.03,ScenarioCVaR,28.0,99.87176323347022,15.775858381177532,23.325692333671057,22.16497804795677,,1.0
bts,2,set_cal,2024-05-12,0.03,RiskFirst,28.0,16.455177205487484,27.262803863954876,40.89420579593231,40.89420579593232,,1.0
bts,2,set_cal,2024-05-12,0.03,TemporalContext2024,28.0,15.192317886447267,25.962803863954875,38.944205795932305,38.944205795932305,,1.0
bts,2,set_cal,2024-05-12,0.03,NetworkPropagation2024,28.0,15.052173559202252,25.681722782873795,38.522584174310694,38.522584174310694,,1.0
bts,2,set_cal,2024-05-12,0.03,CalibratedUncertainty2025,28.0,17.3281027959633,28.0173199451313,42.02597991769695,42.025979917696944,,1.0
bts,2,set_cal,2024-05-12,0.03,MappedPTO2026,28.0,11.978700264987108,23.887836899942165,35.72122903412377,34.89228166570272,,1.0
bts,2,set_cal,2024-05-12,0.03,GroupAware2025,28.0,16.339537102008443,25.962803863954875,38.944205795932305,38.944205795932305,,1.0
bts,2,set_cal,2024-05-12,0.03,RobustImprovement2025,28.0,14.97617799945196,36.767433493584505,54.597631721858235,50.44624283296935,,1.0
bts,2,set_cal,2024-05-12,0.05,StructuralRobust,47.0,191.61922863711868,52.445833209089486,78.32970497932624,75.78686872201628,0.0,1.0
bts,2,set_cal,2024-05-12,0.05,ExpectedActionValue,47.0,138.61539254631447,40.751816674880544,60.602129774225574,58.56641548851128,,1.0
bts,2,set_cal,2024-05-12,0.05,PointwiseWorstAction,47.0,139.45732092703915,40.751816674880544,60.60212977422558,58.56641548851131,,1.0
bts,2,set_cal,2024-05-12,0.05,ScenarioCVaR,47.0,139.45732092703915,40.751816674880544,60.60212977422558,58.56641548851131,,1.0
bts,2,set_cal,2024-05-12,0.05,RiskFirst,47.0,22.460761482413847,49.92083320908949,74.56720497932623,72.21186872201628,,1.0
bts,2,set_cal,2024-05-12,0.05,TemporalContext2024,47.0,25.203069564451777,49.588703607629185,74.17953689292526,72.65314800403635,,1.0
bts,2,set_cal,2024-05-12,0.05,NetworkPropagation2024,47.0,24.055634984876573,52.445833209089486,78.32970497932624,75.78686872201628,,1.0
bts,2,set_cal,2024-05-12,0.05,CalibratedUncertainty2025,47.0,24.989132343121828,44.354406424323045,66.53160963648456,66.53160963648456,,1.0
bts,2,set_cal,2024-05-12,0.05,MappedPTO2026,47.0,20.158523037042947,35.40755240492083,53.00080229159177,52.171854923170706,,1.0
bts,2,set_cal,2024-05-12,0.05,GroupAware2025,47.0,22.747489332688204,46.6603068933,69.7869418214315,68.2605529325426,,1.0
bts,2,set_cal,2024-05-12,0.05,RobustImprovement2025,47.0,25.904132455657987,65.67229493939413,96.3364314530111,80.04634928241043,,1.0
bts,2,set_cal,2024-05-12,0.1,StructuralRobust,94.0,286.91873863330585,122.86206953984227,183.26437693577287,175.5489216308439,0.0,1.0
bts,2,set_cal,2024-05-12,0.1,ExpectedActionValue,94.0,212.42598622548806,72.04215317529147,107.05258104890615,101.37896569367314,,1.0
bts,2,set_cal,2024-05-12,0.1,PointwiseWorstAction,94.0,212.5216088489297,74.65441732623488,110.97097727532125,105.29736192008822,,1.0
bts,2,set_cal,2024-05-12,0.1,ScenarioCVaR,94.0,212.5216088489297,74.65441732623488,110.97097727532125,105.29736192008822,,1.0
bts,2,set_cal,2024-05-12,0.1,RiskFirst,94.0,45.677742314729265,114.16448101725375,170.26124812014405,162.87019757711982,,1.0
bts,2,set_cal,2024-05-12,0.1,TemporalContext2024,94.0,47.78066772950149,101.51964521362626,151.4721762328846,145.41748932622403,,1.0
bts,2,set_cal,2024-05-12,0.1,NetworkPropagation2024,94.0,47.172897405634586,122.86206953984227,183.26437693577287,175.5489216308439,,1.0
bts,2,set_cal,2024-05-12,0.1,CalibratedUncertainty2025,94.0,44.99551801581857,123.34124631120201,184.19867702783375,178.0997337355648,,1.0
bts,2,set_cal,2024-05-12,0.1,MappedPTO2026,94.0,49.687020305368804,106.84998512066831,158.59622069317632,146.00554328448044,,1.0
bts,2,set_cal,2024-05-12,0.1,GroupAware2025,94.0,49.75791571125153,101.72744398021669,151.95569256458847,147.18964202156428,,1.0
bts,2,set_cal,2024-05-12,0.1,RobustImprovement2025,94.0,46.76060399318599,139.40551502056846,206.45362128169745,186.5437369130332,,1.0
bts,2,set_cal,2024-05-12,0.2,StructuralRobust,187.0,259.2809418148621,259.486130142697,384.601329679176,349.89233816765454,0.0,1.0
bts,2,set_cal,2024-05-12,0.2,ExpectedActionValue,187.0,315.22658442207245,160.24559686212584,239.07135626367716,231.24981354233998,,1.0
bts,2,set_cal,2024-05-12,0.2,PointwiseWorstAction,187.0,315.1472108011339,155.99559686212584,232.69635626367716,224.87481354233998,,1.0
bts,2,set_cal,2024-05-12,0.2,ScenarioCVaR,187.0,315.1472108011339,155.99559686212584,232.69635626367716,224.87481354233998,,1.0
bts,2,set_cal,2024-05-12,0.2,RiskFirst,187.0,109.24103458323609,254.78027766184456,379.08421762456396,355.9377261130426,,1.0
bts,2,set_cal,2024-05-12,0.2,TemporalContext2024,187.0,103.29547947166375,255.65564782968843,379.4671213611782,349.3444934860205,,1.0
bts,2,set_cal,2024-05-12,0.2,NetworkPropagation2024,187.0,109.86074296226249,259.0123642003824,385.39484743237074,361.96710592084924,,1.0
bts,2,set_cal,2024-05-12,0.2,CalibratedUncertainty2025,187.0,115.91706159957467,243.24026205683148,363.3107317673878,351.68827188344267,,1.0
bts,2,set_cal,2024-05-12,0.2,MappedPTO2026,187.0,101.10648866601636,254.40457573884396,378.520664740063,355.3741732285416,,1.0
bts,2,set_cal,2024-05-12,0.2,GroupAware2025,187.0,103.66381922953549,265.58376170439766,395.2144436883936,371.5054521768722,,1.0
bts,2,set_cal,2024-05-12,0.2,RobustImprovement2025,187.0,105.05687807627356,203.3735157336981,300.92764616091574,269.93294036368,,1.0
bts,2,set_cal,2024-05-13,0.01,StructuralRobust,10.0,66.61126333606741,13.955341055341057,20.35158301158301,15.990868725868724,0.0,1.0
bts,2,set_cal,2024-05-13,0.01,ExpectedActionValue,10.0,50.79374921785425,16.98126286890872,25.198490048043926,23.147958133150308,,1.0
bts,2,set_cal,2024-05-13,0.01,PointwiseWorstAction,10.0,50.5628594139623,16.98126286890872,25.198490048043926,23.147958133150308,,1.0
bts,2,set_cal,2024-05-13,0.01,ScenarioCVaR,10.0,50.5628594139623,16.98126286890872,25.198490048043926,23.147958133150308,,1.0
bts,2,set_cal,2024-05-13,0.01,RiskFirst,10.0,5.726074115326286,11.7231981981982,17.449797297297298,16.4372972972973,,1.0
bts,2,set_cal,2024-05-13,0.01,TemporalContext2024,10.0,7.066892131398008,13.0231981981982,19.399797297297297,18.387297297297295,,1.0
bts,2,set_cal,2024-05-13,0.01,NetworkPropagation2024,10.0,6.539565630725168,8.673198198198198,12.874797297297297,11.862297297297298,,1.0
bts,2,set_cal,2024-05-13,0.01,CalibratedUncertainty2025,10.0,5.346108856555835,7.805769230769231,11.573653846153846,10.561153846153845,,1.0
bts,2,set_cal,2024-05-13,0.01,MappedPTO2026,10.0,6.840686426322475,8.673198198198198,12.874797297297297,11.862297297297298,,1.0
bts,2,set_cal,2024-05-13,0.01,GroupAware2025,10.0,6.562575812127868,11.7231981981982,17.449797297297298,16.4372972972973,,1.0
bts,2,set_cal,2024-05-13,0.01,RobustImprovement2025,10.0,6.716193113784277,15.255341055341056,22.301583011583013,17.940868725868725,,1.0
bts,2,set_cal,2024-05-13,0.03,StructuralRobust,31.0,129.25960839546005,48.6364786652421,72.0482894264346,65.2500751407203,0.0,1.0
bts,2,set_cal,2024-05-13,0.03,ExpectedActionValue,31.0,108.38779057340909,44.520392395624064,66.33218433811693,62.9691524232233,,1.0
bts,2,set_cal,2024-05-13,0.03,PointwiseWorstAction,31.0,108.37701001775514,37.540190532270024,55.86188154308587,52.498849628192254,,1.0
bts,2,set_cal,2024-05-13,0.03,ScenarioCVaR,31.0,108.37701001775514,37.540190532270024,55.86188154308587,52.498849628192254,,1.0
bts,2,set_cal,2024-05-13,0.03,RiskFirst,31.0,19.201041312029783,43.564442191077966,65.21166328661695,64.19916328661697,,1.0
bts,2,set_cal,2024-05-13,0.03,TemporalContext2024,31.0,19.280550201714576,46.29658504822083,68.86344900090268,64.50273471518841,,1.0
bts,2,set_cal,2024-05-13,0.03,NetworkPropagation2024,31.0,21.01058669753993,33.71067875021776,50.43101812532663,49.418518125326635,,1.0
bts,2,set_cal,2024-05-13,0.03,CalibratedUncertainty2025,31.0,17.73041477444653,39.15890570057236,58.34919188419188,55.43044188419189,,1.0
bts,2,set_cal,2024-05-13,0.03,MappedPTO2026,31.0,16.06354305532494,37.2614786652421,55.16078942643459,49.67507514072032,,1.0
bts,2,set_cal,2024-05-13,0.03,GroupAware2025,31.0,18.970058536746013,45.79658504822083,68.11344900090268,63.7527347151884,,1.0
bts,2,set_cal,2024-05-13,0.03,RobustImprovement2025,31.0,20.572305776758714,50.45439754822083,74.17673025090266,64.26523471518837,,1.0
bts,2,set_cal,2024-05-13,0.05,StructuralRobust,51.0,207.4270935539235,82.16699958903716,122.14563331212716,113.85913777641285,0.0,1.0
bts,2,set_cal,2024-05-13,0.05,ExpectedActionValue,51.0,151.5911419132121,64.04494548539144,95.494013972768,91.19348205787436,,1.0
bts,2,set_cal,2024-05-13,0.05,PointwiseWorstAction,51.0,151.9793835717193,60.0491055475515,89.5002540660081,85.19972215111446,,1.0
bts,2,set_cal,2024-05-13,0.05,ScenarioCVaR,51.0,151.9793835717193,60.0491055475515,89.5002540660081,85.19972215111446,,1.0
bts,2,set_cal,2024-05-13,0.05,RiskFirst,51.0,32.37441111140189,75.64360117725309,112.50897319445104,105.33575890873675,,1.0
bts,2,set_cal,2024-05-13,0.05,TemporalContext2024,51.0,30.676206995194296,80.15212558876135,119.07175981171348,110.39854552599922,,1.0
bts,2,set_cal,2024-05-13,0.05,NetworkPropagation2024,51.0,34.01812356661266,82.16699958903716,122.14563331212716,113.85913777641285,,1.0
bts,2,set_cal,2024-05-13,0.05,CalibratedUncertainty2025,51.0,25.0567315770134,78.34630087003342,116.4588560669549,108.5043917812406,,1.0
bts,2,set_cal,2024-05-13,0.05,MappedPTO2026,51.0,32.37441111140188,75.64360117725309,112.50897319445106,105.33575890873678,,1.0
bts,2,set_cal,2024-05-13,0.05,GroupAware2025,51.0,32.53761669008809,83.29189999382113,123.87195396368182,115.87773376080777,,1.0
bts,2,set_cal,2024-05-13,0.05,RobustImprovement2025,51.0,32.77969521144455,92.1902984056052,136.34611408135794,123.17611262848388,,1.0
bts,2,set_cal,2024-05-13,0.1,StructuralRobust,102.0,310.32297532996665,139.2827069024125,206.99267143998026,192.5072545876914,0.0,1.0
bts,2,set_cal,2024-05-13,0.1,ExpectedActionValue,102.0,241.36161817247077,140.30917485557518,209.81400667669226,204.9408396266635,,1.0
bts,2,set_cal,2024-05-13,0.1,PointwiseWorstAction,102.0,241.87565820463888,143.79791041398337,214.97211001430458,209.53644296427584,,1.0
bts,2,set_cal,2024-05-13,0.1,ScenarioCVaR,102.0,241.87565820463888,143.79791041398337,214.97211001430458,209.53644296427584,,1.0
bts,2,set_cal,2024-05-13,0.1,RiskFirst,102.0,63.32067284548615,166.94531555991063,248.53936220400522,234.44977868504964,,1.0
bts,2,set_cal,2024-05-13,0.1,TemporalContext2024,102.0,63.21350752081658,151.19037269991432,224.40694791401074,209.54236439505522,,1.0
bts,2,set_cal,2024-05-13,0.1,NetworkPropagation2024,102.0,63.69325603121145,139.2827069024125,206.99267143998026,192.5072545876914,,1.0
bts,2,set_cal,2024-05-13,0.1,CalibratedUncertainty2025,102.0,63.84535234435957,178.63372215795732,266.1481202999398,252.62964827246833,,1.0
bts,2,set_cal,2024-05-13,0.1,MappedPTO2026,102.0,64.90770284434471,152.47477816204764,226.9099074585621,213.39295907474173,,1.0
bts,2,set_cal,2024-05-13,0.1,GroupAware2025,102.0,65.03306853770007,169.53102984562494,252.41793363257662,238.32835011362104,,1.0
bts,2,set_cal,2024-05-13,0.1,RobustImprovement2025,102.0,62.53897800522976,172.06401584024613,255.0416849464316,233.5091438418995,,1.0
bts,2,set_cal,2024-05-13,0.2,StructuralRobust,204.0,253.39073193896198,308.4468994569742,457.2067969779546,423.55515542165534,0.0,1.0
bts,2,set_cal,2024-05-13,0.2,ExpectedActionValue,204.0,366.17112426448637,240.51785382632,359.06829069797584,346.998365386695,,1.0
bts,2,set_cal,2024-05-13,0.2,PointwiseWorstAction,204.0,366.259060119825,272.165827964251,406.4902519048725,394.04532659359165,,1.0
bts,2,set_cal,2024-05-13,0.2,ScenarioCVaR,204.0,366.259060119825,272.165827964251,406.4902519048725,394.04532659359165,,1.0
bts,2,set_cal,2024-05-13,0.2,RiskFirst,204.0,144.13005631772603,318.3211901356146,472.58882151587454,443.7478438592697,,1.0
bts,2,set_cal,2024-05-13,0.2,TemporalContext2024,204.0,139.86070054027854,292.5008528808008,434.0007069380017,405.69641406400564,,1.0
bts,2,set_cal,2024-05-13,0.2,NetworkPropagation2024,204.0,141.64396895866716,321.5517723296145,479.1221948068744,455.08121715026954,,1.0
bts,2,set_cal,2024-05-13,0.2,CalibratedUncertainty2025,204.0,135.8435421065926,324.3055057858428,482.7287066622431,459.10706653833506,,1.0
bts,2,set_cal,2024-05-13,0.2,MappedPTO2026,204.0,139.061629676529,307.69914321213594,457.28564243500443,430.1938495610084,,1.0
bts,2,set_cal,2024-05-13,0.2,GroupAware2025,204.0,147.07652964062356,307.97033107086423,458.02330657603784,432.0381313491002,,1.0
bts,2,set_cal,2024-05-13,0.2,RobustImprovement2025,204.0,138.86579666803894,251.1544933603446,372.4729567821347,347.85708234426926,,1.0
bts,2,set_cal,2024-05-14,0.01,StructuralRobust,9.0,53.23592810462718,5.430555555555555,7.897376543209877,6.033950617283949,0.0,1.0
bts,2,set_cal,2024-05-14,0.01,ExpectedActionValue,9.0,37.88200208658634,2.217391304347826,3.3260869565217392,3.3260869565217392,,1.0
bts,2,set_cal,2024-05-14,0.01,PointwiseWorstAction,9.0,37.97963405326748,2.217391304347826,3.3260869565217392,3.3260869565217392,,1.0
bts,2,set_cal,2024-05-14,0.01,ScenarioCVaR,9.0,37.97963405326748,2.217391304347826,3.3260869565217392,3.3260869565217392,,1.0
bts,2,set_cal,2024-05-14,0.01,RiskFirst,9.0,5.119735355183837,6.180555555555555,8.872376543209874,5.883950617283949,,1.0
bts,2,set_cal,2024-05-14,0.01,TemporalContext2024,9.0,6.096242177734908,5.430555555555555,7.897376543209877,6.033950617283949,,1.0
bts,2,set_cal,2024-05-14,0.01,NetworkPropagation2024,9.0,5.971068734315207,5.430555555555555,7.897376543209877,6.033950617283949,,1.0
bts,2,set_cal,2024-05-14,0.01,CalibratedUncertainty2025,9.0,5.6407360997053075,7.030555555555555,10.247376543209876,8.00895061728395,,1.0
bts,2,set_cal,2024-05-14,0.01,MappedPTO2026,9.0,7.0696945979139105,0.6000000000000001,0.975,0.8999999999999999,,1.0
bts,2,set_cal,2024-05-14,0.01,GroupAware2025,9.0,5.119735355183837,6.180555555555555,8.872376543209874,5.883950617283949,,1.0
bts,2,set_cal,2024-05-14,0.01,RobustImprovement2025,9.0,6.110778122029584,5.430555555555555,7.897376543209877,6.033950617283949,,1.0
bts,2,set_cal,2024-05-14,0.03,StructuralRobust,27.0,101.83701343864821,15.594212962962963,22.552237654320987,16.259124228395063,0.0,1.0
bts,2,set_cal,2024-05-14,0.03,ExpectedActionValue,27.0,85.21543653491634,21.388768341615556,31.47486848875469,29.88773831123989,,1.0
bts,2,set_cal,2024-05-14,0.03,PointwiseWorstAction,27.0,85.30838996147651,15.73262799073836,22.9906579624389,21.40352778492411,,1.0
bts,2,set_cal,2024-05-14,0.03,ScenarioCVaR,27.0,85.30838996147651,15.73262799073836,22.9906579624389,21.40352778492411,,1.0
bts,2,set_cal,2024-05-14,0.03,RiskFirst,27.0,17.989634895882148,21.105281398717153,31.209465307952275,27.846039382026348,,1.0
bts,2,set_cal,2024-05-14,0.03,TemporalContext2024,27.0,21.597472466584115,20.005281398717152,29.559465307952273,26.19603938202635,,1.0
bts,2,set_cal,2024-05-14,0.03,NetworkPropagation2024,27.0,15.138190008885775,13.202248677248676,19.354916225749555,15.991490299823631,,1.0
bts,2,set_cal,2024-05-14,0.03,CalibratedUncertainty2025,27.0,23.404510347006436,18.462962962962962,27.24598765432099,23.882561728395068,,1.0
bts,2,set_cal,2024-05-14,0.03,MappedPTO2026,27.0,21.753753342388446,18.439011557447312,27.45851733617097,25.958517336170967,,1.0
bts,2,set_cal,2024-05-14,0.03,GroupAware2025,27.0,15.956929801393962,23.869567113002866,35.355893879380844,31.992467953454913,,1.0
bts,2,set_cal,2024-05-14,0.03,RobustImprovement2025,27.0,15.600383968906604,29.30706711300287,43.121518879380844,36.82840545345492,,1.0
bts,2,set_cal,2024-05-14,0.05,StructuralRobust,45.0,154.3747421830845,38.8950942214366,57.47855954203145,50.9979461161055,0.0,1.0
bts,2,set_cal,2024-05-14,0.05,ExpectedActionValue,45.0,120.81285577090807,22.538768341615555,33.19986848875469,31.61273831123989,,1.0
bts,2,set_cal,2024-05-14,0.05,PointwiseWorstAction,45.0,121.56962898488037,23.30021872329494,34.189753984937894,31.460448234904014,,1.0
bts,2,set_cal,2024-05-14,0.05,ScenarioCVaR,45.0,121.56962898488037,23.30021872329494,34.189753984937894,31.460448234904014,,1.0
bts,2,set_cal,2024-05-14,0.05,RiskFirst,45.0,31.146164602821152,39.233602285952735,57.986321638805634,51.5057082128797,,1.0
bts,2,set_cal,2024-05-14,0.05,TemporalContext2024,45.0,33.68298709348201,31.244567113002866,46.393393879380845,42.84246795345492,,1.0
bts,2,set_cal,2024-05-14,0.05,NetworkPropagation2024,45.0,32.08696409272427,38.8950942214366,57.47855954203145,50.9979461161055,,1.0
bts,2,set_cal,2024-05-14,0.05,CalibratedUncertainty2025,45.0,34.482742952266406,42.991225173817554,63.613380970602876,57.06245504467695,,1.0
bts,2,set_cal,2024-05-14,0.05,MappedPTO2026,45.0,30.793629506019467,33.48206711300286,49.35901887938084,42.878405453454924,,1.0
bts,2,set_cal,2024-05-14,0.05,GroupAware2025,45.0,30.733314887352343,40.6522056123016,60.47898206311156,56.734034398055186,,1.0
bts,2,set_cal,2024-05-14,0.05,RobustImprovement2025,45.0,33.13051734202433,40.75860228595274,59.89882163880564,50.6057082128797,,1.0
bts,2,set_cal,2024-05-14,0.1,StructuralRobust,91.0,244.43513596644894,86.89104881504268,128.4216218672232,117.03448670216686,0.0,1.0
bts,2,set_cal,2024-05-14,0.1,ExpectedActionValue,91.0,194.61928837647704,66.97717398222463,98.52393687333239,89.75088112329848,,1.0
bts,2,set_cal,2024-05-14,0.1,PointwiseWorstAction,91.0,195.09681141116644,68.9271739822246,101.44893687333239,92.67588112329851,,1.0
bts,2,set_cal,2024-05-14,0.1,ScenarioCVaR,91.0,195.09681141116644,68.9271739822246,101.44893687333239,92.67588112329851,,1.0
bts,2,set_cal,2024-05-14,0.1,RiskFirst,91.0,59.321585077394545,96.04648359765137,142.17977404113626,130.98013887607993,,1.0
bts,2,set_cal,2024-05-14,0.1,TemporalContext2024,91.0,59.626931570458495,94.59648359765139,139.85477404113624,127.5301388760799,,1.0
bts,2,set_cal,2024-05-14,0.1,NetworkPropagation2024,91.0,59.813511084003416,86.89104881504268,128.4216218672232,117.03448670216686,,1.0
bts,2,set_cal,2024-05-14,0.1,CalibratedUncertainty2025,91.0,55.96003994133206,76.14802292544073,113.17270803282024,105.30276036776388,,1.0
bts,2,set_cal,2024-05-14,0.1,MappedPTO2026,91.0,61.67815520251622,90.19604881504269,133.4041218672232,122.20448670216685,,1.0
bts,2,set_cal,2024-05-14,0.1,GroupAware2025,91.0,57.72037104649844,96.25907207085665,142.99865675094412,132.57402158588775,,1.0
bts,2,set_cal,2024-05-14,0.1,RobustImprovement2025,91.0,61.85767070219494,74.38273359765141,109.58414904113624,97.63451387607985,,1.0
bts,2,set_cal,2024-05-14,0.2,StructuralRobust,182.0,219.34330006340056,189.28867901066653,280.88477467699886,263.0698208844915,0.0,1.0
bts,2,set_cal,2024-05-14,0.2,ExpectedActionValue,182.0,302.46225301579085,109.3081578798395,160.7810162209832,142.71248673016305,,1.0
bts,2,set_cal,2024-05-14,0.2,PointwiseWorstAction,182.0,303.25523168217427,109.73383355551513,161.3195297344967,142.50100024367666,,1.0
bts,2,set_cal,2024-05-14,0.2,ScenarioCVaR,182.0,303.25523168217427,109.73383355551513,161.3195297344967,142.50100024367666,,1.0
bts,2,set_cal,2024-05-14,0.2,RiskFirst,182.0,113.33001928404748,188.63174737314662,280.546558593268,265.5135900948783,,1.0
bts,2,set_cal,2024-05-14,0.2,TemporalContext2024,182.0,113.66710727597135,178.8972973417199,266.01988354612786,251.54941504773805,,1.0
bts,2,set_cal,2024-05-14,0.2,NetworkPropagation2024,182.0,114.44621252384576,185.95263986807566,276.41613262977916,260.54492883727175,,1.0
bts,2,set_cal,2024-05-14,0.2,CalibratedUncertainty2025,182.0,120.70235150375443,187.04381633866387,278.04799537487725,262.1400268764876,,1.0
bts,2,set_cal,2024-05-14,0.2,MappedPTO2026,182.0,111.10504755452367,187.1250392772037,278.16149644935365,262.191027950964,,1.0
bts,2,set_cal,2024-05-14,0.2,GroupAware2025,182.0,115.82307688784965,175.29674737314662,260.6551697043791,246.45553453932274,,1.0
bts,2,set_cal,2024-05-14,0.2,RobustImprovement2025,182.0,113.78684039712523,129.79624492274166,192.45441602877165,178.62978086371533,,1.0
bts,2,set_cal,2024-05-15,0.01,StructuralRobust,10.0,64.03927906444882,28.062472812447716,41.70533712564831,38.792546427973896,0.0,1.0
bts,2,set_cal,2024-05-15,0.01,ExpectedActionValue,10.0,48.05391886353471,10.995833333333334,16.34375,15.21875,,1.0
bts,2,set_cal,2024-05-15,0.01,PointwiseWorstAction,10.0,48.05391886353472,10.995833333333334,16.34375,15.21875,,1.0
bts,2,set_cal,2024-05-15,0.01,ScenarioCVaR,10.0,48.05391886353472,10.995833333333334,16.34375,15.21875,,1.0
bts,2,set_cal,2024-05-15,0.01,RiskFirst,10.0,6.183235859438757,21.674100719424462,32.511151079136695,32.511151079136695,,1.0
bts,2,set_cal,2024-05-15,0.01,TemporalContext2024,10.0,6.183235859438756,21.674100719424462,32.511151079136695,32.511151079136695,,1.0
bts,2,set_cal,2024-05-15,0.01,NetworkPropagation2024,10.0,6.436398821624038,31.29479037459688,46.942185561895315,46.94218556189531,,1.0
bts,2,set_cal,2024-05-15,0.01,CalibratedUncertainty2025,10.0,5.215423370257831,13.200000000000001,19.650000000000002,18.525,,1.0
bts,2,set_cal,2024-05-15,0.01,MappedPTO2026,10.0,4.279900984187373,25.85896126011069,38.78844189016603,38.78844189016603,,1.0
bts,2,set_cal,2024-05-15,0.01,GroupAware2025,10.0,6.183235859438756,21.674100719424462,32.511151079136695,32.511151079136695,,1.0
bts,2,set_cal,2024-05-15,0.01,RobustImprovement2025,10.0,7.429670413831847,28.76247281244772,42.755337125648325,39.84254642797389,,1.0
bts,2,set_cal,2024-05-15,0.03,StructuralRobust,29.0,128.31770760572962,85.06662041289626,126.5676117399563,118.8252201445457,0.0,1.0
bts,2,set_cal,2024-05-15,0.03,ExpectedActionValue,29.0,101.30771504860829,19.32134353741497,28.83201530612245,27.70701530612245,,1.0
bts,2,set_cal,2024-05-15,0.03,PointwiseWorstAction,29.0,101.30771504860829,19.32134353741497,28.83201530612245,27.70701530612245,,1.0
bts,2,set_cal,2024-05-15,0.03,ScenarioCVaR,29.0,101.30771504860829,19.32134353741497,28.83201530612245,27.70701530612245,,1.0
bts,2,set_cal,2024-05-15,0.03,RiskFirst,29.0,14.768880014298006,72.74328591690742,108.39818376646485,103.02259544974278,,1.0
bts,2,set_cal,2024-05-15,0.03,TemporalContext2024,29.0,15.114682149453435,73.34328591690742,109.39818376646485,104.77259544974278,,1.0
bts,2,set_cal,2024-05-15,0.03,NetworkPropagation2024,29.0,14.801935473968852,59.97971541118575,89.7195731167786,87.84457311677859,,1.0
bts,2,set_cal,2024-05-15,0.03,CalibratedUncertainty2025,29.0,13.623438015464082,65.85637090111643,98.45618333580163,95.99338571675398,,1.0
bts,2,set_cal,2024-05-15,0.03,MappedPTO2026,29.0,15.992482325518301,68.04612954629897,101.68219431944846,98.77969431944845,,1.0
bts,2,set_cal,2024-05-15,0.03,GroupAware2025,29.0,14.755036434967069,77.35066296608775,114.99367556974354,107.25128397433295,,1.0
bts,2,set_cal,2024-05-15,0.03,RobustImprovement2025,29.0,15.089580075570135,80.59617883910362,118.8362894281074,103.40144819899719,,1.0
bts,2,set_cal,2024-05-15,0.05,StructuralRobust,48.0,197.93474115477875,115.05172386117212,171.5452669123701,163.80287531695953,0.0,1.0
bts,2,set_cal,2024-05-15,0.05,ExpectedActionValue,48.0,140.6038272814813,52.76942543118139,78.87913814677208,76.81663814677208,,1.0
bts,2,set_cal,2024-05-15,0.05,PointwiseWorstAction,48.0,140.6180741082056,55.89039317311688,83.56058975967531,81.49808975967531,,1.0
bts,2,set_cal,2024-05-15,0.05,ScenarioCVaR,48.0,140.6180741082056,55.89039317311688,83.56058975967531,81.49808975967531,,1.0
bts,2,set_cal,2024-05-15,0.05,RiskFirst,48.0,24.432210959245655,128.6015789336359,191.48304952106577,180.83815792565514,,1.0
bts,2,set_cal,2024-05-15,0.05,TemporalContext2024,48.0,26.579445445836367,133.32708913771754,198.57131482718822,187.92642323177765,,1.0
bts,2,set_cal,2024-05-15,0.05,NetworkPropagation2024,48.0,23.55621758463078,115.05172386117212,171.5452669123701,163.80287531695953,,1.0
bts,2,set_cal,2024-05-15,0.05,CalibratedUncertainty2025,48.0,22.698213272855007,110.25209547673263,164.6051964287341,158.8080955309979,,1.0
bts,2,set_cal,2024-05-15,0.05,MappedPTO2026,48.0,24.158092447285608,132.53856266329797,197.38852511555888,186.7436335201483,,1.0
bts,2,set_cal,2024-05-15,0.05,GroupAware2025,48.0,24.148339790406887,117.95418677677317,175.51196128577163,164.867069690361,,1.0
bts,2,set_cal,2024-05-15,0.05,RobustImprovement2025,48.0,34.052210580653174,139.21726213823945,206.56054136093815,189.57040251278033,,1.0
bts,2,set_cal,2024-05-15,0.1,StructuralRobust,96.0,294.8492183767838,257.65875817516456,384.0513173971655,368.52516840530535,0.0,1.0
bts,2,set_cal,2024-05-15,0.1,ExpectedActionValue,96.0,215.17727636046442,121.87472391298614,182.36429175183218,179.00583586947926,,1.0
bts,2,set_cal,2024-05-15,0.1,PointwiseWorstAction,96.0,215.23816162653154,122.57472391298617,183.41429175183217,180.05583586947924,,1.0
bts,2,set_cal,2024-05-15,0.1,ScenarioCVaR,96.0,215.23816162653154,122.57472391298617,183.41429175183217,180.05583586947924,,1.0
bts,2,set_cal,2024-05-15,0.1,RiskFirst,96.0,55.555890551466206,266.1587581751646,397.2513173971655,382.3501684053052,,1.0
bts,2,set_cal,2024-05-15,0.1,TemporalContext2024,96.0,55.14049257017697,242.3776196780342,361.6914439709966,347.62905237558607,,1.0
bts,2,set_cal,2024-05-15,0.1,NetworkPropagation2024,96.0,57.263938214006444,257.65875817516456,384.0513173971655,368.52516840530535,,1.0
bts,2,set_cal,2024-05-15,0.1,CalibratedUncertainty2025,96.0,59.44827813639176,250.28301516442556,373.8010749740802,361.6252166798944,,1.0
bts,2,set_cal,2024-05-15,0.1,MappedPTO2026,96.0,56.64573312314851,283.72255127861285,423.597007052338,408.6958580604778,,1.0
bts,2,set_cal,2024-05-15,0.1,GroupAware2025,96.0,56.122441361480675,249.1904642895631,371.46487755495644,354.9441526262124,,1.0
bts,2,set_cal,2024-05-15,0.1,RobustImprovement2025,96.0,61.62997143129334,270.2462111826834,401.08265144141075,374.0459426968033,,1.0
bts,2,set_cal,2024-05-15,0.2,StructuralRobust,192.0,246.75692921480876,437.31023311777875,650.1809158596106,611.910943481681,0.0,1.0
bts,2,set_cal,2024-05-15,0.2,ExpectedActionValue,192.0,317.4053870211641,268.45356052523573,401.23052371102295,390.3568956347925,,1.0
bts,2,set_cal,2024-05-15,0.2,PointwiseWorstAction,192.0,317.6409062694534,261.5410605252358,391.18989871102303,382.77720813479266,,1.0
bts,2,set_cal,2024-05-15,0.2,ScenarioCVaR,192.0,317.6409062694534,261.5410605252358,391.18989871102303,382.77720813479266,,1.0
bts,2,set_cal,2024-05-15,0.2,RiskFirst,192.0,115.31910818763097,464.8510047362654,691.7445186425318,659.0033030952029,,1.0
bts,2,set_cal,2024-05-15,0.2,TemporalContext2024,192.0,110.96909381312162,481.59908269540017,716.516635581234,681.1504200339053,,1.0
bts,2,set_cal,2024-05-15,0.2,NetworkPropagation2024,192.0,111.93860626194233,475.5141780541754,707.9392786193971,676.6980630720689,,1.0
bts,2,set_cal,2024-05-15,0.2,CalibratedUncertainty2025,192.0,113.95144742987996,471.8968202667925,704.3834105346073,681.169761542747,,1.0
bts,2,set_cal,2024-05-15,0.2,MappedPTO2026,192.0,119.01889583574437,481.7553604668762,716.5810522384483,679.9398366911198,,1.0
bts,2,set_cal,2024-05-15,0.2,GroupAware2025,192.0,115.99209850563328,473.0459085824192,704.0168744117626,671.1256588644338,,1.0
bts,2,set_cal,2024-05-15,0.2,RobustImprovement2025,192.0,125.92884368709298,348.7358884056404,517.9612152634622,484.5048664259754,,1.0
bts,2,set_cal,2024-05-16,0.01,StructuralRobust,10.0,67.9448249954261,24.43370967741936,36.30298387096774,33.69612903225806,0.0,1.0
bts,2,set_cal,2024-05-16,0.01,ExpectedActionValue,10.0,54.7168890728263,29.207010572527814,43.35603183706631,39.94740167412581,,1.0
bts,2,set_cal,2024-05-16,0.01,PointwiseWorstAction,10.0,54.7168890728263,29.207010572527814,43.35603183706631,39.94740167412581,,1.0
bts,2,set_cal,2024-05-16,0.01,ScenarioCVaR,10.0,54.7168890728263,29.207010572527814,43.35603183706631,39.94740167412581,,1.0
bts,2,set_cal,2024-05-16,0.01,RiskFirst,10.0,4.993065831181263,17.375000000000004,25.9875,25.424999999999994,,1.0
bts,2,set_cal,2024-05-16,0.01,TemporalContext2024,10.0,6.013546453168404,15.275000000000002,22.837500000000002,22.274999999999995,,1.0
bts,2,set_cal,2024-05-16,0.01,NetworkPropagation2024,10.0,4.898146009129737,15.275000000000002,22.837500000000002,22.274999999999995,,1.0
bts,2,set_cal,2024-05-16,0.01,CalibratedUncertainty2025,10.0,8.07582651571091,13.000000000000002,19.5,19.5,,1.0
bts,2,set_cal,2024-05-16,0.01,MappedPTO2026,10.0,4.993065831181263,17.375,25.987499999999997,25.424999999999997,,1.0
bts,2,set_cal,2024-05-16,0.01,GroupAware2025,10.0,4.993065831181263,17.375000000000004,25.9875,25.424999999999994,,1.0
bts,2,set_cal,2024-05-16,0.01,RobustImprovement2025,10.0,2.642620870316,25.323183361629884,37.45298387096774,33.46455008488964,,1.0
bts,2,set_cal,2024-05-16,0.03,StructuralRobust,29.0,128.658389135081,45.60889764734417,67.85655529953917,63.68062151346107,0.0,1.0
bts,2,set_cal,2024-05-16,0.03,ExpectedActionValue,29.0,109.07589039959268,77.83770477778548,116.3020731449528,112.89344298201225,,1.0
bts,2,set_cal,2024-05-16,0.03,PointwiseWorstAction,29.0,109.71414902826346,93.67842582593013,139.95803962765572,135.76104629335973,,1.0
bts,2,set_cal,2024-05-16,0.03,ScenarioCVaR,29.0,109.71414902826346,93.67842582593013,139.95803962765572,135.76104629335973,,1.0
bts,2,set_cal,2024-05-16,0.03,RiskFirst,29.0,16.96156313167329,21.752771556550957,32.24228723404255,29.340761478163483,,1.0
bts,2,set_cal,2024-05-16,0.03,TemporalContext2024,29.0,15.374905698301584,28.40277155655096,42.21728723404256,39.31576147816348,,1.0
bts,2,set_cal,2024-05-16,0.03,NetworkPropagation2024,29.0,17.767441542670973,21.752771556550957,32.24228723404255,29.340761478163483,,1.0
bts,2,set_cal,2024-05-16,0.03,CalibratedUncertainty2025,29.0,21.398017381890874,31.20852130325815,46.35357142857143,42.909492481203,,1.0
bts,2,set_cal,2024-05-16,0.03,MappedPTO2026,29.0,19.010637831941853,42.20277155655095,62.91728723404255,60.01576147816349,,1.0
bts,2,set_cal,2024-05-16,0.03,GroupAware2025,29.0,15.77025236939107,28.40277155655096,42.21728723404256,39.31576147816348,,1.0
bts,2,set_cal,2024-05-16,0.03,RobustImprovement2025,29.0,16.080408877922153,53.86755968298294,79.63045744390642,70.84884183964651,,1.0
bts,2,set_cal,2024-05-16,0.05,StructuralRobust,48.0,198.4648708433698,67.80475365921949,101.04767974288406,96.10179914829531,0.0,1.0
bts,2,set_cal,2024-05-16,0.05,ExpectedActionValue,48.0,149.11719128081896,117.0499170540003,174.84027646976097,169.33078313546494,,1.0
bts,2,set_cal,2024-05-16,0.05,PointwiseWorstAction,48.0,148.98850546671068,119.0999170540003,177.79027646976098,171.34328313546501,,1.0
bts,2,set_cal,2024-05-16,0.05,ScenarioCVaR,48.0,148.98850546671068,119.0999170540003,177.79027646976098,171.34328313546501,,1.0
bts,2,set_cal,2024-05-16,0.05,RiskFirst,48.0,29.83186877806924,59.95475365921948,89.27267974288405,84.3267991482953,,1.0
bts,2,set_cal,2024-05-16,0.05,TemporalContext2024,48.0,28.786037802115178,64.85475365921948,96.62267974288406,91.67679914829529,,1.0
bts,2,set_cal,2024-05-16,0.05,NetworkPropagation2024,48.0,29.420926812098184,67.80475365921949,101.04767974288406,96.10179914829531,,1.0
bts,2,set_cal,2024-05-16,0.05,CalibratedUncertainty2025,48.0,42.980760726034184,66.88350437513785,99.43806609073421,92.78413755093999,,1.0
bts,2,set_cal,2024-05-16,0.05,MappedPTO2026,48.0,31.586992195831943,69.00475365921947,102.84767974288405,97.90179914829532,,1.0
bts,2,set_cal,2024-05-16,0.05,GroupAware2025,48.0,29.963321139049253,62.954753659219485,93.77267974288404,88.8267991482953,,1.0
bts,2,set_cal,2024-05-16,0.05,RobustImprovement2025,48.0,30.818982005349284,84.71720839492674,125.57993051182211,114.36081490756219,,1.0
bts,2,set_cal,2024-05-16,0.1,StructuralRobust,95.0,296.6627076194257,141.43923656945125,210.2216643822043,197.81773584241003,0.0,1.0
bts,2,set_cal,2024-05-16,0.1,ExpectedActionValue,95.0,227.07745499297945,214.07144539599733,319.6682934689982,308.8767337815151,,1.0
bts,2,set_cal,2024-05-16,0.1,PointwiseWorstAction,95.0,226.92355396353912,214.07144539599733,319.66829346899823,308.8767337815152,,1.0
bts,2,set_cal,2024-05-16,0.1,ScenarioCVaR,95.0,226.92355396353912,214.07144539599733,319.66829346899823,308.8767337815152,,1.0
bts,2,set_cal,2024-05-16,0.1,RiskFirst,95.0,71.68996907517098,165.13937659034985,246.42187441355225,236.76794587375798,,1.0
bts,2,set_cal,2024-05-16,0.1,TemporalContext2024,95.0,70.02261306094447,155.30604325701654,231.92187441355222,224.14294587375798,,1.0
bts,2,set_cal,2024-05-16,0.1,NetworkPropagation2024,95.0,73.2595038739833,141.43923656945125,210.2216643822043,197.81773584241003,,1.0
bts,2,set_cal,2024-05-16,0.1,CalibratedUncertainty2025,95.0,73.5433445396734,155.0358961222395,231.44165371138672,223.10022517159254,,1.0
bts,2,set_cal,2024-05-16,0.1,MappedPTO2026,95.0,68.60485703515985,144.73956313673588,215.64989395915865,204.70401336456987,,1.0
bts,2,set_cal,2024-05-16,0.1,GroupAware2025,95.0,71.95510614348419,157.57533549445944,235.00355249574403,224.80767190115526,,1.0
bts,2,set_cal,2024-05-16,0.1,RobustImprovement2025,95.0,73.68095590287473,155.50219747063994,230.38182202238372,208.84576564556215,,1.0
bts,2,set_cal,2024-05-16,0.2,StructuralRobust,191.0,263.9458237645211,352.7704087112515,523.2110914920461,485.1521796808128,0.0,1.0
bts,2,set_cal,2024-05-16,0.2,ExpectedActionValue,191.0,337.0559676464252,292.97601017766283,436.5992911693312,415.1138604406086,,1.0
bts,2,set_cal,2024-05-16,0.2,PointwiseWorstAction,191.0,337.28297832361017,278.6784777101304,415.7670833771234,398.8873344665828,,1.0
bts,2,set_cal,2024-05-16,0.2,ScenarioCVaR,191.0,337.28297832361017,278.6784777101304,415.7670833771234,398.8873344665828,,1.0
bts,2,set_cal,2024-05-16,0.2,RiskFirst,191.0,129.8231954253747,339.0423937399981,504.2269564297744,473.8272000781039,,1.0
bts,2,set_cal,2024-05-16,0.2,TemporalContext2024,191.0,134.23902237419742,305.74324611569267,454.469345041163,425.50291404834405,,1.0
bts,2,set_cal,2024-05-16,0.2,NetworkPropagation2024,191.0,126.0627211038246,335.84867279201814,499.9382163625281,473.30227017128533,,1.0
bts,2,set_cal,2024-05-16,0.2,CalibratedUncertainty2025,191.0,132.96857938803845,326.73229734867505,487.84830387890054,473.09723779805995,,1.0
bts,2,set_cal,2024-05-16,0.2,MappedPTO2026,191.0,134.49745081689372,324.70066745458774,482.6861639181926,452.0748844405253,,1.0
bts,2,set_cal,2024-05-16,0.2,GroupAware2025,191.0,133.21270199293983,337.29552317196965,501.40976062557866,469.5333296327598,,1.0
bts,2,set_cal,2024-05-16,0.2,RobustImprovement2025,191.0,124.11492582585797,297.3654053565572,441.9123319485586,413.0190113014803,,1.0
bts,2,set_cal,2024-05-17,0.01,StructuralRobust,11.0,63.58477955429421,10.958352461491998,16.199737994563577,14.416307762005435,0.0,1.0
bts,2,set_cal,2024-05-17,0.01,ExpectedActionValue,11.0,53.27379071201539,7.550000000000001,11.325,11.325,,1.0
bts,2,set_cal,2024-05-17,0.01,PointwiseWorstAction,11.0,53.661914411652795,5.25,7.875,7.875,,1.0
bts,2,set_cal,2024-05-17,0.01,ScenarioCVaR,11.0,53.661914411652795,5.25,7.875,7.875,,1.0
bts,2,set_cal,2024-05-17,0.01,RiskFirst,11.0,10.825509361559119,17.238886812637034,25.55374562815136,23.269361197119935,,1.0
bts,2,set_cal,2024-05-17,0.01,TemporalContext2024,11.0,10.122879254682637,10.958352461491998,16.199737994563577,14.416307762005435,,1.0
bts,2,set_cal,2024-05-17,0.01,NetworkPropagation2024,11.0,9.793666056406044,25.366935593124843,37.74581879888307,35.46143436785164,,1.0
bts,2,set_cal,2024-05-17,0.01,CalibratedUncertainty2025,11.0,9.5169018929249,19.498165947862155,29.009458224118816,27.226027991560677,,1.0
bts,2,set_cal,2024-05-17,0.01,MappedPTO2026,11.0,10.590035798317238,14.681614085364307,21.71783653724227,19.433452106210844,,1.0
bts,2,set_cal,2024-05-17,0.01,GroupAware2025,11.0,10.255362842998165,17.238886812637034,25.55374562815136,23.269361197119935,,1.0
bts,2,set_cal,2024-05-17,0.01,RobustImprovement2025,11.0,14.082066296447492,17.238886812637034,25.55374562815136,23.269361197119935,,1.0
bts,2,set_cal,2024-05-17,0.03,StructuralRobust,32.0,124.77451238142447,32.440605060911956,48.356323000563734,46.0719385695323,0.0,1.0
bts,2,set_cal,2024-05-17,0.03,ExpectedActionValue,32.0,113.99205628668088,25.2598869160854,37.664830374128094,35.97733037412809,,1.0
bts,2,set_cal,2024-05-17,0.03,PointwiseWorstAction,32.0,114.51262227790022,25.2598869160854,37.664830374128094,35.97733037412809,,1.0
bts,2,set_cal,2024-05-17,0.03,ScenarioCVaR,32.0,114.51262227790022,25.2598869160854,37.664830374128094,35.97733037412809,,1.0
bts,2,set_cal,2024-05-17,0.03,RiskFirst,32.0,22.93634081333933,31.690605060911953,47.181323000563744,44.521938569532324,,1.0
bts,2,set_cal,2024-05-17,0.03,TemporalContext2024,32.0,22.812079954918392,32.69060506091195,48.68132300056374,46.021938569532324,,1.0
bts,2,set_cal,2024-05-17,0.03,NetworkPropagation2024,32.0,25.120816758493756,31.690605060911956,47.181323000563744,44.5219385695323,,1.0
bts,2,set_cal,2024-05-17,0.03,CalibratedUncertainty2025,32.0,22.536347332214397,36.165366965673854,53.79346585770659,50.38408142667518,,1.0
bts,2,set_cal,2024-05-17,0.03,MappedPTO2026,32.0,24.301724013769306,23.59646257021279,34.990109264515,31.955724833483576,,1.0
bts,2,set_cal,2024-05-17,0.03,GroupAware2025,32.0,24.14435314864777,31.690605060911953,47.181323000563744,44.521938569532324,,1.0
bts,2,set_cal,2024-05-17,0.03,RobustImprovement2025,32.0,25.751616813680684,42.92160944923223,63.34009982646193,55.52274222106387,,1.0
bts,2,set_cal,2024-05-17,0.05,StructuralRobust,53.0,198.81269729497467,46.28209259636501,68.83641144660047,64.43595558699758,0.0,1.0
bts,2,set_cal,2024-05-17,0.05,ExpectedActionValue,53.0,160.59354456940233,39.19707739227587,58.293616088413806,55.9036160884138,,1.0
bts,2,set_cal,2024-05-17,0.05,PointwiseWorstAction,53.0,160.64587385353408,41.397077392275875,61.5936160884138,59.203616088413796,,1.0
bts,2,set_cal,2024-05-17,0.05,ScenarioCVaR,53.0,160.64587385353408,41.397077392275875,61.5936160884138,59.203616088413796,,1.0
bts,2,set_cal,2024-05-17,0.05,RiskFirst,53.0,39.21881349178405,46.74675144497908,69.71554257666443,66.68115814563299,,1.0
bts,2,set_cal,2024-05-17,0.05,TemporalContext2024,53.0,38.56381174509923,43.49855395281607,64.76824633841991,61.17136190738849,,1.0
bts,2,set_cal,2024-05-17,0.05,NetworkPropagation2024,53.0,38.550866688020704,46.28209259636501,68.83641144660047,64.43595558699758,,1.0
bts,2,set_cal,2024-05-17,0.05,CalibratedUncertainty2025,53.0,37.69110573462532,54.517200426330845,81.32121604869208,77.91183161766065,,1.0
bts,2,set_cal,2024-05-17,0.05,MappedPTO2026,53.0,39.841075104312914,38.48984748515438,57.28185330359404,53.8849688725626,,1.0
bts,2,set_cal,2024-05-17,0.05,GroupAware2025,53.0,39.07749403819591,42.803553952816074,63.80074633841992,60.766361907388486,,1.0
bts,2,set_cal,2024-05-17,0.05,RobustImprovement2025,53.0,38.87731105178465,60.49629208991009,89.65212378747873,81.45976618208064,,1.0
bts,2,set_cal,2024-05-17,0.1,StructuralRobust,105.0,300.84805226008564,165.88339311732878,247.60331438115617,238.4399996698787,0.0,1.0
bts,2,set_cal,2024-05-17,0.1,ExpectedActionValue,105.0,245.82203801113454,97.51410713749016,145.17805099627304,138.35472817155673,,1.0
bts,2,set_cal,2024-05-17,0.1,PointwiseWorstAction,105.0,245.19145397871097,100.76410713749016,150.05305099627304,143.22972817155673,,1.0
bts,2,set_cal,2024-05-17,0.1,ScenarioCVaR,105.0,245.19145397871097,100.76410713749016,150.05305099627304,143.22972817155673,,1.0
bts,2,set_cal,2024-05-17,0.1,RiskFirst,105.0,65.7217401341935,164.01338629264765,244.84189755637206,236.00553343687577,,1.0
bts,2,set_cal,2024-05-17,0.1,TemporalContext2024,105.0,67.59065206842854,145.44984000842345,217.38982454463803,211.50280853465927,,1.0
bts,2,set_cal,2024-05-17,0.1,NetworkPropagation2024,105.0,66.79854643348416,165.88339311732878,247.60331438115617,238.4399996698787,,1.0
bts,2,set_cal,2024-05-17,0.1,CalibratedUncertainty2025,105.0,64.66647071732625,163.09596022700265,243.6659720856216,236.33121017400356,,1.0
bts,2,set_cal,2024-05-17,0.1,MappedPTO2026,105.0,67.63297858798833,168.26011068847043,250.81081864894065,238.96571327070302,,1.0
bts,2,set_cal,2024-05-17,0.1,GroupAware2025,105.0,65.43322131672548,156.02803110139087,232.8638647694868,224.02750064999043,,1.0
bts,2,set_cal,2024-05-17,0.1,RobustImprovement2025,105.0,67.88542988524135,166.49654297758545,247.8845268641764,233.93236984766318,,1.0
bts,2,set_cal,2024-05-17,0.2,StructuralRobust,211.0,250.09848978645692,317.37306476970093,472.4415776162074,447.7439310786274,0.0,1.0
bts,2,set_cal,2024-05-17,0.2,ExpectedActionValue,211.0,366.6790106010495,186.84601159373707,278.181907503561,264.9660833507263,,1.0
bts,2,set_cal,2024-05-17,0.2,PointwiseWorstAction,211.0,366.72915329830283,185.79601159373706,276.306907503561,262.2160833507263,,1.0
bts,2,set_cal,2024-05-17,0.2,ScenarioCVaR,211.0,366.72915329830283,185.79601159373706,276.306907503561,262.2160833507263,,1.0
bts,2,set_cal,2024-05-17,0.2,RiskFirst,211.0,125.4306368607123,326.0361740329647,486.31689953543787,465.78668818036897,,1.0
bts,2,set_cal,2024-05-17,0.2,TemporalContext2024,211.0,129.68552155823758,293.43752090013265,437.66547422215467,418.9844207618228,,1.0
bts,2,set_cal,2024-05-17,0.2,NetworkPropagation2024,211.0,126.92145745111628,282.77510736039204,421.55781428120736,402.021463585852,,1.0
bts,2,set_cal,2024-05-17,0.2,CalibratedUncertainty2025,211.0,123.85687498705498,282.830641748147,422.221510293725,407.0381178300085,,1.0
bts,2,set_cal,2024-05-17,0.2,MappedPTO2026,211.0,124.19337315783932,327.60971639493164,488.82241630419463,469.3812291426741,,1.0
bts,2,set_cal,2024-05-17,0.2,GroupAware2025,211.0,123.99566768869775,314.10833221503873,468.44056787651004,448.0260895311498,,1.0
bts,2,set_cal,2024-05-17,0.2,RobustImprovement2025,211.0,128.17942206922623,348.0489023746158,519.7770253285898,502.55456357858685,,1.0
bts,2,set_cal,2024-05-18,0.01,StructuralRobust,9.0,80.55734264728608,18.311111111111114,27.44166666666667,27.254166666666666,0.0,1.0
bts,2,set_cal,2024-05-18,0.01,ExpectedActionValue,9.0,65.06182336123362,15.850948509485097,23.776422764227643,23.776422764227643,,1.0
bts,2,set_cal,2024-05-18,0.01,PointwiseWorstAction,9.0,65.4412071825571,18.552481076534903,27.828721614802358,27.82872161480236,,1.0
bts,2,set_cal,2024-05-18,0.01,ScenarioCVaR,9.0,65.4412071825571,18.552481076534903,27.828721614802358,27.82872161480236,,1.0
bts,2,set_cal,2024-05-18,0.01,RiskFirst,9.0,7.946364743320876,18.311111111111114,27.44166666666667,27.254166666666666,,1.0
bts,2,set_cal,2024-05-18,0.01,TemporalContext2024,9.0,7.946364743320876,18.311111111111114,27.44166666666667,27.254166666666666,,1.0
bts,2,set_cal,2024-05-18,0.01,NetworkPropagation2024,9.0,9.175143487127855,20.111111111111114,30.14166666666667,29.954166666666666,,1.0
bts,2,set_cal,2024-05-18,0.01,CalibratedUncertainty2025,9.0,11.949742546408364,24.10702115451779,36.13553173177668,35.94803173177668,,1.0
bts,2,set_cal,2024-05-18,0.01,MappedPTO2026,9.0,8.754946650841719,25.648197625106025,38.447296437659034,38.259796437659034,,1.0
bts,2,set_cal,2024-05-18,0.01,GroupAware2025,9.0,7.946364743320876,18.311111111111114,27.44166666666667,27.254166666666666,,1.0
bts,2,set_cal,2024-05-18,0.01,RobustImprovement2025,9.0,7.946364743320876,18.311111111111114,27.44166666666667,27.254166666666666,,1.0
bts,2,set_cal,2024-05-18,0.03,StructuralRobust,26.0,135.69393419232028,53.30653095843936,79.53479643765904,76.34729643765903,0.0,1.0
bts,2,set_cal,2024-05-18,0.03,ExpectedActionValue,26.0,113.56631749996859,54.811223359979714,81.88882521195976,79.42875150188604,,1.0
bts,2,set_cal,2024-05-18,0.03,PointwiseWorstAction,26.0,113.85812335573605,51.13284498160134,76.54017656331109,75.34699474512928,,1.0
bts,2,set_cal,2024-05-18,0.03,ScenarioCVaR,26.0,113.85812335573605,51.13284498160134,76.54017656331109,75.34699474512928,,1.0
bts,2,set_cal,2024-05-18,0.03,RiskFirst,26.0,34.54375221495121,52.821774860878385,79.05766229131757,77.74516229131757,,1.0
bts,2,set_cal,2024-05-18,0.03,TemporalContext2024,26.0,33.70082028068574,53.15653095843936,79.55979643765905,78.24729643765903,,1.0
bts,2,set_cal,2024-05-18,0.03,NetworkPropagation2024,26.0,34.68545110003454,48.05653095843936,71.80979643765903,69.74729643765903,,1.0
bts,2,set_cal,2024-05-18,0.03,CalibratedUncertainty2025,26.0,31.283942386765652,71.50492668036449,107.08239002054673,105.76989002054671,,1.0
bts,2,set_cal,2024-05-18,0.03,MappedPTO2026,26.0,32.33620349891783,60.80559839029015,91.03339758543521,89.72089758543518,,1.0
bts,2,set_cal,2024-05-18,0.03,GroupAware2025,26.0,34.54375221495121,52.821774860878385,79.05766229131757,77.74516229131757,,1.0
bts,2,set_cal,2024-05-18,0.03,RobustImprovement2025,26.0,27.66701416890736,61.64610315095273,92.0441547264291,88.85665472642907,,1.0
bts,2,set_cal,2024-05-18,0.05,StructuralRobust,44.0,206.14841267179293,88.77642058280352,132.8024985212641,130.08650587420527,0.0,1.0
bts,2,set_cal,2024-05-18,0.05,ExpectedActionValue,44.0,150.10356920913648,72.75966008862872,108.81148030493326,106.35140659485955,,1.0
bts,2,set_cal,2024-05-18,0.05,PointwiseWorstAction,44.0,150.03838315315588,67.50529115658989,100.92992690687501,98.4698531968013,,1.0
bts,2,set_cal,2024-05-18,0.05,ScenarioCVaR,44.0,150.03838315315588,67.50529115658989,100.92992690687501,98.4698531968013,,1.0
bts,2,set_cal,2024-05-18,0.05,RiskFirst,44.0,40.79013226100502,91.95350391613684,137.50525587420526,134.3177558742053,,1.0
bts,2,set_cal,2024-05-18,0.05,TemporalContext2024,44.0,41.87301093997948,86.11134705339175,128.74202058008763,125.55452058008761,,1.0
bts,2,set_cal,2024-05-18,0.05,NetworkPropagation2024,44.0,40.92721696172245,88.77642058280352,132.8024985212641,130.08650587420527,,1.0
bts,2,set_cal,2024-05-18,0.05,CalibratedUncertainty2025,44.0,42.5710185848882,94.09893967780205,140.91193410686702,139.13836853309652,,1.0
bts,2,set_cal,2024-05-18,0.05,MappedPTO2026,44.0,40.831244880592,91.95350391613685,137.50525587420526,134.31775587420526,,1.0
bts,2,set_cal,2024-05-18,0.05,GroupAware2025,44.0,43.39213241383888,83.71393172362347,125.14589758543522,121.95839758543524,,1.0
bts,2,set_cal,2024-05-18,0.05,RobustImprovement2025,44.0,41.688736851984416,95.459132480481,142.433473082239,136.7692807936201,,1.0
bts,2,set_cal,2024-05-18,0.1,StructuralRobust,87.0,292.7741387325466,187.61145472451642,279.8610105101836,271.18243201908405,0.0,1.0
bts,2,set_cal,2024-05-18,0.1,ExpectedActionValue,87.0,216.3895128732035,140.24806883853404,209.68140050315824,204.50112984333697,,1.0
bts,2,set_cal,2024-05-18,0.1,PointwiseWorstAction,87.0,216.62921833576894,138.19651428709471,206.17285346264111,197.75846870263427,,1.0
bts,2,set_cal,2024-05-18,0.1,ScenarioCVaR,87.0,216.62921833576894,138.19651428709471,206.17285346264111,197.75846870263427,,1.0
bts,2,set_cal,2024-05-18,0.1,RiskFirst,87.0,68.63772775702391,174.10193294560645,259.855528105497,253.11795159198482,,1.0
bts,2,set_cal,2024-05-18,0.1,TemporalContext2024,87.0,65.0499485110151,166.37934133301394,248.6387865896849,241.66209601591441,,1.0
bts,2,set_cal,2024-05-18,0.1,NetworkPropagation2024,87.0,69.401799670619,187.61145472451642,279.8610105101836,271.18243201908405,,1.0
bts,2,set_cal,2024-05-18,0.1,CalibratedUncertainty2025,87.0,64.52033328228157,197.78031535898796,295.8968652757047,290.09480705487545,,1.0
bts,2,set_cal,2024-05-18,0.1,MappedPTO2026,87.0,67.54537250409103,186.9661079642306,278.7740879307305,269.203741146948,,1.0
bts,2,set_cal,2024-05-18,0.1,GroupAware2025,87.0,71.03738820275457,171.12235010189315,255.08345113722436,246.07560435344195,,1.0
bts,2,set_cal,2024-05-18,0.1,RobustImprovement2025,87.0,70.31222148154525,184.9627186353353,273.9671115396669,250.88257177297936,,1.0
bts,2,set_cal,2024-05-18,0.2,StructuralRobust,175.0,232.74520935826712,342.7781738134471,508.3428917229722,469.0278325773171,0.0,1.0
bts,2,set_cal,2024-05-18,0.2,ExpectedActionValue,175.0,314.3475033074531,220.37785436360028,328.4897105024884,314.0804276806481,,1.0
bts,2,set_cal,2024-05-18,0.2,PointwiseWorstAction,175.0,314.4831730621219,224.56535436360028,334.6272105024883,319.72417768064804,,1.0
bts,2,set_cal,2024-05-18,0.2,ScenarioCVaR,175.0,314.4831730621219,224.56535436360028,334.6272105024883,319.72417768064804,,1.0
bts,2,set_cal,2024-05-18,0.2,RiskFirst,175.0,113.18547041397377,296.0062610771946,440.9093992958699,420.6521652297881,,1.0
bts,2,set_cal,2024-05-18,0.2,TemporalContext2024,175.0,113.20975836846127,298.7337438008929,444.8606004456376,423.553194361207,,1.0
bts,2,set_cal,2024-05-18,0.2,NetworkPropagation2024,175.0,109.44797864696534,322.2080879447496,480.150386350449,460.8050029337175,,1.0
bts,2,set_cal,2024-05-18,0.2,CalibratedUncertainty2025,175.0,113.15125450002013,352.78189291589143,524.5485979276591,492.8594954146569,,1.0
bts,2,set_cal,2024-05-18,0.2,MappedPTO2026,175.0,110.36945552959072,295.07820608018676,439.7272938645782,421.04488778014763,,1.0
bts,2,set_cal,2024-05-18,0.2,GroupAware2025,175.0,112.7583928230787,287.6302870512206,428.3454382569089,408.08820419082707,,1.0
bts,2,set_cal,2024-05-18,0.2,RobustImprovement2025,175.0,112.56443025226869,263.42080477681975,390.57198268737744,359.370507436819,,1.0
bts,2,set_cal,2024-05-19,0.01,StructuralRobust,10.0,61.45893958649054,6.1709756097560975,9.069878048780488,7.670487804878049,0.0,1.0
bts,2,set_cal,2024-05-19,0.01,ExpectedActionValue,10.0,68.86530929358655,3.266129032258065,4.899193548387096,4.899193548387095,,1.0
bts,2,set_cal,2024-05-19,0.01,PointwiseWorstAction,10.0,68.68756350127853,6.316129032258065,9.474193548387095,9.474193548387095,,1.0
bts,2,set_cal,2024-05-19,0.01,ScenarioCVaR,10.0,68.68756350127853,6.316129032258065,9.474193548387095,9.474193548387095,,1.0
bts,2,set_cal,2024-05-19,0.01,RiskFirst,10.0,10.872608872650009,8.870975609756098,13.119878048780489,11.72048780487805,,1.0
bts,2,set_cal,2024-05-19,0.01,TemporalContext2024,10.0,10.130194032247838,6.1709756097560975,9.069878048780488,7.670487804878049,,1.0
bts,2,set_cal,2024-05-19,0.01,NetworkPropagation2024,10.0,10.125444552238818,6.1709756097560975,9.069878048780488,7.670487804878049,,1.0
bts,2,set_cal,2024-05-19,0.01,CalibratedUncertainty2025,10.0,5.90357121253841,4.220975609756097,6.1448780487804875,4.745487804878049,,1.0
bts,2,set_cal,2024-05-19,0.01,MappedPTO2026,10.0,12.145044210482196,8.870975609756098,13.119878048780489,11.72048780487805,,1.0
bts,2,set_cal,2024-05-19,0.01,GroupAware2025,10.0,10.79130606774564,8.870975609756098,13.119878048780489,11.72048780487805,,1.0
bts,2,set_cal,2024-05-19,0.01,RobustImprovement2025,10.0,8.920666223418415,18.10534892511998,26.21250945039774,19.121154920781013,,1.0
bts,2,set_cal,2024-05-19,0.03,StructuralRobust,30.0,126.08041339636482,41.665284646608704,61.167413032630826,51.1885585030141,0.0,1.0
bts,2,set_cal,2024-05-19,0.03,ExpectedActionValue,30.0,135.49505219539483,16.228291194420226,24.34243679163034,24.342436791630337,,1.0
bts,2,set_cal,2024-05-19,0.03,PointwiseWorstAction,30.0,135.51084929942593,14.928291194420227,22.392436791630338,22.392436791630338,,1.0
bts,2,set_cal,2024-05-19,0.03,ScenarioCVaR,30.0,135.51084929942593,14.928291194420227,22.392436791630338,22.392436791630338,,1.0
bts,2,set_cal,2024-05-19,0.03,RiskFirst,30.0,25.725988609578618,39.49752851838746,58.415778840298955,52.18692431068222,,1.0
bts,2,set_cal,2024-05-19,0.03,TemporalContext2024,30.0,26.361097535763875,34.52136572768978,51.08653465425244,45.87018012463571,,1.0
bts,2,set_cal,2024-05-19,0.03,NetworkPropagation2024,30.0,26.270102035193666,47.44752851838746,70.34077884029895,64.11192431068223,,1.0
bts,2,set_cal,2024-05-19,0.03,CalibratedUncertainty2025,30.0,18.319650977303706,20.05798514786184,29.605392355939095,25.993502112036648,,1.0
bts,2,set_cal,2024-05-19,0.03,MappedPTO2026,30.0,27.14029423932527,38.46575941539743,56.824611896777355,50.269407699386534,,1.0
bts,2,set_cal,2024-05-19,0.03,GroupAware2025,30.0,25.146288304013947,39.49752851838746,58.415778840298955,52.18692431068222,,1.0
bts,2,set_cal,2024-05-19,0.03,RobustImprovement2025,30.0,21.38817624063277,45.91212382119108,66.94022993403928,52.48056145093418,,1.0
bts,2,set_cal,2024-05-19,0.05,StructuralRobust,51.0,206.67268923342417,58.96644743730637,86.86915721867733,75.01530268906062,0.0,1.0
bts,2,set_cal,2024-05-19,0.05,ExpectedActionValue,51.0,184.2065802516769,19.053291194420225,28.454936791630338,27.517436791630338,,1.0
bts,2,set_cal,2024-05-19,0.05,PointwiseWorstAction,51.0,183.7722625797648,24.631593081212678,36.82238962181902,35.88488962181902,,1.0
bts,2,set_cal,2024-05-19,0.05,ScenarioCVaR,51.0,183.7722625797648,24.631593081212678,36.82238962181902,35.88488962181902,,1.0
bts,2,set_cal,2024-05-19,0.05,RiskFirst,51.0,42.12249031480639,54.25191255358545,79.40491303263082,64.6077445495257,,1.0
bts,2,set_cal,2024-05-19,0.05,TemporalContext2024,51.0,39.7398795510324,54.50191255358545,80.02991303263082,67.1077445495257,,1.0
bts,2,set_cal,2024-05-19,0.05,NetworkPropagation2024,51.0,41.2174716296181,58.96644743730637,86.86915721867733,75.01530268906062,,1.0
bts,2,set_cal,2024-05-19,0.05,CalibratedUncertainty2025,51.0,41.56063490997433,57.40969708900502,85.45828284829904,80.53631195923529,,1.0
bts,2,set_cal,2024-05-19,0.05,MappedPTO2026,51.0,42.412028574081546,52.25191255358545,76.65491303263082,63.7327445495257,,1.0
bts,2,set_cal,2024-05-19,0.05,GroupAware2025,51.0,39.808663355471126,49.95191255358545,73.20491303263081,60.28274454952571,,1.0
bts,2,set_cal,2024-05-19,0.05,RobustImprovement2025,51.0,41.297648179463785,64.12164939569071,93.87557092736766,76.5737971811047,,1.0
bts,2,set_cal,2024-05-19,0.1,StructuralRobust,101.0,307.64435845354467,133.63925172283004,198.05124436714289,179.99399523887647,0.0,1.0
bts,2,set_cal,2024-05-19,0.1,ExpectedActionValue,101.0,269.8717491575989,66.54131105068157,99.02224435380015,93.0993276871335,,1.0
bts,2,set_cal,2024-05-19,0.1,PointwiseWorstAction,101.0,269.7001133037381,63.333279376473435,94.18135068864177,88.04208786812899,,1.0
bts,2,set_cal,2024-05-19,0.1,ScenarioCVaR,101.0,269.7001133037381,63.333279376473435,94.18135068864177,88.04208786812899,,1.0
bts,2,set_cal,2024-05-19,0.1,RiskFirst,101.0,68.91898545709735,135.95599865368325,201.39741739500164,182.37306300357739,,1.0
bts,2,set_cal,2024-05-19,0.1,TemporalContext2024,101.0,68.42709843962862,127.32630327906918,188.47787433308054,169.64101994165623,,1.0
bts,2,set_cal,2024-05-19,0.1,NetworkPropagation2024,101.0,68.44047866059857,133.63925172283004,198.05124436714289,179.99399523887647,,1.0
bts,2,set_cal,2024-05-19,0.1,CalibratedUncertainty2025,101.0,67.91455760869177,152.63289197294273,226.38262540908147,207.13228128158687,,1.0
bts,2,set_cal,2024-05-19,0.1,MappedPTO2026,101.0,68.80049265931554,133.8559986536833,198.2474173950017,179.2230630035774,,1.0
bts,2,set_cal,2024-05-19,0.1,GroupAware2025,101.0,68.03808108194316,153.48201916789543,227.7211255856747,208.95685183941174,,1.0
bts,2,set_cal,2024-05-19,0.1,RobustImprovement2025,101.0,66.01209405048147,136.42320420479456,201.56142502236798,178.51106538618853,,1.0
bts,2,set_cal,2024-05-19,0.2,StructuralRobust,203.0,257.65501508161645,280.9186162736136,416.82298924936526,382.660975541451,0.0,1.0
bts,2,set_cal,2024-05-19,0.2,ExpectedActionValue,203.0,389.70914183922844,139.9802893003842,208.51186557450785,197.57260275399506,,1.0
bts,2,set_cal,2024-05-19,0.2,PointwiseWorstAction,203.0,389.67874799319424,142.7927893003842,212.73061557450788,201.79135275399506,,1.0
bts,2,set_cal,2024-05-19,0.2,ScenarioCVaR,203.0,389.67874799319424,142.7927893003842,212.73061557450788,201.79135275399506,,1.0
bts,2,set_cal,2024-05-19,0.2,RiskFirst,203.0,125.80397870136862,286.13885791232514,425.75022816430885,399.814787882968,,1.0
bts,2,set_cal,2024-05-19,0.2,TemporalContext2024,203.0,126.02592046967177,280.2850152536683,416.96946417632375,391.034023894983,,1.0
bts,2,set_cal,2024-05-19,0.2,NetworkPropagation2024,203.0,124.16047624385263,288.8504205163469,429.99257207034157,405.3696317890007,,1.0
bts,2,set_cal,2024-05-19,0.2,CalibratedUncertainty2025,203.0,129.05393003798318,274.4496916651311,407.863978793518,379.28478851217744,,1.0
bts,2,set_cal,2024-05-19,0.2,MappedPTO2026,203.0,120.78241798348071,280.18524828665664,417.09481372580615,393.2218734444653,,1.0
bts,2,set_cal,2024-05-19,0.2,GroupAware2025,203.0,121.85569938474379,279.77031727933354,416.3224172148215,391.3244769334806,,1.0
bts,2,set_cal,2024-05-19,0.2,RobustImprovement2025,203.0,133.7908489747528,190.76241496078268,282.59758812723925,256.0023307727279,,1.0
bts,2,set_cal,2024-05-20,0.01,StructuralRobust,10.0,81.9236474798779,4.214838709677419,6.322258064516129,6.322258064516127,0.0,1.0
bts,2,set_cal,2024-05-20,0.01,ExpectedActionValue,10.0,51.18408032331755,4.25625,6.359375,6.171875,,1.0
bts,2,set_cal,2024-05-20,0.01,PointwiseWorstAction,10.0,50.90102363311503,3.23125,4.846875,4.846875,,1.0
bts,2,set_cal,2024-05-20,0.01,ScenarioCVaR,10.0,50.90102363311503,3.23125,4.846875,4.846875,,1.0
bts,2,set_cal,2024-05-20,0.01,RiskFirst,10.0,7.552189421441004,2.8600000000000003,4.29,4.289999999999999,,1.0
bts,2,set_cal,2024-05-20,0.01,TemporalContext2024,10.0,8.4822209911822,2.9648387096774194,4.447258064516129,4.447258064516128,,1.0
bts,2,set_cal,2024-05-20,0.01,NetworkPropagation2024,10.0,7.552189421441004,2.8600000000000003,4.29,4.289999999999999,,1.0
bts,2,set_cal,2024-05-20,0.01,CalibratedUncertainty2025,10.0,5.528742024778663,1.25,1.875,1.875,,1.0
bts,2,set_cal,2024-05-20,0.01,MappedPTO2026,10.0,7.4344123730418366,1.61,2.415,2.414999999999999,,1.0
bts,2,set_cal,2024-05-20,0.01,GroupAware2025,10.0,7.552189421441004,2.8600000000000003,4.29,4.289999999999999,,1.0
bts,2,set_cal,2024-05-20,0.01,RobustImprovement2025,10.0,7.38120763567983,5.576204819277108,8.10918674698795,6.19578313253012,,1.0
bts,2,set_cal,2024-05-20,0.03,StructuralRobust,31.0,150.05741925040627,15.761204819277108,23.06168674698795,20.085783132530114,0.0,1.0
bts,2,set_cal,2024-05-20,0.03,ExpectedActionValue,31.0,110.41470133122476,6.6024038461538455,9.878605769230768,9.69110576923077,,1.0
bts,2,set_cal,2024-05-20,0.03,PointwiseWorstAction,31.0,111.0384366557495,9.334027777777777,13.976041666666665,13.788541666666667,,1.0
bts,2,set_cal,2024-05-20,0.03,ScenarioCVaR,31.0,111.0384366557495,9.334027777777777,13.976041666666665,13.788541666666667,,1.0
bts,2,set_cal,2024-05-20,0.03,RiskFirst,31.0,16.676739158910475,13.465,19.872500000000002,18.81,,1.0
bts,2,set_cal,2024-05-20,0.03,TemporalContext2024,31.0,18.286511020953373,7.439838709677419,10.834758064516128,9.772258064516128,,1.0
bts,2,set_cal,2024-05-20,0.03,NetworkPropagation2024,31.0,17.493773519546096,15.761204819277111,23.061686746987952,20.085783132530118,,1.0
bts,2,set_cal,2024-05-20,0.03,CalibratedUncertainty2025,31.0,16.46549890826869,20.263982597054884,30.140853413654618,28.227449799196783,,1.0
bts,2,set_cal,2024-05-20,0.03,MappedPTO2026,31.0,14.791389540275276,32.91324402809909,48.78974556022093,45.813841945763095,,1.0
bts,2,set_cal,2024-05-20,0.03,GroupAware2025,31.0,16.82155740500097,16.740000000000002,24.86,24.359999999999992,,1.0
bts,2,set_cal,2024-05-20,0.03,RobustImprovement2025,31.0,18.580442551575434,16.88120481927711,23.59168674698795,16.665783132530116,,1.0
bts,2,set_cal,2024-05-20,0.05,StructuralRobust,52.0,235.81856938292333,55.64306354816364,81.5257906297914,73.03475543638618,0.0,1.0
bts,2,set_cal,2024-05-20,0.05,ExpectedActionValue,52.0,156.31900976804508,21.159027777777776,31.38854166666667,28.763541666666665,,1.0
bts,2,set_cal,2024-05-20,0.05,PointwiseWorstAction,52.0,156.81438166961576,16.18402777777778,23.75104166666667,19.813541666666673,,1.0
bts,2,set_cal,2024-05-20,0.05,ScenarioCVaR,52.0,156.81438166961576,16.18402777777778,23.75104166666667,19.813541666666673,,1.0
bts,2,set_cal,2024-05-20,0.05,RiskFirst,52.0,29.922922733593143,55.766021805876875,81.8939122268876,74.78050861242974,,1.0
bts,2,set_cal,2024-05-20,0.05,TemporalContext2024,52.0,29.824449022037843,51.67948120520947,75.76410132588649,68.65069771142865,,1.0
bts,2,set_cal,2024-05-20,0.05,NetworkPropagation2024,52.0,31.37908339941091,55.64306354816364,81.5257906297914,73.03475543638618,,1.0
bts,2,set_cal,2024-05-20,0.05,CalibratedUncertainty2025,52.0,28.876263388573012,45.89418795007751,68.30116144318853,64.2502578287307,,1.0
bts,2,set_cal,2024-05-20,0.05,MappedPTO2026,52.0,29.652354205944256,49.96602180587687,73.19391222688759,66.08050861242975,,1.0
bts,2,set_cal,2024-05-20,0.05,GroupAware2025,52.0,27.889227336952672,49.113244028099096,71.93974556022093,65.01384194576306,,1.0
bts,2,set_cal,2024-05-20,0.05,RobustImprovement2025,52.0,29.59955157529612,53.558341420263226,78.3348647667467,69.36500953938562,,1.0
bts,2,set_cal,2024-05-20,0.1,StructuralRobust,103.0,337.79328492225363,99.64438734926782,146.91774944972724,135.02026264341876,0.0,1.0
bts,2,set_cal,2024-05-20,0.1,ExpectedActionValue,103.0,237.58838934850561,63.23209776334775,94.199283008658,89.33280573593075,,1.0
bts,2,set_cal,2024-05-20,0.1,PointwiseWorstAction,103.0,238.28512311979003,64.6191945375413,96.27992816994833,91.41345089722107,,1.0
bts,2,set_cal,2024-05-20,0.1,ScenarioCVaR,103.0,238.28512311979003,64.6191945375413,96.27992816994833,91.41345089722107,,1.0
bts,2,set_cal,2024-05-20,0.1,RiskFirst,103.0,68.81360986607027,100.1983737555684,147.74872905917812,135.8512422528696,,1.0
bts,2,set_cal,2024-05-20,0.1,TemporalContext2024,103.0,71.9509289010394,96.6931379424285,142.71322279535138,132.48334190816624,,1.0
bts,2,set_cal,2024-05-20,0.1,NetworkPropagation2024,103.0,65.87570369301527,99.64438734926782,146.91774944972724,135.02026264341876,,1.0
bts,2,set_cal,2024-05-20,0.1,CalibratedUncertainty2025,103.0,69.78356832980153,103.4668574648416,154.4126388336142,148.5052836062531,,1.0
bts,2,set_cal,2024-05-20,0.1,MappedPTO2026,103.0,72.54705611493559,99.04837375556839,146.02372905917812,134.12624225286964,,1.0
bts,2,set_cal,2024-05-20,0.1,GroupAware2025,103.0,67.5692019561625,97.2867315268294,143.6687657160696,132.75877890976108,,1.0
bts,2,set_cal,2024-05-20,0.1,RobustImprovement2025,103.0,63.036315565549735,108.79379862639651,159.8434789195328,141.95808626906847,,1.0
bts,2,set_cal,2024-05-20,0.2,StructuralRobust,207.0,265.18034435945896,198.14958316626328,293.5988662556489,273.62630255255306,0.0,1.0
bts,2,set_cal,2024-05-20,0.2,ExpectedActionValue,207.0,352.80019191482194,185.2876802734248,274.80677114624325,257.21490166703825,,1.0
bts,2,set_cal,2024-05-20,0.2,PointwiseWorstAction,207.0,352.97807923767067,196.18768027342483,291.1567711462432,273.56490166703816,,1.0
bts,2,set_cal,2024-05-20,0.2,ScenarioCVaR,207.0,352.97807923767067,196.18768027342483,291.1567711462432,273.56490166703816,,1.0
bts,2,set_cal,2024-05-20,0.2,RiskFirst,207.0,130.42528693313494,215.69385356717848,320.36348614273584,303.752529582497,,1.0
bts,2,set_cal,2024-05-20,0.2,TemporalContext2024,207.0,130.98582035631307,192.06980844416051,284.61670417249456,265.6753904693987,,1.0
bts,2,set_cal,2024-05-20,0.2,NetworkPropagation2024,207.0,135.6155961689827,208.48818400565736,309.440550469982,291.97135893120253,,1.0
bts,2,set_cal,2024-05-20,0.2,CalibratedUncertainty2025,207.0,127.45890360194193,211.80963878455424,315.6279534424838,302.5229179348767,,1.0
bts,2,set_cal,2024-05-20,0.2,MappedPTO2026,207.0,133.14163091605047,203.01178136381762,301.22594650722243,283.7567549684429,,1.0
bts,2,set_cal,2024-05-20,0.2,GroupAware2025,207.0,127.49163460206975,210.36973789614078,312.3773126361792,295.7663560759405,,1.0
bts,2,set_cal,2024-05-20,0.2,RobustImprovement2025,207.0,134.92243895277056,200.44788914261997,296.92715855351713,276.0608448504212,,1.0
bts,2,set_cal,2024-05-21,0.01,StructuralRobust,10.0,107.55572427309514,15.175,22.075961538461538,16.92692307692307,0.0,1.0
bts,2,set_cal,2024-05-21,0.01,ExpectedActionValue,10.0,61.563451885995,18.829820464165813,28.09473069624872,26.969730696248725,,1.0
bts,2,set_cal,2024-05-21,0.01,PointwiseWorstAction,10.0,60.66680384743715,16.349051233396587,24.373576850094878,23.24857685009487,,1.0
bts,2,set_cal,2024-05-21,0.01,ScenarioCVaR,10.0,60.66680384743715,16.349051233396587,24.373576850094878,23.24857685009487,,1.0
bts,2,set_cal,2024-05-21,0.01,RiskFirst,10.0,3.8800164211653447,13.55,20.225,19.474999999999998,,1.0
bts,2,set_cal,2024-05-21,0.01,TemporalContext2024,10.0,4.244184490179455,13.950000000000001,20.825000000000003,20.074999999999996,,1.0
bts,2,set_cal,2024-05-21,0.01,NetworkPropagation2024,10.0,4.2740928783478855,15.803488372093025,23.605232558139534,22.85523255813953,,1.0
bts,2,set_cal,2024-05-21,0.01,CalibratedUncertainty2025,10.0,3.961126725399746,25.37965517241379,37.969482758620686,37.219482758620686,,1.0
bts,2,set_cal,2024-05-21,0.01,MappedPTO2026,10.0,3.9082024325729723,15.353488372093024,22.930232558139537,22.18023255813953,,1.0
bts,2,set_cal,2024-05-21,0.01,GroupAware2025,10.0,4.5403716639085365,13.950000000000001,20.825000000000003,20.074999999999996,,1.0
bts,2,set_cal,2024-05-21,0.01,RobustImprovement2025,10.0,4.735883746797102,14.350000000000001,20.675,14.299999999999997,,1.0
bts,2,set_cal,2024-05-21,0.03,StructuralRobust,29.0,170.11209093756727,51.239143544506824,74.94717685522177,60.61063839368328,0.0,1.0
bts,2,set_cal,2024-05-21,0.03,ExpectedActionValue,29.0,115.17142382723806,36.353355853931475,54.194924981279804,51.68160898414925,,1.0
bts,2,set_cal,2024-05-21,0.03,PointwiseWorstAction,29.0,115.56596368133988,93.87368559189021,140.59655779960002,138.99177838783532,,1.0
bts,2,set_cal,2024-05-21,0.03,ScenarioCVaR,29.0,115.56596368133988,93.87368559189021,140.59655779960002,138.99177838783532,,1.0
bts,2,set_cal,2024-05-21,0.03,RiskFirst,29.0,15.074081492028622,38.45532170542636,55.82144409660107,41.8599056350626,,1.0
bts,2,set_cal,2024-05-21,0.03,TemporalContext2024,29.0,13.931128240830112,36.15948837209302,52.377694096601076,38.416155635062594,,1.0
bts,2,set_cal,2024-05-21,0.03,NetworkPropagation2024,29.0,17.668565314796314,52.33497687784015,76.64092685522175,62.67938839368327,,1.0
bts,2,set_cal,2024-05-21,0.03,CalibratedUncertainty2025,29.0,16.962089295141705,42.59491277527604,63.205830701375604,58.05679223983715,,1.0
bts,2,set_cal,2024-05-21,0.03,MappedPTO2026,29.0,13.46306443890583,72.19384784558208,106.45423330683465,92.68019484529616,,1.0
bts,2,set_cal,2024-05-21,0.03,GroupAware2025,29.0,14.954376197002011,38.45532170542636,55.82144409660107,41.8599056350626,,1.0
bts,2,set_cal,2024-05-21,0.03,RobustImprovement2025,29.0,19.02160228966095,41.345698517020566,59.901031053122814,44.550905635062605,,1.0
bts,2,set_cal,2024-05-21,0.05,StructuralRobust,48.0,237.75812615008735,67.83028374301799,99.8338871529885,85.49734869145001,0.0,1.0
bts,2,set_cal,2024-05-21,0.05,ExpectedActionValue,48.0,153.57261361383252,113.24125797961908,169.52677816981117,167.0134621726806,,1.0
bts,2,set_cal,2024-05-21,0.05,PointwiseWorstAction,48.0,152.94006029099427,112.164334902696,167.91139355442658,165.398077557296,,1.0
bts,2,set_cal,2024-05-21,0.05,ScenarioCVaR,48.0,152.94006029099427,112.164334902696,167.91139355442658,165.398077557296,,1.0
bts,2,set_cal,2024-05-21,0.05,RiskFirst,48.0,38.89648291211693,89.18028374301798,131.80888715298852,117.09734869145004,,1.0
bts,2,set_cal,2024-05-21,0.05,TemporalContext2024,48.0,37.66948466035977,65.98028374301798,97.05888715298852,82.72234869145005,,1.0
bts,2,set_cal,2024-05-21,0.05,NetworkPropagation2024,48.0,40.74911821648547,67.83028374301799,99.8338871529885,85.49734869145001,,1.0
bts,2,set_cal,2024-05-21,0.05,CalibratedUncertainty2025,48.0,27.9007683047625,55.69306945730369,82.42806572441708,74.0915272628786,,1.0
bts,2,set_cal,2024-05-21,0.05,MappedPTO2026,48.0,39.67661147608561,88.58028374301799,130.9588871529885,116.62234869144999,,1.0
bts,2,set_cal,2024-05-21,0.05,GroupAware2025,48.0,34.96179654892833,86.51201451224874,127.84398330683467,113.4136948452962,,1.0
bts,2,set_cal,2024-05-21,0.05,RobustImprovement2025,48.0,33.0757020422696,103.2955534453106,142.32768472648488,100.49159391537732,,1.0
bts,2,set_cal,2024-05-21,0.1,StructuralRobust,95.0,329.67817195770164,149.65062469068,221.95189857448153,203.02161011294305,0.0,1.0
bts,2,set_cal,2024-05-21,0.1,ExpectedActionValue,95.0,229.94291326633726,158.97929640105167,238.0609786591029,235.00123409054373,,1.0
bts,2,set_cal,2024-05-21,0.1,PointwiseWorstAction,95.0,229.18637023243542,157.37929640105162,235.6609786591029,232.60123409054378,,1.0
bts,2,set_cal,2024-05-21,0.1,ScenarioCVaR,95.0,229.18637023243542,157.37929640105162,235.6609786591029,232.60123409054378,,1.0
bts,2,set_cal,2024-05-21,0.1,RiskFirst,95.0,75.88296253340455,179.44557522033926,256.44227859920625,213.24664686443617,,1.0
bts,2,set_cal,2024-05-21,0.1,TemporalContext2024,95.0,72.91173276431057,141.1066217319672,208.50349122379095,185.36143091759226,,1.0
bts,2,set_cal,2024-05-21,0.1,NetworkPropagation2024,95.0,77.01792167478844,149.65062469068,221.95189857448153,203.02161011294305,,1.0
bts,2,set_cal,2024-05-21,0.1,CalibratedUncertainty2025,95.0,75.1081887718557,180.785806850151,268.3600289565452,247.75116906643535,,1.0
bts,2,set_cal,2024-05-21,0.1,MappedPTO2026,95.0,76.26319083999621,180.29557522033926,257.7172785992062,214.52164686443618,,1.0
bts,2,set_cal,2024-05-21,0.1,GroupAware2025,95.0,78.38460578601895,179.8068224403497,257.08599712697867,214.65422312538445,,1.0
bts,2,set_cal,2024-05-21,0.1,RobustImprovement2025,95.0,77.18923921630378,168.57186838339894,239.57024154920185,192.6947838549775,,1.0
bts,2,set_cal,2024-05-21,0.2,StructuralRobust,191.0,265.46225544806055,352.3095422075886,513.5967568538468,455.933833422327,0.0,1.0
bts,2,set_cal,2024-05-21,0.2,ExpectedActionValue,191.0,340.6031330334152,248.284860810633,369.7399626537714,353.8349984374358,,1.0
bts,2,set_cal,2024-05-21,0.2,PointwiseWorstAction,191.0,340.7532405558627,239.08486081063296,355.9399626537713,340.03499843743583,,1.0
bts,2,set_cal,2024-05-21,0.2,ScenarioCVaR,191.0,340.7532405558627,239.08486081063296,355.9399626537713,340.03499843743583,,1.0
bts,2,set_cal,2024-05-21,0.2,RiskFirst,191.0,155.745283082646,272.57418929410153,395.14003759521074,344.4806900006495,,1.0
bts,2,set_cal,2024-05-21,0.2,TemporalContext2024,191.0,154.68052040418814,324.8224603426796,473.56035791281835,423.79161340381086,,1.0
bts,2,set_cal,2024-05-21,0.2,NetworkPropagation2024,191.0,156.18838775339972,282.6074372685432,410.60990591895273,363.100531039987,,1.0
bts,2,set_cal,2024-05-21,0.2,CalibratedUncertainty2025,191.0,141.38887238783653,337.19094928455615,492.7402517957432,447.6752108125604,,1.0
bts,2,set_cal,2024-05-21,0.2,MappedPTO2026,191.0,155.67067719202362,293.53832223805927,426.49862749925745,375.1822085655221,,1.0
bts,2,set_cal,2024-05-21,0.2,GroupAware2025,191.0,147.25311567429196,280.3199370946881,406.7473689735099,356.00334395959356,,1.0
bts,2,set_cal,2024-05-21,0.2,RobustImprovement2025,191.0,123.9326370359827,253.98984371159978,367.33785680275207,317.7672910678941,,1.0
bts,2,set_cal,2024-05-22,0.01,StructuralRobust,10.0,51.39740102409551,16.375,24.3875,23.075000000000003,0.0,1.0
bts,2,set_cal,2024-05-22,0.01,ExpectedActionValue,10.0,81.28612642934961,4.3500000000000005,6.425,5.674999999999998,,1.0
bts,2,set_cal,2024-05-22,0.01,PointwiseWorstAction,10.0,81.28612642934962,4.3500000000000005,6.425,5.674999999999998,,1.0
bts,2,set_cal,2024-05-22,0.01,ScenarioCVaR,10.0,81.28612642934962,4.3500000000000005,6.425,5.674999999999998,,1.0
bts,2,set_cal,2024-05-22,0.01,RiskFirst,10.0,22.8072042898487,15.225000000000001,22.7125,21.775,,1.0
bts,2,set_cal,2024-05-22,0.01,TemporalContext2024,10.0,21.4401928685701,18.906140350877195,28.065350877192984,25.86140350877193,,1.0
bts,2,set_cal,2024-05-22,0.01,NetworkPropagation2024,10.0,21.822074110517804,15.225000000000001,22.7125,21.775,,1.0
bts,2,set_cal,2024-05-22,0.01,CalibratedUncertainty2025,10.0,5.51050181449748,2.425,3.5125,2.575,,1.0
bts,2,set_cal,2024-05-22,0.01,MappedPTO2026,10.0,6.1987896085297995,2.425,3.5125,2.575,,1.0
bts,2,set_cal,2024-05-22,0.01,GroupAware2025,10.0,22.068263339058436,15.225000000000001,22.7125,21.775,,1.0
bts,2,set_cal,2024-05-22,0.01,RobustImprovement2025,10.0,22.641666506984002,2.425,3.5125,2.575,,1.0
bts,2,set_cal,2024-05-22,0.03,StructuralRobust,30.0,105.90374952494476,45.469386490512036,67.55290301347452,62.669077596273,0.0,1.0
bts,2,set_cal,2024-05-22,0.03,ExpectedActionValue,30.0,145.3578263856091,9.627083333333333,14.321875,13.431249999999997,,1.0
bts,2,set_cal,2024-05-22,0.03,PointwiseWorstAction,30.0,145.895850534697,8.877083333333333,13.196874999999999,12.306249999999997,,1.0
bts,2,set_cal,2024-05-22,0.03,ScenarioCVaR,30.0,145.895850534697,8.877083333333333,13.196874999999999,12.306249999999997,,1.0
bts,2,set_cal,2024-05-22,0.03,RiskFirst,30.0,33.89732386443321,41.5280599598998,61.91591321755617,59.094587800354624,,1.0
bts,2,set_cal,2024-05-22,0.03,TemporalContext2024,30.0,33.27477513566431,42.9030599598998,63.70341321755616,58.81958780035462,,1.0
bts,2,set_cal,2024-05-22,0.03,NetworkPropagation2024,30.0,34.29335606001286,45.02805995989981,67.16591321755617,64.34458780035462,,1.0
bts,2,set_cal,2024-05-22,0.03,CalibratedUncertainty2025,30.0,34.12735688718061,48.16447368421053,71.69451754385966,67.55307017543859,,1.0
bts,2,set_cal,2024-05-22,0.03,MappedPTO2026,30.0,33.64237506748301,36.62096524879844,54.55527115090413,51.7339457337026,,1.0
bts,2,set_cal,2024-05-22,0.03,GroupAware2025,30.0,33.0445853002123,43.7780599598998,65.29091321755617,62.469587800354624,,1.0
bts,2,set_cal,2024-05-22,0.03,RobustImprovement2025,30.0,35.47865539537124,50.28831970015953,73.90903010067305,62.483159228926056,,1.0
bts,2,set_cal,2024-05-22,0.05,StructuralRobust,51.0,169.30474271616825,80.55421207713138,120.30514139340355,116.35881597620198,0.0,1.0
bts,2,set_cal,2024-05-22,0.05,ExpectedActionValue,51.0,190.22539111417044,33.1996389315154,49.28479002992617,45.42477727482413,,1.0
bts,2,set_cal,2024-05-22,0.05,PointwiseWorstAction,51.0,190.79594011607756,31.69660279902962,47.07656403461,43.564012805101825,,1.0
bts,2,set_cal,2024-05-22,0.05,ScenarioCVaR,51.0,190.79594011607756,31.69660279902962,47.07656403461,43.564012805101825,,1.0
bts,2,set_cal,2024-05-22,0.05,RiskFirst,51.0,44.86577070379366,80.10412846509124,119.50501597534334,114.62119055814182,,1.0
bts,2,set_cal,2024-05-22,0.05,TemporalContext2024,51.0,45.39612771865476,72.33169420784083,107.78549502425031,102.44514786791834,,1.0
bts,2,set_cal,2024-05-22,0.05,NetworkPropagation2024,51.0,45.133689759816406,80.55421207713138,120.30514139340355,116.35881597620198,,1.0
bts,2,set_cal,2024-05-22,0.05,CalibratedUncertainty2025,51.0,44.694208492179136,71.23653724938785,106.30261289162564,102.1611655232046,,1.0
bts,2,set_cal,2024-05-22,0.05,MappedPTO2026,51.0,45.31415720143004,84.64175492679144,126.5864556678936,123.76513025069204,,1.0
bts,2,set_cal,2024-05-22,0.05,GroupAware2025,51.0,44.47065985675318,75.35412846509124,112.38001597534334,107.49619055814182,,1.0
bts,2,set_cal,2024-05-22,0.05,RobustImprovement2025,51.0,48.28190117327752,74.10269817882372,107.68467945132238,87.16442082447335,,1.0
bts,2,set_cal,2024-05-22,0.1,StructuralRobust,101.0,264.4512167568292,133.599854969391,199.08348446589534,189.21124955446135,0.0,1.0
bts,2,set_cal,2024-05-22,0.1,ExpectedActionValue,101.0,273.18106849922833,70.28645270063964,103.62608069283829,90.0990930069294,,1.0
bts,2,set_cal,2024-05-22,0.1,PointwiseWorstAction,101.0,273.2536501744354,66.69251330670026,98.52986857162617,88.70060815844452,,1.0
bts,2,set_cal,2024-05-22,0.1,ScenarioCVaR,101.0,273.2536501744354,66.69251330670026,98.52986857162617,88.70060815844452,,1.0
bts,2,set_cal,2024-05-22,0.1,RiskFirst,101.0,76.20377824123536,155.72348830930312,232.19287346780592,221.7501809966902,,1.0
bts,2,set_cal,2024-05-22,0.1,TemporalContext2024,101.0,76.5535178394301,129.55678642556444,192.96888165015545,182.7216467387214,,1.0
bts,2,set_cal,2024-05-22,0.1,NetworkPropagation2024,101.0,79.46664914440895,133.599854969391,199.08348446589534,189.21124955446135,,1.0
bts,2,set_cal,2024-05-22,0.1,CalibratedUncertainty2025,101.0,78.0812619295986,136.62593357562648,203.61188808953426,193.65929603524316,,1.0
bts,2,set_cal,2024-05-22,0.1,MappedPTO2026,101.0,75.85741304693222,155.72348830930312,232.1928734678059,221.75018099669015,,1.0
bts,2,set_cal,2024-05-22,0.1,GroupAware2025,101.0,75.19068024829768,154.02819845423065,229.64993868519724,219.2072462140816,,1.0
bts,2,set_cal,2024-05-22,0.1,RobustImprovement2025,101.0,72.32533831647635,144.4889980111469,212.39135487268493,186.8127887924197,,1.0
bts,2,set_cal,2024-05-22,0.2,StructuralRobust,202.0,228.52447318230685,260.5129099731763,384.97067424663067,348.4679938981275,0.0,1.0
bts,2,set_cal,2024-05-22,0.2,ExpectedActionValue,202.0,392.4354402349884,144.67698338699643,213.4410035166318,188.1199667876607,,1.0
bts,2,set_cal,2024-05-22,0.2,PointwiseWorstAction,202.0,392.8549252743446,145.65638530087202,214.94874275108157,189.9174787493832,,1.0
bts,2,set_cal,2024-05-22,0.2,ScenarioCVaR,202.0,392.8549252743446,145.65638530087202,214.94874275108157,189.9174787493832,,1.0
bts,2,set_cal,2024-05-22,0.2,RiskFirst,202.0,144.55849694486966,244.85279940158074,363.902966676564,345.56872348301107,,1.0
bts,2,set_cal,2024-05-22,0.2,TemporalContext2024,202.0,146.21456873383212,235.74676478410242,350.06197030590215,330.3631437790161,,1.0
bts,2,set_cal,2024-05-22,0.2,NetworkPropagation2024,202.0,146.3773042588816,242.18845513539793,360.0573424193677,341.3672902913993,,1.0
bts,2,set_cal,2024-05-22,0.2,CalibratedUncertainty2025,202.0,141.28100487163724,263.68999226615585,392.1835266156287,374.0350632385898,,1.0
bts,2,set_cal,2024-05-22,0.2,MappedPTO2026,202.0,147.6560198922062,216.05940276088273,321.16995943088966,304.776374102631,,1.0
bts,2,set_cal,2024-05-22,0.2,GroupAware2025,202.0,144.4658080501535,238.54707128540488,354.7193745023003,336.96013130874746,,1.0
bts,2,set_cal,2024-05-22,0.2,RobustImprovement2025,202.0,142.3305302811953,192.15097616874075,283.5934567244604,255.8334002595798,,1.0
bts,2,set_cal,2024-05-23,0.01,StructuralRobust,11.0,82.19419044418193,20.80271905097487,30.573264622973927,25.84215997181113,0.0,1.0
bts,2,set_cal,2024-05-23,0.01,ExpectedActionValue,11.0,45.57363881584427,6.842682926829268,10.214024390243903,9.8390243902439,,1.0
bts,2,set_cal,2024-05-23,0.01,PointwiseWorstAction,11.0,45.83962431771117,9.381144465290806,14.02171669793621,13.64671669793621,,1.0
bts,2,set_cal,2024-05-23,0.01,ScenarioCVaR,11.0,45.83962431771117,9.381144465290806,14.02171669793621,13.64671669793621,,1.0
bts,2,set_cal,2024-05-23,0.01,RiskFirst,11.0,3.704263040648401,21.899941273197086,32.55773431994362,30.36640239605356,,1.0
bts,2,set_cal,2024-05-23,0.01,TemporalContext2024,11.0,4.180100507813301,16.477719050974866,24.42440098661029,22.233069062720222,,1.0
bts,2,set_cal,2024-05-23,0.01,NetworkPropagation2024,11.0,3.0043416831601926,19.227435646790486,28.804789833822092,28.532062561094815,,1.0
bts,2,set_cal,2024-05-23,0.01,CalibratedUncertainty2025,11.0,3.749422287195232,11.368256902829135,17.052385354243697,17.052385354243693,,1.0
bts,2,set_cal,2024-05-23,0.01,MappedPTO2026,11.0,3.366013126255004,21.148113787816975,31.290698833500244,28.054659971811134,,1.0
bts,2,set_cal,2024-05-23,0.01,GroupAware2025,11.0,4.24302200064787,16.20808080808081,24.275757575757574,24.0030303030303,,1.0
bts,2,set_cal,2024-05-23,0.01,RobustImprovement2025,11.0,3.4780094685522562,20.047073889684544,29.814796881038443,27.89619222987565,,1.0
bts,2,set_cal,2024-05-23,0.03,StructuralRobust,32.0,140.81764869447738,67.20700315124424,99.86177951796672,92.74634045121951,0.0,1.0
bts,2,set_cal,2024-05-23,0.03,ExpectedActionValue,32.0,98.59062333285326,28.159500907849722,42.10390653418838,41.08882032729183,,1.0
bts,2,set_cal,2024-05-23,0.03,PointwiseWorstAction,32.0,99.01646244073721,29.402358050706866,43.96819224847409,42.95310604157753,,1.0
bts,2,set_cal,2024-05-23,0.03,ScenarioCVaR,32.0,99.01646244073721,29.402358050706866,43.96819224847409,42.95310604157753,,1.0
bts,2,set_cal,2024-05-23,0.03,RiskFirst,32.0,19.025492519506756,61.77918360237205,91.87593991896924,85.92967378455285,,1.0
bts,2,set_cal,2024-05-23,0.03,TemporalContext2024,32.0,18.634765241599037,59.65878886552995,88.72100570844293,82.96717378455287,,1.0
bts,2,set_cal,2024-05-23,0.03,NetworkPropagation2024,32.0,12.312576373116041,69.45700315124424,103.23677951796674,96.12134045121954,,1.0
bts,2,set_cal,2024-05-23,0.03,CalibratedUncertainty2025,32.0,21.700316672293273,49.14504662950511,73.23020837172167,69.57499657770174,,1.0
bts,2,set_cal,2024-05-23,0.03,MappedPTO2026,32.0,13.695669662181057,55.45239788808635,82.52921372849303,77.6588404512195,,1.0
bts,2,set_cal,2024-05-23,0.03,GroupAware2025,32.0,19.37089149362152,58.05878886552995,86.32100570844293,80.56717378455286,,1.0
bts,2,set_cal,2024-05-23,0.03,RobustImprovement2025,32.0,18.185158714579956,99.07165923590031,147.56623718992438,139.75684971047878,,1.0
bts,2,set_cal,2024-05-23,0.05,StructuralRobust,54.0,212.9226513984568,87.76007645951493,130.59350936341366,122.74396941947346,0.0,1.0
bts,2,set_cal,2024-05-23,0.05,ExpectedActionValue,54.0,139.10099750264396,49.63766239853295,74.32114877021323,73.30606256331667,,1.0
bts,2,set_cal,2024-05-23,0.05,PointwiseWorstAction,54.0,139.22882968315716,57.692725689672194,86.40374370692209,85.38865750002552,,1.0
bts,2,set_cal,2024-05-23,0.05,ScenarioCVaR,54.0,139.22882968315716,57.692725689672194,86.40374370692209,85.38865750002552,,1.0
bts,2,set_cal,2024-05-23,0.05,RiskFirst,54.0,32.527351908195755,104.68167176632132,155.77163403094033,146.3900818918782,,1.0
bts,2,set_cal,2024-05-23,0.05,TemporalContext2024,54.0,35.55214456255893,84.71605112244478,125.87042528734776,116.84303981495228,,1.0
bts,2,set_cal,2024-05-23,0.05,NetworkPropagation2024,54.0,30.049452601601335,87.76007645951493,130.59350936341366,122.74396941947346,,1.0
bts,2,set_cal,2024-05-23,0.05,CalibratedUncertainty2025,54.0,34.94256890578946,83.08268836397326,123.6026797453537,115.94253374080742,,1.0
bts,2,set_cal,2024-05-23,0.05,MappedPTO2026,54.0,38.17477802971474,103.53167176632132,154.04663403094034,144.66508189187815,,1.0
bts,2,set_cal,2024-05-23,0.05,GroupAware2025,54.0,30.88728872449887,102.03417312133486,152.0046543561436,144.15511441220337,,1.0
bts,2,set_cal,2024-05-23,0.05,RobustImprovement2025,54.0,38.325392258973885,117.52464994437882,174.67657400757827,162.59856719015352,,1.0
bts,2,set_cal,2024-05-23,0.1,StructuralRobust,107.0,316.54814744071035,197.7711080867627,294.88270517826913,281.57802803920697,0.0,1.0
bts,2,set_cal,2024-05-23,0.1,ExpectedActionValue,107.0,220.00008089689058,112.10712378720324,167.26650376106954,160.5601393630547,,1.0
bts,2,set_cal,2024-05-23,0.1,PointwiseWorstAction,107.0,219.9523544599972,111.94052187975004,166.82625002269677,158.69225404573453,,1.0
bts,2,set_cal,2024-05-23,0.1,ScenarioCVaR,107.0,219.9523544599972,111.94052187975004,166.82625002269677,158.69225404573453,,1.0
bts,2,set_cal,2024-05-23,0.1,RiskFirst,107.0,65.65262525400507,207.58277752197858,309.650209331093,296.720532192031,,1.0
bts,2,set_cal,2024-05-23,0.1,TemporalContext2024,107.0,66.19620215966934,210.59550479470593,313.99657296745664,299.77144128294003,,1.0
bts,2,set_cal,2024-05-23,0.1,NetworkPropagation2024,107.0,66.17298902914939,197.7711080867627,294.88270517826913,281.57802803920697,,1.0
bts,2,set_cal,2024-05-23,0.1,CalibratedUncertainty2025,107.0,66.70499200051857,216.56550099733374,322.8957272926636,308.2517957676365,,1.0
bts,2,set_cal,2024-05-23,0.1,MappedPTO2026,107.0,64.77308178364011,207.02575371245482,309.09800695014064,298.2933298110785,,1.0
bts,2,set_cal,2024-05-23,0.1,GroupAware2025,107.0,67.68942832786314,208.17999974420084,310.4265982199819,296.60108774758646,,1.0
bts,2,set_cal,2024-05-23,0.1,RobustImprovement2025,107.0,65.6132901731966,232.7483652440689,346.7508832065207,328.96339825965066,,1.0
bts,2,set_cal,2024-05-23,0.2,StructuralRobust,215.0,256.53584607024584,419.9699845040619,625.4212211113963,591.4180537761727,0.0,1.0
bts,2,set_cal,2024-05-23,0.2,ExpectedActionValue,215.0,339.9554984291989,255.55894107238436,381.417291510061,367.008890771194,,1.0
bts,2,set_cal,2024-05-23,0.2,PointwiseWorstAction,215.0,339.8174343945698,280.4204468638901,418.5766930544625,403.1718637441669,,1.0
bts,2,set_cal,2024-05-23,0.2,ScenarioCVaR,215.0,339.8174343945698,280.4204468638901,418.5766930544625,403.1718637441669,,1.0
bts,2,set_cal,2024-05-23,0.2,RiskFirst,215.0,128.12526369046816,360.34275870964717,537.4662829286974,514.6073694103989,,1.0
bts,2,set_cal,2024-05-23,0.2,TemporalContext2024,215.0,125.61307767245137,362.8841134333549,541.0555877415318,516.5262196777785,,1.0
bts,2,set_cal,2024-05-23,0.2,NetworkPropagation2024,215.0,130.9030236349919,341.61792990552084,509.1782502488238,484.8134156778935,,1.0
bts,2,set_cal,2024-05-23,0.2,CalibratedUncertainty2025,215.0,124.92403985886206,414.9131305413045,619.5810241973896,598.6659870881374,,1.0
bts,2,set_cal,2024-05-23,0.2,MappedPTO2026,215.0,131.80224083616628,420.0632110885705,626.3191394447042,598.001560533568,,1.0
bts,2,set_cal,2024-05-23,0.2,GroupAware2025,215.0,127.42247888761601,350.0399781241158,522.213302526591,500.86331757972084,,1.0
bts,2,set_cal,2024-05-23,0.2,RobustImprovement2025,215.0,126.6851259471788,322.9457038931656,481.66914360875785,461.04855187632893,,1.0
bts,2,set_cal,2024-05-24,0.01,StructuralRobust,10.0,62.22852269357196,15.232762941449359,22.764490946827507,22.129589956728495,0.0,1.0
bts,2,set_cal,2024-05-24,0.01,ExpectedActionValue,10.0,96.63576347999323,16.28093008739076,24.19133895131086,22.46591760299626,,1.0
bts,2,set_cal,2024-05-24,0.01,PointwiseWorstAction,10.0,96.9236664903136,14.180930087390761,21.041338951310863,19.315917602996258,,1.0
bts,2,set_cal,2024-05-24,0.01,ScenarioCVaR,10.0,96.9236664903136,14.180930087390761,21.041338951310863,19.315917602996258,,1.0
bts,2,set_cal,2024-05-24,0.01,RiskFirst,10.0,2.9842615852772947,27.439041281177296,41.07390845641941,40.439007466320405,,1.0
bts,2,set_cal,2024-05-24,0.01,TemporalContext2024,10.0,5.082524979132094,14.016096274782694,20.939490946827505,20.304589956728496,,1.0
bts,2,set_cal,2024-05-24,0.01,NetworkPropagation2024,10.0,3.348149392148501,27.439041281177296,41.07390845641941,40.439007466320405,,1.0
bts,2,set_cal,2024-05-24,0.01,CalibratedUncertainty2025,10.0,3.750057006469998,7.796453900709221,11.69468085106383,11.69468085106383,,1.0
bts,2,set_cal,2024-05-24,0.01,MappedPTO2026,10.0,6.3719458732831775,11.602975707406806,17.319810095763675,16.684909105664666,,1.0
bts,2,set_cal,2024-05-24,0.01,GroupAware2025,10.0,2.9842615852772947,27.439041281177296,41.07390845641941,40.439007466320405,,1.0
bts,2,set_cal,2024-05-24,0.01,RobustImprovement2025,10.0,3.5265647881170974,8.63630904074014,12.869810095763675,12.234909105664666,,1.0
bts,2,set_cal,2024-05-24,0.03,StructuralRobust,31.0,126.15713987639106,56.67160629299763,84.4727559741499,80.46285498405089,0.0,1.0
bts,2,set_cal,2024-05-24,0.03,ExpectedActionValue,31.0,167.247260054799,30.33093008739076,45.266338951310864,43.54091760299627,,1.0
bts,2,set_cal,2024-05-24,0.03,PointwiseWorstAction,31.0,167.56586835229837,33.280930087390765,49.69133895131086,47.965917602996264,,1.0
bts,2,set_cal,2024-05-24,0.03,ScenarioCVaR,31.0,167.56586835229837,33.280930087390765,49.69133895131086,47.965917602996264,,1.0
bts,2,set_cal,2024-05-24,0.03,RiskFirst,31.0,16.020063097845867,48.439041281177296,72.37390845641941,70.2390074663204,,1.0
bts,2,set_cal,2024-05-24,0.03,TemporalContext2024,31.0,17.092141733238623,52.31882851521985,78.19358930748324,76.05868831738425,,1.0
bts,2,set_cal,2024-05-24,0.03,NetworkPropagation2024,31.0,19.2777042667444,52.65689842403444,78.52569417070512,75.07829318060612,,1.0
bts,2,set_cal,2024-05-24,0.03,CalibratedUncertainty2025,31.0,15.929185480247389,39.62435650870083,59.21043392928364,57.51467767602672,,1.0
bts,2,set_cal,2024-05-24,0.03,MappedPTO2026,31.0,14.250741972899302,37.80339786208428,56.445443327779884,54.498042337680886,,1.0
bts,2,set_cal,2024-05-24,0.03,GroupAware2025,31.0,18.41778862609672,50.66404128117729,75.53640845641941,72.08900746632041,,1.0
bts,2,set_cal,2024-05-24,0.03,RobustImprovement2025,31.0,18.013289410350627,56.98718942932543,84.74798253049349,79.25197042928338,,1.0
bts,2,set_cal,2024-05-24,0.05,StructuralRobust,52.0,198.62424133905978,79.50405895242396,118.32131313093075,111.31049839814169,0.0,1.0
bts,2,set_cal,2024-05-24,0.05,ExpectedActionValue,52.0,218.11214551413192,80.82009144841778,120.6250809928514,116.08715964453681,,1.0
bts,2,set_cal,2024-05-24,0.05,PointwiseWorstAction,52.0,218.14544019419063,79.44628192460827,118.61436670713714,114.45144535882254,,1.0
bts,2,set_cal,2024-05-24,0.05,ScenarioCVaR,52.0,218.14544019419063,79.44628192460827,118.61436670713714,114.45144535882254,,1.0
bts,2,set_cal,2024-05-24,0.05,RiskFirst,52.0,27.617467892391762,78.52905895242397,116.83381313093076,109.63549839814173,,1.0
bts,2,set_cal,2024-05-24,0.05,TemporalContext2024,52.0,30.500922108093874,77.06626357111354,114.75606742738618,108.43110795775506,,1.0
bts,2,set_cal,2024-05-24,0.05,NetworkPropagation2024,52.0,27.30988415679073,79.50405895242396,118.32131313093075,111.31049839814169,,1.0
bts,2,set_cal,2024-05-24,0.05,CalibratedUncertainty2025,52.0,28.334275385178124,80.8639527623178,120.75930199391962,116.73459837224162,,1.0
bts,2,set_cal,2024-05-24,0.05,MappedPTO2026,52.0,25.863073948637325,79.45405895242398,118.24631313093076,111.2354983981417,,1.0
bts,2,set_cal,2024-05-24,0.05,GroupAware2025,52.0,28.333884672566725,76.22905895242397,113.38381313093078,106.18549839814173,,1.0
bts,2,set_cal,2024-05-24,0.05,RobustImprovement2025,52.0,29.004608194995605,101.5669959148834,150.70149398390222,138.33399482073037,,1.0
bts,2,set_cal,2024-05-24,0.1,StructuralRobust,104.0,301.639155719501,195.57717414763246,291.092752392405,274.0451861745772,0.0,1.0
bts,2,set_cal,2024-05-24,0.1,ExpectedActionValue,104.0,309.01762124903587,244.50455162823997,365.9431528415321,359.84059333532286,,1.0
bts,2,set_cal,2024-05-24,0.1,PointwiseWorstAction,104.0,309.3216218425409,176.9847787765706,264.66349356402804,258.5609340578187,,1.0
bts,2,set_cal,2024-05-24,0.1,ScenarioCVaR,104.0,309.3216218425409,176.9847787765706,264.66349356402804,258.5609340578187,,1.0
bts,2,set_cal,2024-05-24,0.1,RiskFirst,104.0,65.05336173436797,216.9098144504658,323.48833446827655,309.41543041261093,,1.0
bts,2,set_cal,2024-05-24,0.1,TemporalContext2024,104.0,63.93167796944729,168.42005541432115,250.75369591405968,236.68079185839412,,1.0
bts,2,set_cal,2024-05-24,0.1,NetworkPropagation2024,104.0,59.422234096645404,195.57717414763246,291.092752392405,274.0451861745772,,1.0
bts,2,set_cal,2024-05-24,0.1,CalibratedUncertainty2025,104.0,65.17388758507383,138.83959611242273,206.67408533434352,194.7842690771642,,1.0
bts,2,set_cal,2024-05-24,0.1,MappedPTO2026,104.0,54.975809325944695,208.81120716971563,310.99380192552974,294.32123570770193,,1.0
bts,2,set_cal,2024-05-24,0.1,GroupAware2025,104.0,66.27148841236367,234.82013191078326,350.35381065875276,336.28090660308703,,1.0
bts,2,set_cal,2024-05-24,0.1,RobustImprovement2025,104.0,72.23348680421041,173.6869421258605,257.2630315374474,232.7576691523722,,1.0
bts,2,set_cal,2024-05-24,0.2,StructuralRobust,208.0,249.50723252560616,374.2603199103044,556.8674625975742,522.9448330884554,0.0,1.0
bts,2,set_cal,2024-05-24,0.2,ExpectedActionValue,208.0,432.159829596269,364.1266966228864,544.4873978019382,531.7175443090011,,1.0
bts,2,set_cal,2024-05-24,0.2,PointwiseWorstAction,208.0,432.3211241508213,356.0561083875923,532.6815154489971,522.16166195606,,1.0
bts,2,set_cal,2024-05-24,0.2,ScenarioCVaR,208.0,432.3211241508213,356.0561083875923,532.6815154489971,522.16166195606,,1.0
bts,2,set_cal,2024-05-24,0.2,RiskFirst,208.0,137.63734068130475,413.33004497752717,616.9506527241642,594.1175421582159,,1.0
bts,2,set_cal,2024-05-24,0.2,TemporalContext2024,208.0,135.10206162299696,408.8263474985356,610.1951065056768,587.3619959397282,,1.0
bts,2,set_cal,2024-05-24,0.2,NetworkPropagation2024,208.0,134.13084505666228,386.3757213844535,576.1173542714907,550.2706457325694,,1.0
bts,2,set_cal,2024-05-24,0.2,CalibratedUncertainty2025,208.0,135.3010504610035,391.96282455089494,584.94298612738,562.433605885162,,1.0
bts,2,set_cal,2024-05-24,0.2,MappedPTO2026,208.0,167.0581614534611,387.7902906578218,578.4199650648309,553.9289331505679,,1.0
bts,2,set_cal,2024-05-24,0.2,GroupAware2025,208.0,138.43370023491056,416.59370617971297,621.8461445274429,599.0130339614944,,1.0
bts,2,set_cal,2024-05-24,0.2,RobustImprovement2025,208.0,125.62272047792463,273.4945082633012,406.64439374881044,379.6641289027508,,1.0
bts,2,set_cal,2024-05-25,0.01,StructuralRobust,9.0,58.51806431884829,6.052678571428572,8.779910714285714,6.536607142857143,0.0,1.0
bts,2,set_cal,2024-05-25,0.01,ExpectedActionValue,9.0,53.62641782112269,0.0,0.0,0.0,,1.0
bts,2,set_cal,2024-05-25,0.01,PointwiseWorstAction,9.0,53.62641782112269,0.0,0.0,0.0,,1.0
bts,2,set_cal,2024-05-25,0.01,ScenarioCVaR,9.0,53.62641782112269,0.0,0.0,0.0,,1.0
bts,2,set_cal,2024-05-25,0.01,RiskFirst,9.0,4.861251705198402,6.802678571428572,9.304910714285715,6.386607142857143,,1.0
bts,2,set_cal,2024-05-25,0.01,TemporalContext2024,9.0,5.241515817475616,15.661132677708764,23.442591873706007,23.074288302277438,,1.0
bts,2,set_cal,2024-05-25,0.01,NetworkPropagation2024,9.0,4.3062198911758784,2.602678571428572,3.8549107142857144,3.4866071428571423,,1.0
bts,2,set_cal,2024-05-25,0.01,CalibratedUncertainty2025,9.0,7.224463186811263,1.9000000000000001,2.85,2.8499999999999996,,1.0
bts,2,set_cal,2024-05-25,0.01,MappedPTO2026,9.0,5.791266301481906,4.802678571428572,7.154910714285714,6.786607142857143,,1.0
bts,2,set_cal,2024-05-25,0.01,GroupAware2025,9.0,4.861251705198402,6.802678571428572,9.304910714285715,6.386607142857143,,1.0
bts,2,set_cal,2024-05-25,0.01,RobustImprovement2025,9.0,2.9335253552102403,11.752678571428572,16.179910714285715,9.136607142857144,,1.0
bts,2,set_cal,2024-05-25,0.03,StructuralRobust,26.0,120.85297780328929,48.81113267770877,71.51759187370601,62.59928830227743,0.0,1.0
bts,2,set_cal,2024-05-25,0.03,ExpectedActionValue,26.0,97.82451214395067,29.425807767024665,44.10815609498143,43.87898942831475,,1.0
bts,2,set_cal,2024-05-25,0.03,PointwiseWorstAction,26.0,97.56180447951294,28.975807767024662,43.43315609498143,43.203989428314756,,1.0
bts,2,set_cal,2024-05-25,0.03,ScenarioCVaR,26.0,97.56180447951294,28.975807767024662,43.43315609498143,43.203989428314756,,1.0
bts,2,set_cal,2024-05-25,0.03,RiskFirst,26.0,14.282226417018803,35.513835380411464,51.82164592776006,44.77834235633149,,1.0
bts,2,set_cal,2024-05-25,0.03,TemporalContext2024,26.0,15.976908794191468,33.81113267770876,49.267591873706,42.22428830227744,,1.0
bts,2,set_cal,2024-05-25,0.03,NetworkPropagation2024,26.0,14.309471167492504,45.886132677708765,67.38009187370601,60.336788302277434,,1.0
bts,2,set_cal,2024-05-25,0.03,CalibratedUncertainty2025,26.0,14.551026437275178,23.555381274131275,34.48396476833977,28.115661196911194,,1.0
bts,2,set_cal,2024-05-25,0.03,MappedPTO2026,26.0,20.96228472978597,14.552678571428572,21.779910714285716,21.411607142857143,,1.0
bts,2,set_cal,2024-05-25,0.03,GroupAware2025,26.0,14.888016668580093,35.513835380411464,51.82164592776006,44.77834235633149,,1.0
bts,2,set_cal,2024-05-25,0.03,RobustImprovement2025,26.0,22.433621645342193,21.552678571428572,30.629910714285717,21.711607142857147,,1.0
bts,2,set_cal,2024-05-25,0.05,StructuralRobust,43.0,186.56908436855954,56.135176843826095,82.503658122882,73.58535455145346,0.0,1.0
bts,2,set_cal,2024-05-25,0.05,ExpectedActionValue,43.0,133.29471144610895,34.32580776702466,51.45815609498143,51.228989428314755,,1.0
bts,2,set_cal,2024-05-25,0.05,PointwiseWorstAction,43.0,134.0106396001627,35.66935615412143,53.473478675626595,53.24431200895992,,1.0
bts,2,set_cal,2024-05-25,0.05,ScenarioCVaR,43.0,134.0106396001627,35.66935615412143,53.473478675626595,53.24431200895992,,1.0
bts,2,set_cal,2024-05-25,0.05,RiskFirst,43.0,27.986844004968518,44.0851768438261,64.428658122882,55.51035455145344,,1.0
bts,2,set_cal,2024-05-25,0.05,TemporalContext2024,43.0,28.60592394593689,47.16017684382609,69.016158122882,59.91035455145344,,1.0
bts,2,set_cal,2024-05-25,0.05,NetworkPropagation2024,43.0,27.69221059930138,56.135176843826095,82.503658122882,73.58535455145346,,1.0
bts,2,set_cal,2024-05-25,0.05,CalibratedUncertainty2025,43.0,29.522320858010186,42.07184351049277,62.18365812288201,55.252854551453424,,1.0
bts,2,set_cal,2024-05-25,0.05,MappedPTO2026,43.0,31.652827824382335,42.6351768438261,62.253658122882,53.335354551453435,,1.0
bts,2,set_cal,2024-05-25,0.05,GroupAware2025,43.0,28.87601565037083,44.0851768438261,64.428658122882,55.51035455145344,,1.0
bts,2,set_cal,2024-05-25,0.05,RobustImprovement2025,43.0,30.286016960512868,43.8101768438261,63.91615812288201,54.24785455145344,,1.0
bts,2,set_cal,2024-05-25,0.1,StructuralRobust,86.0,273.3969862015898,74.76047987412913,110.26661266833656,100.03580909690801,0.0,1.0
bts,2,set_cal,2024-05-25,0.1,ExpectedActionValue,86.0,206.61160302996637,53.55190454121822,79.99696792293842,77.51530125627173,,1.0
bts,2,set_cal,2024-05-25,0.1,PointwiseWorstAction,86.0,206.3988352467097,49.01023787455154,73.17280125627175,70.60363458960506,,1.0
bts,2,set_cal,2024-05-25,0.1,ScenarioCVaR,86.0,206.3988352467097,49.01023787455154,73.17280125627175,70.60363458960506,,1.0
bts,2,set_cal,2024-05-25,0.1,RiskFirst,86.0,60.25344662932211,78.78547987412914,116.25411266833656,105.648309096908,,1.0
bts,2,set_cal,2024-05-25,0.1,TemporalContext2024,86.0,61.23631056654746,73.58547987412913,108.42911266833654,97.63580909690796,,1.0
bts,2,set_cal,2024-05-25,0.1,NetworkPropagation2024,86.0,61.41066499320748,74.76047987412913,110.26661266833656,100.03580909690801,,1.0
bts,2,set_cal,2024-05-25,0.1,CalibratedUncertainty2025,86.0,63.547438200316655,74.60809186968633,109.9818662781107,99.32982982996977,,1.0
bts,2,set_cal,2024-05-25,0.1,MappedPTO2026,86.0,61.06621737947897,75.01047987412915,110.59161266833657,99.98580909690799,,1.0
bts,2,set_cal,2024-05-25,0.1,GroupAware2025,86.0,60.911126203925875,92.00236675779011,136.0139257524487,124.91674287067532,,1.0
bts,2,set_cal,2024-05-25,0.1,RobustImprovement2025,86.0,58.76102168045379,81.63376754536202,120.22037979162424,107.31834334348335,,1.0
bts,2,set_cal,2024-05-25,0.2,StructuralRobust,173.0,227.28790001673772,193.68078690168295,287.85039158472637,271.64447582624064,0.0,1.0
bts,2,set_cal,2024-05-25,0.2,ExpectedActionValue,173.0,309.40756573905986,125.2046898733943,186.8124754907243,179.35328059547126,,1.0
bts,2,set_cal,2024-05-25,0.2,PointwiseWorstAction,173.0,309.5438822417782,115.45848940719381,172.31590206415092,165.77716171435245,,1.0
bts,2,set_cal,2024-05-25,0.2,ScenarioCVaR,173.0,309.5438822417782,115.45848940719381,172.31590206415092,165.77716171435245,,1.0
bts,2,set_cal,2024-05-25,0.2,RiskFirst,173.0,119.78003472832371,176.7562949230734,262.8136536168119,249.23273785832615,,1.0
bts,2,set_cal,2024-05-25,0.2,TemporalContext2024,173.0,121.24088322187843,180.11259878953555,267.74810941650526,253.41719365801956,,1.0
bts,2,set_cal,2024-05-25,0.2,NetworkPropagation2024,173.0,115.6111113033371,175.17061347808158,260.17263144932423,246.05421569083853,,1.0
bts,2,set_cal,2024-05-25,0.2,CalibratedUncertainty2025,173.0,115.84777271500634,153.8589373191797,228.72113445235073,217.04159800420973,,1.0
bts,2,set_cal,2024-05-25,0.2,MappedPTO2026,173.0,111.5000486666373,180.48581504691236,268.38293380257045,254.61451804408472,,1.0
bts,2,set_cal,2024-05-25,0.2,GroupAware2025,173.0,110.70304450160933,173.40637895668678,257.78877966723206,244.20786390874648,,1.0
bts,2,set_cal,2024-05-25,0.2,RobustImprovement2025,173.0,106.75820640265226,151.84477770226752,225.12384517361005,209.12393482517584,,1.0
bts,2,set_cal,2024-05-26,0.01,StructuralRobust,10.0,77.48413782687291,6.100000000000001,9.0,7.874999999999998,0.0,1.0
bts,2,set_cal,2024-05-26,0.01,ExpectedActionValue,10.0,75.24254015413344,5.777641277641278,8.666461916461916,8.666461916461916,,1.0
bts,2,set_cal,2024-05-26,0.01,PointwiseWorstAction,10.0,74.86495760353554,15.3982761982762,23.097414297414296,23.097414297414296,,1.0
bts,2,set_cal,2024-05-26,0.01,ScenarioCVaR,10.0,74.86495760353554,15.3982761982762,23.097414297414296,23.097414297414296,,1.0
bts,2,set_cal,2024-05-26,0.01,RiskFirst,10.0,4.997612321012961,6.100000000000001,9.0,7.874999999999998,,1.0
bts,2,set_cal,2024-05-26,0.01,TemporalContext2024,10.0,6.095315035303106,6.100000000000001,9.0,7.874999999999998,,1.0
bts,2,set_cal,2024-05-26,0.01,NetworkPropagation2024,10.0,5.280275595456322,6.100000000000001,9.0,7.874999999999998,,1.0
bts,2,set_cal,2024-05-26,0.01,CalibratedUncertainty2025,10.0,4.964978378569355,4.950000000000001,7.275,6.149999999999999,,1.0
bts,2,set_cal,2024-05-26,0.01,MappedPTO2026,10.0,4.80188254984106,6.100000000000001,9.0,7.874999999999998,,1.0
bts,2,set_cal,2024-05-26,0.01,GroupAware2025,10.0,4.982115143529973,6.100000000000001,9.0,7.874999999999998,,1.0
bts,2,set_cal,2024-05-26,0.01,RobustImprovement2025,10.0,5.863132731815377,9.431132075471698,13.633490566037734,9.78443396226415,,1.0
bts,2,set_cal,2024-05-26,0.03,StructuralRobust,29.0,138.51373384647522,23.229992982628772,34.33178192677334,30.482725322999748,0.0,1.0
bts,2,set_cal,2024-05-26,0.03,ExpectedActionValue,29.0,128.46771675757307,23.31360087360088,34.970401310401314,34.9704013104013,,1.0
bts,2,set_cal,2024-05-26,0.03,PointwiseWorstAction,29.0,128.4379473131507,23.34541905541906,35.018128583128586,35.01812858312857,,1.0
bts,2,set_cal,2024-05-26,0.03,ScenarioCVaR,29.0,128.4379473131507,23.34541905541906,35.018128583128586,35.01812858312857,,1.0
bts,2,set_cal,2024-05-26,0.03,RiskFirst,29.0,16.81734366864251,21.939567450713874,32.346143628901004,28.122087025127414,,1.0
bts,2,set_cal,2024-05-26,0.03,TemporalContext2024,29.0,16.656589709183162,18.340519298418243,26.947571400457555,22.723514796683965,,1.0
bts,2,set_cal,2024-05-26,0.03,NetworkPropagation2024,29.0,15.563741306154581,19.679992982628768,28.956781926773342,24.732725322999762,,1.0
bts,2,set_cal,2024-05-26,0.03,CalibratedUncertainty2025,29.0,24.055186180279772,18.732826990725936,27.58603293891909,23.736976335145503,,1.0
bts,2,set_cal,2024-05-26,0.03,MappedPTO2026,29.0,15.682218654970631,34.25815903456862,50.824031004683114,46.59997440090953,,1.0
bts,2,set_cal,2024-05-26,0.03,GroupAware2025,29.0,16.81734366864251,21.939567450713874,32.346143628901004,28.122087025127414,,1.0
bts,2,set_cal,2024-05-26,0.03,RobustImprovement2025,29.0,18.052688452160115,20.881875143021567,30.809605167362538,26.96054856358895,,1.0
bts,2,set_cal,2024-05-26,0.05,StructuralRobust,48.0,206.01391578461565,33.55532502647145,49.769779992537366,45.54572338876379,0.0,1.0
bts,2,set_cal,2024-05-26,0.05,ExpectedActionValue,48.0,166.8569851369937,34.61360087360088,51.84040131040131,51.2404013104013,,1.0
bts,2,set_cal,2024-05-26,0.05,PointwiseWorstAction,48.0,167.46194574056847,35.652489762489765,53.39873464373464,52.79873464373465,,1.0
bts,2,set_cal,2024-05-26,0.05,ScenarioCVaR,48.0,167.46194574056847,35.652489762489765,53.39873464373464,52.79873464373465,,1.0
bts,2,set_cal,2024-05-26,0.05,RiskFirst,48.0,27.238492545080103,38.45532502647145,57.06977999253737,52.470723388763794,,1.0
bts,2,set_cal,2024-05-26,0.05,TemporalContext2024,48.0,27.513425621965855,38.45532502647145,57.06977999253736,52.47072338876378,,1.0
bts,2,set_cal,2024-05-26,0.05,NetworkPropagation2024,48.0,28.568934934744423,33.55532502647145,49.769779992537366,45.54572338876379,,1.0
bts,2,set_cal,2024-05-26,0.05,CalibratedUncertainty2025,48.0,36.15228007535772,36.356276874175826,53.97120776409392,49.747151160320335,,1.0
bts,2,set_cal,2024-05-26,0.05,MappedPTO2026,48.0,27.238492545080103,38.455325026471456,57.06977999253737,52.47072338876379,,1.0
bts,2,set_cal,2024-05-26,0.05,GroupAware2025,48.0,27.937166543577007,34.43032502647145,50.957279992537366,45.79572338876379,,1.0
bts,2,set_cal,2024-05-26,0.05,RobustImprovement2025,48.0,27.71872135024068,32.05532502647145,47.519779992537366,43.295723388763776,,1.0
bts,2,set_cal,2024-05-26,0.1,StructuralRobust,96.0,301.90363721344454,84.50700251564894,126.0097962263036,120.37948962253,0.0,1.0
bts,2,set_cal,2024-05-26,0.1,ExpectedActionValue,96.0,242.70762668534533,72.81535567491383,108.22194537389775,100.71378433535043,,1.0
bts,2,set_cal,2024-05-26,0.1,PointwiseWorstAction,96.0,242.35162007364514,72.31535567491382,107.57194537389776,100.81378433535043,,1.0
bts,2,set_cal,2024-05-26,0.1,ScenarioCVaR,96.0,242.35162007364514,72.31535567491382,107.57194537389776,100.81378433535043,,1.0
bts,2,set_cal,2024-05-26,0.1,RiskFirst,96.0,53.63975843291832,91.22988944427765,136.09412661924665,130.46382001547306,,1.0
bts,2,set_cal,2024-05-26,0.1,TemporalContext2024,96.0,56.00477133020232,89.27988944427766,133.16912661924667,127.53882001547304,,1.0
bts,2,set_cal,2024-05-26,0.1,NetworkPropagation2024,96.0,60.79205143088152,84.50700251564894,126.0097962263036,120.37948962253,,1.0
bts,2,set_cal,2024-05-26,0.1,CalibratedUncertainty2025,96.0,59.07753537945337,73.61636744150323,109.67384361508502,104.04353701131146,,1.0
bts,2,set_cal,2024-05-26,0.1,MappedPTO2026,96.0,60.30458875313046,82.76273098258432,123.39338892670666,117.76308232293306,,1.0
bts,2,set_cal,2024-05-26,0.1,GroupAware2025,96.0,52.641960183469834,89.06170762609582,132.84185389197393,127.21154728820039,,1.0
bts,2,set_cal,2024-05-26,0.1,RobustImprovement2025,96.0,52.94574505197196,93.05265157956708,138.58490247524202,131.12934076942759,,1.0
bts,2,set_cal,2024-05-26,0.2,StructuralRobust,191.0,265.04590562881907,241.45772204988097,359.38479760682435,338.371406596846,0.0,1.0
bts,2,set_cal,2024-05-26,0.2,ExpectedActionValue,191.0,346.43769023746495,135.593429114089,201.90627110152275,190.77722682944247,,1.0
bts,2,set_cal,2024-05-26,0.2,PointwiseWorstAction,191.0,346.66325693573845,151.76842911408897,226.09377110152275,214.4022268294425,,1.0
bts,2,set_cal,2024-05-26,0.2,ScenarioCVaR,191.0,346.66325693573845,151.76842911408897,226.09377110152275,214.4022268294425,,1.0
bts,2,set_cal,2024-05-26,0.2,RiskFirst,191.0,119.16039333833349,245.20731611271063,366.79189927495736,359.148837569143,,1.0
bts,2,set_cal,2024-05-26,0.2,TemporalContext2024,191.0,129.69167843814176,235.92689077954336,353.0212612752065,346.5031995693921,,1.0
bts,2,set_cal,2024-05-26,0.2,NetworkPropagation2024,191.0,117.79574859769276,251.38556485971455,375.6912799712209,365.2882750835886,,1.0
bts,2,set_cal,2024-05-26,0.2,CalibratedUncertainty2025,191.0,114.6098801331147,257.8252488351755,385.8187983586548,378.9257366528406,,1.0
bts,2,set_cal,2024-05-26,0.2,MappedPTO2026,191.0,131.42738639127904,228.0416259242813,340.93613807869224,332.4888820207184,,1.0
bts,2,set_cal,2024-05-26,0.2,GroupAware2025,191.0,122.80403675638972,253.5598099550751,379.38492575278985,372.22400690411837,,1.0
bts,2,set_cal,2024-05-26,0.2,RobustImprovement2025,191.0,101.94014722351815,132.83349573541125,197.99025961809915,188.5403797304665,,1.0
bts,2,set_cal,2024-05-27,0.01,StructuralRobust,9.0,48.61047405917137,3.7500000000000004,5.625,5.625,0.0,1.0
bts,2,set_cal,2024-05-27,0.01,ExpectedActionValue,9.0,77.3380559882469,2.1500000000000004,3.125,2.375,,1.0
bts,2,set_cal,2024-05-27,0.01,PointwiseWorstAction,9.0,77.33805598824691,2.1500000000000004,3.125,2.375,,1.0
bts,2,set_cal,2024-05-27,0.01,ScenarioCVaR,9.0,77.33805598824691,2.1500000000000004,3.125,2.375,,1.0
bts,2,set_cal,2024-05-27,0.01,RiskFirst,9.0,5.055005033340022,13.456382978723404,20.18457446808511,20.18457446808511,,1.0
bts,2,set_cal,2024-05-27,0.01,TemporalContext2024,9.0,5.24509922011779,10.356382978723405,15.534574468085108,15.534574468085106,,1.0
bts,2,set_cal,2024-05-27,0.01,NetworkPropagation2024,9.0,3.8245412323667756,6.8500000000000005,10.275,10.274999999999999,,1.0
bts,2,set_cal,2024-05-27,0.01,CalibratedUncertainty2025,9.0,4.656990167593595,2.9000000000000004,4.35,4.35,,1.0
bts,2,set_cal,2024-05-27,0.01,MappedPTO2026,9.0,4.588043464458124,10.556382978723404,15.834574468085108,15.834574468085107,,1.0
bts,2,set_cal,2024-05-27,0.01,GroupAware2025,9.0,5.055005033340022,13.456382978723404,20.18457446808511,20.18457446808511,,1.0
bts,2,set_cal,2024-05-27,0.01,RobustImprovement2025,9.0,5.661745719785183,10.356382978723405,15.534574468085108,15.534574468085106,,1.0
bts,2,set_cal,2024-05-27,0.03,StructuralRobust,28.0,106.83669580526211,19.181382978723406,28.69707446808511,28.134574468085106,0.0,1.0
bts,2,set_cal,2024-05-27,0.03,ExpectedActionValue,28.0,130.77212802244156,15.566393442622951,23.04795081967213,20.785655737704914,,1.0
bts,2,set_cal,2024-05-27,0.03,PointwiseWorstAction,28.0,130.43583132260073,15.566393442622953,23.04795081967213,20.785655737704914,,1.0
bts,2,set_cal,2024-05-27,0.03,ScenarioCVaR,28.0,130.43583132260073,15.566393442622953,23.04795081967213,20.785655737704914,,1.0
bts,2,set_cal,2024-05-27,0.03,RiskFirst,28.0,15.693352226849992,22.906382978723407,34.20957446808511,33.0845744680851,,1.0
bts,2,set_cal,2024-05-27,0.03,TemporalContext2024,28.0,15.241804248091132,27.365685304304805,40.8985279564572,39.7735279564572,,1.0
bts,2,set_cal,2024-05-27,0.03,NetworkPropagation2024,28.0,15.768045228240261,24.856382978723406,37.134574468085106,36.009574468085106,,1.0
bts,2,set_cal,2024-05-27,0.03,CalibratedUncertainty2025,28.0,12.093219649753086,23.893721688400824,35.84058253260123,35.84058253260124,,1.0
bts,2,set_cal,2024-05-27,0.03,MappedPTO2026,28.0,14.872033082266803,16.431382978723406,24.52207446808511,23.58457446808511,,1.0
bts,2,set_cal,2024-05-27,0.03,GroupAware2025,28.0,15.895442926461952,22.906382978723407,34.20957446808511,33.0845744680851,,1.0
bts,2,set_cal,2024-05-27,0.03,RobustImprovement2025,28.0,12.522132552213622,36.92554017788872,54.77104270365199,50.141535979793886,,1.0
bts,2,set_cal,2024-05-27,0.05,StructuralRobust,47.0,166.20597346729588,48.84480650899716,72.73020535820939,68.70267231856178,0.0,1.0
bts,2,set_cal,2024-05-27,0.05,ExpectedActionValue,47.0,168.3045417589717,62.79965069760019,93.8386261758222,91.13225214648654,,1.0
bts,2,set_cal,2024-05-27,0.05,PointwiseWorstAction,47.0,171.26003494995913,59.51412438181072,88.96954722845376,86.70725214648652,,1.0
bts,2,set_cal,2024-05-27,0.05,ScenarioCVaR,47.0,171.26003494995913,59.51412438181072,88.96954722845376,86.70725214648652,,1.0
bts,2,set_cal,2024-05-27,0.05,RiskFirst,47.0,21.07307856032334,45.03034999769973,66.97723918422807,62.71509559181668,,1.0
bts,2,set_cal,2024-05-27,0.05,TemporalContext2024,47.0,24.024154420129083,43.91686004732976,65.3382856657083,61.31075262606072,,1.0
bts,2,set_cal,2024-05-27,0.05,NetworkPropagation2024,47.0,26.001304277666573,48.84480650899716,72.73020535820939,68.70267231856178,,1.0
bts,2,set_cal,2024-05-27,0.05,CalibratedUncertainty2025,47.0,21.372325957974127,38.09984729768553,56.91848953949311,55.18387898672928,,1.0
bts,2,set_cal,2024-05-27,0.05,MappedPTO2026,47.0,20.787984026426766,60.1308910550817,89.65933217733621,85.63179913768863,,1.0
bts,2,set_cal,2024-05-27,0.05,GroupAware2025,47.0,23.627944593172057,43.8434551576458,65.22817833118236,61.20064529153478,,1.0
bts,2,set_cal,2024-05-27,0.05,RobustImprovement2025,47.0,22.400622941762002,48.934561077578934,72.4970740531873,66.8800673293292,,1.0
bts,2,set_cal,2024-05-27,0.1,StructuralRobust,94.0,254.2174954122728,109.53583917248191,163.4636072244041,157.16247071701292,0.0,1.0
bts,2,set_cal,2024-05-27,0.1,ExpectedActionValue,94.0,248.66471176769448,102.83577750934067,153.61781639343292,148.84894236409724,,1.0
bts,2,set_cal,2024-05-27,0.1,PointwiseWorstAction,94.0,250.06356583103144,110.02116212472531,164.32512408574064,159.02548082563567,,1.0
bts,2,set_cal,2024-05-27,0.1,ScenarioCVaR,94.0,250.06356583103144,110.02116212472531,164.32512408574064,159.02548082563567,,1.0
bts,2,set_cal,2024-05-27,0.1,RiskFirst,94.0,50.13745237592438,121.24661781949762,180.8865933767458,173.51159323299106,,1.0
bts,2,set_cal,2024-05-27,0.1,TemporalContext2024,94.0,46.281407053122756,116.05879105831019,173.07985323496467,165.51735309120994,,1.0
bts,2,set_cal,2024-05-27,0.1,NetworkPropagation2024,94.0,55.17354304566847,109.53583917248191,163.4636072244041,157.16247071701292,,1.0
bts,2,set_cal,2024-05-27,0.1,CalibratedUncertainty2025,94.0,47.45443549850971,96.18337757600932,143.3076394461429,136.05193756210977,,1.0
bts,2,set_cal,2024-05-27,0.1,MappedPTO2026,94.0,51.80737520420379,109.90729963767943,164.02079792220036,157.7196614148092,,1.0
bts,2,set_cal,2024-05-27,0.1,GroupAware2025,94.0,51.04128282297356,112.17370649058884,167.42040820156444,161.1192716941733,,1.0
bts,2,set_cal,2024-05-27,0.1,RobustImprovement2025,94.0,47.08288475292328,109.11405421620492,162.22524797180677,152.55024782805202,,1.0
bts,2,set_cal,2024-05-27,0.2,StructuralRobust,189.0,207.4976686937689,263.652949213537,391.78699722691437,365.26254777648126,0.0,1.0
bts,2,set_cal,2024-05-27,0.2,ExpectedActionValue,189.0,356.5700826473792,186.34540507391367,278.6114885095232,271.8118452494183,,1.0
bts,2,set_cal,2024-05-27,0.2,PointwiseWorstAction,189.0,356.14819280494464,195.80055191239137,292.5192087672397,283.65706550713486,,1.0
bts,2,set_cal,2024-05-27,0.2,ScenarioCVaR,189.0,356.14819280494464,195.80055191239137,292.5192087672397,283.65706550713486,,1.0
bts,2,set_cal,2024-05-27,0.2,RiskFirst,189.0,108.130769316971,241.96792201009052,361.35604966263514,350.5560495188803,,1.0
bts,2,set_cal,2024-05-27,0.2,TemporalContext2024,189.0,111.5824385358665,225.1081186020851,335.7354621976859,322.45384440687224,,1.0
bts,2,set_cal,2024-05-27,0.2,NetworkPropagation2024,189.0,101.79653105651256,254.50194595565014,379.925963131995,367.3925446208933,,1.0
bts,2,set_cal,2024-05-27,0.2,CalibratedUncertainty2025,189.0,105.95368694695478,208.1926063102542,310.131016347044,295.11556795951435,,1.0
bts,2,set_cal,2024-05-27,0.2,MappedPTO2026,189.0,99.0887063985619,253.65252628249422,378.95417700147334,367.51958383446276,,1.0
bts,2,set_cal,2024-05-27,0.2,GroupAware2025,189.0,107.62414610411845,254.31099666149612,379.8706616397435,369.0706614959887,,1.0
bts,2,set_cal,2024-05-27,0.2,RobustImprovement2025,189.0,123.99059583397725,181.84969582735036,271.1355285703431,260.0116647902247,,1.0
bts,2,set_cal,2024-05-28,0.01,StructuralRobust,9.0,58.1404962703857,15.813728813559322,23.720593220338984,23.720593220338984,0.0,1.0
bts,2,set_cal,2024-05-28,0.01,ExpectedActionValue,9.0,58.385066360735856,0.9500000000000001,1.425,1.4249999999999998,,1.0
bts,2,set_cal,2024-05-28,0.01,PointwiseWorstAction,9.0,58.89868734470289,1.9250000000000003,2.8625000000000003,2.6749999999999994,,1.0
bts,2,set_cal,2024-05-28,0.01,ScenarioCVaR,9.0,58.89868734470289,1.9250000000000003,2.8625000000000003,2.6749999999999994,,1.0
bts,2,set_cal,2024-05-28,0.01,RiskFirst,9.0,3.9022911893645893,15.813728813559322,23.720593220338984,23.720593220338984,,1.0
bts,2,set_cal,2024-05-28,0.01,TemporalContext2024,9.0,3.675356424524388,15.813728813559322,23.720593220338984,23.720593220338984,,1.0
bts,2,set_cal,2024-05-28,0.01,NetworkPropagation2024,9.0,4.11646624185413,15.813728813559322,23.720593220338984,23.720593220338984,,1.0
bts,2,set_cal,2024-05-28,0.01,CalibratedUncertainty2025,9.0,3.981168001012609,48.51688886827888,72.77533330241832,72.77533330241833,,1.0
bts,2,set_cal,2024-05-28,0.01,MappedPTO2026,9.0,3.4778159476516697,13.767207074428889,20.47211495946942,19.131897568165066,,1.0
bts,2,set_cal,2024-05-28,0.01,GroupAware2025,9.0,3.88261467198196,20.01372881355932,30.020593220338984,30.020593220338984,,1.0
bts,2,set_cal,2024-05-28,0.01,RobustImprovement2025,9.0,3.6677755172449613,9.950000000000001,14.925,14.924999999999999,,1.0
bts,2,set_cal,2024-05-28,0.03,StructuralRobust,27.0,107.61036519271923,67.20036712914845,100.32185504154876,96.73163765024438,0.0,1.0
bts,2,set_cal,2024-05-28,0.03,ExpectedActionValue,27.0,109.16034156219104,24.686338289962826,36.47950743494424,32.35450743494423,,1.0
bts,2,set_cal,2024-05-28,0.03,PointwiseWorstAction,27.0,109.35911044882316,27.936338289962826,41.35450743494424,37.22950743494423,,1.0
bts,2,set_cal,2024-05-28,0.03,ScenarioCVaR,27.0,109.35911044882316,27.936338289962826,41.35450743494424,37.22950743494423,,1.0
bts,2,set_cal,2024-05-28,0.03,RiskFirst,27.0,11.853335421868634,86.71458117597119,129.77187176395677,127.52187176395678,,1.0
bts,2,set_cal,2024-05-28,0.03,TemporalContext2024,27.0,10.506696568613556,66.30688886827889,99.16033330241832,96.91033330241831,,1.0
bts,2,set_cal,2024-05-28,0.03,NetworkPropagation2024,27.0,11.077806991536145,98.9819440193722,148.1194677531962,145.46860568423068,,1.0
bts,2,set_cal,2024-05-28,0.03,CalibratedUncertainty2025,27.0,12.367219022576682,67.21577775716779,100.67366663575166,99.54866663575163,,1.0
bts,2,set_cal,2024-05-28,0.03,MappedPTO2026,27.0,12.967879641542,85.18305943684076,127.42089350308721,124.76817611178286,,1.0
bts,2,set_cal,2024-05-28,0.03,GroupAware2025,27.0,11.040491319485135,86.4145811759712,129.32187176395678,127.07187176395678,,1.0
bts,2,set_cal,2024-05-28,0.03,RobustImprovement2025,27.0,13.367158151499357,69.55163831558913,103.67376182120978,98.77104442990542,,1.0
bts,2,set_cal,2024-05-28,0.05,StructuralRobust,45.0,168.90430941740067,125.91835514243259,188.13037111776833,182.52665914866452,0.0,1.0
bts,2,set_cal,2024-05-28,0.05,ExpectedActionValue,45.0,148.12414226419128,67.3281331617577,100.3911741016109,95.88348179391858,,1.0
bts,2,set_cal,2024-05-28,0.05,PointwiseWorstAction,45.0,148.12195172715997,71.4028167060615,106.5031994180666,101.99550711037428,,1.0
bts,2,set_cal,2024-05-28,0.05,ScenarioCVaR,45.0,148.12195172715997,71.4028167060615,106.5031994180666,101.99550711037428,,1.0
bts,2,set_cal,2024-05-28,0.05,RiskFirst,45.0,21.945976078104614,129.07218009814363,192.964556827197,188.13670692705875,,1.0
bts,2,set_cal,2024-05-28,0.05,TemporalContext2024,45.0,22.127914984030955,133.1249578759214,199.0131679383081,193.95615137150318,,1.0
bts,2,set_cal,2024-05-28,0.05,NetworkPropagation2024,45.0,22.242908767551633,125.91835514243259,188.13037111776833,182.52665914866452,,1.0
bts,2,set_cal,2024-05-28,0.05,CalibratedUncertainty2025,45.0,20.593787244393848,107.75875856097775,161.0056601755665,156.262077681316,,1.0
bts,2,set_cal,2024-05-28,0.05,MappedPTO2026,45.0,21.25601167519391,141.39558286520483,211.13829190984754,203.97517400014968,,1.0
bts,2,set_cal,2024-05-28,0.05,GroupAware2025,45.0,21.317253935879574,135.63510144645826,202.8089388496689,197.98108894953057,,1.0
bts,2,set_cal,2024-05-28,0.05,RobustImprovement2025,45.0,22.376341341151253,120.25097453914525,179.29803975083536,171.20987431671648,,1.0
bts,2,set_cal,2024-05-28,0.1,StructuralRobust,90.0,248.36788397816963,209.22347860420956,312.65931566937945,303.84004889236786,0.0,1.0
bts,2,set_cal,2024-05-28,0.1,ExpectedActionValue,90.0,227.03576624742877,139.20657798097412,207.64392992401253,198.89940206814745,,1.0
bts,2,set_cal,2024-05-28,0.1,PointwiseWorstAction,90.0,227.54131041832193,142.40657798097413,212.4439299240125,203.6994020681475,,1.0
bts,2,set_cal,2024-05-28,0.1,ScenarioCVaR,90.0,227.54131041832193,142.40657798097413,212.4439299240125,203.6994020681475,,1.0
bts,2,set_cal,2024-05-28,0.1,RiskFirst,90.0,44.83316592312224,213.19590559851156,318.51344227194363,308.91032132826535,,1.0
bts,2,set_cal,2024-05-28,0.1,TemporalContext2024,90.0,45.638401611643474,231.41189507959805,345.61220182037073,334.3198958276728,,1.0
bts,2,set_cal,2024-05-28,0.1,NetworkPropagation2024,90.0,49.68400462710008,209.22347860420956,312.65931566937945,303.84004889236786,,1.0
bts,2,set_cal,2024-05-28,0.1,CalibratedUncertainty2025,90.0,46.67971313946146,230.70673243056328,344.39898023910877,331.9405921885875,,1.0
bts,2,set_cal,2024-05-28,0.1,MappedPTO2026,90.0,47.39578690735722,215.18689299302437,321.37060266613554,310.79757649062765,,1.0
bts,2,set_cal,2024-05-28,0.1,GroupAware2025,90.0,46.615984026124785,214.7811427298014,320.6324633824121,309.08808304023745,,1.0
bts,2,set_cal,2024-05-28,0.1,RobustImprovement2025,90.0,47.171520652846425,221.1098395233514,329.2149171892132,316.12956300907047,,1.0
bts,2,set_cal,2024-05-28,0.2,StructuralRobust,180.0,203.25410856562672,371.4992023412077,552.57604028184,522.8187775955158,0.0,1.0
bts,2,set_cal,2024-05-28,0.2,ExpectedActionValue,180.0,338.32588135997696,289.6706466640679,432.79732569175235,419.9824934091312,,1.0
bts,2,set_cal,2024-05-28,0.2,PointwiseWorstAction,180.0,338.26856074479645,312.89754223821745,467.74855614975075,455.76537709293603,,1.0
bts,2,set_cal,2024-05-28,0.2,ScenarioCVaR,180.0,338.26856074479645,312.89754223821745,467.74855614975075,455.76537709293603,,1.0
bts,2,set_cal,2024-05-28,0.2,RiskFirst,180.0,110.51930938014897,370.0470022863658,552.5710026913224,533.8247471546255,,1.0
bts,2,set_cal,2024-05-28,0.2,TemporalContext2024,180.0,112.14500473996733,357.4087230968751,533.7467188277212,515.998975195786,,1.0
bts,2,set_cal,2024-05-28,0.2,NetworkPropagation2024,180.0,111.00039053852171,363.9898400045474,543.0558672797317,521.089171826562,,1.0
bts,2,set_cal,2024-05-28,0.2,CalibratedUncertainty2025,180.0,102.28460824491472,382.90588421419903,571.597405074128,550.8867457203485,,1.0
bts,2,set_cal,2024-05-28,0.2,MappedPTO2026,180.0,109.2728537736382,403.20890358570574,602.4616168464806,584.8235778558958,,1.0
bts,2,set_cal,2024-05-28,0.2,GroupAware2025,180.0,108.69214264165534,359.5100849019484,536.9709837575535,519.764906792285,,1.0
bts,2,set_cal,2024-05-28,0.2,RobustImprovement2025,180.0,120.85105335912262,277.3813336421339,413.47177957950805,399.2585844902744,,1.0
bts,2,set_cal,2024-05-29,0.01,StructuralRobust,10.0,73.96808756157402,8.926911764705883,13.140367647058824,11.265367647058822,0.0,1.0
bts,2,set_cal,2024-05-29,0.01,ExpectedActionValue,10.0,78.08573642058082,11.106000000000002,16.659,16.658999999999995,,1.0
bts,2,set_cal,2024-05-29,0.01,PointwiseWorstAction,10.0,78.04363720058788,11.106000000000002,16.659,16.658999999999995,,1.0
bts,2,set_cal,2024-05-29,0.01,ScenarioCVaR,10.0,78.04363720058788,11.106000000000002,16.659,16.658999999999995,,1.0
bts,2,set_cal,2024-05-29,0.01,RiskFirst,10.0,8.579269536842553,8.113970588235293,12.170955882352942,12.170955882352942,,1.0
bts,2,set_cal,2024-05-29,0.01,TemporalContext2024,10.0,8.238360059413434,5.716911764705882,8.525367647058824,8.150367647058824,,1.0
bts,2,set_cal,2024-05-29,0.01,NetworkPropagation2024,10.0,9.128926522596394,5.893137254901961,8.839705882352941,8.839705882352941,,1.0
bts,2,set_cal,2024-05-29,0.01,CalibratedUncertainty2025,10.0,8.271643599012572,3.2208333333333337,4.78125,4.40625,,1.0
bts,2,set_cal,2024-05-29,0.01,MappedPTO2026,10.0,9.254370855486254,8.113970588235295,12.170955882352942,12.17095588235294,,1.0
bts,2,set_cal,2024-05-29,0.01,GroupAware2025,10.0,8.579269536842553,8.113970588235293,12.170955882352942,12.170955882352942,,1.0
bts,2,set_cal,2024-05-29,0.01,RobustImprovement2025,10.0,8.221466716164208,18.88938338493292,27.11789086687306,19.023592621259027,,1.0
bts,2,set_cal,2024-05-29,0.03,StructuralRobust,29.0,131.55706306160056,48.37719992552449,71.09427216631005,61.08489758481815,0.0,1.0
bts,2,set_cal,2024-05-29,0.03,ExpectedActionValue,29.0,131.23477478125787,61.01643163220195,91.15377819542937,88.37225879887765,,1.0
bts,2,set_cal,2024-05-29,0.03,PointwiseWorstAction,29.0,132.01413373199588,71.41790222043726,106.6309840777823,102.91196468123057,,1.0
bts,2,set_cal,2024-05-29,0.03,ScenarioCVaR,29.0,132.01413373199588,71.41790222043726,106.6309840777823,102.91196468123057,,1.0
bts,2,set_cal,2024-05-29,0.03,RiskFirst,29.0,24.935642462293917,42.39737536412098,62.83155286806443,58.1248098655199,,1.0
bts,2,set_cal,2024-05-29,0.03,TemporalContext2024,29.0,25.579106485257004,40.94737536412099,60.65655286806443,55.949809865519896,,1.0
bts,2,set_cal,2024-05-29,0.03,NetworkPropagation2024,29.0,22.065894968088426,37.29737536412099,55.081552868064435,49.6248098655199,,1.0
bts,2,set_cal,2024-05-29,0.03,CalibratedUncertainty2025,29.0,17.305679100057397,23.625709459120507,34.58629146140803,28.194246006862578,,1.0
bts,2,set_cal,2024-05-29,0.03,MappedPTO2026,29.0,21.581545202084286,34.81835537281287,51.92218954776891,49.63211321189102,,1.0
bts,2,set_cal,2024-05-29,0.03,GroupAware2025,29.0,22.9579926368632,42.39737536412098,62.83155286806443,58.1248098655199,,1.0
bts,2,set_cal,2024-05-29,0.03,RobustImprovement2025,29.0,21.68664276009285,48.731246488717396,71.37306928382668,59.47164924778932,,1.0
bts,2,set_cal,2024-05-29,0.05,StructuralRobust,48.0,205.96279403013992,56.0353972740011,82.6635857328846,73.26934273034007,0.0,1.0
bts,2,set_cal,2024-05-29,0.05,ExpectedActionValue,48.0,173.7576707918781,86.33277978719711,128.90102770064937,124.4149628495522,,1.0
bts,2,set_cal,2024-05-29,0.05,PointwiseWorstAction,48.0,174.29671253229188,83.33277978719713,124.40102770064937,119.91496284955218,,1.0
bts,2,set_cal,2024-05-29,0.05,ScenarioCVaR,48.0,174.29671253229188,83.33277978719713,124.40102770064937,119.91496284955218,,1.0
bts,2,set_cal,2024-05-29,0.05,RiskFirst,48.0,32.21667261143556,65.35565043855807,96.69396547972003,87.67472247717548,,1.0
bts,2,set_cal,2024-05-29,0.05,TemporalContext2024,48.0,33.64567133106329,59.042714347171845,87.22456134264071,78.20531834009614,,1.0
bts,2,set_cal,2024-05-29,0.05,NetworkPropagation2024,48.0,33.05500592151885,56.0353972740011,82.6635857328846,73.26934273034007,,1.0
bts,2,set_cal,2024-05-29,0.05,CalibratedUncertainty2025,48.0,30.102671048602257,59.45150147079527,87.66796193506052,76.34828490156767,,1.0
bts,2,set_cal,2024-05-29,0.05,MappedPTO2026,48.0,32.69101788912813,63.412967511728795,93.77994108947613,84.7606980869316,,1.0
bts,2,set_cal,2024-05-29,0.05,GroupAware2025,48.0,31.590423391836897,65.35565043855807,96.69396547972003,87.67472247717548,,1.0
bts,2,set_cal,2024-05-29,0.05,RobustImprovement2025,48.0,31.203080599194042,67.49683863632521,99.19645750523839,84.85753746920102,,1.0
bts,2,set_cal,2024-05-29,0.1,StructuralRobust,97.0,299.1476315062881,153.00612742829173,227.20110811537586,210.9175687457468,0.0,1.0
bts,2,set_cal,2024-05-29,0.1,ExpectedActionValue,97.0,255.8789056927804,145.8485747884921,217.09088686925853,205.50315535149468,,1.0
bts,2,set_cal,2024-05-29,0.1,PointwiseWorstAction,97.0,254.80012787450693,151.38028446591144,225.0537094499037,210.95541341601083,,1.0
bts,2,set_cal,2024-05-29,0.1,ScenarioCVaR,97.0,254.80012787450693,151.38028446591144,225.0537094499037,210.95541341601083,,1.0
bts,2,set_cal,2024-05-29,0.1,RiskFirst,97.0,60.89534034416286,174.55248986448248,259.5456517696621,243.44961240003306,,1.0
bts,2,set_cal,2024-05-29,0.1,TemporalContext2024,97.0,59.363296112632774,159.7909865371988,237.52897149138022,222.3747424665788,,1.0
bts,2,set_cal,2024-05-29,0.1,NetworkPropagation2024,97.0,64.33975055796668,153.00612742829173,227.20110811537586,210.9175687457468,,1.0
bts,2,set_cal,2024-05-29,0.1,CalibratedUncertainty2025,97.0,64.49771296474947,147.68278124297905,219.20133592139206,202.80714968165103,,1.0
bts,2,set_cal,2024-05-29,0.1,MappedPTO2026,97.0,60.49523881431828,194.6117220861197,289.6345001021179,273.538460732489,,1.0
bts,2,set_cal,2024-05-29,0.1,GroupAware2025,97.0,62.08008884397374,181.8665303707599,270.3463589937246,252.972668108944,,1.0
bts,2,set_cal,2024-05-29,0.1,RobustImprovement2025,97.0,59.94139711844367,160.3480166522169,237.30012950260527,214.16299676803837,,1.0
bts,2,set_cal,2024-05-29,0.2,StructuralRobust,194.0,222.10807113037475,338.37277963264205,501.69707272977143,458.7584306691675,0.0,1.0
bts,2,set_cal,2024-05-29,0.2,ExpectedActionValue,194.0,367.17749144418553,231.6215912847186,344.8212472408735,326.26478292767405,,1.0
bts,2,set_cal,2024-05-29,0.2,PointwiseWorstAction,194.0,367.3400627598017,239.36094772036216,356.4302818943389,337.87381758113946,,1.0
bts,2,set_cal,2024-05-29,0.2,ScenarioCVaR,194.0,367.3400627598017,239.36094772036216,356.4302818943389,337.87381758113946,,1.0
bts,2,set_cal,2024-05-29,0.2,RiskFirst,194.0,112.86764884714971,315.96956860325975,469.9972932356229,441.3464290494569,,1.0
bts,2,set_cal,2024-05-29,0.2,TemporalContext2024,194.0,110.35669112988883,312.4160523946378,464.710200740872,436.38320019106976,,1.0
bts,2,set_cal,2024-05-29,0.2,NetworkPropagation2024,194.0,112.11738240168468,335.3376443584936,498.700374881942,467.43177079678634,,1.0
bts,2,set_cal,2024-05-29,0.2,CalibratedUncertainty2025,194.0,114.68194013666451,340.14677940055265,505.6015974366128,471.9893932883256,,1.0
bts,2,set_cal,2024-05-29,0.2,MappedPTO2026,194.0,114.50477176480614,313.24896281388834,465.77661182429324,436.0774521835819,,1.0
bts,2,set_cal,2024-05-29,0.2,GroupAware2025,194.0,111.24506147228574,332.6311867972723,494.8169932539146,464.870674522294,,1.0
bts,2,set_cal,2024-05-29,0.2,RobustImprovement2025,194.0,123.52825832501539,220.17798133039588,326.9075765198737,302.7391937853068,,1.0
bts,2,set_cal,2024-05-30,0.01,StructuralRobust,10.0,73.8911585372268,18.25,27.275,26.525,0.0,1.0
bts,2,set_cal,2024-05-30,0.01,ExpectedActionValue,10.0,49.66385624478113,19.039103802371503,28.55865570355725,28.558655703557253,,1.0
bts,2,set_cal,2024-05-30,0.01,PointwiseWorstAction,10.0,50.40394974336268,22.3655743906068,33.5483615859102,33.5483615859102,,1.0
bts,2,set_cal,2024-05-30,0.01,ScenarioCVaR,10.0,50.40394974336268,22.3655743906068,33.5483615859102,33.5483615859102,,1.0
bts,2,set_cal,2024-05-30,0.01,RiskFirst,10.0,5.508510457651679,23.84220779220779,35.66331168831169,34.913311688311694,,1.0
bts,2,set_cal,2024-05-30,0.01,TemporalContext2024,10.0,4.179962805125551,20.2,30.200000000000003,29.45,,1.0
bts,2,set_cal,2024-05-30,0.01,NetworkPropagation2024,10.0,5.508510457651678,23.84220779220779,35.66331168831169,34.913311688311694,,1.0
bts,2,set_cal,2024-05-30,0.01,CalibratedUncertainty2025,10.0,3.4362484339274837,18.69,28.034999999999997,28.035,,1.0
bts,2,set_cal,2024-05-30,0.01,MappedPTO2026,10.0,3.4520527027633126,9.682207792207791,14.423311688311689,13.673311688311692,,1.0
bts,2,set_cal,2024-05-30,0.01,GroupAware2025,10.0,5.508510457651679,23.84220779220779,35.66331168831169,34.913311688311694,,1.0
bts,2,set_cal,2024-05-30,0.01,RobustImprovement2025,10.0,4.119517639065281,20.075,30.037499999999998,29.474999999999998,,1.0
bts,2,set_cal,2024-05-30,0.03,StructuralRobust,30.0,136.3297767875096,30.805372929822468,45.923426367210766,43.78867866078875,0.0,1.0
bts,2,set_cal,2024-05-30,0.03,ExpectedActionValue,30.0,96.56671451772566,55.59249746752988,83.03874620129481,81.7887462012948,,1.0
bts,2,set_cal,2024-05-30,0.03,PointwiseWorstAction,30.0,97.84143465208604,62.642497467529886,93.86374620129482,93.11374620129479,,1.0
bts,2,set_cal,2024-05-30,0.03,ScenarioCVaR,30.0,97.84143465208604,62.642497467529886,93.86374620129482,93.11374620129479,,1.0
bts,2,set_cal,2024-05-30,0.03,RiskFirst,30.0,14.492477112446704,29.13220779220779,43.59831168831169,42.848311688311696,,1.0
bts,2,set_cal,2024-05-30,0.03,TemporalContext2024,30.0,13.15085926953845,29.13220779220779,43.59831168831169,42.848311688311696,,1.0
bts,2,set_cal,2024-05-30,0.03,NetworkPropagation2024,30.0,15.882683996991593,29.13220779220779,43.59831168831169,42.848311688311696,,1.0
bts,2,set_cal,2024-05-30,0.03,CalibratedUncertainty2025,30.0,14.952875659453923,32.24103132161956,48.36154698242933,48.36154698242933,,1.0
bts,2,set_cal,2024-05-30,0.03,MappedPTO2026,30.0,20.000740470336986,36.03220779220779,53.94831168831169,53.1983116883117,,1.0
bts,2,set_cal,2024-05-30,0.03,GroupAware2025,30.0,14.149363805654296,29.13220779220779,43.59831168831169,42.848311688311696,,1.0
bts,2,set_cal,2024-05-30,0.03,RobustImprovement2025,30.0,14.108446167897817,30.805372929822468,45.923426367210766,43.78867866078875,,1.0
bts,2,set_cal,2024-05-30,0.05,StructuralRobust,51.0,211.0538118823802,51.26419645923424,76.51166166132842,73.62691395490639,0.0,1.0
bts,2,set_cal,2024-05-30,0.05,ExpectedActionValue,51.0,136.49260073673807,69.65137192640435,103.8520578896065,102.02705788960648,,1.0
bts,2,set_cal,2024-05-30,0.05,PointwiseWorstAction,51.0,137.4778954681228,76.00137192640435,113.3770578896065,111.55205788960649,,1.0
bts,2,set_cal,2024-05-30,0.05,ScenarioCVaR,51.0,137.4778954681228,76.00137192640435,113.3770578896065,111.55205788960649,,1.0
bts,2,set_cal,2024-05-30,0.05,RiskFirst,51.0,28.63408646167503,72.33502810223627,108.21790912583145,106.08316141940944,,1.0
bts,2,set_cal,2024-05-30,0.05,TemporalContext2024,51.0,30.43705701944882,42.96419645923423,64.16166166132842,62.026913954906405,,1.0
bts,2,set_cal,2024-05-30,0.05,NetworkPropagation2024,51.0,29.210473706081533,51.26419645923424,76.51166166132842,73.62691395490639,,1.0
bts,2,set_cal,2024-05-30,0.05,CalibratedUncertainty2025,51.0,31.003629431933984,58.91689339058508,88.37534008587761,88.37534008587761,,1.0
bts,2,set_cal,2024-05-30,0.05,MappedPTO2026,51.0,28.425589155976372,66.48037292982248,99.31092636721078,96.23867866078875,,1.0
bts,2,set_cal,2024-05-30,0.05,GroupAware2025,51.0,28.43612137305178,70.33502810223627,105.16790912583144,102.65816141940942,,1.0
bts,2,set_cal,2024-05-30,0.05,RobustImprovement2025,51.0,26.262845888588267,58.82133931637709,87.183090232757,79.3161996691921,,1.0
bts,2,set_cal,2024-05-30,0.1,StructuralRobust,101.0,308.13680537223007,168.33570363825524,250.94092143779648,240.70866629089832,0.0,1.0
bts,2,set_cal,2024-05-30,0.1,ExpectedActionValue,101.0,209.3708228569295,102.01905261969479,152.10357892954218,148.02857892954216,,1.0
bts,2,set_cal,2024-05-30,0.1,PointwiseWorstAction,101.0,209.19796575963983,102.01905261969479,152.10357892954218,148.02857892954216,,1.0
bts,2,set_cal,2024-05-30,0.1,ScenarioCVaR,101.0,209.19796575963983,102.01905261969479,152.10357892954218,148.02857892954216,,1.0
bts,2,set_cal,2024-05-30,0.1,RiskFirst,101.0,56.92977619017329,205.97703016886754,307.2029112337149,293.98315608681656,,1.0
bts,2,set_cal,2024-05-30,0.1,TemporalContext2024,101.0,52.286495326555205,203.03229332676224,302.88580597055693,290.4160508236588,,1.0
bts,2,set_cal,2024-05-30,0.1,NetworkPropagation2024,101.0,54.37852963600541,168.33570363825524,250.94092143779648,240.70866629089832,,1.0
bts,2,set_cal,2024-05-30,0.1,CalibratedUncertainty2025,101.0,60.024796363575774,179.15093790641197,266.9776666981114,255.34961548681247,,1.0
bts,2,set_cal,2024-05-30,0.1,MappedPTO2026,101.0,57.90753185075301,213.2666907480964,318.33658122080203,306.610669460733,,1.0
bts,2,set_cal,2024-05-30,0.1,GroupAware2025,101.0,57.4002679994585,217.86156254296827,325.2545299387508,313.72092587098916,,1.0
bts,2,set_cal,2024-05-30,0.1,RobustImprovement2025,101.0,57.75593092262751,196.27718754296828,292.1529674387508,276.66936337098923,,1.0
bts,2,set_cal,2024-05-30,0.2,StructuralRobust,202.0,236.96885765371675,368.3269288842112,548.8754257480995,523.2506689114714,0.0,1.0
bts,2,set_cal,2024-05-30,0.2,ExpectedActionValue,202.0,318.0289398563298,213.88973937524165,319.2944304914338,310.6055912057194,,1.0
bts,2,set_cal,2024-05-30,0.2,PointwiseWorstAction,202.0,318.1969690176898,214.18884651809879,319.53326977714806,309.27076977714796,,1.0
bts,2,set_cal,2024-05-30,0.2,ScenarioCVaR,202.0,318.1969690176898,214.18884651809879,319.53326977714806,309.27076977714796,,1.0
bts,2,set_cal,2024-05-30,0.2,RiskFirst,202.0,120.30382850477018,365.73928923775196,545.7954789552853,526.182067195216,,1.0
bts,2,set_cal,2024-05-30,0.2,TemporalContext2024,202.0,117.41539705054095,353.25862741396605,527.1744862196066,508.31107445953745,,1.0
bts,2,set_cal,2024-05-30,0.2,NetworkPropagation2024,202.0,113.01212874813118,370.67902206314227,553.2800781933709,534.2291664333014,,1.0
bts,2,set_cal,2024-05-30,0.2,CalibratedUncertainty2025,202.0,118.52182536975216,302.0881705644964,450.2332183663194,429.97793726313125,,1.0
bts,2,set_cal,2024-05-30,0.2,MappedPTO2026,202.0,120.95443914945442,347.08209828957865,517.6013113924105,496.4250410777289,,1.0
bts,2,set_cal,2024-05-30,0.2,GroupAware2025,202.0,121.25549627911954,324.33282868056216,483.89549208526864,465.85486006845923,,1.0
bts,2,set_cal,2024-05-30,0.2,RobustImprovement2025,202.0,112.72964374274291,226.73044841253355,337.7328587430987,321.49925467533717,,1.0
bts,2,set_cal,2024-05-31,0.01,StructuralRobust,10.0,92.86748121973194,41.665,62.0025,58.29,0.0,1.0
bts,2,set_cal,2024-05-31,0.01,ExpectedActionValue,10.0,68.47880954032253,19.41098469727212,29.116477045908184,29.11647704590819,,1.0
bts,2,set_cal,2024-05-31,0.01,PointwiseWorstAction,10.0,68.98655002643055,50.960984697272124,76.44147704590819,76.44147704590819,,1.0
bts,2,set_cal,2024-05-31,0.01,ScenarioCVaR,10.0,68.98655002643055,50.960984697272124,76.44147704590819,76.44147704590819,,1.0
bts,2,set_cal,2024-05-31,0.01,RiskFirst,10.0,7.553782809580934,41.79,62.165000000000006,58.26499999999999,,1.0
bts,2,set_cal,2024-05-31,0.01,TemporalContext2024,10.0,7.572716014042398,41.665,62.0025,58.29,,1.0
bts,2,set_cal,2024-05-31,0.01,NetworkPropagation2024,10.0,7.924503517867704,41.79,62.165000000000006,58.26499999999999,,1.0
bts,2,set_cal,2024-05-31,0.01,CalibratedUncertainty2025,10.0,4.579278704279765,7.615,10.927499999999998,7.214999999999998,,1.0
bts,2,set_cal,2024-05-31,0.01,MappedPTO2026,10.0,6.86893726294664,41.79,62.165000000000006,58.26499999999999,,1.0
bts,2,set_cal,2024-05-31,0.01,GroupAware2025,10.0,7.201995305755629,41.665,62.0025,58.29,,1.0
bts,2,set_cal,2024-05-31,0.01,RobustImprovement2025,10.0,6.8949854480138155,41.665,62.0025,58.29,,1.0
bts,2,set_cal,2024-05-31,0.03,StructuralRobust,30.0,153.7052549377217,71.0987837733262,105.9547381599893,100.75395690998931,0.0,1.0
bts,2,set_cal,2024-05-31,0.03,ExpectedActionValue,30.0,124.28279996642641,73.96118232573063,110.69177348859594,108.81677348859593,,1.0
bts,2,set_cal,2024-05-31,0.03,PointwiseWorstAction,30.0,124.42945914121927,73.68669252981226,110.2800387947184,108.40503879471837,,1.0
bts,2,set_cal,2024-05-31,0.03,ScenarioCVaR,30.0,124.42945914121927,73.68669252981226,110.2800387947184,108.40503879471837,,1.0
bts,2,set_cal,2024-05-31,0.03,RiskFirst,30.0,17.449119688056676,75.7455922839645,112.92495092594675,107.72416967594674,,1.0
bts,2,set_cal,2024-05-31,0.03,TemporalContext2024,30.0,17.51900413364717,66.73854682941905,99.41438274412857,94.21360149412857,,1.0
bts,2,set_cal,2024-05-31,0.03,NetworkPropagation2024,30.0,16.68888841867304,75.7455922839645,112.92495092594675,107.72416967594674,,1.0
bts,2,set_cal,2024-05-31,0.03,CalibratedUncertainty2025,30.0,14.699764810436497,88.4599592754128,132.0949389131192,127.6324389131192,,1.0
bts,2,set_cal,2024-05-31,0.03,MappedPTO2026,30.0,23.85619547225744,64.2215826008659,95.73737390129887,91.27487390129889,,1.0
bts,2,set_cal,2024-05-31,0.03,GroupAware2025,30.0,17.258018723889297,66.67854682941905,99.32438274412857,94.1236014941286,,1.0
bts,2,set_cal,2024-05-31,0.03,RobustImprovement2025,30.0,17.692602954806652,86.99840498544741,129.8041699781711,124.60338872817111,,1.0
bts,2,set_cal,2024-05-31,0.05,StructuralRobust,51.0,218.59060554471074,119.98115697579105,179.03920877962588,172.04525864917048,0.0,1.0
bts,2,set_cal,2024-05-31,0.05,ExpectedActionValue,51.0,165.62432994357795,93.0948072508002,139.3922108762003,137.51721087620024,,1.0
bts,2,set_cal,2024-05-31,0.05,PointwiseWorstAction,51.0,165.81486650853947,101.91794157915841,152.6269123687376,150.75191236873758,,1.0
bts,2,set_cal,2024-05-31,0.05,ScenarioCVaR,51.0,165.81486650853947,101.91794157915841,152.6269123687376,150.75191236873758,,1.0
bts,2,set_cal,2024-05-31,0.05,RiskFirst,51.0,33.13007831602208,113.38322669256665,169.14231335478928,162.14836322433382,,1.0
bts,2,set_cal,2024-05-31,0.05,TemporalContext2024,51.0,32.61362651091654,112.44077746914968,167.78831693901867,161.24194745372455,,1.0
bts,2,set_cal,2024-05-31,0.05,NetworkPropagation2024,51.0,34.049520190533116,119.98115697579105,179.03920877962588,172.04525864917048,,1.0
bts,2,set_cal,2024-05-31,0.05,CalibratedUncertainty2025,51.0,33.04569672972921,107.41154669991892,160.42388254987836,155.22310129987835,,1.0
bts,2,set_cal,2024-05-31,0.05,MappedPTO2026,51.0,34.476054004291846,119.43322669256665,178.21731335478927,171.2233632243339,,1.0
bts,2,set_cal,2024-05-31,0.05,GroupAware2025,51.0,34.35720308046242,116.38322669256665,173.49231335478927,165.3733632243339,,1.0
bts,2,set_cal,2024-05-31,0.05,RobustImprovement2025,51.0,25.99769141595332,135.96187649724448,201.8665119158336,186.29424069058507,,1.0
bts,2,set_cal,2024-05-31,0.1,StructuralRobust,101.0,315.87870368663397,172.6879136295274,257.70845004042366,247.78279701141767,0.0,1.0
bts,2,set_cal,2024-05-31,0.1,ExpectedActionValue,101.0,244.22332516485915,146.4022335393528,218.78153658353895,212.61793364236243,,1.0
bts,2,set_cal,2024-05-31,0.1,PointwiseWorstAction,101.0,244.453465042452,160.24799450110575,239.31141033748912,231.35704973121827,,1.0
bts,2,set_cal,2024-05-31,0.1,ScenarioCVaR,101.0,244.453465042452,160.24799450110575,239.31141033748912,231.35704973121827,,1.0
bts,2,set_cal,2024-05-31,0.1,RiskFirst,101.0,59.956848212086626,212.7114348381074,317.30420804376985,304.08212644333526,,1.0
bts,2,set_cal,2024-05-31,0.1,TemporalContext2024,101.0,62.11052090780659,214.27360875115087,319.73225152203077,307.1460394868135,,1.0
bts,2,set_cal,2024-05-31,0.1,NetworkPropagation2024,101.0,60.1265661221632,172.6879136295274,257.70845004042366,247.78279701141767,,1.0
bts,2,set_cal,2024-05-31,0.1,CalibratedUncertainty2025,101.0,61.13081607544968,159.33365243230358,237.45684085328355,225.87955738949486,,1.0
bts,2,set_cal,2024-05-31,0.1,MappedPTO2026,101.0,59.18492182661342,208.52025836751918,311.0174433378875,297.79536173745294,,1.0
bts,2,set_cal,2024-05-31,0.1,GroupAware2025,101.0,58.756620752283936,222.6136087511509,332.2922515220307,320.08103948681355,,1.0
bts,2,set_cal,2024-05-31,0.1,RobustImprovement2025,101.0,58.94466956578616,187.26087330890113,278.4691134135118,260.3026392897126,,1.0
bts,2,set_cal,2024-05-31,0.2,StructuralRobust,203.0,268.41624069496555,341.2738038361763,506.75935211441276,469.18669981552523,0.0,1.0
bts,2,set_cal,2024-05-31,0.2,ExpectedActionValue,203.0,360.59896642332865,268.2513355341669,400.4949211655802,388.2918051480539,,1.0
bts,2,set_cal,2024-05-31,0.2,PointwiseWorstAction,203.0,360.70384579986245,274.1134797466906,409.22846006501095,396.5777634023235,,1.0
bts,2,set_cal,2024-05-31,0.2,ScenarioCVaR,203.0,360.70384579986245,274.1134797466906,409.22846006501095,396.5777634023235,,1.0
bts,2,set_cal,2024-05-31,0.2,RiskFirst,203.0,121.12174010074034,340.71725387656903,507.10879679004586,478.4181666039878,,1.0
bts,2,set_cal,2024-05-31,0.2,TemporalContext2024,203.0,117.91439362137292,340.94452124223085,507.52924329308405,479.4352040161169,,1.0
bts,2,set_cal,2024-05-31,0.2,NetworkPropagation2024,203.0,119.22370666451144,359.6529592131698,535.8201553064558,508.37552895671485,,1.0
bts,2,set_cal,2024-05-31,0.2,CalibratedUncertainty2025,203.0,127.53451608946783,361.7068054634704,539.3860970539959,515.5802634949221,,1.0
bts,2,set_cal,2024-05-31,0.2,MappedPTO2026,203.0,120.46501419580191,378.49804283203633,563.4288557854658,532.1047923160495,,1.0
bts,2,set_cal,2024-05-31,0.2,GroupAware2025,203.0,121.82671064385882,334.915266005949,498.6756906273406,472.00912776546795,,1.0
bts,2,set_cal,2024-05-31,0.2,RobustImprovement2025,203.0,113.6115975585945,288.59652878176354,430.341663022617,411.1931868974049,,1.0
bts,2,test,2024-06-01,0.01,StructuralRobust,9.0,52.98438225448932,0.0,0.0,0.0,0.0,1.0
bts,2,test,2024-06-01,0.01,ExpectedActionValue,9.0,59.61176717896853,3.1399999999999997,4.709999999999999,4.71,,1.0
bts,2,test,2024-06-01,0.01,PointwiseWorstAction,9.0,60.94367717998487,4.575,6.862499999999999,6.862499999999998,,1.0
bts,2,test,2024-06-01,0.01,ScenarioCVaR,9.0,60.94367717998487,4.575,6.862499999999999,6.862499999999998,,1.0
bts,2,test,2024-06-01,0.01,RiskFirst,9.0,12.136942009068758,11.10909090909091,16.488636363636363,15.17613636363636,,1.0
bts,2,test,2024-06-01,0.01,TemporalContext2024,9.0,11.713117985922892,9.034090909090908,13.551136363636363,13.551136363636362,,1.0
bts,2,test,2024-06-01,0.01,NetworkPropagation2024,9.0,11.48062483336898,9.034090909090908,13.551136363636363,13.551136363636362,,1.0
bts,2,test,2024-06-01,0.01,CalibratedUncertainty2025,9.0,14.533154232272945,3.6575342465753424,5.486301369863013,5.486301369863013,,1.0
bts,2,test,2024-06-01,0.01,MappedPTO2026,9.0,12.136942009068758,11.10909090909091,16.488636363636363,15.17613636363636,,1.0
bts,2,test,2024-06-01,0.01,GroupAware2025,9.0,12.136942009068758,11.10909090909091,16.488636363636363,15.17613636363636,,1.0
bts,2,test,2024-06-01,0.01,RobustImprovement2025,9.0,12.01949228335537,9.034090909090908,13.551136363636363,13.551136363636362,,1.0
bts,2,test,2024-06-01,0.03,StructuralRobust,28.0,113.06149848076166,22.00140258014956,32.50798622316552,28.80210387022433,0.0,1.0
bts,2,test,2024-06-01,0.03,ExpectedActionValue,28.0,133.84981267829755,16.887149631190727,25.28072444678609,24.905724446786085,,1.0
bts,2,test,2024-06-01,0.03,PointwiseWorstAction,28.0,133.8277679590189,16.887149631190724,25.28072444678609,24.905724446786095,,1.0
bts,2,test,2024-06-01,0.03,ScenarioCVaR,28.0,133.8277679590189,16.887149631190724,25.28072444678609,24.905724446786095,,1.0
bts,2,test,2024-06-01,0.03,RiskFirst,28.0,24.2948389806148,23.05181034085144,34.40271551127715,33.090215511277144,,1.0
bts,2,test,2024-06-01,0.03,TemporalContext2024,28.0,24.953003535667936,18.866625155666252,28.124937733499376,26.81243773349937,,1.0
bts,2,test,2024-06-01,0.03,NetworkPropagation2024,28.0,25.787060338077914,23.97681034085144,35.765215511277155,34.26521551127715,,1.0
bts,2,test,2024-06-01,0.03,CalibratedUncertainty2025,28.0,23.727372067970663,22.334335471616004,33.301503207424005,31.80150320742401,,1.0
bts,2,test,2024-06-01,0.03,MappedPTO2026,28.0,20.803387827800236,28.847398576145554,42.72698021715951,38.64609786421833,,1.0
bts,2,test,2024-06-01,0.03,GroupAware2025,28.0,24.8728977095224,23.05181034085144,34.40271551127715,33.090215511277144,,1.0
bts,2,test,2024-06-01,0.03,RobustImprovement2025,28.0,27.36167376570829,25.176402580149556,36.895486223165506,30.37710387022433,,1.0
bts,2,test,2024-06-01,0.05,StructuralRobust,47.0,170.98041134178413,33.41510889209531,49.55354569108414,45.28516333814296,0.0,1.0
bts,2,test,2024-06-01,0.05,ExpectedActionValue,47.0,178.60904389232533,24.68742765544391,36.98114148316586,36.60614148316586,,1.0
bts,2,test,2024-06-01,0.05,PointwiseWorstAction,47.0,178.86762329876146,28.65106401908027,42.9265960286204,42.55159602862041,,1.0
bts,2,test,2024-06-01,0.05,ScenarioCVaR,47.0,178.86762329876146,28.65106401908027,42.9265960286204,42.55159602862041,,1.0
bts,2,test,2024-06-01,0.05,RiskFirst,47.0,33.005700692496696,31.561587765334746,46.773264000943286,42.5048816480021,,1.0
bts,2,test,2024-06-01,0.05,TemporalContext2024,47.0,32.86899529211069,32.411587765334744,48.04826400094329,43.7798816480021,,1.0
bts,2,test,2024-06-01,0.05,NetworkPropagation2024,47.0,36.2820769137619,33.41510889209531,49.55354569108414,45.28516333814296,,1.0
bts,2,test,2024-06-01,0.05,CalibratedUncertainty2025,47.0,34.133895813371076,39.96838524537166,59.38346022099867,55.11507786805749,,1.0
bts,2,test,2024-06-01,0.05,MappedPTO2026,47.0,36.05919744139448,31.561587765334746,46.773264000943286,42.5048816480021,,1.0
bts,2,test,2024-06-01,0.05,GroupAware2025,47.0,35.33729599307572,30.022398576145555,44.464480217159505,40.19609786421832,,1.0
bts,2,test,2024-06-01,0.05,RobustImprovement2025,47.0,33.79304974114558,31.401402580149558,46.15798622316551,39.07710387022433,,1.0
bts,2,test,2024-06-01,0.1,StructuralRobust,94.0,260.7694561107847,85.47866568641437,127.23848484295878,119.89213219298792,0.0,1.0
bts,2,test,2024-06-01,0.1,ExpectedActionValue,94.0,255.69594054640183,49.37410665473919,72.95627902972782,64.6696718868707,,1.0
bts,2,test,2024-06-01,0.1,PointwiseWorstAction,94.0,255.3294254026379,50.15014832140585,74.51513319639449,69.18946355353737,,1.0
bts,2,test,2024-06-01,0.1,ScenarioCVaR,94.0,255.3294254026379,50.15014832140585,74.51513319639449,69.18946355353737,,1.0
bts,2,test,2024-06-01,0.1,RiskFirst,94.0,62.61227308244297,83.89201703776574,124.85851186998582,117.51215922001494,,1.0
bts,2,test,2024-06-01,0.1,TemporalContext2024,94.0,66.3494381624747,100.58018044870141,149.69980167464198,140.92128418656566,,1.0
bts,2,test,2024-06-01,0.1,NetworkPropagation2024,94.0,61.42956932923946,85.47866568641437,127.23848484295878,119.89213219298792,,1.0
bts,2,test,2024-06-01,0.1,CalibratedUncertainty2025,94.0,59.029181023266176,74.80593210397116,111.5397805088979,106.52139815595673,,1.0
bts,2,test,2024-06-01,0.1,MappedPTO2026,94.0,63.518993261427184,90.43296191965551,134.66992919282046,127.32357654284955,,1.0
bts,2,test,2024-06-01,0.1,GroupAware2025,94.0,69.15216702771414,80.4764502361463,119.63444738184239,111.53273758901433,,1.0
bts,2,test,2024-06-01,0.1,RobustImprovement2025,94.0,60.785717563184264,81.0943027208654,120.22810566500851,109.62799254283657,,1.0
bts,2,test,2024-06-01,0.2,StructuralRobust,187.0,227.56354157376052,190.2466671933013,281.6895805098826,254.08642840936224,0.0,1.0
bts,2,test,2024-06-01,0.2,ExpectedActionValue,187.0,363.1559983288974,104.95340425848323,156.11585043534393,146.25893079248678,,1.0
bts,2,test,2024-06-01,0.2,PointwiseWorstAction,187.0,363.44711961219787,98.59964081762301,146.48520527405358,135.8782856311965,,1.0
bts,2,test,2024-06-01,0.2,ScenarioCVaR,187.0,363.44711961219787,98.59964081762301,146.48520527405358,135.8782856311965,,1.0
bts,2,test,2024-06-01,0.2,RiskFirst,187.0,118.30290790813854,154.65972991083424,229.93705920156657,214.54304171643082,,1.0
bts,2,test,2024-06-01,0.2,TemporalContext2024,187.0,120.87186849808553,167.9290381870113,249.8932416930522,234.89087478706702,,1.0
bts,2,test,2024-06-01,0.2,NetworkPropagation2024,187.0,126.80554133867595,149.0814853753151,221.4092757316212,204.81213324648544,,1.0
bts,2,test,2024-06-01,0.2,CalibratedUncertainty2025,187.0,113.41514551835536,181.65886452621885,270.3999094762919,254.73700462851883,,1.0
bts,2,test,2024-06-01,0.2,MappedPTO2026,187.0,122.12485450263439,148.5629065132018,220.86682410511787,206.03530661998204,,1.0
bts,2,test,2024-06-01,0.2,GroupAware2025,187.0,122.78318911932661,146.14770243671,217.16324875961095,201.72596204370592,,1.0
bts,2,test,2024-06-01,0.2,RobustImprovement2025,187.0,117.81364953122394,155.82496276359203,231.57294421394687,215.33919472813855,,1.0
bts,2,test,2024-06-02,0.01,StructuralRobust,10.0,71.09182854993178,5.549921507064364,8.324882260596546,8.324882260596546,0.0,1.0
bts,2,test,2024-06-02,0.01,ExpectedActionValue,10.0,86.3232053399218,2.475,3.4375,1.375,,1.0
bts,2,test,2024-06-02,0.01,PointwiseWorstAction,10.0,86.3232053399218,2.475,3.4375,1.375,,1.0
bts,2,test,2024-06-02,0.01,ScenarioCVaR,10.0,86.3232053399218,2.475,3.4375,1.375,,1.0
bts,2,test,2024-06-02,0.01,RiskFirst,10.0,6.757696946025272,11.109355469328516,16.664033203992773,16.66403320399277,,1.0
bts,2,test,2024-06-02,0.01,TemporalContext2024,10.0,7.4849308202673095,11.109355469328516,16.664033203992773,16.66403320399277,,1.0
bts,2,test,2024-06-02,0.01,NetworkPropagation2024,10.0,6.449492637747357,5.549921507064364,8.324882260596546,8.324882260596546,,1.0
bts,2,test,2024-06-02,0.01,CalibratedUncertainty2025,10.0,9.636788565271367,13.464918414918413,20.197377622377623,20.197377622377623,,1.0
bts,2,test,2024-06-02,0.01,MappedPTO2026,10.0,4.418611598904967,9.27474008471313,13.912110127069695,13.912110127069695,,1.0
bts,2,test,2024-06-02,0.01,GroupAware2025,10.0,6.715004822191928,11.109355469328516,16.664033203992773,16.66403320399277,,1.0
bts,2,test,2024-06-02,0.01,RobustImprovement2025,10.0,6.165789556046935,19.102603644511,28.453358021511022,26.94925218209496,,1.0
bts,2,test,2024-06-02,0.03,StructuralRobust,30.0,130.85335049069644,71.6539588929986,106.1037227587156,95.77460590284828,0.0,1.0
bts,2,test,2024-06-02,0.03,ExpectedActionValue,30.0,138.06860109852465,20.441777546777544,29.76193659043659,23.006463617463616,,1.0
bts,2,test,2024-06-02,0.03,PointwiseWorstAction,30.0,138.59654909729224,20.316777546777548,29.84943659043659,25.15646361746362,,1.0
bts,2,test,2024-06-02,0.03,ScenarioCVaR,30.0,138.59654909729224,20.316777546777548,29.84943659043659,25.15646361746362,,1.0
bts,2,test,2024-06-02,0.03,RiskFirst,30.0,20.649153627026603,60.07901685801775,89.4282928373346,84.25154946464434,,1.0
bts,2,test,2024-06-02,0.03,TemporalContext2024,30.0,21.17625719137078,59.89206033627861,89.14785805472589,83.97111468203568,,1.0
bts,2,test,2024-06-02,0.03,NetworkPropagation2024,30.0,21.507271976827376,57.27471339750311,85.28000091186874,80.53948202897442,,1.0
bts,2,test,2024-06-02,0.03,CalibratedUncertainty2025,30.0,21.992963330394733,58.452197076383,87.11361061013795,82.87847307686378,,1.0
bts,2,test,2024-06-02,0.03,MappedPTO2026,30.0,23.047675618693948,52.125150358715324,77.42092662395734,71.66993476809006,,1.0
bts,2,test,2024-06-02,0.03,GroupAware2025,30.0,19.862834361030693,49.798713827714714,74.00783829188003,68.83109491918981,,1.0
bts,2,test,2024-06-02,0.03,RobustImprovement2025,30.0,23.461402330479604,134.98809158964508,200.6994294221742,187.3291197049739,,1.0
bts,2,test,2024-06-02,0.05,StructuralRobust,50.0,202.21082371467577,95.27234749844078,141.9835590682394,135.0463427225762,0.0,1.0
bts,2,test,2024-06-02,0.05,ExpectedActionValue,50.0,179.54734868237998,33.681633636633634,49.03425143775144,37.87275880875882,,1.0
bts,2,test,2024-06-02,0.05,PointwiseWorstAction,50.0,179.34768323530298,33.68163363663364,49.034251437751436,37.872758808758796,,1.0
bts,2,test,2024-06-02,0.05,ScenarioCVaR,50.0,179.34768323530298,33.68163363663364,49.034251437751436,37.872758808758796,,1.0
bts,2,test,2024-06-02,0.05,RiskFirst,50.0,35.12220747983965,95.89943083177411,142.33876740157274,131.01092605590955,,1.0
bts,2,test,2024-06-02,0.05,TemporalContext2024,50.0,35.056667018064886,92.18693083177409,136.92001740157272,126.71717605590958,,1.0
bts,2,test,2024-06-02,0.05,NetworkPropagation2024,50.0,33.32100653222555,95.27234749844078,141.9835590682394,135.0463427225762,,1.0
bts,2,test,2024-06-02,0.05,CalibratedUncertainty2025,50.0,37.45055290922907,86.61844368170678,129.16243307286814,123.4231897001779,,1.0
bts,2,test,2024-06-02,0.05,MappedPTO2026,50.0,33.569432590061595,128.42736768933653,191.28067268791634,181.07783134225312,,1.0
bts,2,test,2024-06-02,0.05,GroupAware2025,50.0,35.00352025182038,109.2494308317741,162.36376740157277,151.03592605590958,,1.0
bts,2,test,2024-06-02,0.05,RobustImprovement2025,50.0,34.08969256241532,172.63264002128594,256.90663668502003,241.58921158320433,,1.0
bts,2,test,2024-06-02,0.1,StructuralRobust,100.0,301.920920774588,191.3972586918707,284.2705064945313,263.0801449199705,0.0,1.0
bts,2,test,2024-06-02,0.1,ExpectedActionValue,100.0,258.2548220258356,79.96703536110226,118.26900870071336,105.65742614366317,,1.0
bts,2,test,2024-06-02,0.1,PointwiseWorstAction,100.0,258.61463337922066,79.64788642493205,117.79028529645802,105.17870273940783,,1.0
bts,2,test,2024-06-02,0.1,ScenarioCVaR,100.0,258.61463337922066,79.64788642493205,117.79028529645802,105.17870273940783,,1.0
bts,2,test,2024-06-02,0.1,RiskFirst,100.0,71.06461045015006,223.60372560331405,332.58020686169624,311.38984528713536,,1.0
bts,2,test,2024-06-02,0.1,TemporalContext2024,100.0,65.15965113432932,286.7913919857891,427.6690120807545,408.7834428462859,,1.0
bts,2,test,2024-06-02,0.1,NetworkPropagation2024,100.0,62.05350056178226,191.3972586918707,284.2705064945313,263.0801449199705,,1.0
bts,2,test,2024-06-02,0.1,CalibratedUncertainty2025,100.0,66.80939744471723,303.103474431446,451.6559736420105,431.6366886033228,,1.0
bts,2,test,2024-06-02,0.1,MappedPTO2026,100.0,68.07755971050635,228.6522104517989,340.1529341344235,318.96257255986274,,1.0
bts,2,test,2024-06-02,0.1,GroupAware2025,100.0,69.63260647512553,217.13674624121273,323.3484995446231,305.6738509156533,,1.0
bts,2,test,2024-06-02,0.1,RobustImprovement2025,100.0,68.28100664901594,281.51530183774787,417.857120478619,389.9633783935992,,1.0
bts,2,test,2024-06-02,0.2,StructuralRobust,200.0,254.6099111419136,419.1071443568215,619.4454576507376,559.0622660170288,0.0,1.0
bts,2,test,2024-06-02,0.2,ExpectedActionValue,200.0,371.7353473749898,163.23968163918607,241.580782206866,216.99023031751773,,1.0
bts,2,test,2024-06-02,0.2,PointwiseWorstAction,200.0,372.08822673560985,157.50672709373154,233.10066857050236,209.40500304479045,,1.0
bts,2,test,2024-06-02,0.2,ScenarioCVaR,200.0,372.08822673560985,157.50672709373154,233.10066857050236,209.40500304479045,,1.0
bts,2,test,2024-06-02,0.2,RiskFirst,200.0,125.36797117226956,333.3625548001901,494.6129809015406,459.10659616095666,,1.0
bts,2,test,2024-06-02,0.2,TemporalContext2024,200.0,124.4396700783035,439.8525849376143,654.2211854115591,617.7634954500917,,1.0
bts,2,test,2024-06-02,0.2,NetworkPropagation2024,200.0,157.26861202795982,333.1497473695255,493.7226159093899,453.9325773226522,,1.0
bts,2,test,2024-06-02,0.2,CalibratedUncertainty2025,200.0,129.34250080353607,429.36318627156885,637.9889708893743,597.7954070045328,,1.0
bts,2,test,2024-06-02,0.2,MappedPTO2026,200.0,121.07367013695752,402.81699516173734,598.7978373777803,563.3154221415875,,1.0
bts,2,test,2024-06-02,0.2,GroupAware2025,200.0,124.5613795581771,330.96300237052264,490.56473921356104,451.69150664689005,,1.0
bts,2,test,2024-06-02,0.2,RobustImprovement2025,200.0,123.67702579043625,379.97332032437026,563.6073251217294,521.1874098855367,,1.0
bts,2,test,2024-06-03,0.01,StructuralRobust,10.0,72.58007106543647,6.45,9.225,8.325,0.0,1.0
bts,2,test,2024-06-03,0.01,ExpectedActionValue,10.0,48.2517558816266,3.55,5.225,4.4750000000000005,,1.0
bts,2,test,2024-06-03,0.01,PointwiseWorstAction,10.0,48.2517558816266,3.55,5.225,4.4750000000000005,,1.0
bts,2,test,2024-06-03,0.01,ScenarioCVaR,10.0,48.2517558816266,3.55,5.225,4.4750000000000005,,1.0
bts,2,test,2024-06-03,0.01,RiskFirst,10.0,6.415416325592431,3.8000000000000003,5.7,5.699999999999999,,1.0
bts,2,test,2024-06-03,0.01,TemporalContext2024,10.0,6.36201531081058,5.550000000000001,8.325,8.325,,1.0
bts,2,test,2024-06-03,0.01,NetworkPropagation2024,10.0,5.993620725891788,3.8000000000000003,5.7,5.699999999999999,,1.0
bts,2,test,2024-06-03,0.01,CalibratedUncertainty2025,10.0,7.128646796255867,0.0,0.0,0.0,,1.0
bts,2,test,2024-06-03,0.01,MappedPTO2026,10.0,5.3628474427842034,5.550000000000001,8.325,8.325,,1.0
bts,2,test,2024-06-03,0.01,GroupAware2025,10.0,6.415416325592431,3.8000000000000003,5.7,5.699999999999999,,1.0
bts,2,test,2024-06-03,0.01,RobustImprovement2025,10.0,6.123810549838623,4.7,6.6,5.7,,1.0
bts,2,test,2024-06-03,0.03,StructuralRobust,30.0,127.88388949355812,34.10631313131314,50.57108585858586,48.633207070707066,0.0,1.0
bts,2,test,2024-06-03,0.03,ExpectedActionValue,30.0,104.51173729354015,21.1,31.45,29.949999999999996,,1.0
bts,2,test,2024-06-03,0.03,PointwiseWorstAction,30.0,105.34628376759544,20.425,30.2125,27.025000000000002,,1.0
bts,2,test,2024-06-03,0.03,ScenarioCVaR,30.0,105.34628376759544,20.425,30.2125,27.025000000000002,,1.0
bts,2,test,2024-06-03,0.03,RiskFirst,30.0,17.482280730534836,37.01386030112445,54.869199066133035,52.45726367448066,,1.0
bts,2,test,2024-06-03,0.03,TemporalContext2024,30.0,17.904418976059407,31.1,46.125,44.6625,,1.0
bts,2,test,2024-06-03,0.03,NetworkPropagation2024,30.0,18.316651337070116,36.85631313131314,55.14608585858586,54.10820707070706,,1.0
bts,2,test,2024-06-03,0.03,CalibratedUncertainty2025,30.0,19.548366761952522,40.70754716981133,60.47311320754717,58.53655660377358,,1.0
bts,2,test,2024-06-03,0.03,MappedPTO2026,30.0,17.794831278495,32.10631313131313,47.94608585858586,46.34570707070708,,1.0
bts,2,test,2024-06-03,0.03,GroupAware2025,30.0,17.26541280290358,28.225,41.8875,40.987500000000004,,1.0
bts,2,test,2024-06-03,0.03,RobustImprovement2025,30.0,17.21779547739097,56.46156818181819,83.17110732323232,74.23677020202018,,1.0
bts,2,test,2024-06-03,0.05,StructuralRobust,50.0,191.50475527619915,66.93936535162952,99.17134553077949,92.36357680579378,0.0,1.0
bts,2,test,2024-06-03,0.05,ExpectedActionValue,50.0,148.43244247852292,43.41049618320611,64.44074427480916,59.37824427480916,,1.0
bts,2,test,2024-06-03,0.05,PointwiseWorstAction,50.0,148.64715064008607,41.76049618320611,61.96574427480916,56.90324427480916,,1.0
bts,2,test,2024-06-03,0.05,ScenarioCVaR,50.0,148.64715064008607,41.76049618320611,61.96574427480916,56.90324427480916,,1.0
bts,2,test,2024-06-03,0.05,RiskFirst,50.0,30.718565470575882,68.06386030112446,101.14419906613304,96.48226367448066,,1.0
bts,2,test,2024-06-03,0.05,TemporalContext2024,50.0,30.986124402094642,59.63886030112446,88.73169906613303,85.75726367448067,,1.0
bts,2,test,2024-06-03,0.05,NetworkPropagation2024,50.0,30.20071225365691,66.93936535162952,99.17134553077949,92.36357680579378,,1.0
bts,2,test,2024-06-03,0.05,CalibratedUncertainty2025,50.0,34.158678494814744,75.93561030112447,113.02307406613303,108.89551367448065,,1.0
bts,2,test,2024-06-03,0.05,MappedPTO2026,50.0,30.87976261632425,61.63886030112445,91.53169906613303,87.05726367448068,,1.0
bts,2,test,2024-06-03,0.05,GroupAware2025,50.0,31.38537732519081,60.288860301124465,89.55669906613304,85.45726367448066,,1.0
bts,2,test,2024-06-03,0.05,RobustImprovement2025,50.0,36.97199523147624,86.23138807890223,127.09308416714313,112.66309953306654,,1.0
bts,2,test,2024-06-03,0.1,StructuralRobust,100.0,284.0273279259378,159.6622780128873,236.96076053153536,220.44083687306838,0.0,1.0
bts,2,test,2024-06-03,0.1,ExpectedActionValue,100.0,231.66344716852112,90.53627692033773,134.60240940526117,125.58736459092056,,1.0
bts,2,test,2024-06-03,0.1,PointwiseWorstAction,100.0,231.5567315411447,91.67795264300672,135.86679214814316,123.49076602539132,,1.0
bts,2,test,2024-06-03,0.1,ScenarioCVaR,100.0,231.5567315411447,91.67795264300672,135.86679214814316,123.49076602539132,,1.0
bts,2,test,2024-06-03,0.1,RiskFirst,100.0,65.52629873249502,137.29788910199488,203.70192661087304,189.34012379497824,,1.0
bts,2,test,2024-06-03,0.1,TemporalContext2024,100.0,64.24492233542844,127.02238405148985,188.6247801462266,176.78381066366518,,1.0
bts,2,test,2024-06-03,0.1,NetworkPropagation2024,100.0,62.17762341267589,159.6622780128873,236.96076053153536,220.44083687306838,,1.0
bts,2,test,2024-06-03,0.1,CalibratedUncertainty2025,100.0,63.554871976822746,132.88972862986833,197.92573043248825,189.83426159013152,,1.0
bts,2,test,2024-06-03,0.1,MappedPTO2026,100.0,65.761758818464,138.89503195913773,206.09764089658734,191.73583808069253,,1.0
bts,2,test,2024-06-03,0.1,GroupAware2025,100.0,62.395503472290166,136.96520207071634,203.56048604830573,191.8806081150399,,1.0
bts,2,test,2024-06-03,0.1,RobustImprovement2025,100.0,67.99681905145675,151.67284795631633,224.06888348791603,200.7409701387275,,1.0
bts,2,test,2024-06-03,0.2,StructuralRobust,201.0,225.43267344077404,224.87304628480751,332.8196815930228,301.6205228366084,0.0,1.0
bts,2,test,2024-06-03,0.2,ExpectedActionValue,201.0,352.2831607871127,160.75651969783058,237.85765477359814,216.02921897499027,,1.0
bts,2,test,2024-06-03,0.2,PointwiseWorstAction,201.0,352.28573235199593,167.8429841466238,248.48735144678795,226.65891564818014,,1.0
bts,2,test,2024-06-03,0.2,ScenarioCVaR,201.0,352.28573235199593,167.8429841466238,248.48735144678795,226.65891564818014,,1.0
bts,2,test,2024-06-03,0.2,RiskFirst,201.0,136.76202899049898,242.5116498415161,360.33350144879324,337.0537015976866,,1.0
bts,2,test,2024-06-03,0.2,TemporalContext2024,201.0,129.07845776583412,219.5441473566512,325.6483767537539,300.61454464458274,,1.0
bts,2,test,2024-06-03,0.2,NetworkPropagation2024,201.0,134.23256898415497,243.22438038582558,361.45926393192417,338.6044640808175,,1.0
bts,2,test,2024-06-03,0.2,CalibratedUncertainty2025,201.0,123.38700764864794,245.28381163856233,364.4143949157511,340.55447585005805,,1.0
bts,2,test,2024-06-03,0.2,MappedPTO2026,201.0,136.37487870728052,252.61685448181814,375.3432707748378,350.95318866566674,,1.0
bts,2,test,2024-06-03,0.2,GroupAware2025,201.0,134.6790642525553,254.93389075859128,378.96686282440595,355.687062973299,,1.0
bts,2,test,2024-06-03,0.2,RobustImprovement2025,201.0,124.36018854650482,188.59576217488276,279.3032548157656,254.85034146657708,,1.0
bts,2,test,2024-06-04,0.01,StructuralRobust,10.0,46.48984828358113,8.725000000000001,12.8125,10.75,0.0,1.0
bts,2,test,2024-06-04,0.01,ExpectedActionValue,10.0,48.552753514927,19.028947368421054,28.54342105263158,28.543421052631576,,1.0
bts,2,test,2024-06-04,0.01,PointwiseWorstAction,10.0,50.35509806003542,7.6000000000000005,11.4,11.399999999999999,,1.0
bts,2,test,2024-06-04,0.01,ScenarioCVaR,10.0,50.35509806003542,7.6000000000000005,11.4,11.399999999999999,,1.0
bts,2,test,2024-06-04,0.01,RiskFirst,10.0,5.013248811934163,6.65,9.925,9.549999999999999,,1.0
bts,2,test,2024-06-04,0.01,TemporalContext2024,10.0,4.792748599855802,17.441509433962267,26.112264150943396,25.73726415094339,,1.0
bts,2,test,2024-06-04,0.01,NetworkPropagation2024,10.0,5.136878559467435,6.65,9.925,9.549999999999999,,1.0
bts,2,test,2024-06-04,0.01,CalibratedUncertainty2025,10.0,6.871286824570929,2.7,3.9000000000000004,2.7750000000000004,,1.0
bts,2,test,2024-06-04,0.01,MappedPTO2026,10.0,6.618459466391071,0.4,0.65,0.6,,1.0
bts,2,test,2024-06-04,0.01,GroupAware2025,10.0,5.013248811934164,6.65,9.925,9.549999999999999,,1.0
bts,2,test,2024-06-04,0.01,RobustImprovement2025,10.0,6.434089543414756,3.575,4.8375,2.625,,1.0
bts,2,test,2024-06-04,0.03,StructuralRobust,29.0,97.21852905136757,25.33663138518178,37.44275195582145,33.2262885411873,0.0,1.0
bts,2,test,2024-06-04,0.03,ExpectedActionValue,29.0,98.47672633442293,102.03462918660287,152.8309210526316,151.43887559808613,,1.0
bts,2,test,2024-06-04,0.03,PointwiseWorstAction,29.0,97.76396866235375,102.03462918660287,152.8309210526316,151.43887559808613,,1.0
bts,2,test,2024-06-04,0.03,ScenarioCVaR,29.0,97.76396866235375,102.03462918660287,152.8309210526316,151.43887559808613,,1.0
bts,2,test,2024-06-04,0.03,RiskFirst,29.0,20.939947892274798,27.286631385181778,40.36775195582145,36.15128854118729,,1.0
bts,2,test,2024-06-04,0.03,TemporalContext2024,29.0,22.270366867278867,25.166509433962265,37.22476415094339,33.287264150943386,,1.0
bts,2,test,2024-06-04,0.03,NetworkPropagation2024,29.0,23.92697052778954,36.76557875360283,54.58617300845303,50.369709593818875,,1.0
bts,2,test,2024-06-04,0.03,CalibratedUncertainty2025,29.0,18.090621960635218,18.59512195121951,27.330487804878047,23.114024390243905,,1.0
bts,2,test,2024-06-04,0.03,MappedPTO2026,29.0,20.561266943431974,25.886631385181776,38.31775195582144,34.4762885411873,,1.0
bts,2,test,2024-06-04,0.03,GroupAware2025,29.0,23.689500477674017,36.59545680238332,54.368185203574974,50.430685203574974,,1.0
bts,2,test,2024-06-04,0.03,RobustImprovement2025,29.0,22.07522465121316,31.1072196204759,45.42216372052733,36.132170894128464,,1.0
bts,2,test,2024-06-04,0.05,StructuralRobust,49.0,157.67048468086315,39.57587287124989,58.80161418492362,54.58515077028947,0.0,1.0
bts,2,test,2024-06-04,0.05,ExpectedActionValue,49.0,135.61595372219273,118.84665982006209,177.80804601904225,174.60909318616086,,1.0
bts,2,test,2024-06-04,0.05,PointwiseWorstAction,49.0,135.51951528570325,127.1404582696745,190.41541036012754,188.4664575272461,,1.0
bts,2,test,2024-06-04,0.05,ScenarioCVaR,49.0,135.51951528570325,127.1404582696745,190.41541036012754,188.4664575272461,,1.0
bts,2,test,2024-06-04,0.05,RiskFirst,49.0,37.727095749662766,49.30436380033181,73.39435057854648,69.17788716391232,,1.0
bts,2,test,2024-06-04,0.05,TemporalContext2024,49.0,35.99544985590604,50.604363800331804,75.34435057854648,71.12788716391233,,1.0
bts,2,test,2024-06-04,0.05,NetworkPropagation2024,49.0,34.16649409702387,39.57587287124989,58.80161418492362,54.58515077028947,,1.0
bts,2,test,2024-06-04,0.05,CalibratedUncertainty2025,49.0,38.082789196454044,44.11557875360283,65.36117300845302,59.26970959381889,,1.0
bts,2,test,2024-06-04,0.05,MappedPTO2026,49.0,35.084527662522646,38.71557875360283,57.511173008453014,53.29470959381888,,1.0
bts,2,test,2024-06-04,0.05,GroupAware2025,49.0,35.5241843382213,38.71557875360283,57.511173008453014,53.29470959381888,,1.0
bts,2,test,2024-06-04,0.05,RobustImprovement2025,49.0,34.726104016726474,65.9224710815852,97.00186446942874,83.41929832231085,,1.0
bts,2,test,2024-06-04,0.1,StructuralRobust,97.0,246.1548748355769,104.43676346835093,154.65651158851168,140.19800948340128,0.0,1.0
bts,2,test,2024-06-04,0.1,ExpectedActionValue,97.0,210.42698140474943,159.7155510108908,237.96138280528533,228.99992997240395,,1.0
bts,2,test,2024-06-04,0.1,PointwiseWorstAction,97.0,210.52808429325398,161.15930101089083,240.12700780528536,231.16555497240392,,1.0
bts,2,test,2024-06-04,0.1,ScenarioCVaR,97.0,210.52808429325398,161.15930101089083,240.12700780528536,231.16555497240392,,1.0
bts,2,test,2024-06-04,0.1,RiskFirst,97.0,66.96527130394237,107.08676346835091,158.78151158851165,145.44800948340134,,1.0
bts,2,test,2024-06-04,0.1,TemporalContext2024,97.0,63.05024072188066,101.01104231450475,149.90230485774242,138.3266152526321,,1.0
bts,2,test,2024-06-04,0.1,NetworkPropagation2024,97.0,65.03287478997545,104.43676346835093,154.65651158851168,140.19800948340128,,1.0
bts,2,test,2024-06-04,0.1,CalibratedUncertainty2025,97.0,70.43999393059843,107.65179430850156,158.9948076431366,140.9044289960187,,1.0
bts,2,test,2024-06-04,0.1,MappedPTO2026,97.0,66.81654224858008,122.36551994503482,181.69964630353752,168.3661441984272,,1.0
bts,2,test,2024-06-04,0.1,GroupAware2025,97.0,66.8387860839634,108.83676346835092,161.35651158851167,147.64800948340132,,1.0
bts,2,test,2024-06-04,0.1,RobustImprovement2025,97.0,66.84313626133516,124.2159609751682,183.6074465320255,163.76498455157437,,1.0
bts,2,test,2024-06-04,0.2,StructuralRobust,194.0,206.03933120490714,199.4964830250286,294.31202743251055,262.9946837601526,0.0,1.0
bts,2,test,2024-06-04,0.2,ExpectedActionValue,194.0,318.28224383873845,219.61480553600882,327.2008895929624,315.04412426008105,,1.0
bts,2,test,2024-06-04,0.2,PointwiseWorstAction,194.0,318.5892683028251,217.85262199170504,324.22011427650676,309.53209894362544,,1.0
bts,2,test,2024-06-04,0.2,ScenarioCVaR,194.0,318.5892683028251,217.85262199170504,324.22011427650676,309.53209894362544,,1.0
bts,2,test,2024-06-04,0.2,RiskFirst,194.0,125.33222127681633,192.47814807585277,285.76461607194125,264.15132075815677,,1.0
bts,2,test,2024-06-04,0.2,TemporalContext2024,194.0,125.71340507578617,209.8839961911521,311.6699791539812,288.5311156583785,,1.0
bts,2,test,2024-06-04,0.2,NetworkPropagation2024,194.0,130.17344453252684,210.49126267128446,312.5037324095332,290.161270429082,,1.0
bts,2,test,2024-06-04,0.2,CalibratedUncertainty2025,194.0,130.7820991403732,197.91302921832477,293.9671398058513,272.73035964358183,,1.0
bts,2,test,2024-06-04,0.2,MappedPTO2026,194.0,129.8229728002419,182.0241697371183,269.9677394729305,247.4851259773278,,1.0
bts,2,test,2024-06-04,0.2,GroupAware2025,194.0,125.37742016033918,194.95314807585282,289.3521160719413,266.8013207581567,,1.0
bts,2,test,2024-06-04,0.2,RobustImprovement2025,194.0,127.92438190057086,211.2825881994716,314.0965412146345,293.42273308033725,,1.0
bts,2,test,2024-06-05,0.01,StructuralRobust,10.0,90.56484958885207,13.029056795131847,19.506820486815414,19.231085192697766,0.0,1.0
bts,2,test,2024-06-05,0.01,ExpectedActionValue,10.0,67.16971608377833,25.375,37.7375,35.3,,1.0
bts,2,test,2024-06-05,0.01,PointwiseWorstAction,10.0,67.16971608377833,25.375,37.7375,35.3,,1.0
bts,2,test,2024-06-05,0.01,ScenarioCVaR,10.0,67.16971608377833,25.375,37.7375,35.3,,1.0
bts,2,test,2024-06-05,0.01,RiskFirst,10.0,4.80506413730315,13.029056795131847,19.506820486815414,19.231085192697766,,1.0
bts,2,test,2024-06-05,0.01,TemporalContext2024,10.0,4.198510918431889,13.029056795131847,19.506820486815414,19.231085192697766,,1.0
bts,2,test,2024-06-05,0.01,NetworkPropagation2024,10.0,2.987887598512048,13.029056795131847,19.506820486815414,19.231085192697766,,1.0
bts,2,test,2024-06-05,0.01,CalibratedUncertainty2025,10.0,3.0849855865180498,16.654056795131844,24.919320486815415,24.45608519269777,,1.0
bts,2,test,2024-06-05,0.01,MappedPTO2026,10.0,2.620443069515106,10.771056795131845,16.119820486815414,15.844085192697769,,1.0
bts,2,test,2024-06-05,0.01,GroupAware2025,10.0,4.80506413730315,13.029056795131847,19.506820486815414,19.231085192697766,,1.0
bts,2,test,2024-06-05,0.01,RobustImprovement2025,10.0,3.3517911049748754,13.029056795131847,19.506820486815414,19.231085192697766,,1.0
bts,2,test,2024-06-05,0.03,StructuralRobust,29.0,170.70386606589514,38.404013605763076,57.569255702762256,57.29352040864462,0.0,1.0
bts,2,test,2024-06-05,0.03,ExpectedActionValue,29.0,119.36812870831405,51.36867576613479,76.52689424621713,72.58099872382905,,1.0
bts,2,test,2024-06-05,0.03,PointwiseWorstAction,29.0,119.24046730549091,51.677766675225705,76.80871242803529,71.49918054201089,,1.0
bts,2,test,2024-06-05,0.03,ScenarioCVaR,29.0,119.24046730549091,51.677766675225705,76.80871242803529,71.49918054201089,,1.0
bts,2,test,2024-06-05,0.03,RiskFirst,29.0,13.300017503490379,43.269994524069574,64.868227080222,64.59249178610435,,1.0
bts,2,test,2024-06-05,0.03,TemporalContext2024,29.0,12.212329982772923,46.3645907973615,69.51012149015989,69.23438619604224,,1.0
bts,2,test,2024-06-05,0.03,NetworkPropagation2024,29.0,12.60134173526777,32.10401360576307,48.11925570276226,47.84352040864462,,1.0
bts,2,test,2024-06-05,0.03,CalibratedUncertainty2025,29.0,16.702939860219576,31.95987074862021,47.87804141704797,47.41480612293034,,1.0
bts,2,test,2024-06-05,0.03,MappedPTO2026,29.0,16.440707724912023,42.163730218975836,63.1713306225814,62.61434532846378,,1.0
bts,2,test,2024-06-05,0.03,GroupAware2025,29.0,13.373027720039845,45.642851666926724,68.42751279450772,68.15177750039007,,1.0
bts,2,test,2024-06-05,0.03,RobustImprovement2025,29.0,14.024039940710429,46.704062899189225,68.56620464290148,64.96234434878384,,1.0
bts,2,test,2024-06-05,0.05,StructuralRobust,48.0,272.8627007644826,70.84668702960707,106.19576583852825,105.6387805444106,0.0,1.0
bts,2,test,2024-06-05,0.05,ExpectedActionValue,48.0,161.37842946870487,67.54205238951141,100.25514099946386,92.32060911343942,,1.0
bts,2,test,2024-06-05,0.05,PointwiseWorstAction,48.0,160.50708674876728,66.14919524665427,98.16585528517814,90.23132339915372,,1.0
bts,2,test,2024-06-05,0.05,ScenarioCVaR,48.0,160.50708674876728,66.14919524665427,98.16585528517814,90.23132339915372,,1.0
bts,2,test,2024-06-05,0.05,RiskFirst,48.0,23.30140580381,80.61842616004184,120.8533745341804,120.29638924006277,,1.0
bts,2,test,2024-06-05,0.05,TemporalContext2024,48.0,24.03901404176189,78.61261220655346,117.84465360394785,117.28766830983021,,1.0
bts,2,test,2024-06-05,0.05,NetworkPropagation2024,48.0,25.18165241386716,70.84668702960707,106.19576583852825,105.6387805444106,,1.0
bts,2,test,2024-06-05,0.05,CalibratedUncertainty2025,48.0,25.109138046523874,80.2879410556351,120.1988440606689,118.45083763979072,,1.0
bts,2,test,2024-06-05,0.05,MappedPTO2026,48.0,25.991995154848134,70.23092616004185,103.81899953418043,99.93388924006281,,1.0
bts,2,test,2024-06-05,0.05,GroupAware2025,48.0,23.280821745275485,81.43092616004185,120.61899953418043,116.73388924006278,,1.0
bts,2,test,2024-06-05,0.05,RobustImprovement2025,48.0,20.685439052227238,86.4563818126701,127.29838019622142,116.97224877534323,,1.0
bts,2,test,2024-06-05,0.1,StructuralRobust,96.0,375.378633822974,151.1955783573027,224.2003733937371,214.44822982710988,0.0,1.0
bts,2,test,2024-06-05,0.1,ExpectedActionValue,96.0,235.843773559065,142.24179730715332,211.84328778769142,200.44772648990227,,1.0
bts,2,test,2024-06-05,0.1,PointwiseWorstAction,96.0,236.37579854418817,145.75945908981515,217.136806605475,205.86894138611717,,1.0
bts,2,test,2024-06-05,0.1,ScenarioCVaR,96.0,236.37579854418817,145.75945908981515,217.136806605475,205.86894138611717,,1.0
bts,2,test,2024-06-05,0.1,RiskFirst,96.0,54.33802853778569,154.84093226809773,229.78090425992968,220.87251069330256,,1.0
bts,2,test,2024-06-05,0.1,TemporalContext2024,96.0,56.69875046298981,152.1560231771887,225.77854062356613,217.05764705693892,,1.0
bts,2,test,2024-06-05,0.1,NetworkPropagation2024,96.0,48.83450594916535,151.1955783573027,224.2003733937371,214.44822982710988,,1.0
bts,2,test,2024-06-05,0.1,CalibratedUncertainty2025,96.0,56.58438272639719,170.16364441740615,253.90178341119883,245.94915929937122,,1.0
bts,2,test,2024-06-05,0.1,MappedPTO2026,96.0,54.33802853778569,154.84093226809776,229.78090425992974,220.8725106933027,,1.0
bts,2,test,2024-06-05,0.1,GroupAware2025,96.0,57.70476887101649,148.12843226809778,219.77465425992978,211.33501069330262,,1.0
bts,2,test,2024-06-05,0.1,RobustImprovement2025,96.0,52.239909054594044,187.43721126774545,275.90660595993245,246.23283639728942,,1.0
bts,2,test,2024-06-05,0.2,StructuralRobust,192.0,300.886325987225,338.7788776254495,500.31268355772374,451.09074945434446,0.0,1.0
bts,2,test,2024-06-05,0.2,ExpectedActionValue,192.0,339.81977091850166,292.83683250245736,435.88765953512944,410.6307403959554,,1.0
bts,2,test,2024-06-05,0.2,PointwiseWorstAction,192.0,339.91254742125943,292.7868325024574,435.8126595351294,410.55574039595535,,1.0
bts,2,test,2024-06-05,0.2,ScenarioCVaR,192.0,339.91254742125943,292.7868325024574,435.8126595351294,410.55574039595535,,1.0
bts,2,test,2024-06-05,0.2,RiskFirst,192.0,115.14989163027437,294.9171463830156,437.0449252253306,406.75928010638324,,1.0
bts,2,test,2024-06-05,0.2,TemporalContext2024,192.0,121.33129800247562,300.162123655743,445.2769744677549,417.7257043488073,,1.0
bts,2,test,2024-06-05,0.2,NetworkPropagation2024,192.0,118.19982943630023,301.3159222366005,447.25767233904105,421.58140222009365,,1.0
bts,2,test,2024-06-05,0.2,CalibratedUncertainty2025,192.0,123.7227174826687,294.35008534708425,436.12341076144145,405.30584381755364,,1.0
bts,2,test,2024-06-05,0.2,MappedPTO2026,192.0,111.66710394050098,297.82276088345765,441.3597130237391,410.7468132628822,,1.0
bts,2,test,2024-06-05,0.2,GroupAware2025,192.0,113.2376279666637,290.89077217284364,431.5268287550687,405.152169973593,,1.0
bts,2,test,2024-06-05,0.2,RobustImprovement2025,192.0,114.17495372300772,326.8340451677147,483.7473986434044,444.66519283214683,,1.0
bts,2,test,2024-06-06,0.01,StructuralRobust,10.0,65.02810881436658,10.760729548229548,14.883829365079366,6.286324786324787,0.0,1.0
bts,2,test,2024-06-06,0.01,ExpectedActionValue,10.0,55.73685167891961,7.6000000000000005,10.8,6.3,,1.0
bts,2,test,2024-06-06,0.01,PointwiseWorstAction,10.0,55.7368516789196,7.6000000000000005,10.8,6.3,,1.0
bts,2,test,2024-06-06,0.01,ScenarioCVaR,10.0,55.7368516789196,7.6000000000000005,10.8,6.3,,1.0
bts,2,test,2024-06-06,0.01,RiskFirst,10.0,3.8240406062839973,8.510729548229548,11.958829365079364,5.904342185592187,,1.0
bts,2,test,2024-06-06,0.01,TemporalContext2024,10.0,3.8240406062839973,8.510729548229548,11.958829365079364,5.904342185592187,,1.0
bts,2,test,2024-06-06,0.01,NetworkPropagation2024,10.0,4.640860894014637,22.573453562566463,33.05291538658474,26.99842820709756,,1.0
bts,2,test,2024-06-06,0.01,CalibratedUncertainty2025,10.0,3.2385735095168773,5.0598214285714285,7.542410714285714,7.1875,,1.0
bts,2,test,2024-06-06,0.01,MappedPTO2026,10.0,5.495035074335989,17.10599324510615,25.312836021505376,22.71668217535153,,1.0
bts,2,test,2024-06-06,0.01,GroupAware2025,10.0,3.8240406062839973,8.510729548229548,11.958829365079364,5.904342185592187,,1.0
bts,2,test,2024-06-06,0.01,RobustImprovement2025,10.0,3.8639469630732703,8.510729548229548,11.958829365079364,5.904342185592187,,1.0
bts,2,test,2024-06-06,0.03,StructuralRobust,31.0,132.00259210204422,47.44456170889013,68.73578558926351,50.50285828372592,0.0,1.0
bts,2,test,2024-06-06,0.03,ExpectedActionValue,31.0,114.36585832597112,29.461469115900226,43.14220367385033,35.26720367385033,,1.0
bts,2,test,2024-06-06,0.03,PointwiseWorstAction,31.0,114.6561042186268,18.12411971830986,26.136179577464787,18.26117957746479,,1.0
bts,2,test,2024-06-06,0.03,ScenarioCVaR,31.0,114.6561042186268,18.12411971830986,26.136179577464787,18.26117957746479,,1.0
bts,2,test,2024-06-06,0.03,RiskFirst,31.0,15.719935153395822,44.119358869133535,64.39945191786391,51.05255402409102,,1.0
bts,2,test,2024-06-06,0.03,TemporalContext2024,31.0,15.885979803786764,41.07445146172613,59.83209080675282,46.485192912979926,,1.0
bts,2,test,2024-06-06,0.03,NetworkPropagation2024,31.0,15.044969692284079,40.506009343499514,58.926749057984324,45.18476187849717,,1.0
bts,2,test,2024-06-06,0.03,CalibratedUncertainty2025,31.0,18.413155166742555,31.676898551673222,46.84687255278455,41.833307992345,,1.0
bts,2,test,2024-06-06,0.03,MappedPTO2026,31.0,13.618656012988362,46.190682398545306,67.55643721198157,54.58453931820867,,1.0
bts,2,test,2024-06-06,0.03,GroupAware2025,31.0,15.326662013679659,44.744358869133535,65.21195191786391,50.92755402409102,,1.0
bts,2,test,2024-06-06,0.03,RobustImprovement2025,31.0,17.14655403741833,30.49928191362015,42.492865896358545,19.134938590820948,,1.0
bts,2,test,2024-06-06,0.05,StructuralRobust,51.0,193.39268641672683,55.61956170889011,80.8232855892635,61.27785828372593,0.0,1.0
bts,2,test,2024-06-06,0.05,ExpectedActionValue,51.0,156.59602542608212,39.44351361461139,58.11527042191709,50.24027042191709,,1.0
bts,2,test,2024-06-06,0.05,PointwiseWorstAction,51.0,157.09038283118807,43.07805906915684,63.067088603735264,54.192088603735264,,1.0
bts,2,test,2024-06-06,0.05,ScenarioCVaR,51.0,157.09038283118807,43.07805906915684,63.067088603735264,54.192088603735264,,1.0
bts,2,test,2024-06-06,0.05,RiskFirst,51.0,23.172898378484927,65.01228733681691,95.01237403115368,76.21694672561608,,1.0
bts,2,test,2024-06-06,0.05,TemporalContext2024,51.0,25.385307286476817,65.01228733681691,95.01237403115368,76.21694672561608,,1.0
bts,2,test,2024-06-06,0.05,NetworkPropagation2024,51.0,23.82669308050468,55.61956170889011,80.8232855892635,61.27785828372593,,1.0
bts,2,test,2024-06-06,0.05,CalibratedUncertainty2025,51.0,24.19257561305987,71.58863143665111,105.17836076914028,88.6439628753674,,1.0
bts,2,test,2024-06-06,0.05,MappedPTO2026,51.0,21.929731922033756,66.92481215767505,97.63922264550229,77.02925571292509,,1.0
bts,2,test,2024-06-06,0.05,GroupAware2025,51.0,24.452518631838437,72.67187853178547,106.5767608236065,88.34383351806889,,1.0
bts,2,test,2024-06-06,0.05,RobustImprovement2025,51.0,30.196477228462765,60.75924679627636,87.50781322034287,61.33738591480528,,1.0
bts,2,test,2024-06-06,0.1,StructuralRobust,103.0,288.5494026673351,168.48225854946475,249.55039223318687,225.75292530060972,0.0,1.0
bts,2,test,2024-06-06,0.1,ExpectedActionValue,103.0,240.4804927259268,90.57214156471642,133.88154568040795,121.806545680408,,1.0
bts,2,test,2024-06-06,0.1,PointwiseWorstAction,103.0,240.5050380543688,78.41732651326484,115.64932310323057,103.57432310323057,,1.0
bts,2,test,2024-06-06,0.1,ScenarioCVaR,103.0,240.5050380543688,78.41732651326484,115.64932310323057,103.57432310323057,,1.0
bts,2,test,2024-06-06,0.1,RiskFirst,103.0,52.59587302839988,162.19376847146597,239.9676571161887,215.04519018361148,,1.0
bts,2,test,2024-06-06,0.1,TemporalContext2024,103.0,48.98143539503015,186.82335753661536,277.23704071391273,254.75207378133555,,1.0
bts,2,test,2024-06-06,0.1,NetworkPropagation2024,103.0,48.19164196398394,168.48225854946475,249.55039223318687,225.75292530060972,,1.0
bts,2,test,2024-06-06,0.1,CalibratedUncertainty2025,103.0,54.22708193519937,142.9066278212941,211.14860020502397,187.06353875314497,,1.0
bts,2,test,2024-06-06,0.1,MappedPTO2026,103.0,51.29823364555468,190.2519482118871,282.1799267268204,258.19495979424323,,1.0
bts,2,test,2024-06-06,0.1,GroupAware2025,103.0,54.623497927736835,159.98744663238554,236.55817435756796,210.88570742499073,,1.0
bts,2,test,2024-06-06,0.1,RobustImprovement2025,103.0,58.38984818650211,156.3246849315969,229.28033615421117,194.04265183032965,,1.0
bts,2,test,2024-06-06,0.2,StructuralRobust,206.0,243.74064476632614,365.82458052788184,541.5723639398924,491.6510625504146,0.0,1.0
bts,2,test,2024-06-06,0.2,ExpectedActionValue,206.0,358.3684590762214,216.84431678614789,321.08938416006947,292.51120151642704,,1.0
bts,2,test,2024-06-06,0.2,PointwiseWorstAction,206.0,358.65030243836975,200.76175177432756,296.86414775345014,268.69429844314095,,1.0
bts,2,test,2024-06-06,0.2,ScenarioCVaR,206.0,358.65030243836975,200.76175177432756,296.86414775345014,268.69429844314095,,1.0
bts,2,test,2024-06-06,0.2,RiskFirst,206.0,110.77593216126282,317.1373235386346,470.66647845602154,432.87017706654393,,1.0
bts,2,test,2024-06-06,0.2,TemporalContext2024,206.0,118.93613996155983,319.7958110767835,474.04101605522084,432.7082618555629,,1.0
bts,2,test,2024-06-06,0.2,NetworkPropagation2024,206.0,102.35471276722068,321.5062634951051,477.20017294357274,439.25600570043645,,1.0
bts,2,test,2024-06-06,0.2,CalibratedUncertainty2025,206.0,113.0039882157875,331.6116375058777,492.3354804627867,454.2206619925635,,1.0
bts,2,test,2024-06-06,0.2,MappedPTO2026,206.0,109.04169412924789,343.90637830598774,511.2975190729403,477.0821561776302,,1.0
bts,2,test,2024-06-06,0.2,GroupAware2025,206.0,112.1836711467696,325.471791569537,483.2997022415055,446.489813895506,,1.0
bts,2,test,2024-06-06,0.2,RobustImprovement2025,206.0,122.24034257854655,335.6805499871782,497.91413373758326,459.6764494137018,,1.0
bts,2,test,2024-06-07,0.01,StructuralRobust,10.0,73.99691145088624,14.253333333333334,19.363333333333333,12.488333333333333,0.0,1.0
bts,2,test,2024-06-07,0.01,ExpectedActionValue,10.0,54.671171487354954,5.28918918918919,7.933783783783785,7.933783783783784,,1.0
bts,2,test,2024-06-07,0.01,PointwiseWorstAction,10.0,55.31108393106029,5.289189189189189,7.933783783783785,7.933783783783785,,1.0
bts,2,test,2024-06-07,0.01,ScenarioCVaR,10.0,55.31108393106029,5.289189189189189,7.933783783783785,7.933783783783785,,1.0
bts,2,test,2024-06-07,0.01,RiskFirst,10.0,6.476187926359505,18.153333333333336,25.21333333333333,18.33833333333333,,1.0
bts,2,test,2024-06-07,0.01,TemporalContext2024,10.0,6.11814941857288,14.253333333333334,19.363333333333333,12.488333333333333,,1.0
bts,2,test,2024-06-07,0.01,NetworkPropagation2024,10.0,7.305155009758683,11.253333333333334,16.363333333333333,12.488333333333333,,1.0
bts,2,test,2024-06-07,0.01,CalibratedUncertainty2025,10.0,5.006532614992129,17.160701754385965,25.57438596491228,24.324385964912285,,1.0
bts,2,test,2024-06-07,0.01,MappedPTO2026,10.0,7.207593997433483,23.960701754385966,33.924385964912275,27.049385964912275,,1.0
bts,2,test,2024-06-07,0.01,GroupAware2025,10.0,6.476187926359505,18.153333333333336,25.21333333333333,18.33833333333333,,1.0
bts,2,test,2024-06-07,0.01,RobustImprovement2025,10.0,6.734061641337602,9.275,11.5375,4.725,,1.0
bts,2,test,2024-06-07,0.03,StructuralRobust,31.0,144.66288686272966,40.07937812306234,57.302400517926834,47.17740051792681,0.0,1.0
bts,2,test,2024-06-07,0.03,ExpectedActionValue,31.0,123.86604830689407,14.76074789364263,21.3699679943101,15.586314148156255,,1.0
bts,2,test,2024-06-07,0.03,PointwiseWorstAction,31.0,123.80527622724713,10.006901739796476,14.735352609694715,12.672852609694715,,1.0
bts,2,test,2024-06-07,0.03,ScenarioCVaR,31.0,123.80527622724713,10.006901739796476,14.735352609694715,12.672852609694715,,1.0
bts,2,test,2024-06-07,0.03,RiskFirst,31.0,22.28978435964696,41.25437812306234,59.68990051792683,51.502400517926816,,1.0
bts,2,test,2024-06-07,0.03,TemporalContext2024,31.0,22.07561964903359,39.92937812306234,57.67740051792683,49.302400517926806,,1.0
bts,2,test,2024-06-07,0.03,NetworkPropagation2024,31.0,22.06626192327382,38.45437812306234,55.48990051792683,47.30240051792681,,1.0
bts,2,test,2024-06-07,0.03,CalibratedUncertainty2025,31.0,20.935206250816204,41.70295244402341,62.32434736522211,60.598737609124555,,1.0
bts,2,test,2024-06-07,0.03,MappedPTO2026,31.0,21.15766673490689,54.63406648489355,79.73443306067367,71.35943306067365,,1.0
bts,2,test,2024-06-07,0.03,GroupAware2025,31.0,22.816486040402758,42.25437812306234,60.68990051792683,51.5024005179268,,1.0
bts,2,test,2024-06-07,0.03,RobustImprovement2025,31.0,17.572947693007105,45.15437812306234,64.18990051792683,48.62740051792681,,1.0
bts,2,test,2024-06-07,0.05,StructuralRobust,52.0,231.8604978387672,66.6072300330571,97.01917838291898,86.33167838291897,0.0,1.0
bts,2,test,2024-06-07,0.05,ExpectedActionValue,52.0,170.45677144531814,36.670601776023986,53.95893520841469,46.63792929125492,,1.0
bts,2,test,2024-06-07,0.05,PointwiseWorstAction,52.0,170.91443537371498,28.195601776023985,41.433935208414674,34.98792929125491,,1.0
bts,2,test,2024-06-07,0.05,ScenarioCVaR,52.0,170.91443537371498,28.195601776023985,41.433935208414674,34.98792929125491,,1.0
bts,2,test,2024-06-07,0.05,RiskFirst,52.0,36.68333763804196,64.25017875100583,93.35860145984205,81.73360145984203,,1.0
bts,2,test,2024-06-07,0.05,TemporalContext2024,52.0,41.69982186241755,54.17517875100583,78.42110145984205,68.10860145984203,,1.0
bts,2,test,2024-06-07,0.05,NetworkPropagation2024,52.0,36.05692121200253,66.6072300330571,97.01917838291898,86.33167838291897,,1.0
bts,2,test,2024-06-07,0.05,CalibratedUncertainty2025,52.0,32.4577155530325,53.66192680299777,79.41905890368363,73.4371991475861,,1.0
bts,2,test,2024-06-07,0.05,MappedPTO2026,52.0,35.13103771068431,64.25017875100582,93.35860145984205,81.73360145984202,,1.0
bts,2,test,2024-06-07,0.05,GroupAware2025,52.0,35.17450734874111,48.85017875100583,70.25860145984205,58.633601459842026,,1.0
bts,2,test,2024-06-07,0.05,RobustImprovement2025,52.0,27.03773122569942,67.19838605217922,95.81164904784728,69.41717381968559,,1.0
bts,2,test,2024-06-07,0.1,StructuralRobust,104.0,337.7629782341509,190.86793691187566,281.2520603969356,254.3782231153514,0.0,1.0
bts,2,test,2024-06-07,0.1,ExpectedActionValue,104.0,257.19741241187484,60.66476067779323,89.45407981106854,78.41237076890877,,1.0
bts,2,test,2024-06-07,0.1,PointwiseWorstAction,104.0,257.8224800786333,59.86476067779323,88.25407981106854,77.21237076890874,,1.0
bts,2,test,2024-06-07,0.1,ScenarioCVaR,104.0,257.8224800786333,59.86476067779323,88.25407981106854,77.21237076890874,,1.0
bts,2,test,2024-06-07,0.1,RiskFirst,104.0,56.67039321153402,175.52220916912546,258.03971878281027,231.78463150122616,,1.0
bts,2,test,2024-06-07,0.1,TemporalContext2024,104.0,60.778832810784934,134.0660033988478,196.35541012739384,173.8503228458097,,1.0
bts,2,test,2024-06-07,0.1,NetworkPropagation2024,104.0,55.25274650915448,190.86793691187566,281.2520603969356,254.3782231153514,,1.0
bts,2,test,2024-06-07,0.1,CalibratedUncertainty2025,104.0,55.85782805336376,134.46709845825995,196.86915402983288,173.7048265981549,,1.0
bts,2,test,2024-06-07,0.1,MappedPTO2026,104.0,56.35577722824006,178.4155752624915,262.7311192742107,239.11116712776172,,1.0
bts,2,test,2024-06-07,0.1,GroupAware2025,104.0,58.65942302723256,142.56391494675935,208.90362880061252,184.90867665416354,,1.0
bts,2,test,2024-06-07,0.1,RobustImprovement2025,104.0,53.86382565771389,156.75672857857202,228.0214700423681,187.74117385119368,,1.0
bts,2,test,2024-06-07,0.2,StructuralRobust,208.0,274.4593833260815,319.95585352600284,469.65563083286736,405.64138491184036,0.0,1.0
bts,2,test,2024-06-07,0.2,ExpectedActionValue,208.0,369.0077406044384,139.8229445350285,207.20182856989445,188.738666825032,,1.0
bts,2,test,2024-06-07,0.2,PointwiseWorstAction,208.0,369.5242038845703,142.67718182316418,211.88318450209783,196.4200227572353,,1.0
bts,2,test,2024-06-07,0.2,ScenarioCVaR,208.0,369.5242038845703,142.67718182316418,211.88318450209783,196.4200227572353,,1.0
bts,2,test,2024-06-07,0.2,RiskFirst,208.0,120.52692560273223,302.8075359756165,446.0768077812893,398.1399614152739,,1.0
bts,2,test,2024-06-07,0.2,TemporalContext2024,208.0,123.18760188654889,295.5142744539256,435.1737659759533,387.513298188941,,1.0
bts,2,test,2024-06-07,0.2,NetworkPropagation2024,208.0,114.59220606960949,358.73121271828217,529.4537564568451,478.2339118025092,,1.0
bts,2,test,2024-06-07,0.2,CalibratedUncertainty2025,208.0,120.65981640044593,333.4172732065431,491.52337095510467,440.07620454478115,,1.0
bts,2,test,2024-06-07,0.2,MappedPTO2026,208.0,125.60819006100363,321.4449057785752,473.66033693974464,422.9295489788586,,1.0
bts,2,test,2024-06-07,0.2,GroupAware2025,208.0,120.0960289253716,301.4714551244747,444.12555350065577,396.585209605234,,1.0
bts,2,test,2024-06-07,0.2,RobustImprovement2025,208.0,103.05695771651524,312.2134985234465,459.5972683757353,407.24679780497735,,1.0
bts,2,test,2024-06-08,0.01,StructuralRobust,10.0,73.22116689953411,11.619298245614035,16.518421052631577,9.689473684210528,0.0,1.0
bts,2,test,2024-06-08,0.01,ExpectedActionValue,10.0,44.88286307564239,5.254166666666666,7.797916666666667,7.172916666666666,,1.0
bts,2,test,2024-06-08,0.01,PointwiseWorstAction,10.0,45.31131826653423,9.154166666666667,13.647916666666667,13.022916666666665,,1.0
bts,2,test,2024-06-08,0.01,ScenarioCVaR,10.0,45.31131826653423,9.154166666666667,13.647916666666667,13.022916666666665,,1.0
bts,2,test,2024-06-08,0.01,RiskFirst,10.0,6.856777133833341,6.302631578947368,8.54342105263158,4.552631578947368,,1.0
bts,2,test,2024-06-08,0.01,TemporalContext2024,10.0,5.405526801805134,11.619298245614035,16.518421052631577,9.689473684210524,,1.0
bts,2,test,2024-06-08,0.01,NetworkPropagation2024,10.0,6.523025076475992,4.0,5.55,2.25,,1.0
bts,2,test,2024-06-08,0.01,CalibratedUncertainty2025,10.0,5.696743061602468,8.284138428262438,11.965681326604182,8.511733958183129,,1.0
bts,2,test,2024-06-08,0.01,MappedPTO2026,10.0,10.04025038263855,7.204554655870445,9.85592105263158,4.754554655870446,,1.0
bts,2,test,2024-06-08,0.01,GroupAware2025,10.0,6.856777133833341,6.302631578947368,8.54342105263158,4.552631578947368,,1.0
bts,2,test,2024-06-08,0.01,RobustImprovement2025,10.0,8.249683760219002,6.302631578947368,8.54342105263158,4.552631578947368,,1.0
bts,2,test,2024-06-08,0.03,StructuralRobust,29.0,136.88787531071725,13.189028340080972,18.42342105263158,8.222510121457487,0.0,1.0
bts,2,test,2024-06-08,0.03,ExpectedActionValue,29.0,99.39394810886556,16.766666666666666,24.566666666666666,22.941666666666663,,1.0
bts,2,test,2024-06-08,0.03,PointwiseWorstAction,29.0,99.48265099918348,16.766666666666666,24.566666666666666,22.941666666666663,,1.0
bts,2,test,2024-06-08,0.03,ScenarioCVaR,29.0,99.48265099918348,16.766666666666666,24.566666666666666,22.941666666666663,,1.0
bts,2,test,2024-06-08,0.03,RiskFirst,29.0,21.375335470117864,15.183259109311741,21.382074898785426,10.93597165991903,,1.0
bts,2,test,2024-06-08,0.03,TemporalContext2024,29.0,20.257980380438624,19.935695006747636,28.543421052631572,18.342510121457487,,1.0
bts,2,test,2024-06-08,0.03,NetworkPropagation2024,29.0,21.50854397217452,16.18325910931174,22.68207489878543,10.73597165991903,,1.0
bts,2,test,2024-06-08,0.03,CalibratedUncertainty2025,29.0,26.218643419143437,13.100535189396041,18.790681326604183,12.339770395430094,,1.0
bts,2,test,2024-06-08,0.03,MappedPTO2026,29.0,24.067919147984494,19.188259109311737,27.514574898785426,18.005971659919027,,1.0
bts,2,test,2024-06-08,0.03,GroupAware2025,29.0,21.37533547011786,15.183259109311741,21.382074898785426,10.93597165991903,,1.0
bts,2,test,2024-06-08,0.03,RobustImprovement2025,29.0,20.187092816630482,13.774291497975709,19.451315789473682,10.375404858299598,,1.0
bts,2,test,2024-06-08,0.05,StructuralRobust,49.0,205.35205617898308,29.534765958626807,42.65933517275803,30.338231933891635,0.0,1.0
bts,2,test,2024-06-08,0.05,ExpectedActionValue,49.0,144.24091569750522,35.33494240744791,52.34893375769201,50.197834856593104,,1.0
bts,2,test,2024-06-08,0.05,PointwiseWorstAction,49.0,144.16357376632268,38.18494240744791,56.623933757692015,54.47283485659312,,1.0
bts,2,test,2024-06-08,0.05,ScenarioCVaR,49.0,144.16357376632268,38.18494240744791,56.623933757692015,54.47283485659312,,1.0
bts,2,test,2024-06-08,0.05,RiskFirst,49.0,37.214800703489445,25.138522267206476,36.314969635627534,25.868866396761135,,1.0
bts,2,test,2024-06-08,0.05,TemporalContext2024,49.0,40.93878605197695,36.93669578318821,54.01222990960014,43.56612667073374,,1.0
bts,2,test,2024-06-08,0.05,NetworkPropagation2024,49.0,35.835199069665656,29.534765958626807,42.65933517275803,30.338231933891635,,1.0
bts,2,test,2024-06-08,0.05,CalibratedUncertainty2025,49.0,44.48171169414996,24.54639725836156,35.83878477488005,28.48270142991285,,1.0
bts,2,test,2024-06-08,0.05,MappedPTO2026,49.0,36.84961881557241,30.188522267206473,43.88996963562753,33.44386639676113,,1.0
bts,2,test,2024-06-08,0.05,GroupAware2025,49.0,37.538622994998654,30.188522267206476,43.88996963562754,33.44386639676114,,1.0
bts,2,test,2024-06-08,0.05,RobustImprovement2025,49.0,33.83102376761731,26.738522267206477,38.61496963562753,27.418866396761132,,1.0
bts,2,test,2024-06-08,0.1,StructuralRobust,97.0,303.50486332866944,79.83467550427616,117.2206129251401,100.98511044058407,0.0,1.0
bts,2,test,2024-06-08,0.1,ExpectedActionValue,97.0,223.42241847506827,70.27769540890318,104.4064417160961,99.58068123665615,,1.0
bts,2,test,2024-06-08,0.1,PointwiseWorstAction,97.0,223.18843890662606,72.02769540890317,107.0314417160961,102.20568123665619,,1.0
bts,2,test,2024-06-08,0.1,ScenarioCVaR,97.0,223.18843890662606,72.02769540890317,107.0314417160961,102.20568123665619,,1.0
bts,2,test,2024-06-08,0.1,RiskFirst,97.0,81.47832368918489,80.40108175427616,118.4881910501401,105.38745419058407,,1.0
bts,2,test,2024-06-08,0.1,TemporalContext2024,97.0,82.2032841864806,66.52250038088935,97.77225864523231,85.43606919946937,,1.0
bts,2,test,2024-06-08,0.1,NetworkPropagation2024,97.0,78.09097542684303,79.83467550427616,117.2206129251401,100.98511044058407,,1.0
bts,2,test,2024-06-08,0.1,CalibratedUncertainty2025,97.0,77.8720223495925,68.28188387597821,99.88702876454644,80.86855089389,,1.0
bts,2,test,2024-06-08,0.1,MappedPTO2026,97.0,76.4669399213943,63.921282683873144,93.56927369453558,78.97439620997953,,1.0
bts,2,test,2024-06-08,0.1,GroupAware2025,97.0,82.59454491869776,68.8508249049611,101.30009025892613,89.22898702005973,,1.0
bts,2,test,2024-06-08,0.1,RobustImprovement2025,97.0,76.89544147726518,65.27324996519387,93.96067272595616,68.04790606219628,,1.0
bts,2,test,2024-06-08,0.2,StructuralRobust,194.0,276.9963447122559,161.69308938233445,236.44640396338758,197.95476742324604,0.0,1.0
bts,2,test,2024-06-08,0.2,ExpectedActionValue,194.0,338.44240985327275,136.87025104451374,202.68862681786356,187.52059298677528,,1.0
bts,2,test,2024-06-08,0.2,PointwiseWorstAction,194.0,339.2096067099059,147.18587604451375,218.12560598453027,202.68413465344202,,1.0
bts,2,test,2024-06-08,0.2,ScenarioCVaR,194.0,339.2096067099059,147.18587604451375,218.12560598453027,202.68413465344202,,1.0
bts,2,test,2024-06-08,0.2,RiskFirst,194.0,138.93697370663696,177.15763389638,261.66333628067434,234.82122705145713,,1.0
bts,2,test,2024-06-08,0.2,TemporalContext2024,194.0,142.78695260295257,181.54003494008734,268.3152231026455,242.060253296505,,1.0
bts,2,test,2024-06-08,0.2,NetworkPropagation2024,194.0,138.72185645754357,174.99582222693635,257.7611093679068,228.72267957417336,,1.0
bts,2,test,2024-06-08,0.2,CalibratedUncertainty2025,194.0,133.8552573527386,163.6826262530295,240.93283031015406,210.9571015754423,,1.0
bts,2,test,2024-06-08,0.2,MappedPTO2026,194.0,135.28065718217778,183.31396214815098,270.79081979709406,243.14614410860074,,1.0
bts,2,test,2024-06-08,0.2,GroupAware2025,194.0,142.63852225147735,176.2525789252096,259.87209661103356,230.52889757089184,,1.0
bts,2,test,2024-06-08,0.2,RobustImprovement2025,194.0,135.50044953332986,152.40928089754053,223.55272594524155,192.80134972293675,,1.0
bts,2,test,2024-06-09,0.01,StructuralRobust,10.0,70.62115510521582,15.830165289256199,23.195247933884296,19.07024793388429,0.0,1.0
bts,2,test,2024-06-09,0.01,ExpectedActionValue,10.0,43.703691841774464,1.425,2.0125,1.075,,1.0
bts,2,test,2024-06-09,0.01,PointwiseWorstAction,10.0,43.722471556770216,1.425,2.0125,1.075,,1.0
bts,2,test,2024-06-09,0.01,ScenarioCVaR,10.0,43.722471556770216,1.425,2.0125,1.075,,1.0
bts,2,test,2024-06-09,0.01,RiskFirst,10.0,3.8109082660156526,14.0051652892562,20.832747933884296,19.520247933884292,,1.0
bts,2,test,2024-06-09,0.01,TemporalContext2024,10.0,3.8109082660156526,14.0051652892562,20.832747933884296,19.520247933884292,,1.0
bts,2,test,2024-06-09,0.01,NetworkPropagation2024,10.0,4.8926727887416215,13.1551652892562,19.557747933884297,18.245247933884293,,1.0
bts,2,test,2024-06-09,0.01,CalibratedUncertainty2025,10.0,5.349038816414853,13.608498622589533,20.27108126721763,19.208581267217628,,1.0
bts,2,test,2024-06-09,0.01,MappedPTO2026,10.0,4.332292489849925,13.1551652892562,19.557747933884297,18.245247933884293,,1.0
bts,2,test,2024-06-09,0.01,GroupAware2025,10.0,4.678683129316677,16.6801652892562,24.470247933884295,20.34524793388429,,1.0
bts,2,test,2024-06-09,0.01,RobustImprovement2025,10.0,5.003562503899999,13.5051652892562,19.782747933884295,16.220247933884295,,1.0
bts,2,test,2024-06-09,0.03,StructuralRobust,30.0,150.4401738215264,32.63934776441428,46.47374612719956,31.021679731535606,0.0,1.0
bts,2,test,2024-06-09,0.03,ExpectedActionValue,30.0,98.13279321157539,10.175,15.1375,14.2,,1.0
bts,2,test,2024-06-09,0.03,PointwiseWorstAction,30.0,98.51096816823917,10.175,15.1375,14.2,,1.0
bts,2,test,2024-06-09,0.03,ScenarioCVaR,30.0,98.51096816823917,10.175,15.1375,14.2,,1.0
bts,2,test,2024-06-09,0.03,RiskFirst,30.0,16.690901401422014,32.88379220885873,47.040412793866224,33.08834639820227,,1.0
bts,2,test,2024-06-09,0.03,TemporalContext2024,30.0,17.79232926375138,29.990906029996935,42.852099785736144,30.0326553412917,,1.0
bts,2,test,2024-06-09,0.03,NetworkPropagation2024,30.0,17.32936969794299,25.539347764414288,37.148746127199566,28.446679731535603,,1.0
bts,2,test,2024-06-09,0.03,CalibratedUncertainty2025,30.0,18.8554513227916,20.472681097747618,30.0820794605329,25.38001306486894,,1.0
bts,2,test,2024-06-09,0.03,MappedPTO2026,30.0,16.88216887853511,32.7001652892562,47.125247933884296,35.87524793388429,,1.0
bts,2,test,2024-06-09,0.03,GroupAware2025,30.0,15.682990458831219,30.282572696663607,43.331266452402815,30.824322007958358,,1.0
bts,2,test,2024-06-09,0.03,RobustImprovement2025,30.0,17.15541209572621,42.727696153453735,61.06963064993368,41.59277879808181,,1.0
bts,2,test,2024-06-09,0.05,StructuralRobust,50.0,233.14142099042405,54.30543823569052,78.59592104980018,60.31664877178329,0.0,1.0
bts,2,test,2024-06-09,0.05,ExpectedActionValue,50.0,140.60078115890877,18.97083333333334,27.802083333333336,22.89583333333333,,1.0
bts,2,test,2024-06-09,0.05,PointwiseWorstAction,50.0,140.55267954637108,18.970833333333335,27.802083333333336,22.895833333333332,,1.0
bts,2,test,2024-06-09,0.05,ScenarioCVaR,50.0,140.55267954637108,18.970833333333335,27.802083333333336,22.895833333333332,,1.0
bts,2,test,2024-06-09,0.05,RiskFirst,50.0,28.441420788568877,63.507881844713076,91.92458646333401,70.08281418531712,,1.0
bts,2,test,2024-06-09,0.05,TemporalContext2024,50.0,30.98452957190373,62.6178714927462,91.0645709353837,72.78529865736681,,1.0
bts,2,test,2024-06-09,0.05,NetworkPropagation2024,50.0,31.79883918713963,54.30543823569052,78.59592104980018,60.31664877178329,,1.0
bts,2,test,2024-06-09,0.05,CalibratedUncertainty2025,50.0,29.947943879541793,52.90808298900058,78.06018229741233,68.29561590174836,,1.0
bts,2,test,2024-06-09,0.05,MappedPTO2026,50.0,28.741724985394626,120.79275608970364,177.84930283545378,155.98806809219127,,1.0
bts,2,test,2024-06-09,0.05,GroupAware2025,50.0,28.22424065154596,82.82038184471307,120.88083646333402,98.94531418531713,,1.0
bts,2,test,2024-06-09,0.05,RobustImprovement2025,50.0,28.73035140166897,120.61370877473679,176.66807754201585,147.9619353913459,,1.0
bts,2,test,2024-06-09,0.1,StructuralRobust,101.0,337.3275608408104,207.95646436194426,307.48088516525127,277.2647998327632,0.0,1.0
bts,2,test,2024-06-09,0.1,ExpectedActionValue,101.0,223.80926445450672,39.15726626016261,57.57173272357723,48.84048272357723,,1.0
bts,2,test,2024-06-09,0.1,PointwiseWorstAction,101.0,223.8512130495674,41.95607578397213,61.844947009291516,53.67619700929152,,1.0
bts,2,test,2024-06-09,0.1,ScenarioCVaR,101.0,223.8512130495674,41.95607578397213,61.844947009291516,53.67619700929152,,1.0
bts,2,test,2024-06-09,0.1,RiskFirst,101.0,62.794536818373736,218.66625242269023,323.62056725637024,293.96698192388203,,1.0
bts,2,test,2024-06-09,0.1,TemporalContext2024,101.0,61.28220419096343,211.90413436624223,313.67739017169816,285.52380483921,,1.0
bts,2,test,2024-06-09,0.1,NetworkPropagation2024,101.0,59.3315183682744,207.95646436194426,307.48088516525127,277.2647998327632,,1.0
bts,2,test,2024-06-09,0.1,CalibratedUncertainty2025,101.0,64.9938522754277,198.63938968467863,293.81686885998016,265.9377513571975,,1.0
bts,2,test,2024-06-09,0.1,MappedPTO2026,101.0,61.76891948859459,220.22463125906756,326.05813551093627,297.15455017844806,,1.0
bts,2,test,2024-06-09,0.1,GroupAware2025,101.0,63.33791552654234,216.59125242269027,320.53306725637026,291.06698192388205,,1.0
bts,2,test,2024-06-09,0.1,RobustImprovement2025,101.0,62.94511495701079,218.48197519785757,322.40444553676826,287.1905660866329,,1.0
bts,2,test,2024-06-09,0.2,StructuralRobust,202.0,290.1345702917379,318.1835712326417,469.06425566071766,416.18724674888074,0.0,1.0
bts,2,test,2024-06-09,0.2,ExpectedActionValue,202.0,344.6992586941331,154.79031846473387,229.05127106062804,205.5447212870824,,1.0
bts,2,test,2024-06-09,0.2,PointwiseWorstAction,202.0,345.4187758951828,148.5450743732965,220.05840492347195,199.36435514992618,,1.0
bts,2,test,2024-06-09,0.2,ScenarioCVaR,202.0,345.4187758951828,148.5450743732965,220.05840492347195,199.36435514992618,,1.0
bts,2,test,2024-06-09,0.2,RiskFirst,202.0,129.6625071191381,312.70176891928537,462.52357273862833,418.23046793638053,,1.0
bts,2,test,2024-06-09,0.2,TemporalContext2024,202.0,130.07326102326192,302.1097829573998,447.2105937958,407.2299889935521,,1.0
bts,2,test,2024-06-09,0.2,NetworkPropagation2024,202.0,128.45995411940117,316.4032763073717,467.93583382075775,422.59272901851,,1.0
bts,2,test,2024-06-09,0.2,CalibratedUncertainty2025,202.0,125.8582761991327,324.5831198153032,480.254349082655,435.16436928040713,,1.0
bts,2,test,2024-06-09,0.2,MappedPTO2026,202.0,130.22682770304053,309.14128269880706,457.4320728599656,415.00818894812863,,1.0
bts,2,test,2024-06-09,0.2,GroupAware2025,202.0,129.3255222544654,303.53411127172564,449.0540363075788,406.8755568075065,,1.0
bts,2,test,2024-06-09,0.2,RobustImprovement2025,202.0,115.53765381447508,285.42649354267905,422.3606596737187,383.6925548714705,,1.0
bts,2,test,2024-06-10,0.01,StructuralRobust,10.0,48.94698173745787,4.680608974358974,6.920913461538461,6.17091346153846,0.0,1.0
bts,2,test,2024-06-10,0.01,ExpectedActionValue,10.0,64.0795867089133,16.590326222452195,24.71914410706306,23.471554907448787,,1.0
bts,2,test,2024-06-10,0.01,PointwiseWorstAction,10.0,64.0795867089133,16.590326222452195,24.71914410706306,23.471554907448787,,1.0
bts,2,test,2024-06-10,0.01,ScenarioCVaR,10.0,64.0795867089133,16.590326222452195,24.71914410706306,23.471554907448787,,1.0
bts,2,test,2024-06-10,0.01,RiskFirst,10.0,3.112379670209598,4.680608974358974,6.920913461538461,6.170913461538462,,1.0
bts,2,test,2024-06-10,0.01,TemporalContext2024,10.0,3.217059831243642,4.680608974358974,6.920913461538461,6.17091346153846,,1.0
bts,2,test,2024-06-10,0.01,NetworkPropagation2024,10.0,3.015819677172817,4.722916666666666,6.984375,6.234375,,1.0
bts,2,test,2024-06-10,0.01,CalibratedUncertainty2025,10.0,2.4290810764858946,5.003564949201742,7.505347423802612,7.505347423802611,,1.0
bts,2,test,2024-06-10,0.01,MappedPTO2026,10.0,3.1028022341912735,4.680608974358974,6.920913461538461,6.170913461538462,,1.0
bts,2,test,2024-06-10,0.01,GroupAware2025,10.0,3.112379670209598,4.680608974358974,6.920913461538461,6.170913461538462,,1.0
bts,2,test,2024-06-10,0.01,RobustImprovement2025,10.0,3.6088890319552487,6.513942307692307,8.970913461538462,4.0,,1.0
bts,2,test,2024-06-10,0.03,StructuralRobust,31.0,113.59169473682235,24.340296550933346,35.19843183938703,25.358334436789626,0.0,1.0
bts,2,test,2024-06-10,0.03,ExpectedActionValue,31.0,128.36434790431665,32.18795326374226,47.66558466899815,43.04299546938387,,1.0
bts,2,test,2024-06-10,0.03,PointwiseWorstAction,31.0,128.94260960683025,29.202510225767572,43.18742011203612,38.564830912421854,,1.0
bts,2,test,2024-06-10,0.03,ScenarioCVaR,31.0,128.94260960683025,29.202510225767572,43.18742011203612,38.564830912421854,,1.0
bts,2,test,2024-06-10,0.03,RiskFirst,31.0,12.48320076912716,33.61854974726247,50.131959959239566,47.91297499683355,,1.0
bts,2,test,2024-06-10,0.03,TemporalContext2024,31.0,12.157722571986337,25.832186110898828,38.104687231966835,33.27774772410628,,1.0
bts,2,test,2024-06-10,0.03,NetworkPropagation2024,31.0,12.871298495028965,31.743549747262463,47.319459959239566,45.100474996833555,,1.0
bts,2,test,2024-06-10,0.03,CalibratedUncertainty2025,31.0,16.35002871723479,22.326010713118652,33.33243712230956,32.15809501704639,,1.0
bts,2,test,2024-06-10,0.03,MappedPTO2026,31.0,14.99407558220934,36.594278631341886,54.65213223272711,52.857489375584244,,1.0
bts,2,test,2024-06-10,0.03,GroupAware2025,31.0,15.147467796628138,29.833143048697874,44.4854288587611,42.503286001618235,,1.0
bts,2,test,2024-06-10,0.03,RobustImprovement2025,31.0,12.372528679165324,30.63573969889759,44.610017613964985,34.533078106104426,,1.0
bts,2,test,2024-06-10,0.05,StructuralRobust,52.0,176.25649119703735,62.73235025231297,93.10266071681534,85.63367575440931,0.0,1.0
bts,2,test,2024-06-10,0.05,ExpectedActionValue,52.0,173.53422943403123,52.61442044520944,78.30528544119892,73.68269624158464,,1.0
bts,2,test,2024-06-10,0.05,PointwiseWorstAction,52.0,174.7997797434743,50.89442044520944,75.58242829834178,69.88841052729893,,1.0
bts,2,test,2024-06-10,0.05,ScenarioCVaR,52.0,174.7997797434743,50.89442044520944,75.58242829834178,69.88841052729893,,1.0
bts,2,test,2024-06-10,0.05,RiskFirst,52.0,27.685825295952416,54.914427196453175,81.02804886029836,70.95110935243778,,1.0
bts,2,test,2024-06-10,0.05,TemporalContext2024,52.0,27.85077264032457,57.55373389445552,84.98700890730187,74.91006939944131,,1.0
bts,2,test,2024-06-10,0.05,NetworkPropagation2024,52.0,29.51989381163707,62.73235025231297,93.10266071681534,85.63367575440931,,1.0
bts,2,test,2024-06-10,0.05,CalibratedUncertainty2025,52.0,27.304875065136837,54.26063372899167,80.93675259850004,77.53026763609401,,1.0
bts,2,test,2024-06-10,0.05,MappedPTO2026,52.0,27.195351659765947,62.923177196453175,93.04117386029836,82.96423435243778,,1.0
bts,2,test,2024-06-10,0.05,GroupAware2025,52.0,29.285779508968332,60.28450593661066,89.08316697053456,79.00622746267402,,1.0
bts,2,test,2024-06-10,0.05,RobustImprovement2025,52.0,27.58074041322195,67.14568661507425,98.80870842695427,84.48504720952596,,1.0
bts,2,test,2024-06-10,0.1,StructuralRobust,104.0,279.7288525571069,145.394694177834,215.47177725661908,195.81979718062988,0.0,1.0
bts,2,test,2024-06-10,0.1,ExpectedActionValue,104.0,265.1799621025559,126.03078298763549,187.76198704626995,178.13058128239553,,1.0
bts,2,test,2024-06-10,0.1,PointwiseWorstAction,104.0,265.0936870781814,121.73967256220305,181.14241818231483,170.13923822489198,,1.0
bts,2,test,2024-06-10,0.1,ScenarioCVaR,104.0,265.0936870781814,121.73967256220305,181.14241818231483,170.13923822489198,,1.0
bts,2,test,2024-06-10,0.1,RiskFirst,104.0,65.89074027278025,146.7564066947983,218.09978854654025,202.83862732911186,,1.0
bts,2,test,2024-06-10,0.1,TemporalContext2024,104.0,86.00443866462442,138.11189176942514,205.1330161584806,189.87185494105228,,1.0
bts,2,test,2024-06-10,0.1,NetworkPropagation2024,104.0,72.42955639655393,145.394694177834,215.47177725661908,195.81979718062988,,1.0
bts,2,test,2024-06-10,0.1,CalibratedUncertainty2025,104.0,59.46044119426243,119.03712639355936,177.25565826201822,167.50542329961215,,1.0
bts,2,test,2024-06-10,0.1,MappedPTO2026,104.0,67.37078280411568,147.0689066947983,218.56853854654028,203.30737732911192,,1.0
bts,2,test,2024-06-10,0.1,GroupAware2025,104.0,66.87932446533156,148.68140669479828,221.01228854654028,205.9386273291119,,1.0
bts,2,test,2024-06-10,0.1,RobustImprovement2025,104.0,68.3793178325459,142.01615095573862,209.87775241955805,186.27919731418405,,1.0
bts,2,test,2024-06-10,0.2,StructuralRobust,208.0,253.212473440706,271.74829664941643,401.9522831293869,359.42606929385414,0.0,1.0
bts,2,test,2024-06-10,0.2,ExpectedActionValue,208.0,391.59934196660953,242.7833049247375,359.3366137702117,334.5802866435025,,1.0
bts,2,test,2024-06-10,0.2,PointwiseWorstAction,208.0,391.9247934795634,244.91599723242987,362.3939855650835,337.4251584383742,,1.0
bts,2,test,2024-06-10,0.2,ScenarioCVaR,208.0,391.9247934795634,244.91599723242987,362.3939855650835,337.4251584383742,,1.0
bts,2,test,2024-06-10,0.2,RiskFirst,208.0,149.86381149089237,270.4949501942307,401.6215410208858,370.71490899243474,,1.0
bts,2,test,2024-06-10,0.2,TemporalContext2024,208.0,151.98870524800006,271.6956974503042,403.5540721614064,373.6330170560323,,1.0
bts,2,test,2024-06-10,0.2,NetworkPropagation2024,208.0,155.42116008279706,286.5713247499531,424.93967428304086,388.0598279688754,,1.0
bts,2,test,2024-06-10,0.2,CalibratedUncertainty2025,208.0,147.6484220593562,288.6904756208816,428.2514087294418,392.3691234653374,,1.0
bts,2,test,2024-06-10,0.2,MappedPTO2026,208.0,154.02514057262275,293.103305139095,435.32454962865853,402.84648902877893,,1.0
bts,2,test,2024-06-10,0.2,GroupAware2025,208.0,157.00014744823326,281.8353088290858,418.7814892295788,388.9954341242049,,1.0
bts,2,test,2024-06-10,0.2,RobustImprovement2025,208.0,148.33772391355848,248.00552655803395,367.7351764787387,335.6868262913973,,1.0
bts,2,test,2024-06-11,0.01,StructuralRobust,9.0,98.37545790875159,10.054411764705883,14.456617647058824,9.769117647058824,0.0,1.0
bts,2,test,2024-06-11,0.01,ExpectedActionValue,9.0,80.36651800704347,4.779545454545455,6.780681818181818,3.8659090909090894,,1.0
bts,2,test,2024-06-11,0.01,PointwiseWorstAction,9.0,80.36651800704347,4.779545454545455,6.780681818181818,3.8659090909090894,,1.0
bts,2,test,2024-06-11,0.01,ScenarioCVaR,9.0,80.36651800704347,4.779545454545455,6.780681818181818,3.8659090909090894,,1.0
bts,2,test,2024-06-11,0.01,RiskFirst,9.0,5.971184030168744,7.646078431372549,11.069117647058825,8.069117647058825,,1.0
bts,2,test,2024-06-11,0.01,TemporalContext2024,9.0,6.365555433196617,7.646078431372549,11.069117647058825,8.069117647058825,,1.0
bts,2,test,2024-06-11,0.01,NetworkPropagation2024,9.0,6.295811203922364,7.646078431372549,11.069117647058825,8.069117647058825,,1.0
bts,2,test,2024-06-11,0.01,CalibratedUncertainty2025,9.0,6.349070894789537,5.896078431372549,8.794117647058824,8.419117647058824,,1.0
bts,2,test,2024-06-11,0.01,MappedPTO2026,9.0,7.168076764381368,5.896078431372549,8.794117647058824,8.419117647058824,,1.0
bts,2,test,2024-06-11,0.01,GroupAware2025,9.0,5.971184030168744,7.646078431372549,11.069117647058825,8.069117647058825,,1.0
bts,2,test,2024-06-11,0.01,RobustImprovement2025,9.0,3.856676929974441,10.054411764705883,14.456617647058824,9.769117647058824,,1.0
bts,2,test,2024-06-11,0.03,StructuralRobust,28.0,174.82263078819537,37.2453780196289,54.79306702944336,46.730567029443364,0.0,1.0
bts,2,test,2024-06-11,0.03,ExpectedActionValue,28.0,138.85754364669702,17.3774087024087,25.262893356643353,20.212703962703962,,1.0
bts,2,test,2024-06-11,0.03,PointwiseWorstAction,28.0,138.51828265670724,18.0024087024087,26.075393356643353,20.087703962703962,,1.0
bts,2,test,2024-06-11,0.03,ScenarioCVaR,28.0,138.51828265670724,18.0024087024087,26.075393356643353,20.087703962703962,,1.0
bts,2,test,2024-06-11,0.03,RiskFirst,28.0,13.730603603004079,35.846583956549125,53.06630450625226,47.78951879196654,,1.0
bts,2,test,2024-06-11,0.03,TemporalContext2024,28.0,13.740463401891292,23.749352240896357,34.92045693277311,29.6436712184874,,1.0
bts,2,test,2024-06-11,0.03,NetworkPropagation2024,28.0,14.575157749154588,27.70974185128597,40.861041348357524,35.58425563407181,,1.0
bts,2,test,2024-06-11,0.03,CalibratedUncertainty2025,28.0,12.693045547449683,21.525004570054787,32.108935426510754,30.769649712225036,,1.0
bts,2,test,2024-06-11,0.03,MappedPTO2026,28.0,14.9124691338471,103.18355137509549,154.10032706264323,149.03782706264326,,1.0
bts,2,test,2024-06-11,0.03,GroupAware2025,28.0,13.073778332149514,35.846583956549125,53.066304506252266,47.78951879196656,,1.0
bts,2,test,2024-06-11,0.03,RobustImprovement2025,28.0,15.279879225467083,39.09329468629557,57.01494202944336,44.827442029443354,,1.0
bts,2,test,2024-06-11,0.05,StructuralRobust,46.0,260.6080746593731,120.19658395654913,179.54130450625226,173.8895187919665,0.0,1.0
bts,2,test,2024-06-11,0.05,ExpectedActionValue,46.0,177.6841263108866,32.464036609385445,47.186439868271265,36.8382853580528,,1.0
bts,2,test,2024-06-11,0.05,PointwiseWorstAction,46.0,178.40580633630952,34.384228917077756,49.87297832980973,38.33732381959127,,1.0
bts,2,test,2024-06-11,0.05,ScenarioCVaR,46.0,178.40580633630952,34.384228917077756,49.87297832980973,38.33732381959127,,1.0
bts,2,test,2024-06-11,0.05,RiskFirst,46.0,22.64145938901102,122.00877907850034,182.2595971891791,176.6078114748934,,1.0
bts,2,test,2024-06-11,0.05,TemporalContext2024,46.0,23.456831168950252,41.20877907850035,61.05959718917909,55.40781147489337,,1.0
bts,2,test,2024-06-11,0.05,NetworkPropagation2024,46.0,21.847320077701603,120.19658395654913,179.54130450625226,173.8895187919665,,1.0
bts,2,test,2024-06-11,0.05,CalibratedUncertainty2025,46.0,23.419698590585178,48.974242219660084,73.0577919009187,70.03100618663298,,1.0
bts,2,test,2024-06-11,0.05,MappedPTO2026,46.0,23.216811907324892,119.8203181337643,178.77595640498646,171.6170504375362,,1.0
bts,2,test,2024-06-11,0.05,GroupAware2025,46.0,22.495157280187854,122.00877907850034,182.2595971891791,176.6078114748934,,1.0
bts,2,test,2024-06-11,0.05,RobustImprovement2025,46.0,24.49785077028498,83.78673864933897,122.88244808060406,101.89999888007107,,1.0
bts,2,test,2024-06-11,0.1,StructuralRobust,92.0,357.08483170509555,213.51455012081328,316.2958758141313,291.97625556096676,0.0,1.0
bts,2,test,2024-06-11,0.1,ExpectedActionValue,92.0,257.63096121851436,86.85502701374095,128.12917547480453,113.21852096458609,,1.0
bts,2,test,2024-06-11,0.1,PointwiseWorstAction,92.0,257.1808096088742,50.80953483330562,74.06093720415151,59.15028269393305,,1.0
bts,2,test,2024-06-11,0.1,ScenarioCVaR,92.0,257.1808096088742,50.80953483330562,74.06093720415151,59.15028269393305,,1.0
bts,2,test,2024-06-11,0.1,RiskFirst,92.0,58.418554206794575,188.8776575053062,279.6155368908707,257.3584166377062,,1.0
bts,2,test,2024-06-11,0.1,TemporalContext2024,92.0,55.78529353351787,178.3495501208133,265.2733758141313,248.3912555609667,,1.0
bts,2,test,2024-06-11,0.1,NetworkPropagation2024,92.0,53.22985225268534,213.51455012081328,316.2958758141313,291.97625556096676,,1.0
bts,2,test,2024-06-11,0.1,CalibratedUncertainty2025,92.0,48.45412799922685,205.53076800679813,305.36663121453716,288.89522524708684,,1.0
bts,2,test,2024-06-11,0.1,MappedPTO2026,92.0,54.74629924088759,212.5000730458467,315.7741602016815,293.45453994851704,,1.0
bts,2,test,2024-06-11,0.1,GroupAware2025,92.0,59.71741954753086,180.08996519761388,267.60899842933225,248.6643781761677,,1.0
bts,2,test,2024-06-11,0.1,RobustImprovement2025,92.0,50.17659208998823,214.6378669246898,317.3527451447931,288.3223308279811,,1.0
bts,2,test,2024-06-11,0.2,StructuralRobust,185.0,286.01005142927704,330.2366229541954,487.08464608040345,437.6762334487311,0.0,1.0
bts,2,test,2024-06-11,0.2,ExpectedActionValue,185.0,364.4061949245555,209.38915838153247,308.9932327252826,278.6165297059949,,1.0
bts,2,test,2024-06-11,0.2,PointwiseWorstAction,185.0,364.8961584533883,208.91415838153247,308.3557327252826,278.5415297059949,,1.0
bts,2,test,2024-06-11,0.2,ScenarioCVaR,185.0,364.8961584533883,208.91415838153247,308.3557327252826,278.5415297059949,,1.0
bts,2,test,2024-06-11,0.2,RiskFirst,185.0,118.21920051668252,344.7092419644592,510.997112876469,470.9964873498208,,1.0
bts,2,test,2024-06-11,0.2,TemporalContext2024,185.0,121.81049341433814,369.3311438398425,548.4345454067525,512.2182677591677,,1.0
bts,2,test,2024-06-11,0.2,NetworkPropagation2024,185.0,115.87938213578569,343.4214987154601,509.44357677174685,472.27854201092225,,1.0
bts,2,test,2024-06-11,0.2,CalibratedUncertainty2025,185.0,117.59533771681197,361.960093740174,538.0528245736662,506.897954299205,,1.0
bts,2,test,2024-06-11,0.2,MappedPTO2026,185.0,116.73050550555962,352.3700073138022,522.2478224173981,480.4439082676085,,1.0
bts,2,test,2024-06-11,0.2,GroupAware2025,185.0,113.64203462076003,336.82026254091835,499.5850873991453,462.7452893074033,,1.0
bts,2,test,2024-06-11,0.2,RobustImprovement2025,185.0,145.9439571208228,316.1208115654547,467.58966210594053,430.77174778912877,,1.0
bts,2,test,2024-06-12,0.01,StructuralRobust,10.0,50.28926710892555,8.283333333333333,11.591666666666665,5.341666666666667,0.0,1.0
bts,2,test,2024-06-12,0.01,ExpectedActionValue,10.0,51.90774587953614,7.0,10.25,8.375,,1.0
bts,2,test,2024-06-12,0.01,PointwiseWorstAction,10.0,52.49466595566217,7.9,11.600000000000001,9.725,,1.0
bts,2,test,2024-06-12,0.01,ScenarioCVaR,10.0,52.49466595566217,7.9,11.600000000000001,9.725,,1.0
bts,2,test,2024-06-12,0.01,RiskFirst,10.0,3.8050615906526533,2.2,3.3,3.3,,1.0
bts,2,test,2024-06-12,0.01,TemporalContext2024,10.0,3.8050615906526537,2.2,3.3,3.3,,1.0
bts,2,test,2024-06-12,0.01,NetworkPropagation2024,10.0,4.073801923616947,7.086138613861387,10.62920792079208,10.62920792079208,,1.0
bts,2,test,2024-06-12,0.01,CalibratedUncertainty2025,10.0,2.9478029263920473,5.388636363636365,8.047954545454546,7.785454545454544,,1.0
bts,2,test,2024-06-12,0.01,MappedPTO2026,10.0,3.3991177576206932,4.65,6.865,6.040000000000001,,1.0
bts,2,test,2024-06-12,0.01,GroupAware2025,10.0,3.890979660409344,3.5812500000000003,5.371875,5.371874999999999,,1.0
bts,2,test,2024-06-12,0.01,RobustImprovement2025,10.0,5.254653778531079,7.283333333333333,10.091666666666665,4.166666666666666,,1.0
bts,2,test,2024-06-12,0.03,StructuralRobust,30.0,102.7564196243033,20.35009694719472,29.578812087458743,22.481312087458747,0.0,1.0
bts,2,test,2024-06-12,0.03,ExpectedActionValue,30.0,109.36950385747474,9.060714285714287,13.10892857142857,9.492857142857144,,1.0
bts,2,test,2024-06-12,0.03,PointwiseWorstAction,30.0,109.56214486125997,9.060714285714287,13.108928571428573,9.492857142857144,,1.0
bts,2,test,2024-06-12,0.03,ScenarioCVaR,30.0,109.56214486125997,9.060714285714287,13.108928571428573,9.492857142857144,,1.0
bts,2,test,2024-06-12,0.03,RiskFirst,30.0,14.168231889358426,19.45009694719472,28.228812087458742,21.13131208745875,,1.0
bts,2,test,2024-06-12,0.03,TemporalContext2024,30.0,14.86105279712865,23.08873331083108,33.56176663291329,25.5267666329133,,1.0
bts,2,test,2024-06-12,0.03,NetworkPropagation2024,30.0,16.467853253307613,32.16237598271659,48.06812616312961,46.75234258104006,,1.0
bts,2,test,2024-06-12,0.03,CalibratedUncertainty2025,30.0,18.836184941512133,10.902097902097903,16.193146853146857,14.99314685314685,,1.0
bts,2,test,2024-06-12,0.03,MappedPTO2026,30.0,13.480447480339151,33.772375982716596,50.36112616312961,48.130342581040054,,1.0
bts,2,test,2024-06-12,0.03,GroupAware2025,30.0,14.16823811899542,19.45009694719472,28.228812087458742,21.13131208745875,,1.0
bts,2,test,2024-06-12,0.03,RobustImprovement2025,30.0,17.205021013423114,25.273108310831088,35.47582913291329,22.003329132913283,,1.0
bts,2,test,2024-06-12,0.05,StructuralRobust,49.0,154.69468131783273,64.50460261394792,95.30407092097317,84.40782342135785,0.0,1.0
bts,2,test,2024-06-12,0.05,ExpectedActionValue,49.0,144.00595338504658,25.837004560233453,37.93232403021084,31.758452954165847,,1.0
bts,2,test,2024-06-12,0.05,PointwiseWorstAction,49.0,144.48495537759763,22.858467199343153,33.56316663752404,28.12916042634391,,1.0
bts,2,test,2024-06-12,0.05,ScenarioCVaR,49.0,144.48495537759763,22.858467199343153,33.56316663752404,28.12916042634391,,1.0
bts,2,test,2024-06-12,0.05,RiskFirst,49.0,27.41871646436196,59.89168126563332,88.38468889850125,77.48844139888591,,1.0
bts,2,test,2024-06-12,0.05,TemporalContext2024,49.0,27.16657019168688,50.69672067968629,74.66930987525083,64.35102629316128,,1.0
bts,2,test,2024-06-12,0.05,NetworkPropagation2024,49.0,29.488456031853257,64.50460261394792,95.30407092097317,84.40782342135785,,1.0
bts,2,test,2024-06-12,0.05,CalibratedUncertainty2025,49.0,27.562763148755753,54.81609694683,81.82370760929973,78.82042402721017,,1.0
bts,2,test,2024-06-12,0.05,MappedPTO2026,49.0,29.827022415361814,50.579107880114734,74.33368596308051,62.82136703489374,,1.0
bts,2,test,2024-06-12,0.05,GroupAware2025,49.0,27.872459299164646,59.756371987282805,88.2087868366456,77.51550325455604,,1.0
bts,2,test,2024-06-12,0.05,RobustImprovement2025,49.0,32.135514654656035,41.71890305429789,59.01964543895501,38.17307687026642,,1.0
bts,2,test,2024-06-12,0.1,StructuralRobust,99.0,245.8120225344754,157.88709383848948,235.01824554580395,221.42528145632684,0.0,1.0
bts,2,test,2024-06-12,0.1,ExpectedActionValue,99.0,219.83878886440127,52.16494390624563,75.34973858797906,60.40465905255869,,1.0
bts,2,test,2024-06-12,0.1,PointwiseWorstAction,99.0,219.11277748651622,52.96494390624564,76.54973858797908,61.6046590525587,,1.0
bts,2,test,2024-06-12,0.1,ScenarioCVaR,99.0,219.11277748651622,52.96494390624564,76.54973858797908,61.6046590525587,,1.0
bts,2,test,2024-06-12,0.1,RiskFirst,99.0,58.6424279598328,120.06475587635117,178.28473860259646,164.6917745131193,,1.0
bts,2,test,2024-06-12,0.1,TemporalContext2024,99.0,55.82686286592229,122.01475587635116,181.20973860259647,167.61677451311937,,1.0
bts,2,test,2024-06-12,0.1,NetworkPropagation2024,99.0,62.2989723768371,157.88709383848948,235.01824554580395,221.42528145632684,,1.0
bts,2,test,2024-06-12,0.1,CalibratedUncertainty2025,99.0,63.092898865271884,102.39609872362031,151.48625287350015,138.333288784023,,1.0
bts,2,test,2024-06-12,0.1,MappedPTO2026,99.0,60.38462121575739,102.52417249017488,151.49886352333203,135.40589943385493,,1.0
bts,2,test,2024-06-12,0.1,GroupAware2025,99.0,58.740806765389884,120.06475587635117,178.28473860259646,164.69177451311936,,1.0
bts,2,test,2024-06-12,0.1,RobustImprovement2025,99.0,74.07220048961408,122.1042910360366,178.214490005379,146.99364089030985,,1.0
bts,2,test,2024-06-12,0.2,StructuralRobust,197.0,218.38879330577865,234.99577462024865,344.5176052721888,297.3284303358072,0.0,1.0
bts,2,test,2024-06-12,0.2,ExpectedActionValue,197.0,328.77787380663216,193.4052335796227,285.29739546410036,259.7252336740978,,1.0
bts,2,test,2024-06-12,0.2,PointwiseWorstAction,197.0,329.5712491565239,180.69775368112897,265.1158351145677,239.00361956112425,,1.0
bts,2,test,2024-06-12,0.2,ScenarioCVaR,197.0,329.5712491565239,180.69775368112897,265.1158351145677,239.00361956112425,,1.0
bts,2,test,2024-06-12,0.2,RiskFirst,197.0,128.77388685824096,225.54113123789946,333.05572074233476,299.4796498834763,,1.0
bts,2,test,2024-06-12,0.2,TemporalContext2024,197.0,114.61742480321406,245.54489646492053,362.85136858286626,327.7002977240078,,1.0
bts,2,test,2024-06-12,0.2,NetworkPropagation2024,197.0,129.99904620888424,284.23544793505135,421.72719578806243,390.75112492920385,,1.0
bts,2,test,2024-06-12,0.2,CalibratedUncertainty2025,197.0,127.72781999479062,261.19640438059366,386.0407411100044,352.3305001533589,,1.0
bts,2,test,2024-06-12,0.2,MappedPTO2026,197.0,131.13524151642437,220.7041614477659,326.50886163346956,296.12225759712516,,1.0
bts,2,test,2024-06-12,0.2,GroupAware2025,197.0,127.48420364926419,217.66147518835294,322.32311014733364,294.7735903833658,,1.0
bts,2,test,2024-06-12,0.2,RobustImprovement2025,197.0,138.28597227985088,272.2200197202407,402.89355758201054,367.9637675943812,,1.0
bts,2,test,2024-06-13,0.01,StructuralRobust,10.0,64.70089022243964,2.05,2.9749999999999996,2.2250000000000005,0.0,1.0
bts,2,test,2024-06-13,0.01,ExpectedActionValue,10.0,60.428163772427496,0.8500000000000001,1.275,1.275,,1.0
bts,2,test,2024-06-13,0.01,PointwiseWorstAction,10.0,60.7694741913105,0.8500000000000001,1.275,1.275,,1.0
bts,2,test,2024-06-13,0.01,ScenarioCVaR,10.0,60.7694741913105,0.8500000000000001,1.275,1.275,,1.0
bts,2,test,2024-06-13,0.01,RiskFirst,10.0,5.382957273829139,2.05,2.9749999999999996,2.2250000000000005,,1.0
bts,2,test,2024-06-13,0.01,TemporalContext2024,10.0,5.382957273829138,2.05,2.9749999999999996,2.2250000000000005,,1.0
bts,2,test,2024-06-13,0.01,NetworkPropagation2024,10.0,4.769669617225291,2.05,2.9749999999999996,2.2250000000000005,,1.0
bts,2,test,2024-06-13,0.01,CalibratedUncertainty2025,10.0,3.835892106925451,30.90929648241206,46.30917085427136,45.898366834170844,,1.0
bts,2,test,2024-06-13,0.01,MappedPTO2026,10.0,5.382957273829138,2.05,2.9749999999999996,2.2250000000000005,,1.0
bts,2,test,2024-06-13,0.01,GroupAware2025,10.0,5.382957273829139,2.05,2.9749999999999996,2.2250000000000005,,1.0
bts,2,test,2024-06-13,0.01,RobustImprovement2025,10.0,3.94985591765153,8.533653846153847,10.878365384615385,4.110576923076923,,1.0
bts,2,test,2024-06-13,0.03,StructuralRobust,30.0,126.84098559167766,32.319910507763524,45.49562916490869,30.438854689384215,0.0,1.0
bts,2,test,2024-06-13,0.03,ExpectedActionValue,30.0,112.25854129187783,27.78106269909356,41.056954218131864,38.200280489318295,,1.0
bts,2,test,2024-06-13,0.03,PointwiseWorstAction,30.0,112.24266006375193,29.21421084724171,43.311676440354084,41.24250271154052,,1.0
bts,2,test,2024-06-13,0.03,ScenarioCVaR,30.0,112.24266006375193,29.21421084724171,43.311676440354084,41.24250271154052,,1.0
bts,2,test,2024-06-13,0.03,RiskFirst,30.0,14.862528868655023,25.950213538066556,36.70320492248445,25.98733953786907,,1.0
bts,2,test,2024-06-13,0.03,TemporalContext2024,30.0,13.670015030875255,25.950213538066556,36.703204922484446,25.98733953786906,,1.0
bts,2,test,2024-06-13,0.03,NetworkPropagation2024,30.0,14.915841051899717,45.01926611803959,65.25200992309726,54.125340518381385,,1.0
bts,2,test,2024-06-13,0.03,CalibratedUncertainty2025,30.0,17.709418479855792,48.9748757821679,73.30753980390512,72.14673578380462,,1.0
bts,2,test,2024-06-13,0.03,MappedPTO2026,30.0,19.737691610989284,31.29646047997913,46.05756950784748,39.40416041693838,,1.0
bts,2,test,2024-06-13,0.03,GroupAware2025,30.0,15.241332499587138,26.450213538066556,37.20320492248445,25.98733953786907,,1.0
bts,2,test,2024-06-13,0.03,RobustImprovement2025,30.0,12.562790272422566,19.375213538066557,26.51570492248445,14.737339537869065,,1.0
bts,2,test,2024-06-13,0.05,StructuralRobust,50.0,196.79018979702064,73.01572659801872,106.40957943094475,90.37950093531978,0.0,1.0
bts,2,test,2024-06-13,0.05,ExpectedActionValue,50.0,153.75392168138185,30.78921084724171,45.569176440354084,42.71250271154052,,1.0
bts,2,test,2024-06-13,0.05,PointwiseWorstAction,50.0,153.7308535499216,30.78921084724171,45.569176440354084,42.71250271154052,,1.0
bts,2,test,2024-06-13,0.05,ScenarioCVaR,50.0,153.7308535499216,30.78921084724171,45.569176440354084,42.71250271154052,,1.0
bts,2,test,2024-06-13,0.05,RiskFirst,50.0,29.6972489477381,73.01572659801873,106.40957943094475,90.37950093531977,,1.0
bts,2,test,2024-06-13,0.05,TemporalContext2024,50.0,35.56113892866087,69.94072659801873,101.87207943094475,86.40450093531976,,1.0
bts,2,test,2024-06-13,0.05,NetworkPropagation2024,50.0,28.809358339421845,73.01572659801872,106.40957943094475,90.37950093531978,,1.0
bts,2,test,2024-06-13,0.05,CalibratedUncertainty2025,50.0,32.24791456067614,69.05087918352844,103.14654490594594,99.92324088584546,,1.0
bts,2,test,2024-06-13,0.05,MappedPTO2026,50.0,31.017977984651125,73.01572659801872,106.40957943094475,90.37950093531975,,1.0
bts,2,test,2024-06-13,0.05,GroupAware2025,50.0,31.489900517366276,68.87102962832175,100.6296551885205,87.87798578380462,,1.0
bts,2,test,2024-06-13,0.05,RobustImprovement2025,50.0,29.04467195769201,51.20123531041186,73.72199948576431,57.94809838686321,,1.0
bts,2,test,2024-06-13,0.1,StructuralRobust,100.0,290.8622473713283,132.97892754909634,195.16866657184687,170.24573093336483,0.0,1.0
bts,2,test,2024-06-13,0.1,ExpectedActionValue,100.0,231.8515858352932,68.18024431722507,101.07451478831084,93.85875213185993,,1.0
bts,2,test,2024-06-13,0.1,PointwiseWorstAction,100.0,232.39344750411382,77.0508811325661,113.72502646293526,102.92156219358117,,1.0
bts,2,test,2024-06-13,0.1,ScenarioCVaR,100.0,232.39344750411382,77.0508811325661,113.72502646293526,102.92156219358117,,1.0
bts,2,test,2024-06-13,0.1,RiskFirst,100.0,63.242308564561476,143.56276261132237,210.96255826293026,185.42566585753073,,1.0
bts,2,test,2024-06-13,0.1,TemporalContext2024,100.0,61.577164954286204,125.7502783592483,184.81378802517008,163.55156667240232,,1.0
bts,2,test,2024-06-13,0.1,NetworkPropagation2024,100.0,60.539239301360354,132.97892754909634,195.16866657184687,170.24573093336483,,1.0
bts,2,test,2024-06-13,0.1,CalibratedUncertainty2025,100.0,56.561058707439784,159.20637227915282,233.9976992462342,205.23375545252154,,1.0
bts,2,test,2024-06-13,0.1,MappedPTO2026,100.0,62.617559723440806,151.31969661299317,222.5979592654365,197.06106686003702,,1.0
bts,2,test,2024-06-13,0.1,GroupAware2025,100.0,61.55276014245097,135.70025437734566,199.005232082178,172.2416109533743,,1.0
bts,2,test,2024-06-13,0.1,RobustImprovement2025,100.0,60.942474718392106,130.32778645374552,190.0926404283885,156.9248460366654,,1.0
bts,2,test,2024-06-13,0.2,StructuralRobust,199.0,242.47241718218748,302.08235089664106,445.46585233431074,396.686422254429,0.0,1.0
bts,2,test,2024-06-13,0.2,ExpectedActionValue,199.0,344.4877943510852,134.88364193969988,199.33436500990186,181.84706826254194,,1.0
bts,2,test,2024-06-13,0.2,PointwiseWorstAction,199.0,344.60127495189903,159.16864345235896,235.4568126340817,215.6816060506562,,1.0
bts,2,test,2024-06-13,0.2,ScenarioCVaR,199.0,344.60127495189903,159.16864345235896,235.4568126340817,215.6816060506562,,1.0
bts,2,test,2024-06-13,0.2,RiskFirst,199.0,122.64053925413481,246.48145087900096,364.4869815987471,332.54802120058923,,1.0
bts,2,test,2024-06-13,0.2,TemporalContext2024,199.0,124.47814067776704,260.9519134563075,386.1676754647069,354.0412150665492,,1.0
bts,2,test,2024-06-13,0.2,NetworkPropagation2024,199.0,114.78154406710787,259.12279881311025,382.8885594233627,346.7462684510927,,1.0
bts,2,test,2024-06-13,0.2,CalibratedUncertainty2025,199.0,116.51583556326509,295.3345354950519,437.47518436267063,403.35054276336575,,1.0
bts,2,test,2024-06-13,0.2,MappedPTO2026,199.0,120.64745886321207,231.84581554776818,342.3543619352313,309.07165153707365,,1.0
bts,2,test,2024-06-13,0.2,GroupAware2025,199.0,123.25569119694079,245.92925740617022,363.68369138950106,331.9322309913433,,1.0
bts,2,test,2024-06-13,0.2,RobustImprovement2025,199.0,131.19852527113943,198.04107844324375,291.57949923375025,257.7886110003849,,1.0
bts,2,test,2024-06-14,0.01,StructuralRobust,11.0,81.82432573722808,6.957621920563097,10.436432880844645,10.436432880844643,0.0,1.0
bts,2,test,2024-06-14,0.01,ExpectedActionValue,11.0,74.91712539588674,12.31015625,18.092578125,15.297656250000001,,1.0
bts,2,test,2024-06-14,0.01,PointwiseWorstAction,11.0,76.48202805544993,12.31015625,18.092578125,15.297656250000001,,1.0
bts,2,test,2024-06-14,0.01,ScenarioCVaR,11.0,76.48202805544993,12.31015625,18.092578125,15.297656250000001,,1.0
bts,2,test,2024-06-14,0.01,RiskFirst,11.0,6.923134032843447,14.249030589293747,21.149861673414307,19.472230094466937,,1.0
bts,2,test,2024-06-14,0.01,TemporalContext2024,11.0,6.923134032843447,14.249030589293747,21.149861673414307,19.472230094466937,,1.0
bts,2,test,2024-06-14,0.01,NetworkPropagation2024,11.0,7.398402108269808,15.793148236352572,23.46603814400254,21.78840656505517,,1.0
bts,2,test,2024-06-14,0.01,CalibratedUncertainty2025,11.0,5.561401714743243,17.81873303167421,26.728099547511313,26.72809954751131,,1.0
bts,2,test,2024-06-14,0.01,MappedPTO2026,11.0,6.923134032843448,14.24903058929375,21.149861673414307,19.472230094466934,,1.0
bts,2,test,2024-06-14,0.01,GroupAware2025,11.0,6.923134032843447,14.249030589293747,21.149861673414307,19.472230094466937,,1.0
bts,2,test,2024-06-14,0.01,RobustImprovement2025,11.0,6.382466145008408,16.404259347463682,24.032704810669205,19.730073231721835,,1.0
bts,2,test,2024-06-14,0.03,StructuralRobust,32.0,156.81837459912393,68.00004891856968,100.0114698124895,85.09694307225182,0.0,1.0
bts,2,test,2024-06-14,0.03,ExpectedActionValue,32.0,134.42476828100413,43.442656250000006,64.441328125,59.02140624999999,,1.0
bts,2,test,2024-06-14,0.03,PointwiseWorstAction,32.0,135.31581619670354,36.598338068181825,54.174850852272726,48.75492897727272,,1.0
bts,2,test,2024-06-14,0.03,ScenarioCVaR,32.0,135.31581619670354,36.598338068181825,54.174850852272726,48.75492897727272,,1.0
bts,2,test,2024-06-14,0.03,RiskFirst,32.0,18.265697164272453,68.25045214437613,101.22699400603787,92.61186242709049,,1.0
bts,2,test,2024-06-14,0.03,TemporalContext2024,32.0,18.031660987159437,65.07545214437613,96.83949400603788,91.03686242709048,,1.0
bts,2,test,2024-06-14,0.03,NetworkPropagation2024,32.0,17.77272462692657,57.875452144376126,86.58949400603788,84.9118624270905,,1.0
bts,2,test,2024-06-14,0.03,CalibratedUncertainty2025,32.0,15.281782021812383,61.47220539112938,91.68462387616775,87.75699229722038,,1.0
bts,2,test,2024-06-14,0.03,MappedPTO2026,32.0,17.577729695126656,63.325301739065466,93.29934904323318,80.63482230299549,,1.0
bts,2,test,2024-06-14,0.03,GroupAware2025,32.0,18.265697164272456,68.25045214437613,101.22699400603787,92.61186242709049,,1.0
bts,2,test,2024-06-14,0.03,RobustImprovement2025,32.0,18.443222996217166,65.5383859846391,94.73344909580416,67.9274749871454,,1.0
bts,2,test,2024-06-14,0.05,StructuralRobust,53.0,239.88202253009663,70.32545214437613,104.21449400603785,94.66186242709048,0.0,1.0
bts,2,test,2024-06-14,0.05,ExpectedActionValue,53.0,179.3504193122688,50.450281152637146,74.7619760052715,67.91113307763992,,1.0
bts,2,test,2024-06-14,0.05,PointwiseWorstAction,53.0,179.73811453014534,46.79107062632136,69.46394968948204,64.04402781448202,,1.0
bts,2,test,2024-06-14,0.05,ScenarioCVaR,53.0,179.73811453014534,46.79107062632136,69.46394968948204,64.04402781448202,,1.0
bts,2,test,2024-06-14,0.05,RiskFirst,53.0,28.888953243312674,91.47504891856967,134.9489698124895,117.97194307225179,,1.0
bts,2,test,2024-06-14,0.05,TemporalContext2024,53.0,30.404489417836157,90.95004891856968,134.28646981248949,118.24694307225178,,1.0
bts,2,test,2024-06-14,0.05,NetworkPropagation2024,53.0,30.545680793873693,70.32545214437613,104.21449400603785,94.66186242709048,,1.0
bts,2,test,2024-06-14,0.05,CalibratedUncertainty2025,53.0,33.57693371039004,101.50446839382717,151.48301838021442,145.68038680126705,,1.0
bts,2,test,2024-06-14,0.05,MappedPTO2026,53.0,26.953271211423957,104.75537247772036,154.34387375586667,133.42498655051267,,1.0
bts,2,test,2024-06-14,0.05,GroupAware2025,53.0,28.899402671348525,97.14374457074358,143.45201329075036,126.47498655051267,,1.0
bts,2,test,2024-06-14,0.05,RobustImprovement2025,53.0,30.494779783437213,102.24524638192501,148.0416473396407,108.0949805902893,,1.0
bts,2,test,2024-06-14,0.1,StructuralRobust,106.0,350.9355235898944,183.83980879628,271.2947129378909,237.80721101392214,0.0,1.0
bts,2,test,2024-06-14,0.1,ExpectedActionValue,106.0,266.9111938218153,88.62921215471692,130.90382593016392,116.97888366582794,,1.0
bts,2,test,2024-06-14,0.1,PointwiseWorstAction,106.0,267.18399492328,103.79042686593165,153.1517086030466,135.52222088416516,,1.0
bts,2,test,2024-06-14,0.1,ScenarioCVaR,106.0,267.18399492328,103.79042686593165,153.1517086030466,135.52222088416516,,1.0
bts,2,test,2024-06-14,0.1,RiskFirst,106.0,70.65687260079218,193.6498524936363,285.85204038868716,251.1815027504327,,1.0
bts,2,test,2024-06-14,0.1,TemporalContext2024,106.0,69.29629359366764,187.01787308860193,275.92907128113563,241.44603364288125,,1.0
bts,2,test,2024-06-14,0.1,NetworkPropagation2024,106.0,64.71314955991535,183.83980879628,271.2947129378909,237.80721101392214,,1.0
bts,2,test,2024-06-14,0.1,CalibratedUncertainty2025,106.0,63.18937929642672,178.60241744345805,264.8398806818717,241.8617895570067,,1.0
bts,2,test,2024-06-14,0.1,MappedPTO2026,106.0,64.95466837350406,171.2208146794279,252.1776013144334,217.27544602912016,,1.0
bts,2,test,2024-06-14,0.1,GroupAware2025,106.0,69.68988893309728,192.4916585137032,284.3147494187875,251.14421178053308,,1.0
bts,2,test,2024-06-14,0.1,RobustImprovement2025,106.0,64.67964624381156,194.5368058748194,284.8114615249819,232.35835687062743,,1.0
bts,2,test,2024-06-14,0.2,StructuralRobust,212.0,296.39150808809075,399.9271360122986,588.8533751550851,510.19840867986346,0.0,1.0
bts,2,test,2024-06-14,0.2,ExpectedActionValue,212.0,389.2945781622937,185.43614358583523,273.50527236683627,242.30486644412855,,1.0
bts,2,test,2024-06-14,0.2,PointwiseWorstAction,212.0,389.94263623258587,173.48684001440665,255.34944200969343,222.40997358698576,,1.0
bts,2,test,2024-06-14,0.2,ScenarioCVaR,212.0,389.94263623258587,173.48684001440665,255.34944200969343,222.40997358698576,,1.0
bts,2,test,2024-06-14,0.2,RiskFirst,212.0,141.95109723060006,342.55692149751894,506.6711017199017,452.93899777207696,,1.0
bts,2,test,2024-06-14,0.2,TemporalContext2024,212.0,142.49412963552135,345.59056069939686,511.2227060500293,458.87419355703366,,1.0
bts,2,test,2024-06-14,0.2,NetworkPropagation2024,212.0,128.56320783626674,385.07817187841965,570.5815492389274,517.8137348986608,,1.0
bts,2,test,2024-06-14,0.2,CalibratedUncertainty2025,212.0,131.91994337941696,332.0029275842948,492.54177632183786,451.5721634123059,,1.0
bts,2,test,2024-06-14,0.2,MappedPTO2026,212.0,129.31365113581094,359.8370131567185,533.2755890070881,484.67610854716656,,1.0
bts,2,test,2024-06-14,0.2,GroupAware2025,212.0,140.2990861778387,372.0551705500113,550.1463449638818,493.37326350536875,,1.0
bts,2,test,2024-06-14,0.2,RobustImprovement2025,212.0,140.48799157267706,297.0574416317621,437.78466401285357,379.27342575193063,,1.0
bts,2,test,2024-06-15,0.01,StructuralRobust,9.0,56.69939138983772,15.799046920821114,23.284934017595305,20.182661290322578,0.0,1.0
bts,2,test,2024-06-15,0.01,ExpectedActionValue,9.0,57.51631629084078,13.80016968966336,20.638229218039342,20.173039344621618,,1.0
bts,2,test,2024-06-15,0.01,PointwiseWorstAction,9.0,57.870988041066475,13.80016968966336,20.638229218039342,20.173039344621618,,1.0
bts,2,test,2024-06-15,0.01,ScenarioCVaR,9.0,57.870988041066475,13.80016968966336,20.638229218039342,20.173039344621618,,1.0
bts,2,test,2024-06-15,0.01,RiskFirst,9.0,3.485270831026324,15.799046920821112,23.284934017595305,20.182661290322578,,1.0
bts,2,test,2024-06-15,0.01,TemporalContext2024,9.0,3.485270831026324,15.799046920821112,23.284934017595305,20.182661290322578,,1.0
bts,2,test,2024-06-15,0.01,NetworkPropagation2024,9.0,3.805504922576827,9.321774193548388,13.95766129032258,13.770161290322578,,1.0
bts,2,test,2024-06-15,0.01,CalibratedUncertainty2025,9.0,8.314509959158293,6.196774193548387,9.29516129032258,9.295161290322579,,1.0
bts,2,test,2024-06-15,0.01,MappedPTO2026,9.0,4.181930783279108,14.249046920821113,20.95993401759531,17.857661290322575,,1.0
bts,2,test,2024-06-15,0.01,GroupAware2025,9.0,3.485270831026324,15.799046920821112,23.284934017595305,20.182661290322578,,1.0
bts,2,test,2024-06-15,0.01,RobustImprovement2025,9.0,4.325394064271978,14.249046920821112,20.9599340175953,17.85766129032258,,1.0
bts,2,test,2024-06-15,0.03,StructuralRobust,28.0,117.26447076343703,30.569312657623055,45.44033262279822,42.33805989552549,0.0,1.0
bts,2,test,2024-06-15,0.03,ExpectedActionValue,28.0,116.74312078385157,29.17925756508049,43.54557070858439,41.87070341581183,,1.0
bts,2,test,2024-06-15,0.03,PointwiseWorstAction,28.0,117.09048782999926,29.684065257388184,44.20182070858439,41.7697418773503,,1.0
bts,2,test,2024-06-15,0.03,ScenarioCVaR,28.0,117.09048782999926,29.684065257388184,44.20182070858439,41.7697418773503,,1.0
bts,2,test,2024-06-15,0.03,RiskFirst,28.0,14.467728895180484,34.49769103600143,51.13290019036579,46.53062746309307,,1.0
bts,2,test,2024-06-15,0.03,TemporalContext2024,28.0,17.548921522459,35.99617588448628,53.38062746309306,48.77835473582034,,1.0
bts,2,test,2024-06-15,0.03,NetworkPropagation2024,28.0,14.748839159522324,30.94700610449458,45.80687279310551,41.20460006583279,,1.0
bts,2,test,2024-06-15,0.03,CalibratedUncertainty2025,28.0,18.850720320000946,18.94256559516171,28.388848392742563,28.20134839274256,,1.0
bts,2,test,2024-06-15,0.03,MappedPTO2026,28.0,19.541186705697896,42.306024369334764,62.84540019036578,58.24312746309306,,1.0
bts,2,test,2024-06-15,0.03,GroupAware2025,28.0,14.385323401786678,34.49769103600143,51.13290019036579,46.53062746309307,,1.0
bts,2,test,2024-06-15,0.03,RobustImprovement2025,28.0,18.39587602349506,16.799046920821112,24.784934017595305,21.682661290322578,,1.0
bts,2,test,2024-06-15,0.05,StructuralRobust,46.0,175.04581163201732,47.76879493210533,71.03955603452164,66.43728330724892,0.0,1.0
bts,2,test,2024-06-15,0.05,ExpectedActionValue,46.0,157.1174542977312,36.939213942884926,54.89901742104003,51.07549122138487,,1.0
bts,2,test,2024-06-15,0.05,PointwiseWorstAction,46.0,157.25198164083187,35.00755010587304,52.11204798131167,49.11746915007757,,1.0
bts,2,test,2024-06-15,0.05,ScenarioCVaR,46.0,157.25198164083187,35.00755010587304,52.11204798131167,49.11746915007757,,1.0
bts,2,test,2024-06-15,0.05,RiskFirst,46.0,30.285456993213803,50.054509217819614,74.41812746309307,69.44085473582034,,1.0
bts,2,test,2024-06-15,0.05,TemporalContext2024,46.0,30.294558784533884,54.32477948808989,80.87353286849847,76.27126014122575,,1.0
bts,2,test,2024-06-15,0.05,NetworkPropagation2024,46.0,31.797740955620952,47.76879493210533,71.03955603452164,66.43728330724892,,1.0
bts,2,test,2024-06-15,0.05,CalibratedUncertainty2025,46.0,32.60048939147999,49.47613083944124,73.60055989552549,68.99828716825276,,1.0
bts,2,test,2024-06-15,0.05,MappedPTO2026,46.0,30.186451612493805,55.22650169902263,81.94397332775472,75.22562917191055,,1.0
bts,2,test,2024-06-15,0.05,GroupAware2025,46.0,29.99993292563623,50.054509217819614,74.41812746309307,69.44085473582034,,1.0
bts,2,test,2024-06-15,0.05,RobustImprovement2025,46.0,33.42943890661161,43.47479907289208,64.19499081713033,56.565932375571876,,1.0
bts,2,test,2024-06-15,0.1,StructuralRobust,92.0,259.70187427791814,81.86614757847117,121.03112071835609,107.7703658482262,0.0,1.0
bts,2,test,2024-06-15,0.1,ExpectedActionValue,92.0,233.58474826814276,60.434238732461765,89.99618103224722,85.0823530339065,,1.0
bts,2,test,2024-06-15,0.1,PointwiseWorstAction,92.0,233.80863271760015,63.68423873246177,94.77118103224723,89.10735303390649,,1.0
bts,2,test,2024-06-15,0.1,ScenarioCVaR,92.0,233.80863271760015,63.68423873246177,94.77118103224723,89.10735303390649,,1.0
bts,2,test,2024-06-15,0.1,RiskFirst,92.0,60.387007120198284,79.90303329651864,118.5746361086141,108.97528233738528,,1.0
bts,2,test,2024-06-15,0.1,TemporalContext2024,92.0,60.100075697457115,84.26317223470633,125.1802291312803,116.07125997543616,,1.0
bts,2,test,2024-06-15,0.1,NetworkPropagation2024,92.0,58.65182483715756,81.86614757847117,121.03112071835609,107.7703658482262,,1.0
bts,2,test,2024-06-15,0.1,CalibratedUncertainty2025,92.0,61.22704994466147,84.7964797313346,125.9775118047941,116.84845336323566,,1.0
bts,2,test,2024-06-15,0.1,MappedPTO2026,92.0,61.39589558826012,94.33349612134602,140.0140145563815,128.86729236410008,,1.0
bts,2,test,2024-06-15,0.1,GroupAware2025,92.0,59.946385685257944,78.35303329651863,116.19963610861411,106.22528233738534,,1.0
bts,2,test,2024-06-15,0.1,RobustImprovement2025,92.0,56.96065947160246,103.72587408471912,153.0664798603638,134.14899536000215,,1.0
bts,2,test,2024-06-15,0.2,StructuralRobust,184.0,210.29062654487134,220.254860351846,324.4580697270853,280.0264137219577,0.0,1.0
bts,2,test,2024-06-15,0.2,ExpectedActionValue,184.0,342.9156868562004,132.98722422040376,197.4066064744817,181.84988255355157,,1.0
bts,2,test,2024-06-15,0.2,PointwiseWorstAction,184.0,343.22957636699374,144.26222422040382,214.19410647448169,197.69988255355145,,1.0
bts,2,test,2024-06-15,0.2,ScenarioCVaR,184.0,343.22957636699374,144.26222422040382,214.19410647448169,197.69988255355145,,1.0
bts,2,test,2024-06-15,0.2,RiskFirst,184.0,128.29981559461697,180.25547743369123,267.83773327814606,248.74661173521525,,1.0
bts,2,test,2024-06-15,0.2,TemporalContext2024,184.0,132.67197461207755,174.6113493293964,258.87184976367917,236.03304303556328,,1.0
bts,2,test,2024-06-15,0.2,NetworkPropagation2024,184.0,116.96453461426036,182.85800187971077,271.3992869374667,249.7414178217205,,1.0
bts,2,test,2024-06-15,0.2,CalibratedUncertainty2025,184.0,123.56157039337475,174.6432941576444,258.5087388120263,232.58722062872368,,1.0
bts,2,test,2024-06-15,0.2,MappedPTO2026,184.0,127.70670007085322,178.1473758108945,264.4011906000485,243.25214222784942,,1.0
bts,2,test,2024-06-15,0.2,GroupAware2025,184.0,127.73433231094899,223.29010229879592,332.25041202067007,312.11485131424126,,1.0
bts,2,test,2024-06-15,0.2,RobustImprovement2025,184.0,118.89167167036537,177.30129157199374,263.06192555752375,241.38683705402244,,1.0
bts,2,test,2024-06-16,0.01,StructuralRobust,11.0,64.77019854722153,25.32756105006105,37.5010637973138,33.82398046398046,0.0,1.0
bts,2,test,2024-06-16,0.01,ExpectedActionValue,11.0,49.93701135184598,4.4021739130434785,6.2771739130434785,3.8315217391304355,,1.0
bts,2,test,2024-06-16,0.01,PointwiseWorstAction,11.0,50.27101659196167,4.4021739130434785,6.2771739130434785,3.8315217391304355,,1.0
bts,2,test,2024-06-16,0.01,ScenarioCVaR,11.0,50.27101659196167,4.4021739130434785,6.2771739130434785,3.8315217391304355,,1.0
bts,2,test,2024-06-16,0.01,RiskFirst,11.0,4.290833372718538,24.932295269330154,36.88316512621745,33.01858179288412,,1.0
bts,2,test,2024-06-16,0.01,TemporalContext2024,11.0,5.326283007537589,29.778723840758726,44.17780798336031,40.50072465002697,,1.0
bts,2,test,2024-06-16,0.01,NetworkPropagation2024,11.0,5.993349148146673,24.932295269330154,36.88316512621745,33.01858179288412,,1.0
bts,2,test,2024-06-16,0.01,CalibratedUncertainty2025,11.0,5.1850569663108015,13.93809523809524,20.807142857142857,20.057142857142853,,1.0
bts,2,test,2024-06-16,0.01,MappedPTO2026,11.0,6.782715261546191,17.38566828520317,25.978502427804752,25.228502427804752,,1.0
bts,2,test,2024-06-16,0.01,GroupAware2025,11.0,4.290833372718537,24.932295269330154,36.88316512621745,33.01858179288412,,1.0
bts,2,test,2024-06-16,0.01,RobustImprovement2025,11.0,5.303794476292209,19.451739713774597,27.96510957066189,22.843581792884113,,1.0
bts,2,test,2024-06-16,0.03,StructuralRobust,32.0,126.59270410896889,70.18827126395261,103.78933330285531,96.5635035770256,0.0,1.0
bts,2,test,2024-06-16,0.03,ExpectedActionValue,32.0,106.8012893131971,24.148100445628533,35.89606371192106,33.45041153800801,,1.0
bts,2,test,2024-06-16,0.03,PointwiseWorstAction,32.0,106.99284958904877,26.49810044562853,39.42106371192105,36.97541153800801,,1.0
bts,2,test,2024-06-16,0.03,ScenarioCVaR,32.0,106.99284958904877,26.49810044562853,39.42106371192105,36.97541153800801,,1.0
bts,2,test,2024-06-16,0.03,RiskFirst,32.0,18.040368767474856,73.60493793061929,108.91433330285534,101.68850357702559,,1.0
bts,2,test,2024-06-16,0.03,TemporalContext2024,32.0,17.05097139255946,77.82759874933274,115.94466956016527,109.96920533141153,,1.0
bts,2,test,2024-06-16,0.03,NetworkPropagation2024,32.0,15.594286967197695,72.45755788011424,108.03593999477451,103.15796380429829,,1.0
bts,2,test,2024-06-16,0.03,CalibratedUncertainty2025,32.0,15.340356132225748,58.657326801910585,87.77765686953255,86.21515686953256,,1.0
bts,2,test,2024-06-16,0.03,MappedPTO2026,32.0,17.789791669827967,74.16622916788842,110.60728025976914,105.79180406929294,,1.0
bts,2,test,2024-06-16,0.03,GroupAware2025,32.0,20.718178732852227,73.60493793061929,108.91433330285534,101.68850357702559,,1.0
bts,2,test,2024-06-16,0.03,RobustImprovement2025,32.0,14.441113613032377,63.288271263952616,93.48933330285533,86.63850357702557,,1.0
bts,2,test,2024-06-16,0.05,StructuralRobust,53.0,214.15674432947594,81.17331450294633,120.03356482801254,111.0577351021828,0.0,1.0
bts,2,test,2024-06-16,0.05,ExpectedActionValue,53.0,151.93321398766773,49.40338392558943,73.4520338976493,68.55421896713801,,1.0
bts,2,test,2024-06-16,0.05,PointwiseWorstAction,53.0,152.22448922693613,54.35312619363067,80.9026782275462,76.20009525579779,,1.0
bts,2,test,2024-06-16,0.05,ScenarioCVaR,53.0,152.22448922693613,54.35312619363067,80.9026782275462,76.20009525579779,,1.0
bts,2,test,2024-06-16,0.05,RiskFirst,53.0,31.107191997859665,82.29831450294633,121.84606482801254,113.8077351021828,,1.0
bts,2,test,2024-06-16,0.05,TemporalContext2024,53.0,31.71581863947,83.08729476610422,123.00365802976692,114.77124935656876,,1.0
bts,2,test,2024-06-16,0.05,NetworkPropagation2024,53.0,33.155245175091764,81.17331450294633,120.03356482801254,111.0577351021828,,1.0
bts,2,test,2024-06-16,0.05,CalibratedUncertainty2025,53.0,28.10923587749388,116.16061371469702,173.82792216694187,170.73043412866434,,1.0
bts,2,test,2024-06-16,0.05,MappedPTO2026,53.0,33.934937261471205,93.19831450294633,137.94606482801254,128.0327351021828,,1.0
bts,2,test,2024-06-16,0.05,GroupAware2025,53.0,30.757705896964787,86.23164783627965,127.67939816134589,119.14106843551616,,1.0
bts,2,test,2024-06-16,0.05,RobustImprovement2025,53.0,31.62886649679792,87.4086303631614,128.85696872586203,115.90936480648386,,1.0
bts,2,test,2024-06-16,0.1,StructuralRobust,107.0,325.69203924121575,147.15437286683394,218.14877532073046,203.77175231193402,0.0,1.0
bts,2,test,2024-06-16,0.1,ExpectedActionValue,107.0,242.8374209310373,98.31610862322034,145.07041390401628,127.04229617290952,,1.0
bts,2,test,2024-06-16,0.1,PointwiseWorstAction,107.0,242.86777224354284,98.31610862322034,145.07041390401625,127.04229617290952,,1.0
bts,2,test,2024-06-16,0.1,ScenarioCVaR,107.0,242.86777224354284,98.31610862322034,145.07041390401625,127.04229617290952,,1.0
bts,2,test,2024-06-16,0.1,RiskFirst,107.0,64.36964977670183,180.78874966248722,268.81351177691,255.01363862297572,,1.0
bts,2,test,2024-06-16,0.1,TemporalContext2024,107.0,64.5838628117974,185.82672384583816,276.58297305193634,264.3768498980021,,1.0
bts,2,test,2024-06-16,0.1,NetworkPropagation2024,107.0,65.84582997256467,147.15437286683394,218.14877532073046,203.77175231193402,,1.0
bts,2,test,2024-06-16,0.1,CalibratedUncertainty2025,107.0,66.3144098032643,193.23786560997803,287.7432241065376,272.95391679331675,,1.0
bts,2,test,2024-06-16,0.1,MappedPTO2026,107.0,66.76787390207382,169.85935196627483,252.5569152325914,239.78829207865707,,1.0
bts,2,test,2024-06-16,0.1,GroupAware2025,107.0,65.9515387502506,186.6092042079418,277.4555572314555,262.99091135024844,,1.0
bts,2,test,2024-06-16,0.1,RobustImprovement2025,107.0,64.45948334415151,159.5546630678866,235.87079484537173,214.94651889415812,,1.0
bts,2,test,2024-06-16,0.2,StructuralRobust,214.0,259.30270567027986,361.05650539143016,535.1738338585635,493.14825898180743,0.0,1.0
bts,2,test,2024-06-16,0.2,ExpectedActionValue,214.0,364.4433618807402,231.29342692817085,342.54276578464567,310.62495622756666,,1.0
bts,2,test,2024-06-16,0.2,PointwiseWorstAction,214.0,364.419602407656,224.1684269281709,331.9302657846457,300.57495622756653,,1.0
bts,2,test,2024-06-16,0.2,ScenarioCVaR,214.0,364.419602407656,224.1684269281709,331.9302657846457,300.57495622756653,,1.0
bts,2,test,2024-06-16,0.2,RiskFirst,214.0,142.42804996287128,311.1263059643125,461.9746582861816,432.6700101716345,,1.0
bts,2,test,2024-06-16,0.2,TemporalContext2024,214.0,138.71479586108526,317.17397487640477,470.76616165431994,439.36151353977306,,1.0
bts,2,test,2024-06-16,0.2,NetworkPropagation2024,214.0,142.73906647219508,289.77560992706816,429.56387076788553,397.37364668511617,,1.0
bts,2,test,2024-06-16,0.2,CalibratedUncertainty2025,214.0,147.30612660237264,325.3338180103671,482.49258288672087,447.2378587581048,,1.0
bts,2,test,2024-06-16,0.2,MappedPTO2026,214.0,133.74363962074042,315.3244858801323,468.2969281599111,439.17978004536366,,1.0
bts,2,test,2024-06-16,0.2,GroupAware2025,214.0,137.27007763588742,331.45367702207113,492.54437178385984,463.8296505021149,,1.0
bts,2,test,2024-06-16,0.2,RobustImprovement2025,214.0,134.55120850833882,307.07368581443956,456.1383278801245,428.65317840622,,1.0
bts,2,test,2024-06-17,0.01,StructuralRobust,10.0,60.19202218978847,15.315384615384614,22.473076923076924,18.723076923076924,0.0,1.0
bts,2,test,2024-06-17,0.01,ExpectedActionValue,10.0,91.97016284310334,4.575,6.7875000000000005,6.2250000000000005,,1.0
bts,2,test,2024-06-17,0.01,PointwiseWorstAction,10.0,92.5714158386779,4.575,6.7875000000000005,6.2250000000000005,,1.0
bts,2,test,2024-06-17,0.01,ScenarioCVaR,10.0,92.5714158386779,4.575,6.7875000000000005,6.2250000000000005,,1.0
bts,2,test,2024-06-17,0.01,RiskFirst,10.0,6.065092458614857,15.440384615384614,22.635576923076925,18.698076923076925,,1.0
bts,2,test,2024-06-17,0.01,TemporalContext2024,10.0,6.404257901736361,14.690384615384614,21.510576923076925,17.573076923076925,,1.0
bts,2,test,2024-06-17,0.01,NetworkPropagation2024,10.0,6.12568728604586,14.690384615384614,21.510576923076925,17.573076923076925,,1.0
bts,2,test,2024-06-17,0.01,CalibratedUncertainty2025,10.0,4.733951372663946,8.290384615384614,12.010576923076922,8.823076923076925,,1.0
bts,2,test,2024-06-17,0.01,MappedPTO2026,10.0,19.193173024211386,11.215384615384615,16.27307692307692,12.148076923076921,,1.0
bts,2,test,2024-06-17,0.01,GroupAware2025,10.0,6.238994952937656,15.440384615384614,22.635576923076925,18.698076923076925,,1.0
bts,2,test,2024-06-17,0.01,RobustImprovement2025,10.0,7.810887592381162,17.940384615384612,25.935576923076923,18.623076923076926,,1.0
bts,2,test,2024-06-17,0.03,StructuralRobust,31.0,120.06167890496583,27.5983989694516,39.879177401545824,28.491019506808982,0.0,1.0
bts,2,test,2024-06-17,0.03,ExpectedActionValue,31.0,158.38858473975722,65.03801054018446,97.13092885375494,93.93527667984189,,1.0
bts,2,test,2024-06-17,0.03,PointwiseWorstAction,31.0,159.49614803205546,22.271706192358366,33.1564723320158,31.273320158102756,,1.0
bts,2,test,2024-06-17,0.03,ScenarioCVaR,31.0,159.49614803205546,22.271706192358366,33.1564723320158,31.273320158102756,,1.0
bts,2,test,2024-06-17,0.03,RiskFirst,31.0,30.598143892788528,31.108940765117232,45.63841114767586,37.950911147675875,,1.0
bts,2,test,2024-06-17,0.03,TemporalContext2024,31.0,30.532178650268374,31.293940765117235,45.91591114767586,38.22841114767585,,1.0
bts,2,test,2024-06-17,0.03,NetworkPropagation2024,31.0,29.874963236933255,27.268031674208142,40.22704751131222,35.16454751131222,,1.0
bts,2,test,2024-06-17,0.03,CalibratedUncertainty2025,31.0,15.949118988614234,26.725143155498113,39.23440995968536,32.834624157971774,,1.0
bts,2,test,2024-06-17,0.03,MappedPTO2026,31.0,34.300186301298275,32.02013693736604,46.71178435341747,36.82362645868063,,1.0
bts,2,test,2024-06-17,0.03,GroupAware2025,31.0,30.598143892788528,31.108940765117232,45.63841114767585,37.95091114767586,,1.0
bts,2,test,2024-06-17,0.03,RobustImprovement2025,31.0,31.788417352103398,27.6983989694516,40.27917740154582,30.766019506808984,,1.0
bts,2,test,2024-06-17,0.05,StructuralRobust,51.0,184.93516727654534,51.31893056519883,75.30009107423645,62.712805272522864,0.0,1.0
bts,2,test,2024-06-17,0.05,ExpectedActionValue,51.0,206.18031532068437,103.94516090017157,155.3416543937356,151.02100221982258,,1.0
bts,2,test,2024-06-17,0.05,PointwiseWorstAction,51.0,206.36391800374142,100.42016090017157,150.12915439373558,146.37100221982254,,1.0
bts,2,test,2024-06-17,0.05,ScenarioCVaR,51.0,206.36391800374142,100.42016090017157,150.12915439373558,146.37100221982254,,1.0
bts,2,test,2024-06-17,0.05,RiskFirst,51.0,42.82656482571219,56.10618637915232,82.56585851609691,70.61520062136009,,1.0
bts,2,test,2024-06-17,0.05,TemporalContext2024,51.0,43.103693177054076,56.99464791761387,83.89855082378921,71.94789292905236,,1.0
bts,2,test,2024-06-17,0.05,NetworkPropagation2024,51.0,43.83424914362441,51.31893056519883,75.30009107423645,62.712805272522864,,1.0
bts,2,test,2024-06-17,0.05,CalibratedUncertainty2025,51.0,43.649789803774006,44.291506322774595,65.10895471060007,55.14666890888648,,1.0
bts,2,test,2024-06-17,0.05,MappedPTO2026,51.0,46.94153972462908,55.42428845251756,81.20967829281142,66.75902039807455,,1.0
bts,2,test,2024-06-17,0.05,GroupAware2025,51.0,45.6833807122792,52.36758988792425,76.95796377925481,65.00730588451796,,1.0
bts,2,test,2024-06-17,0.05,RobustImprovement2025,51.0,40.37495130962698,50.72064791761386,73.96255082378921,58.07439292905235,,1.0
bts,2,test,2024-06-17,0.1,StructuralRobust,102.0,277.61912841472554,101.52217015895835,150.02139077339348,133.05740728556324,0.0,1.0
bts,2,test,2024-06-17,0.1,ExpectedActionValue,102.0,291.57965405572503,155.5170299315967,232.17259988038438,223.90051225280456,,1.0
bts,2,test,2024-06-17,0.1,PointwiseWorstAction,102.0,291.1865878355706,155.5170299315967,232.17259988038438,223.90051225280456,,1.0
bts,2,test,2024-06-17,0.1,ScenarioCVaR,102.0,291.1865878355706,155.5170299315967,232.17259988038438,223.90051225280456,,1.0
bts,2,test,2024-06-17,0.1,RiskFirst,102.0,74.3345633815708,101.71807151382542,149.9129700784214,129.93194113604574,,1.0
bts,2,test,2024-06-17,0.1,TemporalContext2024,102.0,71.94361673193988,99.19329319424554,146.16330259905158,126.46352365667582,,1.0
bts,2,test,2024-06-17,0.1,NetworkPropagation2024,102.0,75.3843241560124,101.52217015895835,150.02139077339348,133.05740728556324,,1.0
bts,2,test,2024-06-17,0.1,CalibratedUncertainty2025,102.0,73.09000310226597,105.57453819848502,156.05610264509335,138.76331775033668,,1.0
bts,2,test,2024-06-17,0.1,MappedPTO2026,102.0,74.10097591615519,99.05176777880077,146.31578720315713,129.35180371532687,,1.0
bts,2,test,2024-06-17,0.1,GroupAware2025,102.0,71.19991402890432,101.89555565758864,150.17919629406623,130.19816735169053,,1.0
bts,2,test,2024-06-17,0.1,RobustImprovement2025,102.0,73.18436251531094,103.26752451462997,150.59582694965877,123.80487828251239,,1.0
bts,2,test,2024-06-17,0.2,StructuralRobust,205.0,236.31244673247494,239.8616834119223,352.4192444888455,302.6196397710612,0.0,1.0
bts,2,test,2024-06-17,0.2,ExpectedActionValue,205.0,409.43897937300545,232.91348741395973,347.1807471471299,330.75961734355803,,1.0
bts,2,test,2024-06-17,0.2,PointwiseWorstAction,205.0,409.8325235190014,239.20652079567236,356.62029721969884,340.19916741612695,,1.0
bts,2,test,2024-06-17,0.2,ScenarioCVaR,205.0,409.8325235190014,239.20652079567236,356.62029721969884,340.19916741612695,,1.0
bts,2,test,2024-06-17,0.2,RiskFirst,205.0,139.6495749356047,203.2123243050962,301.38039969023123,275.5947489346329,,1.0
bts,2,test,2024-06-17,0.2,TemporalContext2024,205.0,141.45427551035277,181.14931842726344,267.4630838559382,235.50638046876077,,1.0
bts,2,test,2024-06-17,0.2,NetworkPropagation2024,205.0,134.44183475784214,232.18591125552422,344.8590184199668,319.2101549450701,,1.0
bts,2,test,2024-06-17,0.2,CalibratedUncertainty2025,205.0,129.50263372553368,246.42080710075268,366.2184508554245,340.6227523876403,,1.0
bts,2,test,2024-06-17,0.2,MappedPTO2026,205.0,129.49383978808945,234.15549079637506,346.80658704052337,313.6067183852291,,1.0
bts,2,test,2024-06-17,0.2,GroupAware2025,205.0,132.73953068167415,195.5381843271742,289.64190171165234,262.15159086833467,,1.0
bts,2,test,2024-06-17,0.2,RobustImprovement2025,205.0,149.70222170115906,233.5167472068181,344.70223674551676,308.4056062601885,,1.0
bts,2,test,2024-06-18,0.01,StructuralRobust,10.0,74.71792056457906,17.850917107583776,25.927610229276898,22.311869488536153,0.0,1.0
bts,2,test,2024-06-18,0.01,ExpectedActionValue,10.0,65.0456640971829,10.871296296296297,16.277006172839506,16.05246913580247,,1.0
bts,2,test,2024-06-18,0.01,PointwiseWorstAction,10.0,65.14473165720585,10.871296296296297,16.277006172839506,16.05246913580247,,1.0
bts,2,test,2024-06-18,0.01,ScenarioCVaR,10.0,65.14473165720585,10.871296296296297,16.277006172839506,16.05246913580247,,1.0
bts,2,test,2024-06-18,0.01,RiskFirst,10.0,6.863878180852516,13.612942497753819,20.39441374663073,20.206913746630725,,1.0
bts,2,test,2024-06-18,0.01,TemporalContext2024,10.0,5.330957793233009,11.171904761904763,16.707857142857144,16.332857142857144,,1.0
bts,2,test,2024-06-18,0.01,NetworkPropagation2024,10.0,7.178067817518407,15.41294249775382,23.094413746630728,22.906913746630728,,1.0
bts,2,test,2024-06-18,0.01,CalibratedUncertainty2025,10.0,8.079461158896903,13.896904761904763,20.820357142857144,20.63285714285714,,1.0
bts,2,test,2024-06-18,0.01,MappedPTO2026,10.0,4.375884716780506,13.737942497753819,20.55691374663073,20.181913746630727,,1.0
bts,2,test,2024-06-18,0.01,GroupAware2025,10.0,6.863878180852517,13.612942497753819,20.39441374663073,20.206913746630725,,1.0
bts,2,test,2024-06-18,0.01,RobustImprovement2025,10.0,6.157558296958338,14.737942497753819,21.55691374663073,20.181913746630727,,1.0
bts,2,test,2024-06-18,0.03,StructuralRobust,30.0,144.68088121423062,35.74883637653387,51.64234627555919,39.53553410624703,0.0,1.0
bts,2,test,2024-06-18,0.03,ExpectedActionValue,30.0,124.92417740637042,22.556384015594546,33.62130441845354,32.021767381416495,,1.0
bts,2,test,2024-06-18,0.03,PointwiseWorstAction,30.0,125.36790286982881,23.656384015594547,35.27130441845354,33.671767381416494,,1.0
bts,2,test,2024-06-18,0.03,ScenarioCVaR,30.0,125.36790286982881,23.656384015594547,35.27130441845354,33.671767381416494,,1.0
bts,2,test,2024-06-18,0.03,RiskFirst,30.0,16.72400872511882,24.332277424077994,35.48594102659887,30.642377705212972,,1.0
bts,2,test,2024-06-18,0.03,TemporalContext2024,30.0,14.573958922668929,21.041954843432833,30.589166833050484,26.035926092309744,,1.0
bts,2,test,2024-06-18,0.03,NetworkPropagation2024,30.0,16.5546560725332,27.723303065103632,40.57247948813733,35.72891616675143,,1.0
bts,2,test,2024-06-18,0.03,CalibratedUncertainty2025,30.0,16.64532655724818,26.429759721481613,39.17087415012366,35.61763340938292,,1.0
bts,2,test,2024-06-18,0.03,MappedPTO2026,30.0,12.800554283018855,22.976966887997722,33.865450331996584,32.115450331996584,,1.0
bts,2,test,2024-06-18,0.03,GroupAware2025,30.0,16.58752413059982,26.070082302126774,38.092648343672046,33.24908502228614,,1.0
bts,2,test,2024-06-18,0.03,RobustImprovement2025,30.0,18.293325188341168,53.21934763356953,77.55407469957422,63.24197406872358,,1.0
bts,2,test,2024-06-18,0.05,StructuralRobust,50.0,223.26899282575351,46.93407542282721,69.06201200846253,61.7687535651254,0.0,1.0
bts,2,test,2024-06-18,0.05,ExpectedActionValue,50.0,165.8625230715675,32.07282237175893,46.89596195270012,43.29642491566307,,1.0
bts,2,test,2024-06-18,0.05,PointwiseWorstAction,50.0,166.38402031593114,32.07282237175893,46.89596195270012,43.29642491566307,,1.0
bts,2,test,2024-06-18,0.05,ScenarioCVaR,50.0,166.38402031593114,32.07282237175893,46.89596195270012,43.29642491566307,,1.0
bts,2,test,2024-06-18,0.05,RiskFirst,50.0,25.873352881553334,62.68978055103235,92.37653123923175,82.69048433435614,,1.0
bts,2,test,2024-06-18,0.05,TemporalContext2024,50.0,25.22069707416426,58.16478055103234,85.61403123923176,76.1154843343562,,1.0
bts,2,test,2024-06-18,0.05,NetworkPropagation2024,50.0,26.90042121507058,46.93407542282721,69.06201200846253,61.7687535651254,,1.0
bts,2,test,2024-06-18,0.05,CalibratedUncertainty2025,50.0,28.24567969790642,41.8713018143219,61.44447761196472,53.97591429057879,,1.0
bts,2,test,2024-06-18,0.05,MappedPTO2026,50.0,23.912046795213634,56.443032583552665,83.05803530427241,73.75918352134805,,1.0
bts,2,test,2024-06-18,0.05,GroupAware2025,50.0,26.140074045501056,62.689780551032335,92.37653123923175,82.69048433435617,,1.0
bts,2,test,2024-06-18,0.05,RobustImprovement2025,50.0,28.28953323663283,64.06205116659564,93.08894413121783,73.3079494911506,,1.0
bts,2,test,2024-06-18,0.1,StructuralRobust,99.0,323.04191071477914,93.83756017450963,138.19105781730485,121.70143948385788,0.0,1.0
bts,2,test,2024-06-18,0.1,ExpectedActionValue,99.0,238.1211465271062,63.390240018817764,92.50958842328835,81.4413013862513,,1.0
bts,2,test,2024-06-18,0.1,PointwiseWorstAction,99.0,238.08037705776252,100.52110668548444,147.99755508995503,135.36676805291796,,1.0
bts,2,test,2024-06-18,0.1,ScenarioCVaR,99.0,238.08037705776252,100.52110668548444,147.99755508995503,135.36676805291796,,1.0
bts,2,test,2024-06-18,0.1,RiskFirst,99.0,48.242930955874996,88.42327871953051,130.06963563483617,113.58001730138915,,1.0
bts,2,test,2024-06-18,0.1,TemporalContext2024,99.0,48.97460145046729,88.1732787195305,129.69463563483615,113.20501730138919,,1.0
bts,2,test,2024-06-18,0.1,NetworkPropagation2024,99.0,49.781207598545166,93.83756017450963,138.19105781730485,121.70143948385788,,1.0
bts,2,test,2024-06-18,0.1,CalibratedUncertainty2025,99.0,51.848245194333565,102.63666611243136,150.9022167241874,130.7563483907404,,1.0
bts,2,test,2024-06-18,0.1,MappedPTO2026,99.0,47.96342852356493,87.02430436055614,127.97117409637463,111.48155576292767,,1.0
bts,2,test,2024-06-18,0.1,GroupAware2025,99.0,51.82782891428206,92.86430436055613,136.73117409637462,120.24155576292765,,1.0
bts,2,test,2024-06-18,0.1,RobustImprovement2025,99.0,56.72167954867507,101.11315967191143,147.4264808729314,121.10204111091298,,1.0
bts,2,test,2024-06-18,0.2,StructuralRobust,199.0,256.83787700439507,178.61079238955557,260.0677089049832,206.7041113098573,0.0,1.0
bts,2,test,2024-06-18,0.2,ExpectedActionValue,199.0,346.46105514815287,195.9725314863531,289.3558017033985,263.0833352574159,,1.0
bts,2,test,2024-06-18,0.2,PointwiseWorstAction,199.0,346.50378778540863,192.7907133045349,284.68307443067124,259.1606079846886,,1.0
bts,2,test,2024-06-18,0.2,ScenarioCVaR,199.0,346.50378778540863,192.7907133045349,284.68307443067124,259.1606079846886,,1.0
bts,2,test,2024-06-18,0.2,RiskFirst,199.0,101.83968169989653,170.2329581133873,249.51027567254897,211.2165644410595,,1.0
bts,2,test,2024-06-18,0.2,TemporalContext2024,199.0,99.09313870181154,175.34923818749155,257.7249089960395,223.48279685705597,,1.0
bts,2,test,2024-06-18,0.2,NetworkPropagation2024,199.0,100.3438617703865,173.80179898936439,254.4812859042635,213.32069155589085,,1.0
bts,2,test,2024-06-18,0.2,CalibratedUncertainty2025,199.0,102.51712334446471,193.1077182898212,283.2221886644726,240.4267728875285,,1.0
bts,2,test,2024-06-18,0.2,MappedPTO2026,199.0,106.19488216332138,157.78222144298616,232.39415361612356,203.05031450345592,,1.0
bts,2,test,2024-06-18,0.2,GroupAware2025,199.0,102.47809014962289,177.16862133822926,260.704587609379,228.3420046246429,,1.0
bts,2,test,2024-06-18,0.2,RobustImprovement2025,199.0,120.48660902274906,157.3649812745205,230.43617243610674,193.85142636855178,,1.0
bts,2,test,2024-06-19,0.01,StructuralRobust,10.0,73.64949772942359,20.25,30.25,29.3125,0.0,1.0
bts,2,test,2024-06-19,0.01,ExpectedActionValue,10.0,75.84591282563396,4.586956521739131,6.880434782608695,6.880434782608695,,1.0
bts,2,test,2024-06-19,0.01,PointwiseWorstAction,10.0,75.84591282563396,4.586956521739131,6.880434782608695,6.880434782608695,,1.0
bts,2,test,2024-06-19,0.01,ScenarioCVaR,10.0,75.84591282563396,4.586956521739131,6.880434782608695,6.880434782608695,,1.0
bts,2,test,2024-06-19,0.01,RiskFirst,10.0,10.70118713762763,19.875,29.7625,29.387500000000003,,1.0
bts,2,test,2024-06-19,0.01,TemporalContext2024,10.0,7.291222109197438,23.739935064935064,35.5599025974026,35.1849025974026,,1.0
bts,2,test,2024-06-19,0.01,NetworkPropagation2024,10.0,9.508360444215727,19.875,29.7625,29.387500000000003,,1.0
bts,2,test,2024-06-19,0.01,CalibratedUncertainty2025,10.0,8.03338336753828,20.0,29.925,29.362499999999997,,1.0
bts,2,test,2024-06-19,0.01,MappedPTO2026,10.0,7.765877186893635,15.225000000000001,22.7125,21.775,,1.0
bts,2,test,2024-06-19,0.01,GroupAware2025,10.0,9.782362517370562,21.25,31.800000000000004,31.237500000000004,,1.0
bts,2,test,2024-06-19,0.01,RobustImprovement2025,10.0,8.845245856728527,15.225000000000001,22.7125,21.775,,1.0
bts,2,test,2024-06-19,0.03,StructuralRobust,31.0,137.74557459240907,44.59433635806881,66.23653721684178,61.32428231488098,0.0,1.0
bts,2,test,2024-06-19,0.03,ExpectedActionValue,31.0,137.65911150262278,30.908962190798814,45.12811316048347,40.80745539944108,,1.0
bts,2,test,2024-06-19,0.03,PointwiseWorstAction,31.0,137.76061295849175,28.223247905084524,41.09954173191204,36.77888397086967,,1.0
bts,2,test,2024-06-19,0.03,ScenarioCVaR,31.0,137.76061295849175,28.223247905084524,41.09954173191204,36.77888397086967,,1.0
bts,2,test,2024-06-19,0.03,RiskFirst,31.0,24.609462109876215,48.35533635806882,72.02303721684177,68.19828231488097,,1.0
bts,2,test,2024-06-19,0.03,TemporalContext2024,31.0,24.285255198459076,45.67886576983352,68.23774309919472,66.13357643252803,,1.0
bts,2,test,2024-06-19,0.03,NetworkPropagation2024,31.0,29.93606617950154,48.35533635806881,72.02303721684177,68.19828231488097,,1.0
bts,2,test,2024-06-19,0.03,CalibratedUncertainty2025,31.0,26.582254243739616,36.484257502284066,54.42197448872021,52.13888625342608,,1.0
bts,2,test,2024-06-19,0.03,MappedPTO2026,31.0,23.97444279975302,38.012026143790855,56.45807189542484,52.25831699346404,,1.0
bts,2,test,2024-06-19,0.03,GroupAware2025,31.0,24.60092224496278,48.35533635806882,72.02303721684177,68.19828231488097,,1.0
bts,2,test,2024-06-19,0.03,RobustImprovement2025,31.0,23.65477414969119,42.05440129313375,62.351634619439174,56.87687971747836,,1.0
bts,2,test,2024-06-19,0.05,StructuralRobust,52.0,199.98879777839485,61.72142027415273,91.85398127278583,86.39286273446137,0.0,1.0
bts,2,test,2024-06-19,0.05,ExpectedActionValue,52.0,183.94714024993814,35.9249299327343,52.537064773386696,47.353907012344294,,1.0
bts,2,test,2024-06-19,0.05,PointwiseWorstAction,52.0,184.25468854893583,35.34992993273429,51.789564773386694,47.46890701234431,,1.0
bts,2,test,2024-06-19,0.05,ScenarioCVaR,52.0,184.25468854893583,35.34992993273429,51.789564773386694,47.46890701234431,,1.0
bts,2,test,2024-06-19,0.05,RiskFirst,52.0,35.72135093893613,68.98690787745852,102.75039449592632,97.27563959396551,,1.0
bts,2,test,2024-06-19,0.05,TemporalContext2024,52.0,38.69077090096501,65.67128658431317,97.92196255620829,93.53470765424747,,1.0
bts,2,test,2024-06-19,0.05,NetworkPropagation2024,52.0,40.83827097376178,61.72142027415273,91.85398127278583,86.39286273446137,,1.0
bts,2,test,2024-06-19,0.05,CalibratedUncertainty2025,52.0,39.000905925146576,68.94777691762167,102.50740512687813,95.65045325522036,,1.0
bts,2,test,2024-06-19,0.05,MappedPTO2026,52.0,34.74387095018703,64.26087481960727,95.66134490914946,90.18659000718864,,1.0
bts,2,test,2024-06-19,0.05,GroupAware2025,52.0,34.6868877082094,69.61790787745852,103.84189449592634,99.45463959396551,,1.0
bts,2,test,2024-06-19,0.05,RobustImprovement2025,52.0,38.49172589392842,55.759956848689306,82.5488568416614,74.36576860636725,,1.0
bts,2,test,2024-06-19,0.1,StructuralRobust,103.0,302.6766750245965,130.28367478961303,193.64125193486515,180.25930006320738,0.0,1.0
bts,2,test,2024-06-19,0.1,ExpectedActionValue,103.0,275.05828751165484,89.56366994814789,132.48267479650707,123.4557670354647,,1.0
bts,2,test,2024-06-19,0.1,PointwiseWorstAction,103.0,274.9195544333758,92.88731859679653,137.29314776948007,126.95374000843763,,1.0
bts,2,test,2024-06-19,0.1,ScenarioCVaR,103.0,274.9195544333758,92.88731859679653,137.29314776948007,126.95374000843763,,1.0
bts,2,test,2024-06-19,0.1,RiskFirst,103.0,74.46620986424291,121.78857178941657,180.46734743457043,165.60414556291255,,1.0
bts,2,test,2024-06-19,0.1,TemporalContext2024,103.0,68.31089308485821,113.57857178941657,168.15234743457046,153.28914556291267,,1.0
bts,2,test,2024-06-19,0.1,NetworkPropagation2024,103.0,84.4400101684764,130.28367478961303,193.64125193486515,180.25930006320738,,1.0
bts,2,test,2024-06-19,0.1,CalibratedUncertainty2025,103.0,79.09491244880827,116.3839421597869,172.66757891605192,158.35507148883863,,1.0
bts,2,test,2024-06-19,0.1,MappedPTO2026,103.0,70.59709386994584,121.92357178941654,181.15109743457043,168.14414556291263,,1.0
bts,2,test,2024-06-19,0.1,GroupAware2025,103.0,66.87543346474797,116.63857178941657,172.79234743457044,158.30414556291254,,1.0
bts,2,test,2024-06-19,0.1,RobustImprovement2025,103.0,75.06161469719287,112.63634975219452,163.7427375074605,133.47677728304433,,1.0
bts,2,test,2024-06-19,0.2,StructuralRobust,206.0,280.56346644185317,207.9476790914274,303.63609674129896,255.8178757043009,0.0,1.0
bts,2,test,2024-06-19,0.2,ExpectedActionValue,206.0,402.0798280350153,134.8253403645263,198.7762749518913,177.75757617197348,,1.0
bts,2,test,2024-06-19,0.2,PointwiseWorstAction,206.0,402.2162217259252,134.82534036452628,198.77627495189128,177.75757617197345,,1.0
bts,2,test,2024-06-19,0.2,ScenarioCVaR,206.0,402.2162217259252,134.82534036452628,198.77627495189128,177.75757617197345,,1.0
bts,2,test,2024-06-19,0.2,RiskFirst,206.0,182.84172095616225,192.65112431287267,285.1218007040029,257.9632824642075,,1.0
bts,2,test,2024-06-19,0.2,TemporalContext2024,206.0,183.66187773594532,176.84480017488266,261.3341575452372,238.53378034890414,,1.0
bts,2,test,2024-06-19,0.2,NetworkPropagation2024,206.0,180.63306398135163,181.09547566422398,268.01332773102996,242.54230949123476,,1.0
bts,2,test,2024-06-19,0.2,CalibratedUncertainty2025,206.0,177.11526859495365,204.7040622222035,302.92166010857795,271.91341092312297,,1.0
bts,2,test,2024-06-19,0.2,MappedPTO2026,206.0,185.75202526181124,185.15112431287264,273.8718007040029,246.71328246420762,,1.0
bts,2,test,2024-06-19,0.2,GroupAware2025,206.0,192.95968325219394,190.88203551960586,282.48942133673273,255.4903067666622,,1.0
bts,2,test,2024-06-19,0.2,RobustImprovement2025,206.0,144.4861815789202,176.28356202828314,257.68992114658255,215.99670010958442,,1.0
bts,2,test,2024-06-20,0.01,StructuralRobust,11.0,76.0153534668305,26.938168009779066,40.0791270146686,37.6181895146686,0.0,1.0
bts,2,test,2024-06-20,0.01,ExpectedActionValue,11.0,53.974079269019235,18.381875,27.2696875,24.996249999999996,,1.0
bts,2,test,2024-06-20,0.01,PointwiseWorstAction,11.0,54.24700200106367,16.931875,25.0946875,22.821249999999996,,1.0
bts,2,test,2024-06-20,0.01,ScenarioCVaR,11.0,54.24700200106367,16.931875,25.0946875,22.821249999999996,,1.0
bts,2,test,2024-06-20,0.01,RiskFirst,11.0,17.210292257886284,25.538168009779064,37.9791270146686,35.51818951466859,,1.0
bts,2,test,2024-06-20,0.01,TemporalContext2024,11.0,16.32762744843133,26.06544073705179,38.77003610557769,36.30909860557769,,1.0
bts,2,test,2024-06-20,0.01,NetworkPropagation2024,11.0,15.556971146903154,26.888168009779065,39.95412701466859,37.118189514668586,,1.0
bts,2,test,2024-06-20,0.01,CalibratedUncertainty2025,11.0,14.40479938518427,44.50897173435638,66.43533260153457,63.974395101534554,,1.0
bts,2,test,2024-06-20,0.01,MappedPTO2026,11.0,18.212727001836356,26.938168009779066,40.0791270146686,37.6181895146686,,1.0
bts,2,test,2024-06-20,0.01,GroupAware2025,11.0,17.210292257886284,25.538168009779064,37.9791270146686,35.51818951466859,,1.0
bts,2,test,2024-06-20,0.01,RobustImprovement2025,11.0,14.813735099166697,26.938168009779062,40.0791270146686,37.6181895146686,,1.0
bts,2,test,2024-06-20,0.03,StructuralRobust,32.0,151.6730768170102,69.71348489216938,102.89622835451422,92.35998597646544,0.0,1.0
bts,2,test,2024-06-20,0.03,ExpectedActionValue,32.0,117.24627187187474,31.365411585365855,45.31328506097561,36.76454268292682,,1.0
bts,2,test,2024-06-20,0.03,PointwiseWorstAction,32.0,117.68875442445366,31.365411585365855,45.3132850609756,36.76454268292682,,1.0
bts,2,test,2024-06-20,0.03,ScenarioCVaR,32.0,117.68875442445366,31.365411585365855,45.3132850609756,36.76454268292682,,1.0
bts,2,test,2024-06-20,0.03,RiskFirst,32.0,34.66736436788582,69.71348489216938,102.89622835451425,92.3599859764655,,1.0
bts,2,test,2024-06-20,0.03,TemporalContext2024,32.0,33.29953791663035,74.23780921649372,109.73271484100073,99.57147246295197,,1.0
bts,2,test,2024-06-20,0.03,NetworkPropagation2024,32.0,33.06178683077428,68.56515155883605,102.01289502118092,95.75165264313216,,1.0
bts,2,test,2024-06-20,0.03,CalibratedUncertainty2025,32.0,27.783995802667224,70.0209082932472,104.2282374398708,99.26729993987078,,1.0
bts,2,test,2024-06-20,0.03,MappedPTO2026,32.0,31.998410084776896,76.1230972289483,112.66064685968263,103.24940448163389,,1.0
bts,2,test,2024-06-20,0.03,GroupAware2025,32.0,33.61968525466391,74.23780921649372,109.73271484100073,99.57147246295197,,1.0
bts,2,test,2024-06-20,0.03,RobustImprovement2025,32.0,33.65825428724196,101.064016807063,149.4720262268547,136.62328384880595,,1.0
bts,2,test,2024-06-20,0.05,StructuralRobust,54.0,237.7659954115322,88.40921639529373,130.91482560920076,120.19108323115202,0.0,1.0
bts,2,test,2024-06-20,0.05,ExpectedActionValue,54.0,166.24501775476915,54.601442236706845,79.914219926876,69.46714421549387,,1.0
bts,2,test,2024-06-20,0.05,PointwiseWorstAction,54.0,166.86619940680825,55.790331125595735,81.57052623318229,70.17074781909747,,1.0
bts,2,test,2024-06-20,0.05,ScenarioCVaR,54.0,166.86619940680825,55.790331125595735,81.57052623318229,70.17074781909747,,1.0
bts,2,test,2024-06-20,0.05,RiskFirst,54.0,45.19262199602469,89.08733451708387,131.932002791886,121.2082604138373,,1.0
bts,2,test,2024-06-20,0.05,TemporalContext2024,54.0,46.69969363373412,88.39831012683999,130.52346620652014,118.04972382847143,,1.0
bts,2,test,2024-06-20,0.05,NetworkPropagation2024,54.0,44.357157163488296,88.40921639529373,130.91482560920076,120.19108323115202,,1.0
bts,2,test,2024-06-20,0.05,CalibratedUncertainty2025,54.0,48.036285659273155,87.04906026322843,129.0809618199732,118.9487475084525,,1.0
bts,2,test,2024-06-20,0.05,MappedPTO2026,54.0,44.821943647859214,90.33733451708387,133.432002791886,120.9582604138373,,1.0
bts,2,test,2024-06-20,0.05,GroupAware2025,54.0,45.6809426923552,85.38160280976682,126.3734052309104,115.64966285286165,,1.0
bts,2,test,2024-06-20,0.05,RobustImprovement2025,54.0,41.86371104729633,137.61804191086932,203.28573590366221,182.80703368384897,,1.0
bts,2,test,2024-06-20,0.1,StructuralRobust,108.0,348.39954326176667,167.0401764564047,247.32417914635886,226.13478760949738,0.0,1.0
bts,2,test,2024-06-20,0.1,ExpectedActionValue,108.0,258.51265608802237,108.90614949427096,160.0975248572294,141.15977947590136,,1.0
bts,2,test,2024-06-20,0.1,PointwiseWorstAction,108.0,258.46542257070445,108.10614949427097,158.8975248572294,139.95977947590137,,1.0
bts,2,test,2024-06-20,0.1,ScenarioCVaR,108.0,258.46542257070445,108.10614949427097,158.8975248572294,139.95977947590137,,1.0
bts,2,test,2024-06-20,0.1,RiskFirst,108.0,76.33752533516746,180.8891756187668,267.67267788990205,243.29578635304065,,1.0
bts,2,test,2024-06-20,0.1,TemporalContext2024,108.0,76.71591266511267,170.10868036060032,251.63270423342152,228.23658192732933,,1.0
bts,2,test,2024-06-20,0.1,NetworkPropagation2024,108.0,78.04990652281212,167.0401764564047,247.32417914635886,226.13478760949738,,1.0
bts,2,test,2024-06-20,0.1,CalibratedUncertainty2025,108.0,80.42711932026668,177.82085181315833,263.2256200165408,240.0144372425659,,1.0
bts,2,test,2024-06-20,0.1,MappedPTO2026,108.0,76.24838843500366,184.39210780384226,272.8350310295938,247.76780095832154,,1.0
bts,2,test,2024-06-20,0.1,GroupAware2025,108.0,76.66033948043251,184.07149397322843,272.2679923475551,246.55487775539842,,1.0
bts,2,test,2024-06-20,0.1,RobustImprovement2025,108.0,82.2157280491593,185.24538372805188,273.3273409658043,242.35308126875265,,1.0
bts,2,test,2024-06-20,0.2,StructuralRobust,215.0,283.3301159386366,287.466690389124,424.06629344025475,373.6444773645203,0.0,1.0
bts,2,test,2024-06-20,0.2,ExpectedActionValue,215.0,381.6603655259203,220.42216314205848,326.442811562677,300.53956293459566,,1.0
bts,2,test,2024-06-20,0.2,PointwiseWorstAction,215.0,381.9768693420189,227.79297584802396,337.3523957502853,310.3493855871553,,1.0
bts,2,test,2024-06-20,0.2,ScenarioCVaR,215.0,381.9768693420189,227.79297584802396,337.3523957502853,310.3493855871553,,1.0
bts,2,test,2024-06-20,0.2,RiskFirst,215.0,140.99314627530526,288.78780394543236,428.2510714694752,394.352563104425,,1.0
bts,2,test,2024-06-20,0.2,TemporalContext2024,215.0,140.8752356407536,262.3214794051852,388.57708465910446,354.86982629405406,,1.0
bts,2,test,2024-06-20,0.2,NetworkPropagation2024,215.0,137.2312266660152,280.9457888670772,416.45947742337114,382.3466833440352,,1.0
bts,2,test,2024-06-20,0.2,CalibratedUncertainty2025,215.0,148.08326930272412,275.5997622347402,408.40828244992383,374.0543256835256,,1.0
bts,2,test,2024-06-20,0.2,MappedPTO2026,215.0,142.07316976101174,272.3945333968774,403.5735197499863,369.01766716001185,,1.0
bts,2,test,2024-06-20,0.2,GroupAware2025,215.0,145.71867041089808,294.3445201621041,436.5861457944828,402.68763742943247,,1.0
bts,2,test,2024-06-20,0.2,RobustImprovement2025,215.0,139.4810041375021,278.6655914655629,412.28765771042583,372.5384365510365,,1.0
bts,2,test,2024-06-21,0.01,StructuralRobust,10.0,60.01344832405107,32.99008391608391,49.48512587412587,49.48512587412588,0.0,1.0
bts,2,test,2024-06-21,0.01,ExpectedActionValue,10.0,86.99509183763107,12.491672510518933,18.593487026647967,17.513323983169705,,1.0
bts,2,test,2024-06-21,0.01,PointwiseWorstAction,10.0,87.25960439198246,12.491672510518933,18.593487026647967,17.513323983169705,,1.0
bts,2,test,2024-06-21,0.01,ScenarioCVaR,10.0,87.25960439198246,12.491672510518933,18.593487026647967,17.513323983169705,,1.0
bts,2,test,2024-06-21,0.01,RiskFirst,10.0,9.430729205007058,32.99008391608392,49.48512587412587,49.48512587412587,,1.0
bts,2,test,2024-06-21,0.01,TemporalContext2024,10.0,9.570749170931208,32.99008391608392,49.48512587412587,49.48512587412587,,1.0
bts,2,test,2024-06-21,0.01,NetworkPropagation2024,10.0,9.206517102878518,32.99008391608392,49.48512587412587,49.48512587412587,,1.0
bts,2,test,2024-06-21,0.01,CalibratedUncertainty2025,10.0,8.815057106263648,14.769454545454543,22.15418181818182,22.15418181818182,,1.0
bts,2,test,2024-06-21,0.01,MappedPTO2026,10.0,11.077769662997717,16.520629370629372,24.780944055944055,24.780944055944055,,1.0
bts,2,test,2024-06-21,0.01,GroupAware2025,10.0,9.570749170931208,32.99008391608392,49.48512587412587,49.48512587412587,,1.0
bts,2,test,2024-06-21,0.01,RobustImprovement2025,10.0,10.760825158515845,32.99008391608392,49.48512587412587,49.48512587412587,,1.0
bts,2,test,2024-06-21,0.03,StructuralRobust,31.0,137.26771863281175,40.29626671178284,60.08606673434093,57.398566734340925,0.0,1.0
bts,2,test,2024-06-21,0.03,ExpectedActionValue,31.0,150.93578725463794,73.47121796506438,110.03780520846615,108.77014216498786,,1.0
bts,2,test,2024-06-21,0.03,PointwiseWorstAction,31.0,151.06898356778834,73.47121796506438,110.03780520846615,108.77014216498789,,1.0
bts,2,test,2024-06-21,0.03,ScenarioCVaR,31.0,151.06898356778834,73.47121796506438,110.03780520846615,108.77014216498789,,1.0
bts,2,test,2024-06-21,0.03,RiskFirst,31.0,20.94845458566996,39.92960004511617,59.769400067674255,58.83190006767426,,1.0
bts,2,test,2024-06-21,0.03,TemporalContext2024,31.0,21.908086509962082,38.75460004511617,58.081900067674255,57.70690006767426,,1.0
bts,2,test,2024-06-21,0.03,NetworkPropagation2024,31.0,19.593100404738465,39.92960004511617,59.769400067674255,58.83190006767426,,1.0
bts,2,test,2024-06-21,0.03,CalibratedUncertainty2025,31.0,19.976337230500405,44.35460004511617,66.43190006767426,65.68190006767428,,1.0
bts,2,test,2024-06-21,0.03,MappedPTO2026,31.0,21.52147753854223,38.89242055793668,57.930297503571694,54.8677975035717,,1.0
bts,2,test,2024-06-21,0.03,GroupAware2025,31.0,21.737663827030058,41.025753891270014,61.41363083690502,60.47613083690503,,1.0
bts,2,test,2024-06-21,0.03,RobustImprovement2025,31.0,21.405379926001995,43.64242055793668,64.8052975035717,59.8677975035717,,1.0
bts,2,test,2024-06-21,0.05,StructuralRobust,51.0,223.23267613658678,47.750753891270016,71.47613083690503,70.35113083690501,0.0,1.0
bts,2,test,2024-06-21,0.05,ExpectedActionValue,51.0,193.5192614819485,129.39574641048117,193.89959787659132,192.44443483311304,,1.0
bts,2,test,2024-06-21,0.05,PointwiseWorstAction,51.0,193.3832106356295,129.39574641048117,193.89959787659132,192.44443483311304,,1.0
bts,2,test,2024-06-21,0.05,ScenarioCVaR,51.0,193.3832106356295,129.39574641048117,193.89959787659132,192.44443483311304,,1.0
bts,2,test,2024-06-21,0.05,RiskFirst,51.0,33.84212117047474,46.53811021310909,69.3238319863303,65.69883198633032,,1.0
bts,2,test,2024-06-21,0.05,TemporalContext2024,51.0,32.35178801026728,54.263110213109094,80.98633198633033,77.92383198633033,,1.0
bts,2,test,2024-06-21,0.05,NetworkPropagation2024,51.0,35.74917430686613,47.750753891270016,71.47613083690503,70.35113083690501,,1.0
bts,2,test,2024-06-21,0.05,CalibratedUncertainty2025,51.0,43.869896920518734,59.70567931067819,89.25254494004326,86.95773974523811,,1.0
bts,2,test,2024-06-21,0.05,MappedPTO2026,51.0,33.84212117047475,46.53811021310909,69.3238319863303,65.69883198633032,,1.0
bts,2,test,2024-06-21,0.05,GroupAware2025,51.0,33.99611693465815,46.16311021310909,68.83633198633032,65.77383198633032,,1.0
bts,2,test,2024-06-21,0.05,RobustImprovement2025,51.0,39.303120148841316,54.63825389127001,81.02821417023836,74.05946417023836,,1.0
bts,2,test,2024-06-21,0.1,StructuralRobust,102.0,326.76300576834933,94.17599676352319,140.64968778597745,136.04238259117227,0.0,1.0
bts,2,test,2024-06-21,0.1,ExpectedActionValue,102.0,271.0992990184317,161.9797927442643,241.75804222464092,232.67069053647404,,1.0
bts,2,test,2024-06-21,0.1,PointwiseWorstAction,102.0,271.68093844028533,167.8346726582628,250.50131114658768,241.12107734053868,,1.0
bts,2,test,2024-06-21,0.1,ScenarioCVaR,102.0,271.68093844028533,167.8346726582628,250.50131114658768,241.12107734053868,,1.0
bts,2,test,2024-06-21,0.1,RiskFirst,102.0,75.29484990504737,111.5075312378208,166.17615616409051,158.0376009692854,,1.0
bts,2,test,2024-06-21,0.1,TemporalContext2024,102.0,74.32607372988863,99.69806154085111,148.68278495196932,142.20047975716417,,1.0
bts,2,test,2024-06-21,0.1,NetworkPropagation2024,102.0,76.32246419003638,94.17599676352319,140.64968778597745,136.04238259117227,,1.0
bts,2,test,2024-06-21,0.1,CalibratedUncertainty2025,102.0,77.98963113394775,101.69575200827845,151.55432065311032,144.13451545830512,,1.0
bts,2,test,2024-06-21,0.1,MappedPTO2026,102.0,76.10273694959452,111.50753123782083,166.17615616409054,158.03760096928528,,1.0
bts,2,test,2024-06-21,0.1,GroupAware2025,102.0,76.66540293277556,103.34505766488213,153.93244580468252,145.79389060987734,,1.0
bts,2,test,2024-06-21,0.1,RobustImprovement2025,102.0,78.18909772904074,114.5922737885032,170.4362998174297,159.54546832749108,,1.0
bts,2,test,2024-06-21,0.2,StructuralRobust,204.0,249.88918433230023,203.6877881980767,302.7875854527399,282.2068591199264,0.0,1.0
bts,2,test,2024-06-21,0.2,ExpectedActionValue,204.0,386.204401615363,277.62150372722175,413.74741507637964,393.61111121798234,,1.0
bts,2,test,2024-06-21,0.2,PointwiseWorstAction,204.0,386.38139185271115,275.7003267685871,410.7894957922739,390.08203808772276,,1.0
bts,2,test,2024-06-21,0.2,ScenarioCVaR,204.0,386.38139185271115,275.7003267685871,410.7894957922739,390.08203808772276,,1.0
bts,2,test,2024-06-21,0.2,RiskFirst,204.0,139.44790210373992,230.07401918992633,343.1002557122065,328.01945766708394,,1.0
bts,2,test,2024-06-21,0.2,TemporalContext2024,204.0,127.76760911325528,212.9636148597621,317.24401795443515,300.7334854403749,,1.0
bts,2,test,2024-06-21,0.2,NetworkPropagation2024,204.0,141.74211949464507,185.3714718268951,275.94762514385013,260.1257556701562,,1.0
bts,2,test,2024-06-21,0.2,CalibratedUncertainty2025,204.0,136.24125893756357,196.43668427298,292.7451059781216,278.4207027430085,,1.0
bts,2,test,2024-06-21,0.2,MappedPTO2026,204.0,133.95349966990014,221.8831177820972,330.9862662378254,317.1981879729226,,1.0
bts,2,test,2024-06-21,0.2,GroupAware2025,204.0,133.40165174658443,224.89786534377248,335.54910186605264,322.06638074400695,,1.0
bts,2,test,2024-06-21,0.2,RobustImprovement2025,204.0,132.0465387858659,190.51664876831464,283.8672828499217,269.55960558079437,,1.0
bts,2,test,2024-06-22,0.01,StructuralRobust,9.0,70.59714092881859,9.695042762115934,13.99418751979728,10.9438628444726,0.0,1.0
bts,2,test,2024-06-22,0.01,ExpectedActionValue,9.0,68.81468160252032,4.9,7.0625,6.074999999999999,,1.0
bts,2,test,2024-06-22,0.01,PointwiseWorstAction,9.0,68.98103928235072,3.1,4.3625,3.3749999999999996,,1.0
bts,2,test,2024-06-22,0.01,ScenarioCVaR,9.0,68.98103928235072,3.1,4.3625,3.3749999999999996,,1.0
bts,2,test,2024-06-22,0.01,RiskFirst,9.0,5.706956487186501,11.020042762115933,16.306687519797276,14.6313628444726,,1.0
bts,2,test,2024-06-22,0.01,TemporalContext2024,9.0,5.706956487186501,11.020042762115933,16.306687519797276,14.6313628444726,,1.0
bts,2,test,2024-06-22,0.01,NetworkPropagation2024,9.0,4.521604311709513,9.042094359167532,13.498855824465581,13.016712967322722,,1.0
bts,2,test,2024-06-22,0.01,CalibratedUncertainty2025,9.0,5.681896604127366,11.369367086440258,16.505674006283762,13.455349330959086,,1.0
bts,2,test,2024-06-22,0.01,MappedPTO2026,9.0,6.367769481047781,4.999324324324324,7.173986486486487,5.798986486486487,,1.0
bts,2,test,2024-06-22,0.01,GroupAware2025,9.0,5.706956487186501,11.020042762115933,16.306687519797276,14.6313628444726,,1.0
bts,2,test,2024-06-22,0.01,RobustImprovement2025,9.0,4.014912577687203,8.142094359167531,12.148855824465581,11.666712967322722,,1.0
bts,2,test,2024-06-22,0.03,StructuralRobust,28.0,142.64994222782522,23.654783753106926,34.37879900628376,27.165974330959074,0.0,1.0
bts,2,test,2024-06-22,0.03,ExpectedActionValue,28.0,130.10258311123144,15.66055900621118,22.106754658385093,15.644875776397512,,1.0
bts,2,test,2024-06-22,0.03,PointwiseWorstAction,28.0,131.00074820928987,15.66055900621118,22.106754658385093,15.644875776397516,,1.0
bts,2,test,2024-06-22,0.03,ScenarioCVaR,28.0,131.00074820928987,15.66055900621118,22.106754658385093,15.644875776397516,,1.0
bts,2,test,2024-06-22,0.03,RiskFirst,28.0,20.914775791152383,39.00478375310692,57.403799006283755,50.19097433095908,,1.0
bts,2,test,2024-06-22,0.03,TemporalContext2024,28.0,16.820413927650428,37.45478375310693,55.078799006283774,47.865974330959084,,1.0
bts,2,test,2024-06-22,0.03,NetworkPropagation2024,28.0,18.612398693516067,23.654783753106926,34.378799006283764,27.16597433095908,,1.0
bts,2,test,2024-06-22,0.03,CalibratedUncertainty2025,28.0,17.108572272303817,33.49298326648892,49.51609827635676,45.15327360103208,,1.0
bts,2,test,2024-06-22,0.03,MappedPTO2026,28.0,20.134412887839083,43.68446694869921,64.83165713300552,60.68133245768085,,1.0
bts,2,test,2024-06-22,0.03,GroupAware2025,28.0,16.820413927650424,37.45478375310692,55.07879900628376,47.86597433095908,,1.0
bts,2,test,2024-06-22,0.03,RobustImprovement2025,28.0,16.091490893020694,29.11463223795541,41.4766020365868,26.074004633989386,,1.0
bts,2,test,2024-06-22,0.05,StructuralRobust,47.0,223.59101481547066,39.00478375310692,57.403799006283755,50.19097433095908,0.0,1.0
bts,2,test,2024-06-22,0.05,ExpectedActionValue,47.0,175.83837160476205,24.172323712093533,34.449401717208616,25.86252283522104,,1.0
bts,2,test,2024-06-22,0.05,PointwiseWorstAction,47.0,175.94074811258128,23.272323712093534,32.84940171720862,23.762522835221038,,1.0
bts,2,test,2024-06-22,0.05,ScenarioCVaR,47.0,175.94074811258128,23.272323712093534,32.84940171720862,23.762522835221038,,1.0
bts,2,test,2024-06-22,0.05,RiskFirst,47.0,34.27503652848643,39.00478375310692,57.403799006283755,50.19097433095908,,1.0
bts,2,test,2024-06-22,0.05,TemporalContext2024,47.0,35.84490607192118,54.759649933155586,81.03609827635677,73.82327360103208,,1.0
bts,2,test,2024-06-22,0.05,NetworkPropagation2024,47.0,36.004827879826344,39.00478375310692,57.403799006283755,50.19097433095908,,1.0
bts,2,test,2024-06-22,0.05,CalibratedUncertainty2025,47.0,34.320359842790445,62.88107850458415,92.93252684778533,83.57684502960352,,1.0
bts,2,test,2024-06-22,0.05,MappedPTO2026,47.0,34.26588893603123,50.19280028203254,74.18582379967219,66.97299912434752,,1.0
bts,2,test,2024-06-22,0.05,GroupAware2025,47.0,31.08541034203354,55.84280028203254,82.66082379967219,75.4479991243475,,1.0
bts,2,test,2024-06-22,0.05,RobustImprovement2025,47.0,29.133142169169943,75.92385538915792,111.23059387190703,92.37917478318323,,1.0
bts,2,test,2024-06-22,0.1,StructuralRobust,94.0,318.43421152026116,222.07215332858888,330.3563741143868,310.77995502566296,0.0,1.0
bts,2,test,2024-06-22,0.1,ExpectedActionValue,94.0,257.0991189166655,148.47363306847976,219.90389220681445,205.2109617375253,,1.0
bts,2,test,2024-06-22,0.1,PointwiseWorstAction,94.0,256.9261185744675,141.6849075782837,209.69580397152032,194.8153735022311,,1.0
bts,2,test,2024-06-22,0.1,ScenarioCVaR,94.0,256.9261185744675,141.6849075782837,209.69580397152032,194.8153735022311,,1.0
bts,2,test,2024-06-22,0.1,RiskFirst,94.0,62.7762711141038,224.55066523335074,333.7116419715297,311.4164728828059,,1.0
bts,2,test,2024-06-22,0.1,TemporalContext2024,94.0,60.564091330347054,158.88374477536627,235.423761284553,214.7223421958293,,1.0
bts,2,test,2024-06-22,0.1,NetworkPropagation2024,94.0,62.20013591496235,222.07215332858888,330.3563741143868,310.77995502566296,,1.0
bts,2,test,2024-06-22,0.1,CalibratedUncertainty2025,94.0,62.83999757381697,177.0118032501624,263.1134215062049,246.14379623841424,,1.0
bts,2,test,2024-06-22,0.1,MappedPTO2026,94.0,62.776271114103785,224.55066523335074,333.7116419715297,311.4164728828059,,1.0
bts,2,test,2024-06-22,0.1,GroupAware2025,94.0,64.51868077596562,222.35335298038632,330.77930995571944,311.21141359426844,,1.0
bts,2,test,2024-06-22,0.1,RobustImprovement2025,94.0,63.800823877260655,138.43110914737454,203.31661469614784,175.62249700929326,,1.0
bts,2,test,2024-06-22,0.2,StructuralRobust,188.0,247.34920114693827,361.278337715677,533.6497931526069,476.42319249579236,0.0,1.0
bts,2,test,2024-06-22,0.2,ExpectedActionValue,188.0,367.6620698502025,237.87159898579444,352.8617501736956,329.6256378862248,,1.0
bts,2,test,2024-06-22,0.2,PointwiseWorstAction,188.0,368.2908433253302,227.91243231912782,337.9680001736956,315.0693878862247,,1.0
bts,2,test,2024-06-22,0.2,ScenarioCVaR,188.0,368.2908433253302,227.91243231912782,337.9680001736956,315.0693878862247,,1.0
bts,2,test,2024-06-22,0.2,RiskFirst,188.0,116.69950778815978,319.6396677143247,475.6762346859648,448.36423304454786,,1.0
bts,2,test,2024-06-22,0.2,TemporalContext2024,188.0,120.62608035679459,319.23351062608583,474.33713924052233,441.55118900097455,,1.0
bts,2,test,2024-06-22,0.2,NetworkPropagation2024,188.0,121.80797086345987,326.5757986667057,486.30543111453625,460.6809294731192,,1.0
bts,2,test,2024-06-22,0.2,CalibratedUncertainty2025,188.0,124.25420065882754,348.87485587124917,517.7826668406275,481.09178959378033,,1.0
bts,2,test,2024-06-22,0.2,MappedPTO2026,188.0,126.64902633641157,326.63933671304244,484.7583783709572,450.5349281314092,,1.0
bts,2,test,2024-06-22,0.2,GroupAware2025,188.0,117.68089664069217,315.1715847103721,468.211610180036,438.899608538619,,1.0
bts,2,test,2024-06-22,0.2,RobustImprovement2025,188.0,130.2186354061506,290.3854772308502,430.078380840253,393.6108682950863,,1.0
bts,2,test,2024-06-23,0.01,StructuralRobust,10.0,71.55648759523406,9.023511904761905,12.579017857142858,8.06339285714286,0.0,1.0
bts,2,test,2024-06-23,0.01,ExpectedActionValue,10.0,53.1496600100724,5.547430830039525,8.321146245059289,8.321146245059287,,1.0
bts,2,test,2024-06-23,0.01,PointwiseWorstAction,10.0,54.39105656262248,3.340909090909091,5.011363636363636,5.011363636363636,,1.0
bts,2,test,2024-06-23,0.01,ScenarioCVaR,10.0,54.39105656262248,3.340909090909091,5.011363636363636,5.011363636363636,,1.0
bts,2,test,2024-06-23,0.01,RiskFirst,10.0,10.523804097298266,3.7464285714285714,4.982142857142858,2.857142857142857,,1.0
bts,2,test,2024-06-23,0.01,TemporalContext2024,10.0,8.031283382200469,8.801428571428572,13.127142857142857,12.564642857142859,,1.0
bts,2,test,2024-06-23,0.01,NetworkPropagation2024,10.0,8.353774929174978,4.365045592705167,6.5475683890577505,6.547568389057751,,1.0
bts,2,test,2024-06-23,0.01,CalibratedUncertainty2025,10.0,9.776918213167153,10.951428571428572,15.789642857142859,13.664642857142859,,1.0
bts,2,test,2024-06-23,0.01,MappedPTO2026,10.0,10.081925667398552,3.3714285714285714,4.494642857142857,2.9321428571428574,,1.0
bts,2,test,2024-06-23,0.01,GroupAware2025,10.0,10.523804097298266,3.7464285714285714,4.982142857142858,2.857142857142857,,1.0
bts,2,test,2024-06-23,0.01,RobustImprovement2025,10.0,10.443858358650184,13.948511904761904,18.941517857142856,8.863392857142859,,1.0
bts,2,test,2024-06-23,0.03,StructuralRobust,30.0,131.32171582652725,69.60639979030935,101.44621177832613,84.00205247479184,0.0,1.0
bts,2,test,2024-06-23,0.03,ExpectedActionValue,30.0,114.60987594951509,23.552938671712415,34.741908007568625,32.991908007568625,,1.0
bts,2,test,2024-06-23,0.03,PointwiseWorstAction,30.0,115.10645907132555,22.302938671712415,33.429408007568625,33.241908007568625,,1.0
bts,2,test,2024-06-23,0.03,ScenarioCVaR,30.0,115.10645907132555,22.302938671712415,33.429408007568625,33.241908007568625,,1.0
bts,2,test,2024-06-23,0.03,RiskFirst,30.0,20.519014399043595,52.989696493606075,77.00577221788657,63.196228298967654,,1.0
bts,2,test,2024-06-23,0.03,TemporalContext2024,30.0,21.83329557225559,52.626312030469016,76.46069552318099,62.65115160426206,,1.0
bts,2,test,2024-06-23,0.03,NetworkPropagation2024,30.0,20.75513108743348,50.48969649360607,74.00577221788659,63.696228298967675,,1.0
bts,2,test,2024-06-23,0.03,CalibratedUncertainty2025,30.0,21.926801591268088,48.89907920615054,71.96111880922581,66.33611880922581,,1.0
bts,2,test,2024-06-23,0.03,MappedPTO2026,30.0,19.44296745110964,39.44956940222899,57.228520770010135,47.41602077001012,,1.0
bts,2,test,2024-06-23,0.03,GroupAware2025,30.0,20.519014399043595,52.989696493606075,77.00577221788657,63.196228298967654,,1.0
bts,2,test,2024-06-23,0.03,RobustImprovement2025,30.0,21.905563215593673,73.68972434171448,106.63774387485736,82.19267409199972,,1.0
bts,2,test,2024-06-23,0.05,StructuralRobust,51.0,202.45022375446732,89.70262804122513,131.29860703931516,111.66484437039622,0.0,1.0
bts,2,test,2024-06-23,0.05,ExpectedActionValue,51.0,164.4318212070134,62.04733130137575,91.51945009128109,82.5390986354121,,1.0
bts,2,test,2024-06-23,0.05,PointwiseWorstAction,51.0,164.52934405300783,61.54733130137575,90.8694500912811,82.6390986354121,,1.0
bts,2,test,2024-06-23,0.05,ScenarioCVaR,51.0,164.52934405300783,61.54733130137575,90.8694500912811,82.6390986354121,,1.0
bts,2,test,2024-06-23,0.05,RiskFirst,51.0,35.55919534239319,99.52762804122513,145.86110703931513,124.91484437039621,,1.0
bts,2,test,2024-06-23,0.05,TemporalContext2024,51.0,35.83650984347474,78.57921476603134,115.21504962652446,100.09300570760551,,1.0
bts,2,test,2024-06-23,0.05,NetworkPropagation2024,51.0,34.250808306322995,89.70262804122513,131.29860703931516,111.66484437039622,,1.0
bts,2,test,2024-06-23,0.05,CalibratedUncertainty2025,51.0,35.49873167280663,84.82260875528492,124.75752156278583,110.96583478672402,,1.0
bts,2,test,2024-06-23,0.05,MappedPTO2026,51.0,35.335697298221675,107.28147419507127,157.00726088546898,132.42638283193466,,1.0
bts,2,test,2024-06-23,0.05,GroupAware2025,51.0,34.937683822116604,82.89064887455847,121.27386745598183,103.0893235370629,,1.0
bts,2,test,2024-06-23,0.05,RobustImprovement2025,51.0,31.566031718757593,94.24338561754558,136.1507043420631,102.99289871014884,,1.0
bts,2,test,2024-06-23,0.1,StructuralRobust,102.0,302.1257926510157,193.5068477904158,285.4742810532789,255.5293513106929,0.0,1.0
bts,2,test,2024-06-23,0.1,ExpectedActionValue,102.0,256.7123155469772,170.87900766233093,253.5360673185521,235.32398600647042,,1.0
bts,2,test,2024-06-23,0.1,PointwiseWorstAction,102.0,257.39343550663307,148.49182619514949,220.4552951177799,205.9932138056982,,1.0
bts,2,test,2024-06-23,0.1,ScenarioCVaR,102.0,257.39343550663307,148.49182619514949,220.4552951177799,205.9932138056982,,1.0
bts,2,test,2024-06-23,0.1,RiskFirst,102.0,57.16878503556257,172.02414353607156,252.8965375693912,220.29895455902027,,1.0
bts,2,test,2024-06-23,0.1,TemporalContext2024,102.0,57.21761958548742,165.12655654533893,242.89038264720205,212.84449136615444,,1.0
bts,2,test,2024-06-23,0.1,NetworkPropagation2024,102.0,59.666950341950546,193.5068477904158,285.4742810532789,255.5293513106929,,1.0
bts,2,test,2024-06-23,0.1,CalibratedUncertainty2025,102.0,58.31783973386729,209.73864631724095,308.7232788527991,270.53809917983165,,1.0
bts,2,test,2024-06-23,0.1,MappedPTO2026,102.0,58.656246824270895,184.4489132567038,271.4674759341234,238.3732713021309,,1.0
bts,2,test,2024-06-23,0.1,GroupAware2025,102.0,55.322201035504186,191.7686813511976,282.39191572065175,248.8836184245666,,1.0
bts,2,test,2024-06-23,0.1,RobustImprovement2025,102.0,57.41028935221861,172.2571065518257,250.95917408970496,201.21053105445327,,1.0
bts,2,test,2024-06-23,0.2,StructuralRobust,203.0,243.62017177809273,339.05831303319826,499.03239654386675,436.29434899938815,0.0,1.0
bts,2,test,2024-06-23,0.2,ExpectedActionValue,203.0,381.6071387484761,330.77416296560494,490.7432816840957,455.7398109517574,,1.0
bts,2,test,2024-06-23,0.2,PointwiseWorstAction,203.0,381.01035177430145,322.5928788376194,478.87135549211723,446.8678847597789,,1.0
bts,2,test,2024-06-23,0.2,ScenarioCVaR,203.0,381.01035177430145,322.5928788376194,478.87135549211723,446.8678847597789,,1.0
bts,2,test,2024-06-23,0.2,RiskFirst,203.0,121.52522692261421,340.58539880344375,503.18688681695335,454.4278014053628,,1.0
bts,2,test,2024-06-23,0.2,TemporalContext2024,203.0,110.93741372069532,343.89082271603775,508.7619274477494,461.654627750445,,1.0
bts,2,test,2024-06-23,0.2,NetworkPropagation2024,203.0,124.17256682813584,330.55169460790734,488.72453807081877,441.4020092630023,,1.0
bts,2,test,2024-06-23,0.2,CalibratedUncertainty2025,203.0,123.60634494624618,336.58935420099806,497.5205773836499,451.21967299979644,,1.0
bts,2,test,2024-06-23,0.2,MappedPTO2026,203.0,118.82581441084542,346.2789304200669,512.3153917890581,464.9928629812415,,1.0
bts,2,test,2024-06-23,0.2,GroupAware2025,203.0,119.22314532241512,381.4180832289614,564.5528182171347,516.67051851983,,1.0
bts,2,test,2024-06-23,0.2,RobustImprovement2025,203.0,114.74012502777805,295.93731772351265,435.7402895948994,380.44763716712833,,1.0
bts,2,test,2024-06-24,0.01,StructuralRobust,10.0,61.414889380293964,39.3258007536505,58.06235869053227,51.11479039095619,0.0,1.0
bts,2,test,2024-06-24,0.01,ExpectedActionValue,10.0,61.33901882623225,6.534148618371919,9.389684466019418,7.365646004480956,,1.0
bts,2,test,2024-06-24,0.01,PointwiseWorstAction,10.0,61.979966705911416,1.1461538461538463,1.7375,1.2192307692307691,,1.0
bts,2,test,2024-06-24,0.01,ScenarioCVaR,10.0,61.979966705911416,1.1461538461538463,1.7375,1.2192307692307691,,1.0
bts,2,test,2024-06-24,0.01,RiskFirst,10.0,6.5708789129923355,39.3258007536505,58.06235869053227,51.11479039095619,,1.0
bts,2,test,2024-06-24,0.01,TemporalContext2024,10.0,6.570878912992335,39.3258007536505,58.06235869053227,51.11479039095619,,1.0
bts,2,test,2024-06-24,0.01,NetworkPropagation2024,10.0,7.042390550419833,39.3258007536505,58.06235869053227,51.11479039095619,,1.0
bts,2,test,2024-06-24,0.01,CalibratedUncertainty2025,10.0,5.318863530542001,18.275800753650493,26.987358690532265,23.789790390956192,,1.0
bts,2,test,2024-06-24,0.01,MappedPTO2026,10.0,6.570878912992335,39.3258007536505,58.06235869053227,51.11479039095619,,1.0
bts,2,test,2024-06-24,0.01,GroupAware2025,10.0,6.5708789129923355,39.3258007536505,58.06235869053227,51.11479039095619,,1.0
bts,2,test,2024-06-24,0.01,RobustImprovement2025,10.0,6.101231930438412,39.3258007536505,58.06235869053227,51.11479039095619,,1.0
bts,2,test,2024-06-24,0.03,StructuralRobust,31.0,126.6968467220194,70.92703494244712,104.91014452163544,93.80708533137111,0.0,1.0
bts,2,test,2024-06-24,0.03,ExpectedActionValue,31.0,123.50873518146882,20.10405494155693,29.644543950796933,26.87050548925847,,1.0
bts,2,test,2024-06-24,0.03,PointwiseWorstAction,31.0,123.7823893105209,21.904054941556936,32.34454395079693,29.570505489258466,,1.0
bts,2,test,2024-06-24,0.03,ScenarioCVaR,31.0,123.7823893105209,21.904054941556936,32.34454395079693,29.570505489258466,,1.0
bts,2,test,2024-06-24,0.03,RiskFirst,31.0,16.75318224671038,79.81880048693517,118.0242634266028,105.24473364810316,,1.0
bts,2,test,2024-06-24,0.03,TemporalContext2024,31.0,16.19640264856458,68.88261627640885,102.10353974239229,92.95065470073475,,1.0
bts,2,test,2024-06-24,0.03,NetworkPropagation2024,31.0,18.315257850392417,67.11169818954794,99.6706920238656,92.19427757044336,,1.0
bts,2,test,2024-06-24,0.03,CalibratedUncertainty2025,31.0,18.0873277082819,90.02513818534449,134.0367815047399,126.52983820516384,,1.0
bts,2,test,2024-06-24,0.03,MappedPTO2026,31.0,17.360217152740045,67.4088412793746,99.8779243810792,90.61289284620901,,1.0
bts,2,test,2024-06-24,0.03,GroupAware2025,31.0,16.716791016495538,76.21261627640885,113.09853974239226,103.94565470073474,,1.0
bts,2,test,2024-06-24,0.03,RobustImprovement2025,31.0,15.153617998792813,63.64113750654969,93.90181118830212,82.20259815188393,,1.0
bts,2,test,2024-06-24,0.05,StructuralRobust,52.0,201.01001646622765,117.73422548103684,174.7119352314808,160.54141280592233,0.0,1.0
bts,2,test,2024-06-24,0.05,ExpectedActionValue,52.0,171.340806971146,83.85405494155694,125.26954395079694,122.49550548925848,,1.0
bts,2,test,2024-06-24,0.05,PointwiseWorstAction,52.0,172.24493259834907,89.52934229787877,133.5824749852797,129.30843652374122,,1.0
bts,2,test,2024-06-24,0.05,ScenarioCVaR,52.0,172.24493259834907,89.52934229787877,133.5824749852797,129.30843652374122,,1.0
bts,2,test,2024-06-24,0.05,RiskFirst,52.0,27.11459509210094,128.67276162689225,190.95530548799977,175.55152834546018,,1.0
bts,2,test,2024-06-24,0.05,TemporalContext2024,52.0,27.131296231395314,124.36630095273495,184.4506144767638,168.70933733422424,,1.0
bts,2,test,2024-06-24,0.05,NetworkPropagation2024,52.0,29.365856373651273,117.73422548103684,174.7119352314808,160.54141280592233,,1.0
bts,2,test,2024-06-24,0.05,CalibratedUncertainty2025,52.0,26.278452610560382,128.50748616826786,191.34126124684747,180.69150120518992,,1.0
bts,2,test,2024-06-24,0.05,MappedPTO2026,52.0,26.71206826455925,128.67276162689222,190.95530548799974,175.5515283454602,,1.0
bts,2,test,2024-06-24,0.05,GroupAware2025,52.0,26.28693694960398,122.04068615519414,181.21662624271676,167.3836038171583,,1.0
bts,2,test,2024-06-24,0.05,RobustImprovement2025,52.0,30.4420157384629,110.04505071235255,162.7875280434199,145.687167855103,,1.0
bts,2,test,2024-06-24,0.1,StructuralRobust,104.0,302.477653647097,207.09189136538745,307.49443047548937,283.9188811810509,0.0,1.0
bts,2,test,2024-06-24,0.1,ExpectedActionValue,104.0,264.1731689776324,165.04408729856704,244.7994194443018,227.63502066768638,,1.0
bts,2,test,2024-06-24,0.1,PointwiseWorstAction,104.0,264.49384847362705,157.8580811698643,233.4204102512477,213.8810114746322,,1.0
bts,2,test,2024-06-24,0.1,ScenarioCVaR,104.0,264.49384847362705,157.8580811698643,233.4204102512477,213.8810114746322,,1.0
bts,2,test,2024-06-24,0.1,RiskFirst,104.0,55.22995631597137,215.0755120550426,319.1707235789376,293.3516398017406,,1.0
bts,2,test,2024-06-24,0.1,TemporalContext2024,104.0,53.50375687385723,216.3835612906204,321.1827974323043,295.7387136551074,,1.0
bts,2,test,2024-06-24,0.1,NetworkPropagation2024,104.0,53.05381811578035,207.09189136538745,307.49443047548937,283.9188811810509,,1.0
bts,2,test,2024-06-24,0.1,CalibratedUncertainty2025,104.0,58.76240234099968,211.0520923571657,313.36816592542084,289.2933713479636,,1.0
bts,2,test,2024-06-24,0.1,MappedPTO2026,104.0,54.86685789180702,217.94245235355004,323.5701340266988,298.4935502495018,,1.0
bts,2,test,2024-06-24,0.1,GroupAware2025,104.0,53.9804771624443,224.87551205504258,333.5707235789376,305.5016398017407,,1.0
bts,2,test,2024-06-24,0.1,RobustImprovement2025,104.0,50.1546900834065,218.32084993302527,322.53773039591164,286.83614661871457,,1.0
bts,2,test,2024-06-24,0.2,StructuralRobust,208.0,263.42330759099167,335.25620175394016,495.3565107450509,442.92932160110735,0.0,1.0
bts,2,test,2024-06-24,0.2,ExpectedActionValue,208.0,387.23898961257436,321.3580900201322,476.16699951515574,439.22692065233707,,1.0
bts,2,test,2024-06-24,0.2,PointwiseWorstAction,208.0,387.58266020728195,307.1382864533191,454.85993567437004,418.0896681323061,,1.0
bts,2,test,2024-06-24,0.2,ScenarioCVaR,208.0,387.58266020728195,307.1382864533191,454.85993567437004,418.0896681323061,,1.0
bts,2,test,2024-06-24,0.2,RiskFirst,208.0,134.2811339447176,324.30218012579576,480.29463414699023,436.01111383421573,,1.0
bts,2,test,2024-06-24,0.2,TemporalContext2024,208.0,134.230880394901,331.1412906098863,490.6841440289702,447.381954885027,,1.0
bts,2,test,2024-06-24,0.2,NetworkPropagation2024,208.0,131.90950724557376,323.4903103478471,479.7093942836849,438.79510999804137,,1.0
bts,2,test,2024-06-24,0.2,CalibratedUncertainty2025,208.0,126.70472873704115,331.85158424147073,492.75716765781294,455.6368523748648,,1.0
bts,2,test,2024-06-24,0.2,MappedPTO2026,208.0,130.1156320158546,324.10966859411747,480.29776245386853,438.2034591740612,,1.0
bts,2,test,2024-06-24,0.2,GroupAware2025,208.0,137.93841456707577,346.072570011801,513.0712904045697,469.69580580608095,,1.0
bts,2,test,2024-06-24,0.2,RobustImprovement2025,208.0,114.9605040215318,314.4191504227936,466.0006928576429,425.16544703353765,,1.0
bts,2,test,2024-06-25,0.01,StructuralRobust,9.0,65.07760322890425,0.1,0.1625,0.15,0.0,1.0
bts,2,test,2024-06-25,0.01,ExpectedActionValue,9.0,68.7685975841911,10.477631578947369,15.1125,10.582894736842105,,1.0
bts,2,test,2024-06-25,0.01,PointwiseWorstAction,9.0,68.86561969896306,3.5500000000000003,5.325,5.324999999999999,,1.0
bts,2,test,2024-06-25,0.01,ScenarioCVaR,9.0,68.86561969896306,3.5500000000000003,5.325,5.324999999999999,,1.0
bts,2,test,2024-06-25,0.01,RiskFirst,9.0,8.656198939105773,1.925,2.8625,2.675,,1.0
bts,2,test,2024-06-25,0.01,TemporalContext2024,9.0,8.656198939105773,1.925,2.8625,2.675,,1.0
bts,2,test,2024-06-25,0.01,NetworkPropagation2024,9.0,8.350695776203638,11.198732718894009,16.773099078341012,16.585599078341012,,1.0
bts,2,test,2024-06-25,0.01,CalibratedUncertainty2025,9.0,5.491753283674628,25.318627450980394,37.92532679738562,37.53071895424837,,1.0
bts,2,test,2024-06-25,0.01,MappedPTO2026,9.0,8.495795767549943,1.925,2.8625,2.675,,1.0
bts,2,test,2024-06-25,0.01,GroupAware2025,9.0,8.656198939105773,1.925,2.8625,2.675,,1.0
bts,2,test,2024-06-25,0.01,RobustImprovement2025,9.0,8.385093939126437,1.925,2.8625,2.675,,1.0
bts,2,test,2024-06-25,0.03,StructuralRobust,28.0,127.79012660821228,39.415648296428444,58.108647294519045,50.49745866859182,0.0,1.0
bts,2,test,2024-06-25,0.03,ExpectedActionValue,28.0,129.15947895842652,94.75674769679831,141.48117417677645,136.57656891361853,,1.0
bts,2,test,2024-06-25,0.03,PointwiseWorstAction,28.0,129.39765328640277,95.00674769679831,141.8061741767764,136.52656891361852,,1.0
bts,2,test,2024-06-25,0.03,ScenarioCVaR,28.0,129.39765328640277,95.00674769679831,141.8061741767764,136.52656891361852,,1.0
bts,2,test,2024-06-25,0.03,RiskFirst,28.0,20.23132235451812,35.09856563426916,52.02916424087742,47.38903266193005,,1.0
bts,2,test,2024-06-25,0.03,TemporalContext2024,28.0,18.91244819513776,32.94856563426916,48.80416424087743,44.16403266193005,,1.0
bts,2,test,2024-06-25,0.03,NetworkPropagation2024,28.0,18.418734811802427,62.71235437557213,93.34723297374691,87.93749355166229,,1.0
bts,2,test,2024-06-25,0.03,CalibratedUncertainty2025,28.0,16.46813173551256,52.68202291702803,78.84079036682746,77.47396030146797,,1.0
bts,2,test,2024-06-25,0.03,MappedPTO2026,28.0,26.84962417529076,27.541428580224647,41.04100193073967,39.0074448837598,,1.0
bts,2,test,2024-06-25,0.03,GroupAware2025,28.0,17.990825995401014,35.09856563426916,52.02916424087742,47.38903266193005,,1.0
bts,2,test,2024-06-25,0.03,RobustImprovement2025,28.0,19.31829258794901,20.526547156481804,29.371048216178025,18.7302543270929,,1.0
bts,2,test,2024-06-25,0.05,StructuralRobust,47.0,195.28687765557888,96.66558167038349,143.951303346737,136.09828465545027,0.0,1.0
bts,2,test,2024-06-25,0.05,ExpectedActionValue,47.0,172.51892040981494,133.8580294285899,199.75653427446383,192.02771026130588,,1.0
bts,2,test,2024-06-25,0.05,PointwiseWorstAction,47.0,172.80338420610977,130.55802942858992,194.80653427446381,187.07771026130587,,1.0
bts,2,test,2024-06-25,0.05,ScenarioCVaR,47.0,172.80338420610977,130.55802942858992,194.80653427446381,187.07771026130587,,1.0
bts,2,test,2024-06-25,0.05,RiskFirst,47.0,34.29114111542231,77.83817432023866,115.83982195114942,108.95902548208494,,1.0
bts,2,test,2024-06-25,0.05,TemporalContext2024,47.0,33.40221548563013,67.6547850584937,100.76087899812927,95.35113957604463,,1.0
bts,2,test,2024-06-25,0.05,NetworkPropagation2024,47.0,30.51100325448493,96.66558167038349,143.951303346737,136.09828465545027,,1.0
bts,2,test,2024-06-25,0.05,CalibratedUncertainty2025,47.0,35.312444604501934,83.97097808069195,125.74766061232333,124.18161179696385,,1.0
bts,2,test,2024-06-25,0.05,MappedPTO2026,47.0,34.29114111542231,77.83817432023866,115.83982195114942,108.95902548208494,,1.0
bts,2,test,2024-06-25,0.05,GroupAware2025,47.0,35.92699317044837,67.43817432023866,100.2398219511494,93.35902548208492,,1.0
bts,2,test,2024-06-25,0.05,RobustImprovement2025,47.0,36.4693267162177,76.79030677149527,113.3416876386982,99.51339374961304,,1.0
bts,2,test,2024-06-25,0.1,StructuralRobust,93.0,288.12268293583315,187.24600621158007,278.46977850439646,260.4755474070946,0.0,1.0
bts,2,test,2024-06-25,0.1,ExpectedActionValue,93.0,250.49366520711953,179.74730288998757,268.1016253710829,256.7066581418445,,1.0
bts,2,test,2024-06-25,0.1,PointwiseWorstAction,93.0,250.79447226292714,182.75419265376712,272.73696001675216,262.2794927875138,,1.0
bts,2,test,2024-06-25,0.1,ScenarioCVaR,93.0,250.79447226292714,182.75419265376712,272.73696001675216,262.2794927875138,,1.0
bts,2,test,2024-06-25,0.1,RiskFirst,93.0,78.80973058512026,200.0137000987058,297.28980400489644,276.80920793117946,,1.0
bts,2,test,2024-06-25,0.1,TemporalContext2024,93.0,78.44020238625114,167.70660785586804,248.95416564063976,229.4110695669228,,1.0
bts,2,test,2024-06-25,0.1,NetworkPropagation2024,93.0,75.60050102447097,187.24600621158007,278.46977850439646,260.4755474070946,,1.0
bts,2,test,2024-06-25,0.1,CalibratedUncertainty2025,93.0,73.2316767222898,213.3743875355612,318.0391551029609,302.8709586001044,,1.0
bts,2,test,2024-06-25,0.1,MappedPTO2026,93.0,78.16786908954779,206.21003938751932,306.53894256774635,285.71806871625165,,1.0
bts,2,test,2024-06-25,0.1,GroupAware2025,93.0,74.81739932986005,185.74467436341166,275.9878279019552,256.26895057823833,,1.0
bts,2,test,2024-06-25,0.1,RobustImprovement2025,93.0,75.2844441048006,189.36167524184222,279.661766719601,255.28117064588415,,1.0
bts,2,test,2024-06-25,0.2,StructuralRobust,187.0,249.22053702367594,358.88000926487535,530.5934810910608,483.86948504416927,0.0,1.0
bts,2,test,2024-06-25,0.2,ExpectedActionValue,187.0,357.83266027368836,312.116139868747,464.9666278598976,442.07851328572605,,1.0
bts,2,test,2024-06-25,0.2,PointwiseWorstAction,187.0,357.93112036609205,311.2947004590881,463.8178020787426,441.55468750457095,,1.0
bts,2,test,2024-06-25,0.2,ScenarioCVaR,187.0,357.93112036609205,311.2947004590881,463.8178020787426,441.55468750457095,,1.0
bts,2,test,2024-06-25,0.2,RiskFirst,187.0,166.49354268137185,323.17245364798634,479.4557631638979,448.1588833532867,,1.0
bts,2,test,2024-06-25,0.2,TemporalContext2024,187.0,167.95524184024595,313.57279421250274,465.0062740106726,433.33439420006147,,1.0
bts,2,test,2024-06-25,0.2,NetworkPropagation2024,187.0,159.15773371700868,344.90132256336585,511.88812903696726,479.3842179763558,,1.0
bts,2,test,2024-06-25,0.2,CalibratedUncertainty2025,187.0,155.06906804509367,326.01191255617783,484.44490435637385,452.8976707721777,,1.0
bts,2,test,2024-06-25,0.2,MappedPTO2026,187.0,167.3419732051395,356.93810933875216,530.1383376091378,499.09713961670855,,1.0
bts,2,test,2024-06-25,0.2,GroupAware2025,187.0,162.07418480743044,332.94168441721706,494.40960931774407,465.3627295071327,,1.0
bts,2,test,2024-06-25,0.2,RobustImprovement2025,187.0,150.08551792504036,389.1807222105655,578.4919950925334,547.3738334176716,,1.0
bts,2,test,2024-06-26,0.01,StructuralRobust,10.0,59.7534078429928,21.787610619469028,32.68141592920354,32.68141592920354,0.0,1.0
bts,2,test,2024-06-26,0.01,ExpectedActionValue,10.0,58.82887406119109,7.274545454545455,10.661818181818182,8.786818181818182,,1.0
bts,2,test,2024-06-26,0.01,PointwiseWorstAction,10.0,58.734811676826965,4.550000000000001,6.575,4.699999999999999,,1.0
bts,2,test,2024-06-26,0.01,ScenarioCVaR,10.0,58.734811676826965,4.550000000000001,6.575,4.699999999999999,,1.0
bts,2,test,2024-06-26,0.01,RiskFirst,10.0,5.910485420341479,22.312610619469027,33.46891592920354,33.46891592920354,,1.0
bts,2,test,2024-06-26,0.01,TemporalContext2024,10.0,5.299672561806062,21.787610619469028,32.68141592920354,32.68141592920354,,1.0
bts,2,test,2024-06-26,0.01,NetworkPropagation2024,10.0,5.299719142642318,23.168860619469026,34.75329092920354,34.753290929203544,,1.0
bts,2,test,2024-06-26,0.01,CalibratedUncertainty2025,10.0,6.3029283345139255,21.787610619469028,32.68141592920354,32.68141592920354,,1.0
bts,2,test,2024-06-26,0.01,MappedPTO2026,10.0,6.283461739809969,19.537610619469028,29.30641592920354,29.30641592920354,,1.0
bts,2,test,2024-06-26,0.01,GroupAware2025,10.0,5.375320189356794,19.787610619469028,29.63141592920354,29.25641592920354,,1.0
bts,2,test,2024-06-26,0.01,RobustImprovement2025,10.0,5.312203144628682,22.492118816190338,33.50580117510518,31.76297330625272,,1.0
bts,2,test,2024-06-26,0.03,StructuralRobust,30.0,121.23980095856646,67.95842050459771,100.55813562422648,90.21192212920079,0.0,1.0
bts,2,test,2024-06-26,0.03,ExpectedActionValue,30.0,125.61832407439445,28.190334928229664,40.9105023923445,36.548002392344515,,1.0
bts,2,test,2024-06-26,0.03,PointwiseWorstAction,30.0,125.51808567575736,24.043856054990233,34.690784082485344,30.328284082485343,,1.0
bts,2,test,2024-06-26,0.03,ScenarioCVaR,30.0,125.51808567575736,24.043856054990233,34.690784082485344,30.328284082485343,,1.0
bts,2,test,2024-06-26,0.03,RiskFirst,30.0,15.567655884108394,60.364219479847655,89.89378879304343,84.99973559258305,,1.0
bts,2,test,2024-06-26,0.03,TemporalContext2024,30.0,17.030123340807478,42.27474687031496,63.13030212365425,61.01666576001789,,1.0
bts,2,test,2024-06-26,0.03,NetworkPropagation2024,30.0,16.985113381745123,50.56036580235379,75.5587305217125,73.44509415807613,,1.0
bts,2,test,2024-06-26,0.03,CalibratedUncertainty2025,30.0,16.706068815258487,39.34042716317645,58.96064074476469,58.585640744764696,,1.0
bts,2,test,2024-06-26,0.03,MappedPTO2026,30.0,17.27212243666086,64.5168541402692,96.18011783285607,91.71639250124815,,1.0
bts,2,test,2024-06-26,0.03,GroupAware2025,30.0,15.907405950768036,57.40971128312634,85.6944035471418,82.54317821553389,,1.0
bts,2,test,2024-06-26,0.03,RobustImprovement2025,30.0,17.123466237742946,61.258420504597716,90.50813562422648,80.16192212920078,,1.0
bts,2,test,2024-06-26,0.05,StructuralRobust,50.0,188.97534526445628,91.80388165758463,136.82828205964887,130.24672885918852,0.0,1.0
bts,2,test,2024-06-26,0.05,ExpectedActionValue,50.0,169.07405600262047,69.09664200270265,101.81218522627618,94.01635189294285,,1.0
bts,2,test,2024-06-26,0.05,PointwiseWorstAction,50.0,169.3131438415661,70.49664200270266,103.9121852262762,96.11635189294287,,1.0
bts,2,test,2024-06-26,0.05,ScenarioCVaR,50.0,169.3131438415661,70.49664200270266,103.9121852262762,96.11635189294287,,1.0
bts,2,test,2024-06-26,0.05,RiskFirst,50.0,26.88797914244292,96.2944706626863,142.65435849717102,129.24925227073288,,1.0
bts,2,test,2024-06-26,0.05,TemporalContext2024,50.0,28.784205965606994,128.14748803498267,191.21869162574598,183.6996384252856,,1.0
bts,2,test,2024-06-26,0.05,NetworkPropagation2024,50.0,26.38497170280324,91.80388165758463,136.82828205964887,130.24672885918852,,1.0
bts,2,test,2024-06-26,0.05,CalibratedUncertainty2025,50.0,27.934060537698095,85.89835215366153,127.8274012236777,120.176448672568,,1.0
bts,2,test,2024-06-26,0.05,MappedPTO2026,50.0,27.82414003558983,133.2401236938974,198.90764511411805,191.76359191365768,,1.0
bts,2,test,2024-06-26,0.05,GroupAware2025,50.0,26.536347285381733,140.1416489922574,208.42512599152764,195.02001976508956,,1.0
bts,2,test,2024-06-26,0.05,RobustImprovement2025,50.0,35.31225881902044,104.08258574205135,153.64601524320273,135.0620399691456,,1.0
bts,2,test,2024-06-26,0.1,StructuralRobust,99.0,285.99072914403797,221.0367465279276,327.66892308868375,302.0286978146265,0.0,1.0
bts,2,test,2024-06-26,0.1,ExpectedActionValue,99.0,251.2011876523402,197.48786015032152,293.71327107391966,280.77437743719986,,1.0
bts,2,test,2024-06-26,0.1,PointwiseWorstAction,99.0,251.79680395129714,188.02453332091977,279.6736862352225,267.90033313904325,,1.0
bts,2,test,2024-06-26,0.1,ScenarioCVaR,99.0,251.79680395129714,188.02453332091977,279.6736862352225,267.90033313904325,,1.0
bts,2,test,2024-06-26,0.1,RiskFirst,99.0,66.99724945443572,220.74483056598254,327.4138269235439,303.14443498282003,,1.0
bts,2,test,2024-06-26,0.1,TemporalContext2024,99.0,63.011383492308404,212.5404616339437,315.10727352548565,290.8378815847618,,1.0
bts,2,test,2024-06-26,0.1,NetworkPropagation2024,99.0,64.00030901171044,221.0367465279276,327.66892308868375,302.0286978146265,,1.0
bts,2,test,2024-06-26,0.1,CalibratedUncertainty2025,99.0,60.731393789907976,209.91639397650908,312.6411941632276,295.8907181517074,,1.0
bts,2,test,2024-06-26,0.1,MappedPTO2026,99.0,66.70000474566817,226.33326179082113,335.677869109639,310.51894228519427,,1.0
bts,2,test,2024-06-26,0.1,GroupAware2025,99.0,63.88012201970875,220.7056480430791,327.3550531391887,303.0856611984648,,1.0
bts,2,test,2024-06-26,0.1,RobustImprovement2025,99.0,61.71556080889991,197.54743083700504,290.9080708740664,255.1912555132575,,1.0
bts,2,test,2024-06-26,0.2,StructuralRobust,198.0,249.43208985323585,417.29512464387545,618.2991538575614,565.8539055456715,0.0,1.0
bts,2,test,2024-06-26,0.2,ExpectedActionValue,198.0,367.774155905462,320.6245011493267,476.44548280731624,451.5507386595355,,1.0
bts,2,test,2024-06-26,0.2,PointwiseWorstAction,198.0,368.03331973208736,313.6893069745694,466.37011872964626,443.93107846536077,,1.0
bts,2,test,2024-06-26,0.2,ScenarioCVaR,198.0,368.03331973208736,313.6893069745694,466.37011872964626,443.93107846536077,,1.0
bts,2,test,2024-06-26,0.2,RiskFirst,198.0,119.84993161432463,397.9247852097147,590.7210718907861,547.9815274623913,,1.0
bts,2,test,2024-06-26,0.2,TemporalContext2024,198.0,115.4197326564984,392.2738111459914,582.4278826603223,541.0628772203365,,1.0
bts,2,test,2024-06-26,0.2,NetworkPropagation2024,198.0,121.68938687477892,399.0286824116612,592.3519176937059,549.4248732653111,,1.0
bts,2,test,2024-06-26,0.2,CalibratedUncertainty2025,198.0,121.68639860174044,419.9269798762998,624.3114346871241,585.9749212321806,,1.0
bts,2,test,2024-06-26,0.2,MappedPTO2026,198.0,119.66212297647351,382.64781550226076,567.9403653402152,526.2114309913959,,1.0
bts,2,test,2024-06-26,0.2,GroupAware2025,198.0,121.9190637420277,400.3833989529683,594.3257960904313,550.962278547772,,1.0
bts,2,test,2024-06-26,0.2,RobustImprovement2025,198.0,125.7986428355533,354.796168831126,525.4828402093601,480.02849242939226,,1.0
bts,2,test,2024-06-27,0.01,StructuralRobust,10.0,68.77176824680316,0.8,1.3,1.2,0.0,1.0
bts,2,test,2024-06-27,0.01,ExpectedActionValue,10.0,56.91268843937349,3.4132352941176474,4.927205882352942,3.48235294117647,,1.0
bts,2,test,2024-06-27,0.01,PointwiseWorstAction,10.0,56.91268843937351,3.4132352941176474,4.927205882352942,3.48235294117647,,1.0
bts,2,test,2024-06-27,0.01,ScenarioCVaR,10.0,56.91268843937351,3.4132352941176474,4.927205882352942,3.48235294117647,,1.0
bts,2,test,2024-06-27,0.01,RiskFirst,10.0,10.037214162424718,0.8,1.3,1.2,,1.0
bts,2,test,2024-06-27,0.01,TemporalContext2024,10.0,10.037214162424716,0.8,1.3,1.2,,1.0
bts,2,test,2024-06-27,0.01,NetworkPropagation2024,10.0,9.885228915883754,0.8,1.3,1.2,,1.0
bts,2,test,2024-06-27,0.01,CalibratedUncertainty2025,10.0,3.7302671334521933,4.216261398176292,6.324392097264438,6.324392097264437,,1.0
bts,2,test,2024-06-27,0.01,MappedPTO2026,10.0,9.140751645822746,7.4010563380281695,11.076584507042254,10.889084507042256,,1.0
bts,2,test,2024-06-27,0.01,GroupAware2025,10.0,10.037214162424716,0.8,1.3,1.2,,1.0
bts,2,test,2024-06-27,0.01,RobustImprovement2025,10.0,9.990984111501012,4.275,6.0375,3.2249999999999996,,1.0
bts,2,test,2024-06-27,0.03,StructuralRobust,32.0,159.34222831964962,76.0995904634772,113.59938569521579,109.47438569521577,0.0,1.0
bts,2,test,2024-06-27,0.03,ExpectedActionValue,32.0,119.67554868494753,31.845077587749575,47.31667561418309,43.934619858373594,,1.0
bts,2,test,2024-06-27,0.03,PointwiseWorstAction,32.0,120.59485662888923,30.720077587749575,45.70417561418309,42.8846198583736,,1.0
bts,2,test,2024-06-27,0.03,ScenarioCVaR,32.0,120.59485662888923,30.720077587749575,45.70417561418309,42.8846198583736,,1.0
bts,2,test,2024-06-27,0.03,RiskFirst,32.0,18.711775602132757,82.08673332062006,122.78009998093007,120.15509998093006,,1.0
bts,2,test,2024-06-27,0.03,TemporalContext2024,32.0,17.982298925634314,29.35459046347719,43.80688569521578,42.11938569521578,,1.0
bts,2,test,2024-06-27,0.03,NetworkPropagation2024,32.0,19.225958319865295,29.385701574588303,43.85355236188245,42.16605236188244,,1.0
bts,2,test,2024-06-27,0.03,CalibratedUncertainty2025,32.0,15.53975352223761,17.09853412544902,25.42280118817353,23.735301188173523,,1.0
bts,2,test,2024-06-27,0.03,MappedPTO2026,32.0,19.030390430763305,37.35772653763954,55.211589806459315,50.39908980645932,,1.0
bts,2,test,2024-06-27,0.03,GroupAware2025,32.0,18.701335611736678,84.0795904634772,125.76938569521579,123.14438569521577,,1.0
bts,2,test,2024-06-27,0.03,RobustImprovement2025,32.0,20.043382694982434,91.0021032735488,135.06180722292288,124.25169956742049,,1.0
bts,2,test,2024-06-27,0.05,StructuralRobust,52.0,253.36147693685894,114.4516742941109,171.14016361507936,167.11005491942723,0.0,1.0
bts,2,test,2024-06-27,0.05,ExpectedActionValue,52.0,165.1161735069869,50.85471685855463,75.66838942235147,71.06574543124785,,1.0
bts,2,test,2024-06-27,0.05,PointwiseWorstAction,52.0,165.02837199542543,51.85471685855463,76.96838942235146,70.86574543124783,,1.0
bts,2,test,2024-06-27,0.05,ScenarioCVaR,52.0,165.02837199542543,51.85471685855463,76.96838942235146,70.86574543124783,,1.0
bts,2,test,2024-06-27,0.05,RiskFirst,52.0,26.39229487501701,117.06374334088832,174.61261501133248,167.24011501133242,,1.0
bts,2,test,2024-06-27,0.05,TemporalContext2024,52.0,26.963684064059684,103.88404144386934,154.943062165804,149.69556216580403,,1.0
bts,2,test,2024-06-27,0.05,NetworkPropagation2024,52.0,25.058693670741018,114.4516742941109,171.14016361507936,167.11005491942723,,1.0
bts,2,test,2024-06-27,0.05,CalibratedUncertainty2025,52.0,25.52421402945859,61.12148877788175,91.15244674424443,87.17904857490802,,1.0
bts,2,test,2024-06-27,0.05,MappedPTO2026,52.0,29.96843546588676,121.53149059075827,181.14510237439197,173.879101036301,,1.0
bts,2,test,2024-06-27,0.05,GroupAware2025,52.0,28.076820549305587,119.76156942784485,178.90500631568028,173.3748976200281,,1.0
bts,2,test,2024-06-27,0.05,RobustImprovement2025,52.0,28.028368270072253,132.16889552378223,195.12006702684442,172.99549508562774,,1.0
bts,2,test,2024-06-27,0.1,StructuralRobust,105.0,369.3808585739002,199.54420021080458,294.93169829716874,263.42218315438356,0.0,1.0
bts,2,test,2024-06-27,0.1,ExpectedActionValue,105.0,251.51040892345034,127.4711199446467,188.7028296994547,169.92395306808965,,1.0
bts,2,test,2024-06-27,0.1,PointwiseWorstAction,105.0,251.76032463235182,129.9611199446467,192.4378296994547,173.65895306808963,,1.0
bts,2,test,2024-06-27,0.1,ScenarioCVaR,105.0,251.76032463235182,129.9611199446467,192.4378296994547,173.65895306808963,,1.0
bts,2,test,2024-06-27,0.1,RiskFirst,105.0,63.1358241183665,193.21303165642627,286.8242311798871,265.7343588942448,,1.0
bts,2,test,2024-06-27,0.1,TemporalContext2024,105.0,64.40644384181145,185.9349416037241,276.10709610083387,256.51722381519164,,1.0
bts,2,test,2024-06-27,0.1,NetworkPropagation2024,105.0,65.53157497444285,199.54420021080458,294.93169829716874,263.42218315438356,,1.0
bts,2,test,2024-06-27,0.1,CalibratedUncertainty2025,105.0,61.58852555720228,199.23058161069756,296.1378110132548,277.2023504923184,,1.0
bts,2,test,2024-06-27,0.1,MappedPTO2026,105.0,62.646442684738936,195.86106620610744,289.576640147266,259.33944643305233,,1.0
bts,2,test,2024-06-27,0.1,GroupAware2025,105.0,63.527217702652536,195.1703468902121,289.7602040305658,268.6703317449235,,1.0
bts,2,test,2024-06-27,0.1,RobustImprovement2025,105.0,70.46424483866777,197.36938312569103,290.7559483937405,252.97937618276998,,1.0
bts,2,test,2024-06-27,0.2,StructuralRobust,210.0,304.0930830289958,383.17421219735894,563.6422476240795,493.24609258438846,0.0,1.0
bts,2,test,2024-06-27,0.2,ExpectedActionValue,210.0,366.3759379719141,245.3510730522581,363.03594182735856,325.6059336946445,,1.0
bts,2,test,2024-06-27,0.2,PointwiseWorstAction,210.0,366.2469950610199,240.9987653599504,356.6651725965894,320.4178567715676,,1.0
bts,2,test,2024-06-27,0.2,ScenarioCVaR,210.0,366.2469950610199,240.9987653599504,356.6651725965894,320.4178567715676,,1.0
bts,2,test,2024-06-27,0.2,RiskFirst,210.0,135.79065959208322,356.70182011789376,528.6001927864148,482.1655373582233,,1.0
bts,2,test,2024-06-27,0.2,TemporalContext2024,210.0,133.17618688879938,345.4834336263364,511.247613049079,463.6254576208875,,1.0
bts,2,test,2024-06-27,0.2,NetworkPropagation2024,210.0,127.32818652763204,358.1837318938175,530.5178641805111,481.79423672889754,,1.0
bts,2,test,2024-06-27,0.2,CalibratedUncertainty2025,210.0,133.4864049647313,358.911581103665,530.5926120428496,474.24128994799156,,1.0
bts,2,test,2024-06-27,0.2,MappedPTO2026,210.0,134.94879419484977,349.85685369285994,517.8051569419678,470.16360496205215,,1.0
bts,2,test,2024-06-27,0.2,GroupAware2025,210.0,128.49826760177993,359.5240236502739,532.9309118780886,487.22685989817296,,1.0
bts,2,test,2024-06-27,0.2,RobustImprovement2025,210.0,143.73242567399237,328.3010507639883,486.0776852806566,440.2328787907127,,1.0
bts,2,test,2024-06-28,0.01,StructuralRobust,10.0,66.45999887909656,13.473846153846154,19.827435897435898,16.952435897435898,0.0,1.0
bts,2,test,2024-06-28,0.01,ExpectedActionValue,10.0,72.70107974067251,14.581278127812782,21.597839783978397,19.542259225922592,,1.0
bts,2,test,2024-06-28,0.01,PointwiseWorstAction,10.0,73.18354376901576,12.401732673267327,18.344430693069306,16.408168316831684,,1.0
bts,2,test,2024-06-28,0.01,ScenarioCVaR,10.0,73.18354376901576,12.401732673267327,18.344430693069306,16.408168316831684,,1.0
bts,2,test,2024-06-28,0.01,RiskFirst,10.0,5.530830594446516,12.103846153846154,18.15576923076923,18.15576923076923,,1.0
bts,2,test,2024-06-28,0.01,TemporalContext2024,10.0,5.530830594446516,12.103846153846154,18.15576923076923,18.15576923076923,,1.0
bts,2,test,2024-06-28,0.01,NetworkPropagation2024,10.0,4.830952327452845,10.253846153846155,15.380769230769232,15.380769230769229,,1.0
bts,2,test,2024-06-28,0.01,CalibratedUncertainty2025,10.0,5.670306812983661,8.728846153846153,13.06826923076923,12.880769230769232,,1.0
bts,2,test,2024-06-28,0.01,MappedPTO2026,10.0,5.736319005009119,13.473846153846154,19.827435897435898,16.952435897435898,,1.0
bts,2,test,2024-06-28,0.01,GroupAware2025,10.0,5.530830594446516,12.103846153846154,18.15576923076923,18.15576923076923,,1.0
bts,2,test,2024-06-28,0.01,RobustImprovement2025,10.0,6.137491710673176,15.323846153846155,22.602435897435896,19.727435897435896,,1.0
bts,2,test,2024-06-28,0.03,StructuralRobust,31.0,124.25218713077612,44.00367407248107,63.704398926453536,47.50855755944304,0.0,1.0
bts,2,test,2024-06-28,0.03,ExpectedActionValue,31.0,129.70428820741583,22.414611461146116,33.2978397839784,30.867259225922588,,1.0
bts,2,test,2024-06-28,0.03,PointwiseWorstAction,31.0,130.14578157392887,27.664611461146116,41.1728397839784,38.74225922592259,,1.0
bts,2,test,2024-06-28,0.03,ScenarioCVaR,31.0,130.14578157392887,27.664611461146116,41.1728397839784,38.74225922592259,,1.0
bts,2,test,2024-06-28,0.03,RiskFirst,31.0,20.4995188109229,28.098402162106467,41.53296556200027,36.92318295330462,,1.0
bts,2,test,2024-06-28,0.03,TemporalContext2024,31.0,21.930367607384422,28.098402162106467,41.53296556200027,36.92318295330462,,1.0
bts,2,test,2024-06-28,0.03,NetworkPropagation2024,31.0,20.183999764023888,28.470586265367338,42.17215543971767,38.16922575221766,,1.0
bts,2,test,2024-06-28,0.03,CalibratedUncertainty2025,31.0,19.378979029727166,41.597324100521256,61.78348860754289,57.18975703325044,,1.0
bts,2,test,2024-06-28,0.03,MappedPTO2026,31.0,20.4995188109229,28.09840216210647,41.532965562000285,36.92318295330463,,1.0
bts,2,test,2024-06-28,0.03,GroupAware2025,31.0,20.89928324573493,28.098402162106467,41.53296556200027,36.92318295330462,,1.0
bts,2,test,2024-06-28,0.03,RobustImprovement2025,31.0,18.39850720970122,49.45834101327054,72.26100871263776,58.87473765812727,,1.0
bts,2,test,2024-06-28,0.05,StructuralRobust,51.0,179.91972870256419,99.44026998573122,146.5331285864231,127.89105564512013,0.0,1.0
bts,2,test,2024-06-28,0.05,ExpectedActionValue,51.0,169.9968713053369,42.40225191058432,63.1293004581357,59.5737199000799,,1.0
bts,2,test,2024-06-28,0.05,PointwiseWorstAction,51.0,170.93145853552838,41.85225191058432,62.3543004581357,59.173719900079895,,1.0
bts,2,test,2024-06-28,0.05,ScenarioCVaR,51.0,170.93145853552838,41.85225191058432,62.3543004581357,59.173719900079895,,1.0
bts,2,test,2024-06-28,0.05,RiskFirst,51.0,34.496953943240015,83.92550583478781,123.73725594491367,108.66723489040318,,1.0
bts,2,test,2024-06-28,0.05,TemporalContext2024,51.0,32.73711000900779,104.23776998573122,154.6768785864231,142.07855564512016,,1.0
bts,2,test,2024-06-28,0.05,NetworkPropagation2024,51.0,35.128850770476745,99.44026998573122,146.5331285864231,127.89105564512013,,1.0
bts,2,test,2024-06-28,0.05,CalibratedUncertainty2025,51.0,32.98097851779522,106.43468333400058,158.0146579474449,145.7344050457753,,1.0
bts,2,test,2024-06-28,0.05,MappedPTO2026,51.0,39.149185464582665,98.13496200859205,144.90729098680947,128.7561507912201,,1.0
bts,2,test,2024-06-28,0.05,GroupAware2025,51.0,32.742334974859396,84.0018216242615,124.07146647122946,109.58697173250845,,1.0
bts,2,test,2024-06-28,0.05,RobustImprovement2025,51.0,36.47523224993304,92.63333401064357,135.54587923397088,111.07746586901227,,1.0
bts,2,test,2024-06-28,0.1,StructuralRobust,103.0,266.9820547859461,165.81001080047432,243.79274278315899,210.6881921515152,0.0,1.0
bts,2,test,2024-06-28,0.1,ExpectedActionValue,103.0,255.6455012152518,90.4268378995614,134.83490357406686,128.79475400950264,,1.0
bts,2,test,2024-06-28,0.1,PointwiseWorstAction,103.0,255.30280317283746,90.6768378995614,135.15990357406685,128.74475400950263,,1.0
bts,2,test,2024-06-28,0.1,ScenarioCVaR,103.0,255.30280317283746,90.6768378995614,135.15990357406685,128.74475400950263,,1.0
bts,2,test,2024-06-28,0.1,RiskFirst,103.0,66.68807174144783,172.26107330075132,253.9216535239671,224.20948032026814,,1.0
bts,2,test,2024-06-28,0.1,TemporalContext2024,103.0,72.79049208970959,153.8828975044533,226.50035196425654,197.88289477108094,,1.0
bts,2,test,2024-06-28,0.1,NetworkPropagation2024,103.0,67.32223530267974,165.81001080047432,243.79274278315899,210.6881921515152,,1.0
bts,2,test,2024-06-28,0.1,CalibratedUncertainty2025,103.0,57.73672468988995,196.22124971258472,290.45764211730307,261.40089873049806,,1.0
bts,2,test,2024-06-28,0.1,MappedPTO2026,103.0,65.27433545330359,169.3584223057636,249.67952140954583,218.056181041299,,1.0
bts,2,test,2024-06-28,0.1,GroupAware2025,103.0,65.44723781408017,179.45463000178225,264.68009202378937,234.72869468215944,,1.0
bts,2,test,2024-06-28,0.1,RobustImprovement2025,103.0,69.1105476968867,174.31198040295038,254.88660116196888,209.33883034354346,,1.0
bts,2,test,2024-06-28,0.2,StructuralRobust,205.0,232.38591225599401,324.41144058555307,475.86521728593897,404.98814034301034,0.0,1.0
bts,2,test,2024-06-28,0.2,ExpectedActionValue,205.0,374.18136313329694,218.72022539445987,324.22658914026067,295.32347200454245,,1.0
bts,2,test,2024-06-28,0.2,PointwiseWorstAction,205.0,373.8118183017598,221.88127562439507,329.0681644851634,300.91504734944516,,1.0
bts,2,test,2024-06-28,0.2,ScenarioCVaR,205.0,373.8118183017598,221.88127562439507,329.0681644851634,300.91504734944516,,1.0
bts,2,test,2024-06-28,0.2,RiskFirst,205.0,129.98185813135444,316.39436760585073,467.35789462536206,416.9179687497571,,1.0
bts,2,test,2024-06-28,0.2,TemporalContext2024,205.0,137.34673888227994,325.6619223647555,481.64327230815127,434.0836880157869,,1.0
bts,2,test,2024-06-28,0.2,NetworkPropagation2024,205.0,131.1854741385162,305.2809446871869,451.4089521222895,406.3779653086083,,1.0
bts,2,test,2024-06-28,0.2,CalibratedUncertainty2025,205.0,126.43583305754319,312.22053430946113,461.5838224115095,414.7939795163949,,1.0
bts,2,test,2024-06-28,0.2,MappedPTO2026,205.0,134.86092940185128,307.4231038695869,453.37497861280315,398.98989967597385,,1.0
bts,2,test,2024-06-28,0.2,GroupAware2025,205.0,125.898069813604,318.13346022377243,469.81884538020165,418.271258214274,,1.0
bts,2,test,2024-06-28,0.2,RobustImprovement2025,205.0,148.95232476192635,225.7002701756594,331.68332153531816,283.9926935740356,,1.0
bts,2,test,2024-06-29,0.01,StructuralRobust,10.0,83.89384923535428,1.6,2.4,2.4,0.0,1.0
bts,2,test,2024-06-29,0.01,ExpectedActionValue,10.0,76.43087646673607,13.630597014925373,20.445895522388057,20.445895522388057,,1.0
bts,2,test,2024-06-29,0.01,PointwiseWorstAction,10.0,76.50711005180295,17.231948366276725,25.847922549415088,25.84792254941508,,1.0
bts,2,test,2024-06-29,0.01,ScenarioCVaR,10.0,76.50711005180295,17.231948366276725,25.847922549415088,25.84792254941508,,1.0
bts,2,test,2024-06-29,0.01,RiskFirst,10.0,7.166888959495757,1.6,2.4,2.4,,1.0
bts,2,test,2024-06-29,0.01,TemporalContext2024,10.0,5.264232292627578,10.225882352941175,15.338823529411764,15.338823529411764,,1.0
bts,2,test,2024-06-29,0.01,NetworkPropagation2024,10.0,5.782173788321112,1.6,2.4,2.4,,1.0
bts,2,test,2024-06-29,0.01,CalibratedUncertainty2025,10.0,7.11523068996841,8.807558139534883,13.117732558139537,12.415697674418606,,1.0
bts,2,test,2024-06-29,0.01,MappedPTO2026,10.0,7.276217884409352,0.0,0.0,0.0,,1.0
bts,2,test,2024-06-29,0.01,GroupAware2025,10.0,7.937909525967648,1.6,2.4,2.4,,1.0
bts,2,test,2024-06-29,0.01,RobustImprovement2025,10.0,5.292031565010949,7.941566265060242,11.44066265060241,7.903012048192769,,1.0
bts,2,test,2024-06-29,0.03,StructuralRobust,29.0,139.184587438643,53.09587212828366,78.65658160764076,71.25238222175531,0.0,1.0
bts,2,test,2024-06-29,0.03,ExpectedActionValue,29.0,146.33355604003924,29.544741295569654,43.96298568072822,41.307038711031254,,1.0
bts,2,test,2024-06-29,0.03,PointwiseWorstAction,29.0,146.6145165975197,29.544741295569654,43.96298568072822,41.307038711031254,,1.0
bts,2,test,2024-06-29,0.03,ScenarioCVaR,29.0,146.6145165975197,29.544741295569654,43.96298568072822,41.307038711031254,,1.0
bts,2,test,2024-06-29,0.03,RiskFirst,29.0,19.10477741845667,26.924454619866147,40.15617251673167,38.42735191872503,,1.0
bts,2,test,2024-06-29,0.03,TemporalContext2024,29.0,15.78578740545767,31.20833697280732,46.58199604614343,44.853175448136795,,1.0
bts,2,test,2024-06-29,0.03,NetworkPropagation2024,29.0,17.16650373499122,27.920417582829113,41.53067251673167,38.90601858539168,,1.0
bts,2,test,2024-06-29,0.03,CalibratedUncertainty2025,29.0,18.251026971282222,24.69879469867467,36.82958739684921,35.19005251312828,,1.0
bts,2,test,2024-06-29,0.03,MappedPTO2026,29.0,18.559316536813036,37.43697935827235,55.011964262747036,46.43567845278584,,1.0
bts,2,test,2024-06-29,0.03,GroupAware2025,29.0,18.41744441966499,26.92445461986615,40.15617251673167,38.42735191872502,,1.0
bts,2,test,2024-06-29,0.03,RobustImprovement2025,29.0,18.11683183420137,54.8481344916693,80.23036234973674,64.91656694148266,,1.0
bts,2,test,2024-06-29,0.05,StructuralRobust,48.0,215.46699918180224,53.50997711788865,79.1767775535867,71.01536662923972,0.0,1.0
bts,2,test,2024-06-29,0.05,ExpectedActionValue,48.0,191.84302190554772,41.91787162795501,62.52268117930625,59.86673420960928,,1.0
bts,2,test,2024-06-29,0.05,PointwiseWorstAction,48.0,192.44266912528417,41.91787162795501,62.52268117930625,59.86673420960928,,1.0
bts,2,test,2024-06-29,0.05,ScenarioCVaR,48.0,192.44266912528417,41.91787162795501,62.52268117930625,59.86673420960928,,1.0
bts,2,test,2024-06-29,0.05,RiskFirst,48.0,31.758154649042403,80.34855830832201,118.45176856239806,102.91875181176088,,1.0
bts,2,test,2024-06-29,0.05,TemporalContext2024,48.0,28.95569971966891,50.598088815559166,75.05435108299847,68.73348503044637,,1.0
bts,2,test,2024-06-29,0.05,NetworkPropagation2024,48.0,30.237697733787773,53.50997711788865,79.1767775535867,71.01536662923972,,1.0
bts,2,test,2024-06-29,0.05,CalibratedUncertainty2025,48.0,30.24848270101772,86.78939495586825,128.9269853916372,119.49868257539832,,1.0
bts,2,test,2024-06-29,0.05,MappedPTO2026,48.0,31.895628395992595,82.74810376286749,122.21335947148899,107.89738817539723,,1.0
bts,2,test,2024-06-29,0.05,GroupAware2025,48.0,31.705838475109218,81.5178278203879,120.83963230475754,110.06131161107545,,1.0
bts,2,test,2024-06-29,0.05,RobustImprovement2025,48.0,32.411446849738894,94.8802728164963,138.7127788464221,111.65555100900448,,1.0
bts,2,test,2024-06-29,0.1,StructuralRobust,96.0,306.3019646153854,183.3734148084755,271.44011533063986,244.29006371508984,0.0,1.0
bts,2,test,2024-06-29,0.1,ExpectedActionValue,96.0,277.47081238228174,69.45814651859918,103.28666494384392,96.53250368843264,,1.0
bts,2,test,2024-06-29,0.1,PointwiseWorstAction,96.0,277.4820865005864,67.75814651859918,100.73666494384392,93.98250368843264,,1.0
bts,2,test,2024-06-29,0.1,ScenarioCVaR,96.0,277.4820865005864,67.75814651859918,100.73666494384392,93.98250368843264,,1.0
bts,2,test,2024-06-29,0.1,RiskFirst,96.0,73.4191223552597,194.87087202772682,288.76997763010513,262.2474995439669,,1.0
bts,2,test,2024-06-29,0.1,TemporalContext2024,96.0,66.98424114248797,174.57779211651703,258.6629049331018,234.63453062054847,,1.0
bts,2,test,2024-06-29,0.1,NetworkPropagation2024,96.0,65.57180070796898,183.3734148084755,271.44011533063986,244.29006371508984,,1.0
bts,2,test,2024-06-29,0.1,CalibratedUncertainty2025,96.0,65.15221454831564,184.41620854569848,272.6228870175555,242.6121935101136,,1.0
bts,2,test,2024-06-29,0.1,MappedPTO2026,96.0,67.44856331993348,200.1451057442019,296.8702170937067,271.76440567423515,,1.0
bts,2,test,2024-06-29,0.1,GroupAware2025,96.0,72.92443642753815,193.92642758328236,287.54219985232737,262.4363884328559,,1.0
bts,2,test,2024-06-29,0.1,RobustImprovement2025,96.0,66.97712667620178,182.32528052676966,268.5137072193781,231.20710543855492,,1.0
bts,2,test,2024-06-29,0.2,StructuralRobust,191.0,243.3854689521743,332.8513801277346,491.2265226098899,431.8992907470505,0.0,1.0
bts,2,test,2024-06-29,0.2,ExpectedActionValue,191.0,395.0210289596292,168.99914135993018,251.71246698308192,238.3156290569822,,1.0
bts,2,test,2024-06-29,0.2,PointwiseWorstAction,191.0,394.8203309544292,172.30495238715505,256.74884309838734,243.9344519807983,,1.0
bts,2,test,2024-06-29,0.2,ScenarioCVaR,191.0,394.8203309544292,172.30495238715505,256.74884309838734,243.9344519807983,,1.0
bts,2,test,2024-06-29,0.2,RiskFirst,191.0,135.2457652068865,312.0452164636148,462.26531600672934,418.74650084153336,,1.0
bts,2,test,2024-06-29,0.2,TemporalContext2024,191.0,135.13927948167373,303.1130579102342,448.94207817665836,405.9857630114622,,1.0
bts,2,test,2024-06-29,0.2,NetworkPropagation2024,191.0,141.52027978234852,325.1036010490454,481.7598961367629,437.54360536072437,,1.0
bts,2,test,2024-06-29,0.2,CalibratedUncertainty2025,191.0,124.39384219285056,340.53602318988106,505.39305650816266,464.8107194332218,,1.0
bts,2,test,2024-06-29,0.2,MappedPTO2026,191.0,128.83417197747912,329.2754128406761,487.7983375084194,442.98934936395966,,1.0
bts,2,test,2024-06-29,0.2,GroupAware2025,191.0,136.0704392488859,349.60229148629696,518.4296164752114,474.6778358184564,,1.0
bts,2,test,2024-06-29,0.2,RobustImprovement2025,191.0,130.55494425070302,249.3230157483243,368.64141768625325,328.56812316450396,,1.0
bts,2,test,2024-06-30,0.01,StructuralRobust,10.0,63.66213330738945,2.4659090909090913,3.6156818181818178,2.9918181818181817,0.0,1.0
bts,2,test,2024-06-30,0.01,ExpectedActionValue,10.0,68.02328336625226,36.327118644067795,54.0406779661017,50.6656779661017,,1.0
bts,2,test,2024-06-30,0.01,PointwiseWorstAction,10.0,69.35233903688959,37.202118644067795,55.17817796610169,50.4906779661017,,1.0
bts,2,test,2024-06-30,0.01,ScenarioCVaR,10.0,69.35233903688959,37.202118644067795,55.17817796610169,50.4906779661017,,1.0
bts,2,test,2024-06-30,0.01,RiskFirst,10.0,8.783795539300518,2.4659090909090913,3.6156818181818178,2.9918181818181817,,1.0
bts,2,test,2024-06-30,0.01,TemporalContext2024,10.0,7.92268537549252,2.4659090909090913,3.6156818181818178,2.9918181818181817,,1.0
bts,2,test,2024-06-30,0.01,NetworkPropagation2024,10.0,7.770424293173155,2.4659090909090913,3.6156818181818178,2.9918181818181817,,1.0
bts,2,test,2024-06-30,0.01,CalibratedUncertainty2025,10.0,8.451293783864072,6.3159090909090905,9.430681818181817,9.10681818181818,,1.0
bts,2,test,2024-06-30,0.01,MappedPTO2026,10.0,8.783795539300518,2.4659090909090913,3.6156818181818178,2.9918181818181817,,1.0
bts,2,test,2024-06-30,0.01,GroupAware2025,10.0,8.783795539300518,2.4659090909090913,3.6156818181818178,2.9918181818181817,,1.0
bts,2,test,2024-06-30,0.01,RobustImprovement2025,10.0,9.042362569578287,7.466996047430829,10.509703557312251,5.328774703557313,,1.0
bts,2,test,2024-06-30,0.03,StructuralRobust,30.0,122.25942652950238,41.18864671852704,59.600051999282165,43.22816641046923,0.0,1.0
bts,2,test,2024-06-30,0.03,ExpectedActionValue,30.0,130.4324054869371,66.44423061597756,99.04134592396635,94.35384592396635,,1.0
bts,2,test,2024-06-30,0.03,PointwiseWorstAction,30.0,130.23120954086338,61.882940293396906,92.19941044009536,87.51191044009536,,1.0
bts,2,test,2024-06-30,0.03,ScenarioCVaR,30.0,130.23120954086338,61.882940293396906,92.19941044009536,87.51191044009536,,1.0
bts,2,test,2024-06-30,0.03,RiskFirst,30.0,24.35515859116287,36.05132420331405,52.14406822646269,37.64718263764978,,1.0
bts,2,test,2024-06-30,0.03,TemporalContext2024,30.0,21.73742066373301,17.43389154704944,26.042655502392343,25.231291866028705,,1.0
bts,2,test,2024-06-30,0.03,NetworkPropagation2024,30.0,23.593820817957127,23.76869546861807,34.71459822685055,27.676260906276383,,1.0
bts,2,test,2024-06-30,0.03,CalibratedUncertainty2025,30.0,30.99401520894324,29.885093318080433,44.719458158938835,43.9080945225752,,1.0
bts,2,test,2024-06-30,0.03,MappedPTO2026,30.0,29.19479056078582,34.06534613971428,50.53928877408362,46.348810507925165,,1.0
bts,2,test,2024-06-30,0.03,GroupAware2025,30.0,26.819714993678637,37.651324203314054,54.54406822646269,40.047182637649776,,1.0
bts,2,test,2024-06-30,0.03,RobustImprovement2025,30.0,23.47298627206546,61.43199647222161,89.03650520125261,65.70033389815399,,1.0
bts,2,test,2024-06-30,0.05,StructuralRobust,49.0,191.20771432096672,79.41774888570971,116.88002103952985,100.03050387176954,0.0,1.0
bts,2,test,2024-06-30,0.05,ExpectedActionValue,49.0,173.5970811816123,89.88158676879105,133.63781520173768,124.75357806587103,,1.0
bts,2,test,2024-06-30,0.05,PointwiseWorstAction,49.0,174.2140985828759,83.56999603851423,124.41709083196491,117.38281663841653,,1.0
bts,2,test,2024-06-30,0.05,ScenarioCVaR,49.0,174.2140985828759,83.56999603851423,124.41709083196491,117.38281663841653,,1.0
bts,2,test,2024-06-30,0.05,RiskFirst,49.0,45.118192101778035,60.7677488857097,88.90502103952986,72.05550387176959,,1.0
bts,2,test,2024-06-30,0.05,TemporalContext2024,49.0,43.37683468895999,55.4677488857097,81.20502103952984,66.23050387176954,,1.0
bts,2,test,2024-06-30,0.05,NetworkPropagation2024,49.0,40.76293144066541,79.41774888570971,116.88002103952985,100.03050387176954,,1.0
bts,2,test,2024-06-30,0.05,CalibratedUncertainty2025,49.0,43.20515680917843,63.58892058451113,93.66389277788966,80.76773203631188,,1.0
bts,2,test,2024-06-30,0.05,MappedPTO2026,49.0,44.52479042917191,62.76774888570971,91.90502103952986,75.05550387176957,,1.0
bts,2,test,2024-06-30,0.05,GroupAware2025,49.0,44.204179283296504,55.0677488857097,80.60502103952984,65.63050387176958,,1.0
bts,2,test,2024-06-30,0.05,RobustImprovement2025,49.0,50.23563540919609,104.66249724080288,152.87521550024155,121.9862377930207,,1.0
bts,2,test,2024-06-30,0.1,StructuralRobust,98.0,283.7535200865519,212.35667450136881,314.8395282434077,287.12340192856675,0.0,1.0
bts,2,test,2024-06-30,0.1,ExpectedActionValue,98.0,260.3875705603587,128.26919725134132,190.3850536612951,175.24448704341847,,1.0
bts,2,test,2024-06-30,0.1,PointwiseWorstAction,98.0,261.0426783325491,127.21919725134131,188.81005366129506,173.66948704341848,,1.0
bts,2,test,2024-06-30,0.1,ScenarioCVaR,98.0,261.0426783325491,127.21919725134131,188.81005366129506,173.66948704341848,,1.0
bts,2,test,2024-06-30,0.1,RiskFirst,98.0,79.86886250546402,145.04281481686596,213.89211108356744,186.3512775205812,,1.0
bts,2,test,2024-06-30,0.1,TemporalContext2024,98.0,76.32190822472683,158.24509722219605,233.66260786229432,205.87482307979585,,1.0
bts,2,test,2024-06-30,0.1,NetworkPropagation2024,98.0,87.10635933930315,212.35667450136881,314.8395282434077,287.12340192856675,,1.0
bts,2,test,2024-06-30,0.1,CalibratedUncertainty2025,98.0,76.37142669952941,137.11011989383465,202.0710098754911,175.11473513603423,,1.0
bts,2,test,2024-06-30,0.1,MappedPTO2026,98.0,79.54162151699997,145.04281481686596,213.8921110835674,186.35127752058114,,1.0
bts,2,test,2024-06-30,0.1,GroupAware2025,98.0,80.48258161772343,171.1810637893946,253.00781787569377,224.7794843127075,,1.0
bts,2,test,2024-06-30,0.1,RobustImprovement2025,98.0,84.15779040012448,234.29468011946648,345.9199311446573,304.5042633855899,,1.0
bts,2,test,2024-06-30,0.2,StructuralRobust,197.0,227.11612428910732,519.8443030495262,770.8901961878855,704.3182582898585,0.0,1.0
bts,2,test,2024-06-30,0.2,ExpectedActionValue,197.0,380.9048945020234,259.9575252323723,386.4864492736419,361.1970349617677,,1.0
bts,2,test,2024-06-30,0.2,PointwiseWorstAction,197.0,380.79946389542,257.97512394308944,383.7628473397176,360.3484330278435,,1.0
bts,2,test,2024-06-30,0.2,ScenarioCVaR,197.0,380.79946389542,257.97512394308944,383.7628473397176,360.3484330278435,,1.0
bts,2,test,2024-06-30,0.2,RiskFirst,197.0,174.82721864145248,413.4680072411526,614.4522495534347,571.3290397412281,,1.0
bts,2,test,2024-06-30,0.2,TemporalContext2024,197.0,175.64923227465056,390.31652946337476,579.708032886768,536.4573230745611,,1.0
bts,2,test,2024-06-30,0.2,NetworkPropagation2024,197.0,178.9199161487095,416.87967390781944,619.4336384423237,575.2895952967833,,1.0
bts,2,test,2024-06-30,0.2,CalibratedUncertainty2025,197.0,145.88025189613765,373.8903215733827,555.3071839321078,513.8449457223609,,1.0
bts,2,test,2024-06-30,0.2,MappedPTO2026,197.0,178.36837601571997,411.2301240339224,611.3936546276467,570.5071689533709,,1.0
bts,2,test,2024-06-30,0.2,GroupAware2025,197.0,175.51910095215726,415.61685760647356,617.8144139903051,575.7328708447649,,1.0
bts,2,test,2024-06-30,0.2,RobustImprovement2025,197.0,151.47860671654394,321.16142282451807,475.97312438112044,432.7055504636954,,1.0
